0
0
0
0
0
0
0
0
0
0
0
0
0
0
0
0
0
0
0
0
0
0
0
0
0
0
0
0
0
0
0
0
0
0
0
0
0
0
0
0
0
0
0
0
0
0
0
0
0
0
0
0
0
0
0
0
0
0
0
0
0
0
0
0
0
0
0
0
0
0
0
0
0
0
0
0
0
0
0
0
0
0
0
0
0
0
0
0
0
0
0
0
0
0
0
0
0
0
0
0
0
0
0
0
0
0
0
0
0
0
0
0
0
0
0
0
0
0
0
0
0
0
0
0
0
0
0
0
0
0
0
0
0
0
0
0
0
0
0
0
0
0
0
0
0
0
0
0
0
0
0
0
0
0
0
0
0
0
0
0
0
0
0
0
0
0
0
0
0
0
0
0
0
0
0
0
0
0
0
0
0
0
0
0
0
0
0
0
0
0
0
0
0
0
0
0
0
0
0
0
0
0
0
0
0
0
0
0
0
0
0
0
0
0
0
0
0
0
0
0
0
0
0
0
0
0
0
0
0
0
0
0
0
0
0
0
0
0
0
0
0
0
0
0
0
0
0
0
0
0
0
0
0
0
0
0
0
0
0
0
0
0
0
0
0
0
0
0
0
0
0
0
0
0
0
0
0
0
0
0
0
0
0
0
0
0
0
0
0
0
0
0
0
0
0
0
0
0
0
0
0
0
0
0
0
0
0
0
0
0
0
0
0
0
0
0
0
0
0
0
0
0
0
0
0
0
0
0
0
0
0
0
0
0
0
0
0
0
0
0
0
0
0
0
0
0
0
0
0
0
0
0
0
0
0
0
0
0
0
0
0
0
0
0
0
0
0
0
0
0
0
0
0
0
0
0
0
0
0
0
0
0
0
0
0
0
0
0
0
0
0
0
0
0
0
0
0
0
0
0
0
0
0
0
0
0
0
0
0
0
0
0
0
0
0
0
0
0
0
0
0
0
0
0
0
0
0
0
0
0
0
0
0
0
0
0
0
0
0
0
0
0
0
0
0
0
0
0
0
0
0
0
0
0
0
0
0
0
0
0
0
0
0
0
0
0
0
0
0
0
0
0
0
0
0
0
0
0
0
0
0
0
0
0
0
0
0
0
0
0
0
0
0
0
0
0
0
0
0
0
0
0
0
0
0
0
0
0
0
0
0
0
0
0
0.00125228713666667
0.00431984579000000
0.00940029686500000
0.0164759927316667
0.0255262994816667
0.0361692316316667
0.0494707283650000
0.0788154763650000
0.118845108031667
0.168949881645000
0.219698944325000
0.270147338750000
0.319994032383333
0.368807521300000
0.416595669483333
0.462032323250000
0.491662397750000
0.510686371750000
0.518497698000000
0.523901336000000
0.527652756333333
0.530015269500000
0.531518649833333
0.532480516833333
0.532962582666667
0.525359860166667
0.512217135200000
0.496186534533333
0.477483182866667
0.454912547366667
0.431638928516667
0.407960089850000
0.384002349600000
0.360062367633333
0.343839481716667
0.332956100016667
0.325310128833333
0.320023203583333
0.318036761250000
0.316870133266667
0.315536860933333
0.314449226816667
0.313618442450000
0.313352071783333
0.312905043783333
0.312347550216667
0.311975778666667
0.317595159850000
0.327816754350000
0.341842642700000
0.359053266566667
0.378264871066667
0.398740643316667
0.420816965150000
0.443442543900000
0.466715753533333
0.484946666350000
0.498716398683333
0.509359746500000
0.516980665166667
0.522613701000000
0.526572539000000
0.529299054333333
0.531191484333333
0.532519274166667
0.533439556583333
0.536913913583333
0.553092305250000
0.577689036250000
0.607303114750000
0.640029096083334
0.675586899750000
0.713197000250000
0.752146041916667
0.792166038000000
0.829959684000000
0.855245153166667
0.872183297500000
0.884125293333334
0.893053010666667
0.899098144166667
0.903038700000000
0.905653687666667
0.907268459500000
0.908257416500000
0.908872373833333
0.909284457166667
0.909567468833333
0.909699708166667
0.909837852833333
0.905143679000000
0.894048786750000
0.878527589166667
0.860260952666667
0.839696267166667
0.817235109666667
0.793568060166667
0.769197939166667
0.744316956666667
0.723993451000000
0.709869344916667
0.699984186000000
0.692789920500000
0.687807904666667
0.684717910333333
0.682787848166667
0.681606896166667
0.680953310500000
0.680555786250000
0.680312757416667
0.680184194583333
0.680169148166667
0.680216577166667
0.680266844166667
0.680351898166667
0.680381231333333
0.680406579833333
0.680458312416667
0.680540399416667
0.680600169416667
0.680635010166667
0.680712094833333
0.680892436833333
0.687764732666667
0.699704019500000
0.715144767666667
0.733180917000000
0.753629187166667
0.775648304666667
0.798930131500000
0.822900940166667
0.847396502916667
0.865504075250000
0.878830871750000
0.888715475250000
0.896025998416667
0.901034846250000
0.904470338416667
0.906753237083333
0.908336343000000
0.909235548250000
0.909824770083333
0.910161768250000
0.910458647416667
0.910711193583333
0.910851194416667
0.910982932083333
0.911064352583333
0.911057619500000
0.911092764833333
0.911092729000000
0.911178664500000
0.911267581333333
0.911421822333333
0.906797437500000
0.895405175166667
0.880114475500000
0.862079300833333
0.841586246166667
0.819537659333333
0.796181550000000
0.772150333500000
0.747563076833334
0.727486778166667
0.713978134666667
0.704212802416667
0.697221611583333
0.692647293083333
0.689658402500000
0.687928749000000
0.686727665833333
0.686124827333333
0.685770672166667
0.685575058000000
0.685466816250000
0.685382435916667
0.685424432583333
0.685387355833333
0.685353371500000
0.685520319000000
0.685557951166667
0.685593970833333
0.685669106166667
0.685816094500000
0.685966694833333
0.686031574666667
0.686184805166667
0.686305248166667
0.686339218166667
0.693602577500000
0.705225628000000
0.720528554000000
0.738464943333333
0.758890258666667
0.780947843250000
0.804251621583333
0.828361320250000
0.852896625750000
0.870474072583333
0.883927224583333
0.893703650833333
0.900880766500000
0.905671410833333
0.908854023583333
0.910783670083333
0.911921048750000
0.912564085083333
0.913009221083333
0.913187284083333
0.913495769666667
0.913752415166667
0.913857765166667
0.913998826666667
0.914154966833333
0.914314575666667
0.914466064666667
0.914598253833333
0.914756171333333
0.914749642500000
0.909843034333333
0.898365460000000
0.883094956000000
0.864690834166667
0.844053829833333
0.821975988666667
0.798819076833333
0.774927775166667
0.750674420666667
0.731082839500000
0.717964485500000
0.708435312833333
0.701930129500000
0.697608142166667
0.694786589666667
0.693003114500000
0.691976195666667
0.691377750333333
0.690943794333333
0.690711766333333
0.690577097500000
0.690568268166667
0.690656959250000
0.690707985916667
0.690773668416667
0.690829410750000
0.690832499583333
0.690886607916667
0.690863266083333
0.690940228916667
0.691007402083333
0.690993316000000
0.691001249500000
0.690991488500000
0.690990678666667
0.694239773000000
0.703707355333333
0.717342031833333
0.733849430833333
0.752953284500000
0.773872017666667
0.796223288666667
0.819604947166667
0.843643072333333
0.864840682000000
0.880046227333333
0.891252199333333
0.899631079000000
0.905476678166667
0.909543804500000
0.912236443000000
0.913865096666667
0.914926437000000
0.915537402500000
0.915957691666667
0.916243297666667
0.916427875166667
0.916577687166667
0.916638374500000
0.916590372166667
0.916658892666667
0.916585893000000
0.916696682500000
0.916721292833333
0.916517444166667
0.907744856500000
0.894059913000000
0.877334231666667
0.858012289166667
0.836776896833333
0.814345036666667
0.790957996000000
0.767013585750000
0.742996516250000
0.727323912083333
0.716429890750000
0.708572264250000
0.703379139916667
0.700011623583333
0.697877490583333
0.696514569750000
0.695731579166667
0.695233596166667
0.694976312833333
0.694831746833333
0.694821756500000
0.694784482666667
0.694761413166667
0.694808512500000
0.694917689500000
0.695005223166667
0.695055382666667
0.695115955333333
0.695159514333333
0.695162244833333
0.695224028666667
0.695319753833333
0.695355558500000
0.695354426166667
0.695446188166667
0.702042352333333
0.713562546833333
0.728743890333333
0.746494512500000
0.766449508166667
0.788253948166667
0.811074413666667
0.834662887833333
0.858610641333333
0.876517511166667
0.889506944000000
0.898898273000000
0.906271031500000
0.911073056500000
0.913913235166667
0.915798541500000
0.916875462166667
0.917410482500000
0.917955851500000
0.918752340500000
0.919532561166667
0.919637889666667
0.919733134666667
0.919320442166667
0.918737498333333
0.918287668166667
0.918087954666667
0.917568901666667
0.912339621500000
0.899933763166667
0.884190029833333
0.866072302333333
0.846298372500000
0.825103629500000
0.802858919666667
0.779818129333333
0.756229605000000
0.736800506500000
0.724420347833333
0.715329388166667
0.708926337000000
0.704707248666667
0.702031964250000
0.700377682583333
0.699303442250000
0.698714105750000
0.698408992083333
0.698230241083333
0.698178117916667
0.698149759416667
0.698248795583333
0.698317713833333
0.698361545166667
0.698512998333333
0.698571886833333
0.698646233833334
0.698660001000000
0.698648512833333
0.698748566666667
0.698714754333333
0.698704498833333
0.698636523000000
0.698564268666667
0.698597450333333
0.701783463666667
0.711057173333333
0.724363845833334
0.740615860666667
0.759456188833333
0.780361348333333
0.802808409000000
0.825965965833333
0.849785235333333
0.871099876666667
0.886700126166667
0.898390149166667
0.907008187666667
0.913085721666667
0.916983614333333
0.919321223333333
0.920894944500000
0.921706254166667
0.921830724833333
0.921584693166667
0.921260197250000
0.920948934583333
0.920651517916667
0.920511058416667
0.920460662416667
0.920362321416667
0.920393195416667
0.920341416250000
0.920351327750000
0.920102390000000
0.909935075833333
0.894998975666667
0.877439287833333
0.857802083666667
0.836555561500000
0.814070180666667
0.790889762166667
0.767226819166667
0.743505295833333
0.729501923000000
0.720147667166667
0.713281828500000
0.708462051666667
0.705269688666667
0.703236061000000
0.701981980333333
0.701183764166667
0.700706937166667
0.700423122833333
0.700265427500000
0.700231450333333
0.700214013833333
0.700276356666667
0.700397136500000
0.700593467333334
0.700783685000000
0.701009879333334
0.701189393583333
0.701342208416667
0.701509492750000
0.701556520416667
0.701671108250000
0.701732935083333
0.701746150416667
0.701774415750000
0.701732777416667
0.701834060333333
0.705048568333333
0.714518078500000
0.727994472000000
0.744271899833333
0.763221677333334
0.784127001666667
0.806549151000000
0.829741924833333
0.853837168333333
0.875171209833333
0.890300437333333
0.901531657500000
0.909782547666667
0.915247639833333
0.918727637000000
0.920614849666667
0.921731158333333
0.921876025333333
0.921696027333333
0.921397743500000
0.921101179666667
0.920875358000000
0.920808708000000
0.920748493666667
0.920793357000000
0.920836457333333
0.920878790833333
0.920832594500000
0.920575046000000
0.910486765833333
0.896221996000000
0.879054418000000
0.859809703500000
0.838655996833333
0.816352348333333
0.793373069500000
0.770039176833333
0.746579982166667
0.732856095000000
0.723259519833333
0.716430388833333
0.711597110000000
0.708563761000000
0.706778343666667
0.705666177333333
0.705005661500000
0.704758490333333
0.704571461833333
0.704331489583333
0.704168182750000
0.704129819583333
0.704066846083333
0.703968605416667
0.703806258916667
0.703667669916667
0.703420118916667
0.703198375083333
0.703084715333333
0.703045728666667
0.702951501333333
0.702988008333333
0.703065981666667
0.703163706333333
0.703231940166667
0.703410784333333
0.703594509000000
0.706802588500000
0.716307294166667
0.729718220166667
0.747139118333334
0.767182163666667
0.788987886500000
0.811795953666667
0.835060573333333
0.858740881166667
0.879607197333333
0.894267588666667
0.905056661333333
0.911781854166667
0.915856935500000
0.918171037833333
0.919516751500000
0.920382506333333
0.920866550166667
0.921212900833333
0.921375577000000
0.921421286000000
0.921613424333333
0.921663712833333
0.921732702750000
0.921802047416667
0.921893157250000
0.921937698083333
0.921951952583333
0.921800291583333
0.913610995333333
0.898825079833333
0.881083674000000
0.861442001416667
0.840266307416667
0.817916297750000
0.794987164083333
0.771630302250000
0.748228534083333
0.732777942500000
0.723716566833333
0.717621617833333
0.713406607333333
0.710643764166667
0.709106765000000
0.708133832666667
0.707522594833333
0.707153389666667
0.706995948750000
0.706835408250000
0.706856170083333
0.706881805250000
0.707016968583333
0.707071241750000
0.707171546416667
0.707269142083333
0.707359929416667
0.707408802500000
0.707428288666667
0.707427822833333
0.707454282166667
0.707422340333333
0.707403986500000
0.707338504666667
0.707320272666667
0.707287263000000
0.707234516333333
0.707291004000000
0.710223532333334
0.719595346500000
0.732958678666667
0.749971750500000
0.769820428666667
0.791271645166667
0.813702666833333
0.836739766333333
0.860098183333333
0.880714089000000
0.895009596666667
0.905411690833333
0.912234192666667
0.916285573833333
0.918739110833334
0.920265281166667
0.921193687000000
0.921733903166667
0.922140977000000
0.922414417583333
0.922487388583333
0.922531560333333
0.922570281833333
0.922584479000000
0.922559653666667
0.922593079000000
0.922693734833333
0.922515528500000
0.914004699750000
0.899007768916667
0.881112577166667
0.861314323666667
0.840012532166667
0.817785294666667
0.794775421333334
0.771349207666667
0.747832041833334
0.732443581666667
0.723573176166667
0.717511788666667
0.713277643166667
0.710552489500000
0.708875790500000
0.707868257500000
0.707324071000000
0.707075273000000
0.707057442333333
0.707109228666667
0.707222232666667
0.707444865166667
0.707604130000000
0.707741980833333
0.707892015000000
0.707985733500000
0.708208960833333
0.708374238500000
0.708464452500000
0.708511053750000
0.708470182250000
0.708568057416667
0.708584791583333
0.708680158416667
0.708813243416667
0.708772787583333
0.708710136583333
0.708726849250000
0.711017348166667
0.720495816666667
0.733876212666667
0.751614071000000
0.771420795500000
0.792609869666667
0.814755099000000
0.837614751833333
0.860835045666667
0.882043240500000
0.896191860166667
0.906530601000000
0.912566159833334
0.916535654666667
0.919112479833333
0.920752858166667
0.921742582000000
0.922302198333334
0.922563598916667
0.922767003250000
0.922743410583333
0.922604972083333
0.922491459250000
0.922315954750000
0.922071700416667
0.921823167583333
0.921596500250000
0.920975669833333
0.912753303000000
0.898008237500000
0.879919477666667
0.860035869166667
0.838727620500000
0.816575547000000
0.793798052833333
0.770715423500000
0.747767513166667
0.732293404166667
0.723209632666667
0.717433693500000
0.713352649500000
0.710755284666667
0.709121524750000
0.708026264583333
0.707233029250000
0.706761154416667
0.706351235416667
0.706129699416667
0.705968306083333
0.705885566916667
0.705804576416667
0.705768782500000
0.705687856500000
0.705689103500000
0.705690300333333
0.705687003666667
0.705714638333333
0.705256803000000
0.693543438166667
0.675958330166667
0.654481292166667
0.630529066666667
0.604476889583334
0.576810474583333
0.548164744616667
0.521596571116667
0.501314381283333
0.495829566450000
0.498765298283333
0.507814605283333
0.521071842116667
0.537565484700000
0.556401118700000
0.576713004333333
0.595289348333333
0.608191978500000
0.617679928500000
0.624639801000000
0.629397722333333
0.632511897000000
0.634420100833333
0.635603303166667
0.636388934666667
0.636885176166667
0.637297388500000
0.637546559166667
0.637786255500000
0.637919512500000
0.638145255333333
0.638417782166667
0.638632538500000
0.638793064666667
0.638887965666667
0.634666447833333
0.624149163833333
0.609446281333333
0.592458880500000
0.573566351766667
0.553359079400000
0.532218499200000
0.510630234533333
0.488724534550000
0.470979172716667
0.459524058716667
0.452315846883333
0.447527574716667
0.444793475616667
0.443565494516667
0.443540743716667
0.444271811800000
0.445653038450000
0.447556698616667
0.449954916116667
0.452733043633333
0.455855565316667
0.459390834683333
0.463193106816667
0.467393852066667
0.471927808616667
0.476806810783333
0.481996043616667
0.487384574283333
0.492871354933333
0.498612064916667
0.504491717216667
0.510605665050000
0.516845817883333
0.523152938916667
0.529618300666667
0.536213361166667
0.543024260166667
0.550026430333333
0.557382010333333
0.571982452500000
0.591350634333333
0.613707893083333
0.638353937916667
0.664842701166667
0.692719027833333
0.721560453666667
0.751089976250000
0.781108462583333
0.805021070750000
0.824617252916667
0.841522072250000
0.856416756250000
0.869233119233333
0.879544651950000
0.889860008083333
0.898881408933333
0.906249258400000
0.911482874533333
0.915189895350000
0.917487720166667
0.918541730208333
0.918839222125000
0.919305854541667
0.917820482608333
0.916117405975000
0.914486803691667
0.913084868958333
0.912008497258333
0.903731658608333
0.890013714983333
0.873271197583333
0.854562176950000
0.834320365416667
0.812981636783334
0.790968144266667
0.768530327033334
0.745766174916667
0.730386149916667
0.720446918500000
0.713788454500000
0.709258361500000
0.706379841166667
0.704476102166667
0.703292885500000
0.702482228000000
0.702052299666667
0.701915566833333
0.702036038500000
0.701955822000000
0.701804870500000
0.701510764833333
0.701464353500000
0.701330637833333
0.701388838333333
0.701506099333333
0.701461838000000
0.701579851500000
0.701646974500000
0.701512843166667
0.701537733000000
0.701510879500000
0.701604512000000
0.701585663666667
0.701384918166667
0.701161504500000
0.700971974833333
0.704150810750000
0.714514255083333
0.728108461416667
0.745000846583333
0.763874936916667
0.784375108083333
0.805984378250000
0.828514622416667
0.851201816583334
0.870774560166667
0.883717760833333
0.893567219000000
0.899951006166667
0.904233498000000
0.906919442833333
0.908574190333333
0.909338608500000
0.909725823500000
0.909883862833333
0.909674581833333
0.909307734500000
0.909029868500000
0.908836999166667
0.908593569000000
0.908552292583333
0.908701968416667
0.908759846416667
0.908844792916667
0.904698532250000
0.893888196083333
0.879123164250000
0.861176082250000
0.841425279250000
0.820201357166667
0.798228679666667
0.775783518166667
0.752972140000000
0.734091585333333
0.721900289833333
0.713602063833333
0.708475052000000
0.705153531333333
0.703116986833333
0.701764780166667
0.700820743833333
0.700503855333333
0.700582746000000
0.700711531000000
0.701006933833333
0.701285022000000
0.701522962500000
0.701768714666667
0.701906744666667
0.702284714666667
0.702373860833333
0.702402799833333
0.702369259833333
0.702341861666667
0.702324776333333
0.702453582833333
0.702258878833333
0.702120182333333
0.701967561000000
0.701822006000000
0.701848547750000
0.701882431750000
0.701859100666667
0.708760693833333
0.720519409333333
0.735857079333333
0.753611170166667
0.773248840166667
0.794534012166667
0.816526028916667
0.839019737416667
0.861876634666667
0.878085420166667
0.889397265333333
0.897611182666667
0.903421428666667
0.907376432500000
0.909759363500000
0.911331393333333
0.912316430166667
0.912940947833333
0.913271675166667
0.913454418000000
0.913308877333333
0.913073577750000
0.912686943250000
0.912248056583333
0.911750969416667
0.911246808750000
0.910689005583333
0.910027586750000
0.904876423250000
0.892746553250000
0.876677177333333
0.858455311000000
0.838307467500000
0.816798007500000
0.794282698666667
0.771315639000000
0.748259791500000
0.729621979000000
0.717945572666667
0.710223697166667
0.704750291666667
0.701295220166667
0.699253211083333
0.698332043583333
0.697945043583333
0.697617161416667
0.697627065750000
0.697794235416667
0.698037880583333
0.698174255083333
0.698361785250000
0.698488610166667
0.698549555500000
0.698542310000000
0.698745219833333
0.698897891333333
0.699131463750000
0.699217736083333
0.699404872083334
0.699586862416667
0.699793355583333
0.699975037750000
0.700401855750000
0.700664449583333
0.700784656083333
0.703774808000000
0.713761762250000
0.727520694416667
0.743838879083333
0.762596195750000
0.782994836750000
0.804414656083333
0.826597732583333
0.849340647583333
0.869507604583333
0.882940048500000
0.892674825666667
0.899858090333333
0.904635075000000
0.907863235500000
0.909915174000000
0.911284688166667
0.912099889333333
0.912597019500000
0.912906375833333
0.913082783333333
0.913239747666667
0.913321082166667
0.913341356666667
0.913404538000000
0.913481601166667
0.913565472666667
0.913216033166667
0.905012894500000
0.891142671166667
0.874295973500000
0.855478249000000
0.834792604500000
0.813075024500000
0.790591765000000
0.767576774666667
0.744748870166667
0.729593627666667
0.720043134166667
0.713428530166667
0.708745536333333
0.705785674333333
0.703823512666667
0.702438418166667
0.701652607500000
0.701193009166667
0.701082305666667
0.700947013333333
0.700892740166667
0.700748134750000
0.700949095250000
0.701119590250000
0.701255498916667
0.701472412416667
0.701475866750000
0.701415813666667
0.701444946166667
0.701365783166667
0.701330283083333
0.701148192416667
0.700976256916667
0.700908230916667
0.700770688250000
0.700718629583333
0.700580295000000
0.700520123666667
0.704310007500000
0.713935493000000
0.727389390333333
0.743681079833333
0.762531090166667
0.782928677666667
0.804487007166667
0.826804207833333
0.849486958666667
0.868640412833333
0.882304279166667
0.892130839833333
0.899190357666667
0.903792654833333
0.906809198000000
0.908732659666667
0.909890735666667
0.910690155833333
0.911209216000000
0.911518178166667
0.911698484333333
0.911772996166667
0.911815774000000
0.911780299000000
0.911635647000000
0.911467517000000
0.911272856000000
0.911070576833333
0.907006005416667
0.895721465250000
0.880438190250000
0.862575008416667
0.842721671916667
0.821403167750000
0.799402669250000
0.776824523083333
0.753875738416667
0.734661851333333
0.722577790666667
0.714462916666667
0.709055168583333
0.705653510250000
0.703671360750000
0.702187975416667
0.701309227416667
0.700881398916667
0.700517554416667
0.700284351083333
0.700154290416667
0.699868028666667
0.699522667000000
0.699372346166667
0.699381476500000
0.699472285333333
0.699448477666667
0.699378860666667
0.699234108333333
0.699063505833333
0.698969665500000
0.698973858000000
0.698760047666667
0.698692186500000
0.698700112833333
0.698889685500000
0.698805133166667
0.699077574000000
0.706372968333333
0.718424678666667
0.733475725000000
0.751566842666667
0.771548641666667
0.792646749333334
0.814521508666667
0.837276850666667
0.860146522500000
0.876162453000000
0.887643983333333
0.896253730000000
0.902086171166667
0.905970762500000
0.908452815666667
0.910026006500000
0.911096484333333
0.911835052333333
0.912366482166667
0.912642398833333
0.912780264000000
0.912815137000000
0.912901473833333
0.913117663500000
0.913325869500000
0.913449394166667
0.913565874000000
0.913618764000000
0.909186779083334
0.897738172416667
0.882474455250000
0.864529666583333
0.844647168916667
0.823315513916667
0.801305498083333
0.778758254583333
0.755971336250000
0.737430535333334
0.725853889000000
0.717986365333333
0.712601052500000
0.708974067000000
0.706796758416667
0.705259529916667
0.704097598250000
0.703123648250000
0.702367564916667
0.701729387583333
0.701099480583333
0.700539953833333
0.699854806166667
0.699313489916667
0.698901761333333
0.698830101833333
0.698795314833333
0.698792871000000
0.698627356833333
0.698462588000000
0.698313202416667
0.698400564083333
0.698249791750000
0.698066507833333
0.697539284833333
0.697180141666667
0.696728498333333
0.696252939833333
0.695871336333333
0.698851920750000
0.708890084416667
0.722770477250000
0.739510456083333
0.758449548083333
0.778934819750000
0.800583943750000
0.823128241750000
0.846104668250000
0.866039084833333
0.879098700833333
0.888504198333333
0.895110209500000
0.899685327083333
0.902628232750000
0.904606709333333
0.905915177833334
0.906856748833334
0.907534754916667
0.908080518083334
0.908598410083333
0.909127166750000
0.909681089166667
0.910264441500000
0.910789331750000
0.911238954083334
0.911577141916667
0.911856014833334
0.911969205166667
0.904317383833333
0.890654807500000
0.874046946166667
0.855148560833333
0.834444756000000
0.812697907333333
0.790340594833333
0.767483514833333
0.744705282500000
0.729396358000000
0.719977079000000
0.713336571083333
0.709017708416667
0.706525858416667
0.705028662916667
0.704008172583333
0.703521340916667
0.703049853083333
0.702800288250000
0.702695654916667
0.702632140333333
0.702470345666667
0.702294325166667
0.702069628666667
0.702074236833333
0.701850199666667
0.701766141833333
0.701728896666667
0.701701942833333
0.701577887833333
0.701565152666667
0.701651195666667
0.701793633166667
0.701758745833333
0.701921121000000
0.702034676833333
0.702086018833333
0.702212245333333
0.709242838500000
0.721162553166667
0.735809679000000
0.753208905166667
0.772722706500000
0.793564297666667
0.815350692000000
0.837740426500000
0.860385423333333
0.876541562500000
0.887801026500000
0.896297833666667
0.902127336500000
0.906095297666667
0.908749264833333
0.910428056500000
0.911563679333333
0.912085491500000
0.912318852500000
0.912411438666667
0.912308446500000
0.912104992000000
0.911717949000000
0.911318554250000
0.910813834583333
0.910144460750000
0.909733301916667
0.909013661083333
0.900144409416667
0.886268115916667
0.869607722916667
0.850581649083333
0.829514032000000
0.807478954333333
0.784855507666667
0.761659587666667
0.738726247166667
0.723975039833333
0.714230924500000
0.707317355833333
0.702706723833333
0.700020642833333
0.698496163833334
0.697745541500000
0.697569442166667
0.697578328833333
0.697636586666667
0.697814699833333
0.697899689333333
0.698062580500000
0.698335071500000
0.698554887500000
0.698576989500000
0.698466278833333
0.698481221333333
0.698468020333333
0.698550300833333
0.698441080833333
0.698103638333333
0.698081027500000
0.698280726666667
0.698739837666667
0.699258951583333
0.699371432416667
0.699612619416667
0.702843868750000
0.712893950583333
0.727259913750000
0.743843730916667
0.762525503750000
0.782754710416667
0.804063256500000
0.826295281333333
0.848807558666667
0.868533464666667
0.881908019833333
0.891339532333333
0.898395262583333
0.903069957416667
0.906111196916667
0.908114065250000
0.909472317000000
0.910382834833333
0.911020317000000
0.911494900833333
0.911889655166667
0.912087680916667
0.912295872583333
0.912471850083333
0.912618157583333
0.912658366166667
0.912775118333333
0.912851479166667
0.912508396500000
0.904300456166667
0.890809679166667
0.874371022833333
0.855681639000000
0.835264780333333
0.813653532166667
0.791323273833333
0.768522617000000
0.745836211166667
0.730703092166667
0.720813242666667
0.713799555666667
0.708911881833333
0.705784262500000
0.703881247333333
0.702623755333333
0.701686169000000
0.700997538333333
0.700699964000000
0.700609384500000
0.700575486166667
0.700641759916667
0.700532210250000
0.700458182166667
0.700499028583333
0.700699974750000
0.700763242083333
0.700813788583333
0.700592403083334
0.700442239916667
0.700301791166667
0.700244006333333
0.700107678416667
0.699907122833333
0.699748159000000
0.699649603000000
0.699518933166667
0.699487829833334
0.699649954166667
0.706082517666667
0.717826563000000
0.732885858166667
0.750320903333333
0.769625602833334
0.790427239833333
0.812126107666667
0.834529767000000
0.856944864333333
0.873337861833333
0.884605166166667
0.892790861166667
0.898682878833333
0.902748786833333
0.905460782500000
0.907210724833333
0.908335268000000
0.909103814166667
0.909563842500000
0.909875929333333
0.910004843333333
0.910136108000000
0.910236527333333
0.910160711166667
0.910081505166667
0.909994878083333
0.909975879250000
0.910096680583334
0.909990621083333
0.901817095083333
0.888855003083333
0.872785516083333
0.854249850083333
0.834005328250000
0.812635897750000
0.790601214250000
0.768111891750000
0.745549311583333
0.730920604083333
0.720947879250000
0.713935661416667
0.709485784916667
0.706723708583333
0.705096205166667
0.704080573833333
0.703234197666667
0.702728761333333
0.702398184500000
0.701999230500000
0.701862576500000
0.701788530500000
0.701761454833333
0.701645118333333
0.701636919666667
0.701789010666667
0.701883660833333
0.701907425500000
0.701795066500000
0.701569911333333
0.701301971166667
0.701037592833333
0.700724760666667
0.700357684000000
0.700084476333333
0.699812121500000
0.699508082833333
0.699237584166667
0.699127611666667
0.705531479833333
0.716974041416667
0.731605672916667
0.748711911416667
0.767682364750000
0.788035196416667
0.809453525083333
0.831652891416667
0.854093143750000
0.870301305750000
0.881630748666667
0.889956222333333
0.895905924500000
0.900038855166667
0.902791729500000
0.904526578833333
0.905758794000000
0.906497018000000
0.907028021416667
0.907300197083333
0.907490543750000
0.907628136583333
0.907707020083333
0.907838191583334
0.907991450750000
0.908174064583333
0.908477551416667
0.908693472333333
0.904937408000000
0.894827893000000
0.880446474916667
0.863485870250000
0.844332337250000
0.823756521916667
0.802179422916667
0.779885596333333
0.757266127166667
0.738510401500000
0.725944303666667
0.717498010750000
0.711673897250000
0.707855540250000
0.705493091583333
0.704009849583333
0.703170507500000
0.702671162833333
0.702371366833333
0.702184331166667
0.702079998833333
0.701925306333333
0.701953930000000
0.701965102833333
0.701984954500000
0.701605651500000
0.701401079000000
0.701168621000000
0.701144541000000
0.701204963166667
0.701168413166667
0.701114233166667
0.701108686166667
0.701155362666667
0.701576726833333
0.701753163000000
0.701702967666667
0.701601437500000
0.701609320833333
0.708369816666667
0.720010196166667
0.734569842083333
0.751683168416667
0.770635203416667
0.791063478583333
0.812683505916667
0.834751041416667
0.857102728083333
0.873031096250000
0.884184522250000
0.892435365833333
0.898038882166667
0.901884608666667
0.904371915000000
0.905882078583334
0.906855046750000
0.907389615583333
0.907600738416667
0.907612549083333
0.907460737583334
0.907461060083334
0.907413430416667
0.907411946916667
0.907434776333333
0.907455738833333
0.907405407333333
0.907403415000000
0.903102039000000
0.892568716000000
0.878136346500000
0.860961544500000
0.841554913500000
0.820631156500000
0.798751029333333
0.776225500833333
0.753581213500000
0.735323528166667
0.723197399166667
0.714739499833333
0.708943795000000
0.705227183166667
0.703011285666667
0.701862934833333
0.701425331000000
0.701169567000000
0.700930057000000
0.700926215666667
0.700998735166667
0.701206088333333
0.701407672333333
0.701636926833333
0.701705916750000
0.701801871250000
0.701747719916667
0.701673953416667
0.701572803083333
0.701453499583333
0.700923925916667
0.700604045333333
0.700348664750000
0.700177901000000
0.700093398833333
0.700316475666667
0.700515755583333
0.700672992250000
0.708016338750000
0.720125747916667
0.734989178083333
0.752351865000000
0.771714356500000
0.792431842500000
0.813839908500000
0.835984955083334
0.858477481083333
0.874148379583333
0.885539151250000
0.894097122333333
0.900167403666667
0.904223486166667
0.906750875666667
0.908325972833333
0.909206584166667
0.909763212000000
0.909943052333333
0.909868748333333
0.909648574000000
0.909245183833333
0.908813506833333
0.908482299333333
0.908258964500000
0.908077920166667
0.907834224833333
0.907365575000000
0.899030268666667
0.885958612666667
0.869930835666667
0.851623356333333
0.831521659000000
0.810197342666667
0.788070051500000
0.765453585166667
0.742958314333333
0.728225217166667
0.718220944666667
0.711185628666667
0.706518294000000
0.703601783166667
0.701851898166667
0.700761454000000
0.699860819000000
0.699312010000000
0.699122390750000
0.699011859250000
0.698823956416667
0.698769109916667
0.698933111916667
0.698946434750000
0.698971521666667
0.699350351666667
0.699843389666667
0.700227598250000
0.700700956583333
0.701219364583333
0.701559250916667
0.701551854916667
0.701776178750000
0.701937977000000
0.701690734166667
0.701127634833333
0.700818357333333
0.700637391833333
0.704261962166667
0.713988318500000
0.727241212333333
0.743274837333333
0.761631942250000
0.782097498416667
0.803788332416667
0.825915043083333
0.848344875083333
0.867417073583333
0.880552627583333
0.890417730583333
0.897559464416667
0.902601304000000
0.905901059500000
0.907984230333333
0.909421784833333
0.910335327000000
0.910949453000000
0.911317826833333
0.911553990000000
0.911612857000000
0.911510366500000
0.911361436000000
0.911216475833333
0.910965563666667
0.910647550000000
0.910261467333333
0.909529929833334
0.900876108166667
0.887622397333333
0.870781089000000
0.851652381333333
0.830516455166667
0.808397506000000
0.785762363333333
0.762540593166667
0.739456387166667
0.724114460166667
0.713348532250000
0.706123858583334
0.701370172750000
0.698647828416667
0.696782803750000
0.695574460750000
0.695126372083333
0.694794576916667
0.694698206750000
0.694702352666667
0.694735749333333
0.694650451666667
0.694623927833333
0.694848258833333
0.695239315166667
0.695463216166667
0.695781165333333
0.695747847500000
0.695840921000000
0.696010799666667
0.696362410666667
0.696514365500000
0.696632737333334
0.696682431000000
0.696577525333333
0.696577267333333
0.697032479666667
0.700622556833333
0.710969904833333
0.724549971333333
0.741008995333333
0.759650154666667
0.779903312333333
0.801435096500000
0.823692896250000
0.846336115750000
0.866029621250000
0.879148928416667
0.889032041250000
0.896238303750000
0.901302076916667
0.904628356250000
0.906819643416667
0.908217978333334
0.909105985666667
0.909696117666667
0.910111461833334
0.910364015166667
0.910536187166667
0.910598444000000
0.910647822333334
0.910792108833333
0.910932253000000
0.911015142666667
0.911002249833333
0.910761485666667
0.902901580166667
0.889776625666667
0.873675884833334
0.855053509333334
0.834704218000000
0.813224076833333
0.790902540333333
0.768314364416667
0.745737458083333
0.730325011083333
0.720025543583333
0.712876356416667
0.708320793083333
0.705181714250000
0.702896149583333
0.701756599416667
0.700990328666667
0.700110269166667
0.699472984083334
0.699407996750000
0.699316800916667
0.699229002083333
0.699374560666667
0.699728895000000
0.699452562666667
0.699330736500000
0.699631872666667
0.700224946583334
0.700420997916667
0.700405983750000
0.700090241916667
0.700000518833333
0.699981197500000
0.700493291666667
0.700791274500000
0.700741258333333
0.700545579666667
0.700505095166667
0.704405868833333
0.714620991833333
0.727873208416667
0.744076296416667
0.762251471916667
0.782216436416667
0.803568688416667
0.825635715083333
0.848065303416667
0.867040651583333
0.880092871583333
0.890061493500000
0.897218743166667
0.902300110500000
0.905583490166667
0.907710893666667
0.909150827500000
0.910056013333333
0.910575267000000
0.910786296666667
0.910788102666667
0.910593427333333
0.910265369583333
0.909948395083333
0.909653221583333
0.909381354083333
0.909077050250000
0.908788212083333
0.903967460583333
0.892971995083333
0.878288190250000
0.860414247666667
0.840610045833333
0.819474886500000
0.794802052666667
0.759170281833333
0.718111387833333
0.678463725166667
0.642641626300000
0.608653048150000
0.576786383116667
0.545982802783333
0.516072604783333
0.489371919616667
0.473504306150000
0.462800968316667
0.455354446183333
0.450151966483333
0.446829079133333
0.444500624833333
0.443072795500000
0.442135493683333
0.441489812850000
0.441029026283333
0.440785556700000
0.440547286533333
0.440479272000000
0.440403789083333
0.440400320416667
0.440385101283333
0.440284044116667
0.440148572616667
0.440086727150000
0.440023660483333
0.440076215800000
0.440202841483333
0.446682490700000
0.458200334533333
0.472711355333333
0.489653550983333
0.508535682316667
0.528812031316667
0.550027733233333
0.571722582716667
0.593785535133333
0.610146041833333
0.621953906333333
0.631211659416667
0.638320519750000
0.643827472416667
0.648175023250000
0.651862739083333
0.655273491916667
0.658442097416667
0.661202525416667
0.663953622416667
0.666344347166667
0.668279082000000
0.668337382833333
0.666238359333333
0.662547099583333
0.657905306916667
0.652786013583333
0.647570787250000
0.637983586083333
0.622377201916667
0.603969159916667
0.584972326083333
0.566300153000000
0.548037163616667
0.530140752100000
0.512509553116667
0.495020155950000
0.481896560250000
0.475177949283333
0.472096003116667
0.471800550116667
0.473595299166667
0.476864251616667
0.481136108833333
0.485959352900000
0.491303586400000
0.496944408100000
0.502846635400000
0.508956921066667
0.515229954566667
0.521713074600000
0.528299597450000
0.534955958750000
0.541831074666667
0.548644775833333
0.555635321666667
0.562581333833333
0.569509608500000
0.570783232666667
0.572842775000000
0.584890357333333
0.598023001666667
0.612919584833333
0.625920591833334
0.640775070833334
0.658519615666667
0.678001159833333
0.704437925333333
0.730753129833333
0.747320714500000
0.762697923000000
0.775984127500000
0.790723717666667
0.802955225333333
0.811724584416667
0.817926596250000
0.822102627250000
0.824719449583333
0.826505999250000
0.827549817083333
0.828053167916667
0.828276409583333
0.828386496750000
0.828437699000000
0.828668723666667
0.828929361000000
0.829344253666667
0.829687687500000
0.830085688333333
0.830577128166667
0.830972936000000
0.831385879333333
0.831702151500000
0.831895486666667
0.831980820166667
0.827863692000000
0.816966266500000
0.802314826333334
0.785153332833333
0.766084696166667
0.745529348833333
0.724231878833333
0.702265099500000
0.680034816166667
0.661735019500000
0.650043520166667
0.641975007333333
0.636375454166667
0.632746304333333
0.630402331333334
0.628758634833333
0.627768230166667
0.627110079333333
0.626692284166667
0.626441508166667
0.626329099000000
0.626191957666667
0.626063032916667
0.626022792083333
0.626039325583333
0.626013826583333
0.625977821250000
0.625958406750000
0.625874413416667
0.625733846416667
0.625705000583333
0.625690348333334
0.625732287666667
0.625799335416667
0.628929033083333
0.638691430583333
0.651747814416667
0.667875767083333
0.686216263250000
0.706196736416667
0.727381854583333
0.749204806083333
0.771515804000000
0.791078030500000
0.804242226083333
0.814192218250000
0.821221937083333
0.826148346750000
0.829374099250000
0.831502283916667
0.832917034083333
0.833815189416667
0.834492260250000
0.834891819833333
0.835132727333333
0.835287742333333
0.835455664500000
0.835587954000000
0.835653951833333
0.835771972500000
0.835809619000000
0.835714574666667
0.835612908333334
0.835534884833333
0.830790272000000
0.819483852000000
0.804542548833333
0.787022797250000
0.767307798916667
0.746354142583333
0.724374954166667
0.701836970000000
0.679002106666667
0.660537175666667
0.648401844666667
0.639881817500000
0.633879766416667
0.630015399416667
0.627473139083333
0.625952548000000
0.624995826666667
0.624323987500000
0.623958681000000
0.623734113500000
0.623578224166667
0.623563597000000
0.623470036166667
0.623414494500000
0.623376468166667
0.623483731666667
0.623630440500000
0.623744017833333
0.623911431166667
0.623997832500000
0.623910248666667
0.623960085666667
0.624080550166667
0.624270431000000
0.627677665000000
0.637143032833333
0.650527908000000
0.666783706833333
0.685332079333333
0.705696728833333
0.727104407833333
0.749178393333333
0.771596780166667
0.790984469666667
0.804538284666667
0.814298198916667
0.821321216916667
0.826252514250000
0.829416095916667
0.831534440750000
0.832934689166667
0.833888844833334
0.834527373333333
0.834928807000000
0.835192737416667
0.835286083250000
0.835365038416667
0.835532996416667
0.835590652250000
0.835637196166667
0.835789645500000
0.835959169416667
0.836157392250000
0.836364240166667
0.836528987500000
0.832334072333333
0.821512663666667
0.806775517333333
0.789289854000000
0.769968305666667
0.749188530583333
0.727507006083333
0.705151825666667
0.682498866666667
0.663831688750000
0.651534713583333
0.643004215916667
0.637038897583333
0.632864758583333
0.630069891166667
0.628150908666667
0.626867616666667
0.625780175333333
0.624862358250000
0.624107779916667
0.623620883750000
0.623315196750000
0.623014777250000
0.622782953500000
0.622517457166667
0.622304693166667
0.622169673166667
0.622189997833333
0.622243762166667
0.622289048333333
0.622275016000000
0.622343722833333
0.622427286166667
0.622559597166667
0.622820843666667
0.629502785666667
0.641219891500000
0.656187388833333
0.673525225333333
0.692836747500000
0.713378922500000
0.734862991000000
0.756997663833333
0.779462204000000
0.795797345000000
0.807143669000000
0.815404069333333
0.821398226333333
0.825591077500000
0.828502392500000
0.830542495250000
0.832004144083333
0.833080312250000
0.833961289083333
0.834698387916667
0.835301720916667
0.835688391250000
0.835896819416667
0.836052637083333
0.836120903166667
0.836080153500000
0.835936741333333
0.835833147166667
0.835818935666667
0.835756471000000
0.835773900333333
0.831673907666667
0.820906406666667
0.806213027166667
0.788890946583333
0.769712401916667
0.749047841750000
0.727321962750000
0.704985698750000
0.682366867416667
0.663650078250000
0.651527797750000
0.643224490583333
0.637580952000000
0.633745294666667
0.631206868500000
0.629648957000000
0.628662795000000
0.627959272000000
0.627629254166667
0.627421048166667
0.627365434833333
0.627229762666667
0.627082580833333
0.626995885666667
0.626936122833333
0.627037846500000
0.627142931333333
0.627093237666667
0.626953244000000
0.626733689583333
0.626517858250000
0.626391724916667
0.626278577583333
0.626159431750000
0.625853350583333
0.628660648583333
0.637464647750000
0.650339184583333
0.665952617166667
0.683965775833333
0.703647990250000
0.724406304750000
0.745930513750000
0.768028550583333
0.787392310583333
0.800977221750000
0.810757070083333
0.817902215250000
0.822769657583333
0.825858444333333
0.827903338000000
0.829221417000000
0.830075540333333
0.830693952000000
0.831168156000000
0.831504408833333
0.831846631500000
0.832149158000000
0.832526547500000
0.832905406166667
0.833194108166667
0.833546683083334
0.833714089250000
0.833870566250000
0.833924739083333
0.833910040250000
0.829646153083333
0.818954561416667
0.804786785250000
0.787946967583333
0.768886898666667
0.748497452500000
0.727113419916667
0.705175038500000
0.682829551000000
0.664437118000000
0.652352906833334
0.643655067500000
0.637613531666667
0.633752002666667
0.631273977166667
0.629714825833333
0.628724482083333
0.628104873583333
0.627781549416667
0.627533840750000
0.627419862083333
0.627371315083333
0.627348453416667
0.627245196083333
0.627219299333333
0.627203306916667
0.627122044083333
0.627017403583333
0.626934227250000
0.626927992250000
0.626928235916667
0.626866423416667
0.626849262833333
0.626818331500000
0.630072797250000
0.639749230583333
0.653121936750000
0.669193709916667
0.687498473083334
0.707419806916667
0.728491247416667
0.750281006500000
0.772450108000000
0.791603977833333
0.804661730500000
0.814153908833334
0.821081459666667
0.825632543833333
0.828555565583333
0.830283140750000
0.831293891583333
0.831882876916667
0.832195006750000
0.832198661750000
0.832006795750000
0.831737343416667
0.831444291250000
0.831205727250000
0.830985871833333
0.830881553833333
0.830816932000000
0.830799352166667
0.830860777666667
0.831042209000000
0.831230900166667
0.827027678833333
0.816310563083333
0.801882181833333
0.784811074333333
0.765665216833333
0.745119824000000
0.723602079333333
0.701503863333333
0.679048682833333
0.660749488166667
0.648787518833333
0.640483108000000
0.634671937500000
0.630976223666667
0.628610428166667
0.627212362000000
0.626387149000000
0.625960316666667
0.625789904083333
0.625776050916667
0.625911171250000
0.626092695750000
0.626217445916667
0.626390528083333
0.626579118916667
0.626683881250000
0.626701145750000
0.626787328500000
0.626805567666667
0.626772479166667
0.626709247666667
0.626639408500000
0.626514930666667
0.626343281833333
0.626334904000000
0.633459817666667
0.644854093833333
0.659576946250000
0.676949845666667
0.696256229333333
0.716894244166667
0.738530941166667
0.760832224666667
0.783399638750000
0.799079266250000
0.810589671083334
0.818878541000000
0.824612508583333
0.828537527083333
0.831131688416667
0.832724960250000
0.833717715583333
0.834349167000000
0.834776182083334
0.835142785750000
0.835478085416667
0.835658133583333
0.835775602416667
0.835928940416667
0.836113894166667
0.836276849833333
0.836362935833333
0.836422014250000
0.836359026416667
0.836337934916667
0.836048509083333
0.827582002583334
0.814277852750000
0.798034033000000
0.779286183500000
0.758925310833333
0.737271241833333
0.714829319666667
0.691897290666667
0.669032900666667
0.654039409833333
0.643702396166667
0.636248991166667
0.631193015333333
0.627802085500000
0.625725060083333
0.624513807416667
0.623834120750000
0.623302762583333
0.623065495750000
0.622894821583333
0.622812924500000
0.622895799833333
0.622944848500000
0.622998293916667
0.623034851083334
0.622933965916667
0.622924398416667
0.622864370416667
0.622921753916667
0.622982982333333
0.623033227833333
0.623146740666667
0.623257609000000
0.623367689000000
0.627241129000000
0.636895295500000
0.650359577333333
0.666698308833333
0.685247813666667
0.705463654500000
0.726853022666667
0.748994804833333
0.771613715000000
0.790695373500000
0.804290060000000
0.814270596500000
0.821395445666667
0.826420135416667
0.829754176250000
0.831879551583333
0.833223946583333
0.834100680750000
0.834747673083333
0.835027904083333
0.835146784750000
0.835270424083333
0.835367679333333
0.835429757000000
0.835547842166667
0.835716559833333
0.835850340000000
0.836022684000000
0.836265841833333
0.836473660833333
0.836613919666667
0.832076982500000
0.821041226000000
0.806308788166667
0.788932266000000
0.769502350500000
0.748624273833334
0.726843698833334
0.704520263166667
0.681918818166667
0.663630713916667
0.651659915250000
0.643305165750000
0.637513897083333
0.633736117750000
0.631282000250000
0.629721222083333
0.628701168916667
0.627964034250000
0.627488085166667
0.627161442833333
0.626857253666667
0.626468211166667
0.626161309416667
0.625856281750000
0.625518133333333
0.625189133166667
0.624768758000000
0.624310535666667
0.623893607666667
0.623568893166667
0.623427924833333
0.623202615583333
0.623155609416667
0.623055043166667
0.626264771000000
0.635824416333333
0.649285086166667
0.665459557666667
0.683847547333333
0.703809014500000
0.724918932833333
0.746711512000000
0.769095004333333
0.788490734833333
0.801868350166667
0.811464258833333
0.818472470500000
0.823255188500000
0.826462838000000
0.828557715583333
0.829958487166667
0.830877877333334
0.831559420166667
0.831978233000000
0.832369045666667
0.832669773333333
0.832940479833333
0.833248904500000
0.833563617916667
0.833784455166667
0.834062063166667
0.834407596833333
0.834854789666667
0.835301445000000
0.835727145000000
0.835887714166667
0.828170145833334
0.815077265750000
0.798966018583333
0.780543234750000
0.760346779750000
0.738948026833333
0.716791416833333
0.694157807833333
0.671439503166667
0.656320459500000
0.646445821250000
0.639616432250000
0.634939257750000
0.631979789916667
0.630165229333333
0.629071001166667
0.628336331833333
0.627921159666667
0.627684946333333
0.627528899333333
0.627423943500000
0.627378048166667
0.627261747500000
0.627149961833333
0.627036907666667
0.627008706833333
0.626986217833333
0.626960417833333
0.626937154833333
0.626881183166667
0.626848367000000
0.626769042750000
0.626639340416667
0.626535273250000
0.626481000083333
0.626467806250000
0.633038249250000
0.643968956750000
0.658018131750000
0.674694925666667
0.693398918750000
0.713520044916667
0.734539641750000
0.756118453583333
0.778011649166667
0.793698902000000
0.805180783500000
0.813683481666667
0.819624336583333
0.823727625916667
0.826532308083333
0.828380354916667
0.829675966416667
0.830587648833333
0.831188624000000
0.831718792500000
0.832101377833333
0.832453160833333
0.832609150500000
0.832646854333333
0.832675306000000
0.832668003166667
0.832658070166667
0.832620810666667
0.832601690000000
0.832700582833333
0.832721925166667
0.832626099666667
0.824496469500000
0.811912003500000
0.795996556833333
0.777841297500000
0.758064931000000
0.737108071166667
0.715261577166667
0.693094647166667
0.670943569833333
0.656621022333333
0.646600022833333
0.639783662833333
0.635112443833333
0.632067721333333
0.630192355166667
0.629103960666667
0.628371620500000
0.627834804916667
0.627397294250000
0.627121155416667
0.626983125416667
0.626977399250000
0.626968089750000
0.626935058583333
0.626926996083333
0.626925670250000
0.626905399333333
0.626982562833333
0.626980534666667
0.626915131666667
0.626868792000000
0.626810082666667
0.626734008500000
0.626601661666667
0.630213912500000
0.639395236666667
0.652619700333334
0.668696010000000
0.687135635500000
0.707194218166667
0.728325665166667
0.750139916333333
0.772552935333333
0.791485835333333
0.805089989000000
0.814780762833333
0.821869176666667
0.826652711666667
0.829873433166667
0.831876394666667
0.833145145500000
0.833712931833334
0.833971347500000
0.833931880666667
0.833789235333333
0.833513404666667
0.833269838333333
0.832835774833333
0.832568375750000
0.832320681416667
0.832163559416667
0.832106849583334
0.832121319083333
0.832179949583333
0.831955883750000
0.824094817250000
0.811128439583333
0.795197108000000
0.776955382833333
0.756870018333333
0.735682098000000
0.713726842666667
0.691339329833333
0.668907097000000
0.653901688000000
0.643948370500000
0.636903293500000
0.632159805833333
0.629253156333333
0.627413544666667
0.626315733166667
0.625650071666667
0.625302631666667
0.625055732833333
0.625010690333334
0.625054213500000
0.625192308000000
0.625372900833333
0.625595605000000
0.625733627833333
0.625897572500000
0.626073557166667
0.626331105666667
0.626529507666667
0.626677216250000
0.626761811583333
0.626854591250000
0.626766434083333
0.630102804083333
0.639621527750000
0.652948718416667
0.669024046250000
0.687345192416667
0.707250928000000
0.728335462000000
0.750161022166667
0.772632607166667
0.792036744166667
0.805386875333333
0.815065437166667
0.822032032000000
0.826814864666667
0.830051797166667
0.832050286666667
0.833339240333333
0.834156720500000
0.834658595000000
0.835061505000000
0.835372731833333
0.835633548333333
0.835838658333333
0.835963028666667
0.836087635500000
0.836069217166667
0.836047351666667
0.836071066166667
0.835954908833333
0.835860609833333
0.835438249500000
0.826775555500000
0.813167309666667
0.796798585666667
0.778140928666667
0.757627148000000
0.735971373333333
0.713523144500000
0.690514339000000
0.667544075833333
0.652659468166667
0.642598263666667
0.635278792916667
0.630317488750000
0.627147335250000
0.625071445750000
0.623855513250000
0.623023613750000
0.622567312083333
0.622265552416667
0.622183236083333
0.622147779000000
0.622126056833333
0.622117456833333
0.622161474500000
0.622245131000000
0.622443045666667
0.622481537833333
0.622513071166667
0.622412232583333
0.622449993750000
0.622433345583333
0.622523330250000
0.622604815250000
0.622862643250000
0.629807064416667
0.641439832916667
0.656056736916667
0.673636846166667
0.693025234416667
0.713991145750000
0.735807181416667
0.758147752583333
0.780726980916667
0.796930627916667
0.808632511750000
0.817481338416667
0.823488846916667
0.827625163833333
0.830280772166667
0.832026242500000
0.833276854500000
0.833975977166667
0.834416899166667
0.834666593000000
0.834864772833333
0.835050869666667
0.835220476000000
0.835254130666667
0.835258760333333
0.835278726666667
0.835341564000000
0.835282976500000
0.835350995333334
0.835342803833334
0.835025413666667
0.826834014000000
0.814036963166667
0.797852644666667
0.779509375000000
0.759499368000000
0.738311483500000
0.716402829416667
0.693974043750000
0.671532838250000
0.656771382583334
0.646510349916667
0.639596365583333
0.634807462750000
0.631670010750000
0.629800743416667
0.628572523666667
0.627879958500000
0.627368781666667
0.627082158000000
0.626919460333334
0.626787744166667
0.626579201333333
0.626470210666667
0.626278323166667
0.626072546666667
0.625890721166667
0.625775653166667
0.625665465666667
0.625623555000000
0.625523135666667
0.625520089833333
0.625449261666667
0.625459588833333
0.625517732000000
0.625632993500000
0.632096079833333
0.643472073833333
0.658029039416667
0.675329157750000
0.694519821250000
0.715025102250000
0.736374731250000
0.758311568250000
0.780620484250000
0.796851780250000
0.808346210583333
0.816780248500000
0.822561362000000
0.826465597166667
0.829083250833334
0.830814187166667
0.832030406333333
0.832814532833333
0.833341347333333
0.833537126333333
0.833673429166667
0.833729271833333
0.833815336333333
0.833853885833333
0.833917131666667
0.834018991500000
0.834068434333333
0.834065668000000
0.834119167166667
0.834223492333333
0.834154011500000
0.825990855666667
0.812799373000000
0.796743674666667
0.778196893166667
0.757998180666667
0.736721350666667
0.714634938166667
0.692049768666667
0.669468641166667
0.654693773083333
0.644894804083333
0.637923436250000
0.633171868166667
0.630026181666667
0.628112936083333
0.627046665083333
0.626360686083333
0.625919004416667
0.625620946333333
0.625389369833333
0.625198062833334
0.625157961750000
0.625180128250000
0.625115603166667
0.625068769000000
0.624980042083333
0.624902706583333
0.624852425250000
0.624881493250000
0.625011338916667
0.625150257583333
0.625351619416667
0.625518022250000
0.625764132750000
0.632673655833334
0.644592281166667
0.659574620666667
0.676817133333333
0.695894362833333
0.716280060833333
0.737489115666667
0.759383991833333
0.781693782166667
0.797571166666667
0.808586304666667
0.816678926166667
0.822507612000000
0.826434257333334
0.829085064000000
0.830879891166667
0.832087352666667
0.832783422333333
0.833337885833333
0.833728075000000
0.834038742833333
0.834290020500000
0.834472154166667
0.834659447833333
0.834827076166667
0.834944344333333
0.835124399666667
0.835277117750000
0.835381407083333
0.835493916583333
0.835300262500000
0.827282360666667
0.814292325833333
0.798077842833333
0.779656793333334
0.759497956166667
0.738243307000000
0.716201378000000
0.693754037833333
0.671293184916667
0.656530510916667
0.646616825083333
0.639753867416667
0.635058152750000
0.631905894416667
0.629855034500000
0.628539442333333
0.627561873166667
0.626874210000000
0.626293011250000
0.625832853916667
0.625536254250000
0.625159309083333
0.624856796916667
0.624480984083333
0.624154735916667
0.623872458833333
0.623609571166667
0.623447959250000
0.623222388416667
0.623013816916667
0.622890285083333
0.622828343583333
0.622887869916667
0.622976686416667
0.626622674333333
0.636192883333334
0.649241262000000
0.665245969500000
0.683451603333333
0.703348706666667
0.724405914166667
0.746204921833333
0.768489578666667
0.787507109833333
0.800816254833333
0.810849663416667
0.818106192916667
0.823142130750000
0.826482800750000
0.828777373916667
0.830373003583333
0.831530069083333
0.832432051416667
0.833150731916667
0.833580420166667
0.833807395666667
0.834009502833333
0.834265764916667
0.834491278416667
0.834577013250000
0.834630784750000
0.834632099833333
0.834631146666667
0.834630179166667
0.834613624166667
0.826676526500000
0.801350418750000
0.764885025550000
0.722720560700000
0.677208070700000
0.629459645200000
0.579998339783333
0.529317122933333
0.477932337933333
0.433909492633333
0.406858776716667
0.390552219250000
0.379806810933333
0.372292759450000
0.366920565200000
0.363280206700000
0.360784661566667
0.359013646366667
0.357872832000000
0.357073666250000
0.356565771750000
0.356290120250000
0.356075361050000
0.355922541916667
0.355711071500000
0.355501674400000
0.355387655600000
0.355207972933333
0.355071486633333
0.354995218966667
0.354799031466667
0.354670598350000
0.354536129466667
0.354487804633333
0.354579371700000
0.357555089233333
0.366554377916667
0.379230578683333
0.394515666850000
0.412064633350000
0.431069197150000
0.451150775500000
0.471880014833333
0.493116874183333
0.511797504650000
0.524826313300000
0.534472857333333
0.541712896333333
0.547012753833334
0.550986649000000
0.554221238000000
0.557046166000000
0.559731107500000
0.562401472000000
0.565155199166667
0.568116673666667
0.571272780500000
0.574698092416667
0.578439508083333
0.582471754250000
0.586737296916667
0.591092569833333
0.595714439166667
0.600611859666667
0.605747994666667
0.611272319333333
0.613377008083333
0.609553885250000
0.602369803583333
0.592723391416667
0.581474433750000
0.569112697000000
0.556069297016667
0.542536520483333
0.528732203966667
0.518513182300000
0.514486683800000
0.514065369800000
0.516511274300000
0.520949651883333
0.526880186800000
0.533700383116667
0.541284152650000
0.549271823333333
0.557614468333333
0.566266118500000
0.575125150500000
0.583963083833333
0.592876403333333
0.601670311833333
0.605393732000000
0.624004934666667
0.641343294333333
0.656846070000000
0.669347617666667
0.678215615166667
0.683506270666667
0.685858972666667
0.686015413833333
0.689377447666667
0.679705271333333
0.675791913000000
0.676061379666667
0.681278806166667
0.691341064166667
0.705780586000000
0.723336855333333
0.742878208916667
0.763903453083333
0.782248385416667
0.795373081916667
0.805279988083333
0.812254043416667
0.817063901583333
0.820234535250000
0.822317777750000
0.823702324000000
0.824646324500000
0.825313268833333
0.825802920583333
0.826158358583333
0.826340750250000
0.826380568250000
0.826364185250000
0.826359971250000
0.826389490750000
0.826450536416667
0.826501520083333
0.826478647666667
0.826513105000000
0.826705917000000
0.822492225166667
0.811598813000000
0.796957141000000
0.779603451833333
0.760238459166667
0.739515820333333
0.717884261833333
0.695632084333333
0.672995565666667
0.654515986000000
0.642560287500000
0.634151264833333
0.628356047333333
0.624348691000000
0.621758206166667
0.619994382000000
0.618719023500000
0.617737355000000
0.617106079166667
0.616565863000000
0.616119573166667
0.615700459333333
0.615319909333333
0.614838495666667
0.614446378666667
0.614189224333333
0.613856189333333
0.613479695666667
0.613205377166667
0.612919047333333
0.612574703333333
0.612393186000000
0.612286918666667
0.612236042500000
0.612298636166667
0.619675522666667
0.631514934833333
0.646577490833333
0.664194820166667
0.683796922000000
0.704640355000000
0.726444393666667
0.748805024333333
0.771280543833333
0.786803594000000
0.798066555333333
0.806197626000000
0.811942641000000
0.815901264000000
0.818556227333333
0.820307581500000
0.821549951833333
0.822626750666667
0.823430814833333
0.824164280166667
0.824968502000000
0.825496491833334
0.825866872333333
0.826148794666667
0.826511463833333
0.826632505250000
0.826772040250000
0.826926163000000
0.826872613666667
0.826706332666667
0.826424202500000
0.817937701000000
0.804833716166667
0.788468425000000
0.770087383416667
0.749827288416667
0.728466655000000
0.706524948250000
0.684014527083333
0.661558522416667
0.647214159583333
0.637455761083333
0.630745001916667
0.626163488083333
0.623321324250000
0.621541819416667
0.620315111833333
0.619535177833333
0.618982914500000
0.618607431333333
0.618370788000000
0.618317822750000
0.618287543583333
0.618197838416667
0.618168333250000
0.618241189583333
0.618280326750000
0.618205341916667
0.618227343583333
0.618224394500000
0.618112852500000
0.617986188833333
0.617841171333333
0.617657310500000
0.621136956500000
0.630629812083333
0.643873425083333
0.659837877416667
0.677990460000000
0.697740392250000
0.718679485916667
0.740459537750000
0.762594683583334
0.781325877750000
0.794274084333333
0.803736836333333
0.810466494000000
0.815121423166667
0.818216606166667
0.820157927166667
0.821390687000000
0.822250099333333
0.822913059000000
0.823345481333333
0.823700883500000
0.823966874333333
0.824032234333333
0.824080838666667
0.824048266166667
0.823906262250000
0.823837655750000
0.823748939583334
0.823710554916667
0.823733301916667
0.823520810250000
0.815425264750000
0.802359793583333
0.786374178083333
0.768044213333333
0.748128139833333
0.727016257833333
0.705219156500000
0.682838423333333
0.660495315166667
0.645858265666667
0.636135836666667
0.629331767500000
0.624923751500000
0.622176624833334
0.620580851833333
0.619622589666667
0.619069756583333
0.618687321750000
0.618580789250000
0.618565667583333
0.618671719916667
0.618632661583333
0.618452821250000
0.618316898250000
0.618267985750000
0.618167061166667
0.618019033666667
0.617962080166667
0.617908115166667
0.617875435166667
0.617961514000000
0.618079584833333
0.618205739666667
0.618220868500000
0.621750423166667
0.631587418500000
0.644934389166667
0.661215873333333
0.679566990500000
0.699607262333334
0.720720183500000
0.742491470500000
0.764845894833333
0.784112037666667
0.797426364166667
0.807071149500000
0.813849067500000
0.818554629166667
0.821558709500000
0.823458936833333
0.824716056166667
0.825311792500000
0.825588497500000
0.825516623000000
0.825465058833333
0.825182032833333
0.824981810500000
0.824679219500000
0.824387271000000
0.824007029166667
0.823714844166667
0.823434133000000
0.823233803166667
0.823088628000000
0.822935261333333
0.818246441000000
0.807034377333333
0.791969463500000
0.774404465166667
0.754956052500000
0.734171264333333
0.712512809333333
0.690227106166667
0.667748053500000
0.649396517083333
0.637549572750000
0.629555034250000
0.624199040250000
0.620795088583333
0.618754057750000
0.617538562416667
0.616859040583333
0.616555768750000
0.616524282000000
0.616715001333333
0.616906444500000
0.616958152000000
0.617108028500000
0.617204219500000
0.617414174166667
0.617681218500000
0.617784002833333
0.617881354833333
0.617960138000000
0.618132743583333
0.618313945583333
0.618352903583333
0.618316855250000
0.618308577750000
0.624951884250000
0.636760408083333
0.651564519750000
0.668850906750000
0.688012036416667
0.708525250916667
0.729957859166667
0.752091292166667
0.774614720833333
0.790799928000000
0.802098801500000
0.810457879666667
0.816304030666667
0.820235889750000
0.822776286750000
0.824424286833333
0.825546264333333
0.826224481833333
0.826871019083333
0.827158130083333
0.827342521250000
0.827464304416667
0.827460355583333
0.827636175416667
0.827804936083333
0.827854651250000
0.827940343083333
0.827719434166667
0.827803993666667
0.827919441500000
0.823563749333333
0.812334736500000
0.797365920500000
0.780003179833333
0.760582989500000
0.739588834333333
0.717583541333334
0.694850502000000
0.671748529833333
0.652859325000000
0.640694725333333
0.632124302166667
0.625856421500000
0.621610773500000
0.618877596750000
0.617156593416667
0.616020920416667
0.615328025583333
0.614826444916667
0.614534030583333
0.614246754750000
0.614150843250000
0.614179416750000
0.614274565000000
0.614318933833333
0.614564062500000
0.614617855500000
0.614684383666667
0.614902773500000
0.615160135666667
0.615348232000000
0.615344648666667
0.615250328166667
0.615193596833333
0.618613537333334
0.628353531833333
0.642030520333333
0.658316713000000
0.676721530000000
0.696740316166667
0.718049439166667
0.740103049833333
0.762742768416667
0.782150162666667
0.795571093333333
0.805334257666667
0.812488769666667
0.817686115166667
0.821206940833333
0.823628528833333
0.825286415333333
0.826360852750000
0.826988505833333
0.827281271333333
0.827383038000000
0.827372839833333
0.827195558000000
0.827101294833333
0.826932828000000
0.826877064166667
0.826826381500000
0.826880009666667
0.827132541500000
0.827397435833333
0.827572266666667
0.822733469500000
0.811606115833333
0.796912800833333
0.779452292500000
0.759934184000000
0.739054064833333
0.717261292166667
0.694885776333333
0.672290215166667
0.654457656500000
0.642660678166667
0.634338336333333
0.628648375666667
0.625005329666667
0.622719972833333
0.621234681166667
0.620278870000000
0.619704963333333
0.619323596333333
0.619265188000000
0.619317798500000
0.619389988333333
0.619333873333333
0.619151445833333
0.618901164333333
0.618587543833333
0.618206721500000
0.617811379500000
0.617287295500000
0.616624042000000
0.615852980333333
0.615205257000000
0.614666302166667
0.614226720333333
0.613933410166667
0.617010253666667
0.626506832333333
0.639532435333333
0.655825307333333
0.675036345666667
0.695662306166667
0.717511014666667
0.739702676833333
0.762215635000000
0.781631948166667
0.794855680833333
0.804854836333333
0.811776947666667
0.816180850000000
0.818883457333333
0.820201285500000
0.821166155333333
0.821809227500000
0.822307067166667
0.822767618666667
0.822996858833333
0.823222064166667
0.823234140000000
0.823601417333333
0.824131686166667
0.824693538500000
0.825176471500000
0.825549561000000
0.825941803416667
0.826247920416667
0.826613148083333
0.826668532083333
0.818362007083333
0.805583381750000
0.789697282583333
0.771478548083333
0.751550291250000
0.730195563166667
0.708186342833333
0.685529553250000
0.662931799083333
0.648476180916667
0.638322010416667
0.631221119416667
0.626428102916667
0.623354161916667
0.621515553583333
0.620326940416667
0.619642126000000
0.619157774000000
0.618889626000000
0.618712652333333
0.618615013666667
0.618621449333333
0.618639659833333
0.618666606500000
0.618706403000000
0.618748077166667
0.618759500833333
0.618750363333333
0.618770738166667
0.618791528666667
0.618764811333333
0.618580069000000
0.618498211333333
0.618437015166667
0.621936735000000
0.631641125500000
0.645071308333333
0.661256694666667
0.680484044333334
0.701050034166667
0.722320772500000
0.744046121166667
0.766169406166667
0.785014765333334
0.797784532666667
0.806966924666667
0.813551686666667
0.817416992500000
0.819383275000000
0.820862525166667
0.821811026333334
0.822448702000000
0.822873341333333
0.823197633000000
0.823532330666667
0.823617796750000
0.823256546583333
0.823683113750000
0.823876362916667
0.824018542416667
0.823959259750000
0.823976309250000
0.823916761416667
0.823884611750000
0.823780877833333
0.823663086500000
0.815166114500000
0.802308784833333
0.786545128166667
0.768454540833333
0.748487361833333
0.727469829000000
0.705499394666667
0.683272623000000
0.660953903000000
0.646750379500000
0.636865768833333
0.629931381000000
0.625397912500000
0.622646364000000
0.620967493500000
0.619991028000000
0.619513011333333
0.619254029500000
0.619069953666667
0.618983344500000
0.618898426666667
0.618800415333333
0.618667896500000
0.618567283666667
0.618585415333333
0.618556060666667
0.618468519833333
0.618320614166667
0.618230722666667
0.618241100000000
0.618316701166667
0.618393753583333
0.618439670416667
0.618431002333333
0.621702700333333
0.631267133000000
0.644643236166667
0.660871357333333
0.679248575500000
0.699251161416667
0.720649921500000
0.742707653000000
0.765098430250000
0.784532108250000
0.797816005083333
0.807334915083333
0.814217616916667
0.818962222583333
0.822023439166667
0.823741762166667
0.824842232500000
0.825531888000000
0.826022675666667
0.826238327833333
0.826256846500000
0.826080338666667
0.825832063833333
0.825629526666667
0.825310452333333
0.825034019666667
0.824770121500000
0.824423763666667
0.824190596166667
0.824050366000000
0.823571697166667
0.815009630333333
0.801376401500000
0.784981848833333
0.766121719166667
0.745802341500000
0.724375047333333
0.702348605500000
0.679914129500000
0.657499827666667
0.643041307000000
0.633566128000000
0.626814604833333
0.622460575333333
0.619614785166667
0.617824781166667
0.616654177833333
0.615923525416667
0.615595722083333
0.615395213083333
0.615403834583333
0.615607812250000
0.615750808750000
0.615920572750000
0.616097818750000
0.616469998083334
0.616825475500000
0.617064433666667
0.617261008166667
0.617404112166667
0.617474159166667
0.617744306666667
0.618019736000000
0.618181330000000
0.622255142833333
0.632458584166667
0.646118802666667
0.662414018166667
0.680958004666667
0.701006769000000
0.722117432666667
0.743800935166667
0.765999857166667
0.784469754666667
0.797156797166667
0.806610884666667
0.813618465666667
0.818342567500000
0.821585054166667
0.823699776250000
0.825118174250000
0.826162766083333
0.826844710250000
0.827160186916667
0.827390394583333
0.827513224083333
0.827504996750000
0.827465336416667
0.827412378333333
0.827507938666667
0.827610938000000
0.827792003833333
0.828030739833333
0.828049115166667
0.827768991666667
0.819662395166667
0.806294462000000
0.790142121166667
0.771596271333333
0.751359740333333
0.730019514000000
0.707982257666667
0.685519932000000
0.663005117666667
0.648244031083333
0.638554626083333
0.631517353583333
0.626762270250000
0.623474203583333
0.621242252750000
0.619704694583333
0.618561188416667
0.617685600916667
0.616915281000000
0.616311116666667
0.615737597000000
0.615268775166667
0.615027000500000
0.614777335333333
0.614529942000000
0.614378675166667
0.614277489000000
0.614224950166667
0.614177922500000
0.613069991666667
0.609682813583333
0.604084493083333
0.596840476583333
0.588835976416667
0.586497235083333
0.588475055916667
0.593570892750000
0.601206180583333
0.611797539250000
0.626096827333333
0.643184260500000
0.662366847166667
0.682725190000000
0.697733243500000
0.708594047333333
0.716538992500000
0.722088357500000
0.725914784166667
0.728416495500000
0.730207266333333
0.731478396500000
0.732363021166667
0.733137780833333
0.733748810833333
0.734145686500000
0.734418937166667
0.734630296500000
0.734642716333333
0.734758888000000
0.735042723833333
0.735236499750000
0.735241760083333
0.735196215916667
0.735251506750000
0.735269086583333
0.735291052416667
0.735278130916667
0.735277930250000
0.729860833250000
0.718501913833333
0.703721387666667
0.686360338333334
0.666975995666667
0.646276311666667
0.624682922833334
0.602606959333333
0.580204152833333
0.562836001333333
0.551365765666667
0.543232086333333
0.537667241333333
0.534004365166667
0.531629066666667
0.530158495333333
0.529345766666667
0.528816687500000
0.528517848250000
0.528299354500000
0.528145665333333
0.527981391000000
0.527788772500000
0.527633549666667
0.527451946333333
0.527177147666667
0.526897160333333
0.526698152750000
0.526442292000000
0.526284589500000
0.526085857833333
0.526129689166667
0.533035890500000
0.544698816333333
0.559591192666667
0.578181296666667
0.597944813333333
0.618823449000000
0.640485716666667
0.662734275000000
0.685417312500000
0.701247698000000
0.712543661833333
0.720690606666667
0.725159990833333
0.728428363500000
0.730830981333333
0.732375469666667
0.733389302166667
0.733765265500000
0.734198949166667
0.734486174833333
0.734891994500000
0.735181226833333
0.735326982500000
0.735294245166667
0.735365424500000
0.735492496666667
0.735574748500000
0.735583327000000
0.735504830500000
0.735279306250000
0.735143469250000
0.735131773250000
0.735190740583333
0.735065144750000
0.734483584083333
0.725848159250000
0.712394018250000
0.695475259750000
0.676559534666667
0.656151885166667
0.634672776000000
0.612531889666667
0.590023382000000
0.567632565333333
0.553230772416667
0.543604928583333
0.537307352833333
0.532979890166667
0.530173968166667
0.528495886000000
0.527369802000000
0.526644958166667
0.526209884166667
0.525894919916667
0.525626943916667
0.525461899166667
0.525307034666667
0.525153969000000
0.524852334750000
0.524649389083333
0.524570369416667
0.524515988750000
0.524518626083333
0.524630469083333
0.524723728916667
0.524975723250000
0.531934212583333
0.543877760000000
0.560695368166667
0.579129074000000
0.598920662500000
0.619862644333333
0.641499169333333
0.663683636166667
0.685982361166667
0.701952718833333
0.713289353500000
0.719729291500000
0.724604939666667
0.728020307833333
0.730260908833333
0.731713033166667
0.732674355500000
0.733340447000000
0.733630804500000
0.733604252000000
0.733632503000000
0.733682992166667
0.733790929333333
0.733875431500000
0.733944618500000
0.734128780333334
0.734187271083333
0.734157350250000
0.734175765000000
0.734187668833333
0.734195838833333
0.734345923166667
0.734483000000000
0.734661994666667
0.729706646000000
0.718759766916667
0.703648155083333
0.686266885000000
0.666921629333333
0.646171391666667
0.624473125833333
0.602306425166667
0.579807205500000
0.562042809000000
0.550215816666667
0.542631505333333
0.537301963500000
0.533872369500000
0.531643256666667
0.530195504000000
0.529238625000000
0.528612975000000
0.528290525166667
0.528095226333333
0.527898336500000
0.527718453166667
0.527530865666667
0.527295412000000
0.527000661333333
0.526764039500000
0.526368167166667
0.526003649000000
0.525706504666667
0.525323159666667
0.524984821333333
0.528333073666667
0.537503275166667
0.550999685166667
0.567379818500000
0.585874369333333
0.605806066166667
0.626788826333333
0.648513358000000
0.670690278333333
0.689488380500000
0.702785112833333
0.712100217166667
0.718743917833333
0.723391400833333
0.726423101500000
0.728452199833333
0.729866555833333
0.730848346166667
0.731458552000000
0.731833053333333
0.731980629333333
0.731941621166667
0.731970209000000
0.732158742500000
0.732307802000000
0.732546538000000
0.732810128000000
0.733096465000000
0.733522243833333
0.733897945583333
0.734194373250000
0.734528963416667
0.734774142250000
0.734946099250000
0.734787658583333
0.726363593083333
0.713180208750000
0.696969982750000
0.678504639666667
0.658371753000000
0.637056903833333
0.615136012666667
0.592816898500000
0.570403614333333
0.556062569666667
0.546453983166667
0.539669658166667
0.535075717333333
0.532073973333333
0.530178554833333
0.528884154500000
0.527988980500000
0.527443582833333
0.527014528833333
0.526714754333333
0.526496142333333
0.526454754833333
0.526516560166667
0.526618635000000
0.526723325666667
0.526985700916667
0.527101066333333
0.527185941166667
0.527211726833333
0.527246714500000
0.527335803333333
0.534164239166667
0.545785784666667
0.560575717083333
0.577788979000000
0.597042361583333
0.617544482083333
0.638883583250000
0.660944346250000
0.683221091083333
0.699066075083333
0.710266629083333
0.718382940000000
0.724132548833333
0.728021275333333
0.730623334333333
0.732372689000000
0.733373062500000
0.734061062500000
0.734413569333334
0.734456060500000
0.734425953333334
0.734168132500000
0.733893391166667
0.733754974166667
0.733568175000000
0.733431220000000
0.733094469083333
0.732803638583333
0.732610934083333
0.732514298750000
0.732390888750000
0.732255517583333
0.732128710583333
0.731643426916667
0.722851030583333
0.709616487000000
0.693408927000000
0.675073440333333
0.655067224500000
0.634034347833333
0.612291519666667
0.589953800833333
0.567739642500000
0.553711731000000
0.544244808000000
0.537629774000000
0.533144644666667
0.530314707166667
0.528582932333333
0.527476972333333
0.526799256500000
0.526458804000000
0.526127195166667
0.526000481333333
0.525965027833333
0.525997521500000
0.525995013166667
0.526047709666667
0.526222486750000
0.526527664916667
0.526755041750000
0.527042145583333
0.527089295083333
0.527074818416667
0.530543112416667
0.539934398416667
0.553358475250000
0.569467525833333
0.588606890333333
0.609244919500000
0.630381698500000
0.652184884333333
0.674350402500000
0.693096804333333
0.706175075166667
0.715370166500000
0.722063883333333
0.725820320333333
0.728188423500000
0.730108244500000
0.731478339166667
0.732503645500000
0.733559252500000
0.734281996500000
0.734734406666667
0.735005435666667
0.735212215500000
0.735216171500000
0.735124538500000
0.734990156333333
0.734925405500000
0.734769408666667
0.734654455333333
0.734605464000000
0.731690400833333
0.719337425333333
0.701935841333333
0.681288431000000
0.650528839666667
0.612757828150000
0.571383718350000
0.527399479166667
0.481272368666667
0.436471760150000
0.399995186950000
0.367983041450000
0.338792892783333
0.319312485966667
0.306584192133333
0.297175426633333
0.290187827733333
0.285314960233333
0.281712585066667
0.279107336900000
0.277246196566667
0.275828371900000
0.274757168083333
0.273892865933333
0.273240990233333
0.272845859650000
0.272455947833333
0.272251079350000
0.272131054883333
0.271968127883333
0.271886284550000
0.271858285816667
0.271862725566667
0.271863855750000
0.271810352283333
0.271981308100000
0.278860648766667
0.289550515416667
0.303190986166667
0.319503702666667
0.337961552283333
0.357995594850000
0.379154284500000
0.401153837000000
0.423572417333333
0.439852157133333
0.452736807566667
0.463135243150000
0.471201620316667
0.477416036933333
0.482322989100000
0.486421066116667
0.490065145550000
0.493426018383333
0.496638266733333
0.499758978833333
0.502748262866667
0.505731223033333
0.508778809333333
0.512007913683333
0.515430113833333
0.518949021700000
0.522620139533333
0.526411246716667
0.530432250533333
0.534701409500000
0.539178114416667
0.543904359083333
0.548843862250000
0.553959421750000
0.558966004916667
0.557363491666667
0.551335192666667
0.542321000183333
0.530977671850000
0.518231572433333
0.504527410800000
0.490144957133333
0.475290177133333
0.460517043383333
0.452447196116667
0.448908425116667
0.448468487100000
0.450442591300000
0.454004451150000
0.458688469816667
0.464211504483333
0.470369967350000
0.476786681766667
0.483570990283333
0.484206064450000
0.488753671350000
0.499723011483333
0.511548536800000
0.523310818433333
0.533450641266667
0.541401309733333
0.547467749733333
0.551589464566667
0.560567155066667
0.564541703833333
0.561319076000000
0.562911337333333
0.571684605833333
0.583520155166667
0.598521414666667
0.616042338000000
0.635540888666667
0.656303359833333
0.677796049833333
0.699730600666667
0.715342668000000
0.723144745666667
0.728737533500000
0.732432387333333
0.734829945500000
0.736305153666667
0.737148742000000
0.737677728000000
0.737917560500000
0.738144063000000
0.738271536500000
0.738335663833333
0.738465631333333
0.738570938333333
0.738590360000000
0.738634814833333
0.738719331333333
0.738818894250000
0.738830683416667
0.738816450416667
0.738847904916667
0.738974317750000
0.739038201416667
0.739101411416667
0.739222793250000
0.734419320583333
0.723333866833333
0.708504743500000
0.691213289666667
0.671942624666667
0.651260384333333
0.629745843166667
0.607732287000000
0.585377425500000
0.567734769166667
0.556196106166667
0.548366845333333
0.543001692333333
0.539532810666667
0.537424900500000
0.536216987500000
0.535589467000000
0.535173413333333
0.534801069166667
0.534514123000000
0.534229907333333
0.533971405666667
0.533787322666667
0.533600631000000
0.533439940000000
0.533226996833333
0.533096620833333
0.533061676166667
0.533002149833333
0.533055068500000
0.533176285500000
0.537322711000000
0.547020759000000
0.560400187500000
0.576664410750000
0.595075484250000
0.615061970250000
0.636199301083333
0.657968610083333
0.680180317416667
0.698674352250000
0.711807419416667
0.721268802583333
0.728053324666667
0.732714359833333
0.735870151333333
0.737986496666667
0.739396301833333
0.740305945333333
0.740893153333333
0.741331194333334
0.741696429166667
0.741873840000000
0.742023042833333
0.742162083333333
0.742201600333333
0.742227586666667
0.742294000166667
0.742334309083333
0.742373861916667
0.742473672083333
0.742511648250000
0.742580785083333
0.742515281750000
0.742476703583333
0.742289538916667
0.734020552916667
0.720513726166667
0.704359966333333
0.685721035833333
0.665477761000000
0.644104453333333
0.622169572833333
0.599782454166667
0.577203075333333
0.562423466500000
0.552806616833333
0.545612831500000
0.540855598166667
0.537687028500000
0.535574230666667
0.534142395166667
0.533230995833333
0.532705478500000
0.532373597333333
0.532170888166667
0.532157063666667
0.532051796083333
0.532023831750000
0.531997967250000
0.531972274750000
0.531898945416667
0.531771507750000
0.531700464583333
0.531623372750000
0.531544783083333
0.535421996333333
0.544877553000000
0.558052208333333
0.574022100166667
0.592254702166667
0.612104147166667
0.633069943833333
0.654725947833333
0.676893006833333
0.695575123666667
0.708918052333333
0.718728903666667
0.725856648166667
0.730837309500000
0.734300945166667
0.736685116000000
0.738389069833333
0.739510968500000
0.740184757000000
0.740632078833333
0.740944638666667
0.741212772333333
0.741385302666667
0.741564842000000
0.741727740333333
0.741774588833333
0.741879200666667
0.742061864666667
0.742173127166667
0.742341379000000
0.742446220166667
0.742554372333333
0.742574761500000
0.742551326500000
0.742312418500000
0.734160600333333
0.720725870250000
0.704632159916667
0.686237125416667
0.666121875916667
0.645000856416667
0.623156992583333
0.600925842083333
0.578693853083333
0.564180278083333
0.554803837833333
0.548070224166667
0.543545327000000
0.540616855000000
0.538656298666667
0.537388816333333
0.536527662500000
0.536004022833333
0.535685020166667
0.535497217666667
0.535377964333333
0.535249222333333
0.535112597000000
0.535026718833333
0.534986248666667
0.534958370333333
0.534944180333333
0.534874283833333
0.534806548083333
0.534604247416667
0.534493723083333
0.537890278750000
0.546947834583333
0.559844136583333
0.575594291250000
0.593602956416667
0.613173897583333
0.633848853000000
0.655310360833333
0.677250465833333
0.696063001666667
0.709423030000000
0.719056714166667
0.725944131666667
0.730504589833333
0.733458933500000
0.735357311833333
0.736629732000000
0.737422179000000
0.737977316166667
0.738364140583333
0.738606431250000
0.738761933583333
0.738869490916667
0.739041498083333
0.739206775750000
0.739340584583333
0.739402561916667
0.739462675916667
0.739386569500000
0.739285297333333
0.739152448833333
0.739094019000000
0.739053864166667
0.738993348833333
0.739048990833333
0.734316389333333
0.723274648666667
0.708666301666667
0.691628512000000
0.672709307500000
0.652347417166667
0.631160414166667
0.609498519166667
0.587363753166667
0.569810823500000
0.558383050333333
0.550490522166667
0.544948861333333
0.541292420833333
0.539053668833333
0.537626950333333
0.536639104166667
0.535932908000000
0.535482877166667
0.535177154333333
0.534948286833333
0.534847537833333
0.534743413333333
0.534687563500000
0.534620548000000
0.534542151833333
0.534513900833333
0.534496629166667
0.534469861666667
0.534480454000000
0.534474498500000
0.537752653666667
0.547223145666667
0.560271431166667
0.576305787166667
0.594644498833333
0.614532708333333
0.635518141666667
0.657218779666667
0.679431160666667
0.698656983833333
0.711880394000000
0.721696226166667
0.728662584500000
0.733339644333333
0.736506228833333
0.738583250666667
0.739984151250000
0.740864669416667
0.741449476583333
0.741887338416667
0.742160295250000
0.742293982250000
0.742450588250000
0.742516521583333
0.742610125416667
0.742650470166667
0.742794835500000
0.742932012666667
0.742954960333333
0.742944124333333
0.742976231000000
0.743053631000000
0.743095806833333
0.743128873833333
0.743139186666667
0.737658356500000
0.726224391333333
0.711173223166667
0.693565253500000
0.674094717333333
0.653142401166667
0.631319851000000
0.608905692500000
0.586135436666667
0.568453711250000
0.556621695083333
0.548324422250000
0.542676006750000
0.538769141416667
0.536289195250000
0.534661853083333
0.533495184250000
0.532747736750000
0.532320829166667
0.532037057833333
0.531806542000000
0.531477885833333
0.531258220333333
0.531111095833333
0.530993591166667
0.531022530166667
0.531007895833333
0.531080673333333
0.531105341000000
0.531190008000000
0.531285876500000
0.534864264833333
0.544204753500000
0.557372349666667
0.573506207666667
0.591929353416667
0.612018129250000
0.633322866250000
0.655359678250000
0.677935552583333
0.697296610750000
0.711006164583333
0.721084189250000
0.728192282750000
0.733063598666667
0.736174548333333
0.738186421583333
0.739490923333333
0.740288673666667
0.740860179500000
0.741291276000000
0.741569665166667
0.741809540666667
0.742033778500000
0.742190040500000
0.742296590916667
0.742382057000000
0.742497605166667
0.742575238083334
0.742557572250000
0.742553257916667
0.742597906250000
0.742598716083334
0.742694111583333
0.742868949583333
0.742772385916667
0.734291155500000
0.721009928250000
0.704925792583333
0.686580523416667
0.666572637750000
0.645421016583333
0.623625807250000
0.601275102416667
0.578851763416667
0.564576813333333
0.554911194500000
0.548091788666667
0.543463103833333
0.540495874500000
0.538632806333333
0.537399544833333
0.536587927000000
0.536008129333333
0.535739494000000
0.535661886166667
0.535608379833333
0.535578179500000
0.535448161833333
0.535392491166667
0.535328019833333
0.535268085000000
0.535310999000000
0.535226489666667
0.535125955666667
0.534870231083333
0.534612180916667
0.538025599750000
0.547266794250000
0.559939585833333
0.575625305000000
0.593559673333333
0.613123827666667
0.633776469666667
0.655255704250000
0.677265533750000
0.695991639583333
0.709058945416667
0.718828756833333
0.725678234000000
0.730293384583333
0.733294662750000
0.735212950083333
0.736397413750000
0.737094124833333
0.737463838833333
0.737671958833333
0.737768902333333
0.737816180833333
0.737908061083333
0.738072048750000
0.738303259750000
0.738647173750000
0.738977990666667
0.739350385000000
0.739673307833333
0.740059548166667
0.740427900500000
0.740713266416667
0.740940277750000
0.741138084916667
0.741218924916667
0.736488462666667
0.725263413000000
0.710759541666667
0.693668819000000
0.674571952833333
0.654070839250000
0.632714072250000
0.610776095750000
0.588563406583333
0.570901439666667
0.559515534166667
0.551303852833333
0.545541279500000
0.541802178666667
0.539412052333333
0.537906966333333
0.536866896666667
0.536073847666667
0.535606036333333
0.535254930583333
0.535039070583333
0.534957642916667
0.534867615250000
0.534852765916667
0.534767941250000
0.534682543250000
0.534725450083333
0.534673068916667
0.534702613500000
0.534758900500000
0.534720695000000
0.538415083000000
0.547734379833333
0.560733158000000
0.576854789666667
0.595144725000000
0.615094102000000
0.636168172666667
0.657828476666667
0.680059197166667
0.698854110166667
0.712285088500000
0.722109398833333
0.729032696250000
0.733748635250000
0.736874441416667
0.738859686916667
0.740265536083334
0.741150959833334
0.741734674083333
0.742043593250000
0.742324963750000
0.742499583166667
0.742697139500000
0.742792914833333
0.742851373333333
0.742860453500000
0.742782512416667
0.742706470500000
0.742537043333333
0.742294007333333
0.741991846333333
0.741494207333333
0.741032573666667
0.740655091000000
0.739931096416667
0.731037048083333
0.717428085583333
0.701200451750000
0.682646381750000
0.662564729583333
0.641544874750000
0.619840166083333
0.597657139750000
0.575524419833333
0.561479050333333
0.551999850833334
0.545172769500000
0.540706775166667
0.537817970666667
0.535995286666667
0.534893698333333
0.534200946833333
0.533864493333333
0.533615268916667
0.533561397083333
0.533535955416667
0.533483925416667
0.533403737583333
0.533440509750000
0.533456627583333
0.533549572083333
0.533609435250000
0.533757072166667
0.533890479666667
0.534112101666667
0.538237708000000
0.547897808500000
0.561236143333333
0.577356513666667
0.595613511000000
0.615543595333333
0.636558218500000
0.658246006666667
0.680391741250000
0.699028141916667
0.712272220750000
0.721851961416667
0.728763308416667
0.733590753583333
0.736815603083333
0.738918131083333
0.740322690250000
0.741221250500000
0.741773836333333
0.742240981166667
0.742612533416667
0.742855762916667
0.742997161250000
0.743073106416667
0.743158052916667
0.743159593750000
0.743097265250000
0.743032808250000
0.743001712083333
0.743016557833333
0.743078678500000
0.743214157166667
0.743255014333333
0.743290733000000
0.738858142500000
0.727669420666667
0.712915310833333
0.695417170333333
0.676011901000000
0.655116122666667
0.633191598000000
0.610818454333333
0.588110491166667
0.569619072166667
0.557765140333333
0.549321552833333
0.543428410000000
0.539386101833333
0.536823115500000
0.535255615000000
0.534189501666667
0.533445737833333
0.532987501166667
0.532690758166667
0.532464671333333
0.532235782333333
0.532012175166667
0.531782619666667
0.531588696833333
0.531401854666667
0.531246789500000
0.531135591500000
0.531027403500000
0.530965583833333
0.531255482666667
0.538219218000000
0.549973569000000
0.564809701333333
0.582311418000000
0.601763485666667
0.622523179750000
0.644166190583333
0.666348435750000
0.688719407916667
0.704745278583333
0.716219176416667
0.724676975416667
0.730532170750000
0.734448703916667
0.737068418000000
0.738867602500000
0.740184219500000
0.741174161916667
0.741805172583333
0.742144772250000
0.742380476750000
0.742537075583333
0.742614475583333
0.742652415916667
0.742686801583333
0.742781125666667
0.742783644750000
0.742871615583333
0.742980699416667
0.743083569750000
0.743203539750000
0.743336653416666
0.743485275750000
0.743532095583333
0.743095190500000
0.734530687000000
0.721260399666667
0.705136524833333
0.686613923666667
0.666485086166667
0.645263518333333
0.623329017666667
0.601079656666667
0.578971901833333
0.564768571833333
0.555076070833333
0.548163211666667
0.543592677166667
0.540631697166667
0.538788108000000
0.537596513500000
0.536771243166667
0.536208237000000
0.535863893000000
0.535649573833333
0.535523232666667
0.535507265333334
0.535468948750000
0.535435845916667
0.535445793250000
0.535354991583333
0.535248523583333
0.535094325583333
0.534928123416667
0.534700617583333
0.534389096916667
0.537562952000000
0.546610969000000
0.559365937166667
0.575052896166667
0.592969426666667
0.612575678000000
0.633270374000000
0.654745684833333
0.676635659000000
0.695376019333333
0.708486490000000
0.718054506000000
0.724875338000000
0.729535620666667
0.732628875833334
0.734684605500000
0.735999954000000
0.736997210000000
0.737711167666667
0.738224336833333
0.738561492666667
0.738847643333334
0.739110144000000
0.739429447666667
0.739759866833333
0.740151080833333
0.740474627166667
0.740811998000000
0.741003032666667
0.741244248333333
0.741520817166667
0.741796619166667
0.742038558666667
0.742325268333333
0.742554938500000
0.742366992666667
0.733916245666667
0.720891144333333
0.704744565500000
0.686379702666667
0.666381714166667
0.645211889666667
0.623327749166667
0.601013393666667
0.578728672333333
0.564486850166667
0.554765044666667
0.548017162166667
0.543479064000000
0.540537125833333
0.538696417666667
0.537439384333333
0.536595996666667
0.536114131500000
0.535784163833333
0.535578967833333
0.535527425166667
0.535433441500000
0.535329223833333
0.535207734500000
0.535070392500000
0.535018720833333
0.534913456833333
0.534831842833333
0.534785811333333
0.534774029333333
0.534774402000000
0.538457989833333
0.548152619333333
0.561354443500000
0.577211094833333
0.595601428000000
0.615632060666667
0.636675071000000
0.658380231166667
0.680527632000000
0.699382365166667
0.712386475333333
0.722125129666667
0.729149968000000
0.733742898333333
0.736774018500000
0.738769197000000
0.740024005083333
0.740761383416667
0.741079074583333
0.741171288083333
0.741075254750000
0.740960136583333
0.740740277583333
0.740439449583333
0.740161977750000
0.739882667666667
0.739613803000000
0.739407259666667
0.739259067333333
0.739032113333333
0.738822524166667
0.738599218000000
0.738418496166667
0.738271314333333
0.738075291666667
0.737608175500000
0.729271643666667
0.715957338666667
0.699873410833333
0.681661413000000
0.661912745666667
0.641005909166667
0.619430078666667
0.597519428666667
0.575685526500000
0.561516403000000
0.552233118666667
0.545752653166667
0.541395570666667
0.538613563833333
0.536900608666667
0.535891993500000
0.535250763166667
0.534861369500000
0.534710066833333
0.534631713666667
0.534653987666667
0.534699130500000
0.534755281333334
0.534794805500000
0.534808336166667
0.534783073666667
0.534753711833333
0.534679823500000
0.534586083500000
0.534430351833333
0.534295188500000
0.537965948000000
0.547664526333333
0.560868486166667
0.576877285833333
0.595220512500000
0.615214129333333
0.636300806166667
0.658136342333333
0.680445236833334
0.699163559666667
0.712185959166667
0.721848066333333
0.728856055833334
0.733588127000000
0.736739919500000
0.738837230166667
0.740166883333333
0.741033010833333
0.741665325833333
0.742046943666667
0.742295268666667
0.742530270833333
0.742716360500000
0.742868107500000
0.742958529333333
0.742952373166667
0.742999687500000
0.743052534500000
0.743143787666667
0.743229744666667
0.743236037000000
0.743215002833333
0.743230611833333
0.743269741833334
0.743452140666667
0.738654494500000
0.727372849666667
0.712618661000000
0.695292979166667
0.675901032666667
0.655097123833333
0.633402563166667
0.611208858500000
0.588713852833333
0.570908097500000
0.559439015666667
0.551280840666667
0.545501056583333
0.541639412916667
0.539102104750000
0.537368208583333
0.536126547750000
0.535058169750000
0.534134529750000
0.533400311916667
0.532723162250000
0.532188389166667
0.531789628666667
0.531485217333333
0.531261524166667
0.531107892333333
0.531098654500000
0.531153870083333
0.531214220583333
0.531290767750000
0.531392763750000
0.534994228750000
0.544423892250000
0.557493656250000
0.573494049416667
0.591802682583333
0.611682202500000
0.632702802666667
0.654442742666667
0.676613858000000
0.695585042333333
0.709018858666667
0.718898316500000
0.725941917166667
0.730702533166667
0.733900486166667
0.736008496666667
0.737478444500000
0.738566867666667
0.739457225666667
0.740105257166667
0.740616541500000
0.741050282500000
0.741460717500000
0.741895977833333
0.742273367333333
0.742597157333333
0.742820678500000
0.743011584166667
0.743167552333333
0.743324409166667
0.743386537000000
0.743363811500000
0.743263972666667
0.743113200333333
0.742973428833333
0.737958568166667
0.726805292666667
0.712011042333333
0.694518004500000
0.675183850000000
0.654563142666667
0.633131928333333
0.611149317833333
0.588815934833333
0.571042185833333
0.559222589500000
0.551034615500000
0.545475346166667
0.541770631000000
0.539388939833333
0.537854183833333
0.536928895500000
0.536289542833333
0.535991173000000
0.535807283500000
0.535601521333333
0.535474585333333
0.535385260000000
0.535288409666667
0.535190391166667
0.535092838500000
0.535017051000000
0.534878368833333
0.534742331166667
0.534706075000000
0.534613245166667
0.534623364500000
0.541545741000000
0.553027923500000
0.567570358666667
0.584768653000000
0.603906204333333
0.624334286000000
0.645482374000000
0.667123062833333
0.689088423166667
0.704439745666667
0.715361509166667
0.723408056166667
0.728948247833333
0.732622203666667
0.735067047500000
0.736763791666667
0.738020172833333
0.738792993916667
0.739241763416667
0.739606740250000
0.739705919750000
0.739656942750000
0.739639327083333
0.739662131416667
0.739717615750000
0.739750689916667
0.739843645166667
0.740000272666667
0.740124585666667
0.740284029666667
0.740500366250000
0.740691458250000
0.740880468333333
0.741018190166667
0.740991874166667
0.732680569000000
0.719576111166667
0.703432599666667
0.685204233166667
0.665320334416667
0.644391990750000
0.622678284333333
0.600526855833333
0.578232696000000
0.564097721666667
0.554675619000000
0.548208125166667
0.543751970666667
0.540853656000000
0.538902237166667
0.537665120000000
0.536814787833333
0.536257529333333
0.535794835000000
0.535463935666667
0.535219803166667
0.535109465166667
0.535043761166667
0.535053249833333
0.535053550833333
0.535031893166667
0.535042292000000
0.535001900666667
0.534898385333333
0.534829022750000
0.534772234083333
0.538350228250000
0.547719483916667
0.560917008083333
0.577010302750000
0.595364100250000
0.615329111333334
0.636395614000000
0.658088881083333
0.680235486416667
0.699030607250000
0.712207520083333
0.721680097583333
0.728394884416667
0.732943288250000
0.736033924000000
0.738032126833333
0.739315827333333
0.738355035333333
0.727095678833333
0.709045138833333
0.687324086583333
0.663019017416667
0.636402979900000
0.608236515750000
0.579046985566667
0.549266070650000
0.520805184066667
0.502167410266667
0.489985194933333
0.481277454850000
0.474951046166667
0.470844587016667
0.468146602183333
0.466420821550000
0.465354941133333
0.459819583383333
0.448886866350000
0.434705595350000
0.418020577683333
0.399556320350000
0.380316087166667
0.360459556483333
0.340014441800000
0.319007310666667
0.302552343000000
0.291464453300000
0.283591998966667
0.278230827766667
0.274634867483333
0.271849098866667
0.269741217366667
0.268241922033333
0.267247283300000
0.266569506550000
0.266185975216667
0.266044526716667
0.265941250750000
0.265926136250000
0.265926914550000
0.265976178216667
0.266083817250000
0.266341390116667
0.266633254050000
0.267089128583333
0.267701881450000
0.268531587950000
0.272071770783333
0.282156775783333
0.296260895466667
0.313333899266667
0.333181685183333
0.355608233416667
0.380623547916667
0.407962787383333
0.436874718883333
0.461809505850000
0.480644423183333
0.495984768500000
0.509928923166667
0.518887403416667
0.528515332750000
0.537873200583333
0.545085275250000
0.552148430166667
0.560827621833334
0.569373320000000
0.578195429333333
0.585746286666667
0.595759058833333
0.603690433916667
0.609910627583333
0.617092494750000
0.623849518333333
0.631287787333333
0.639267433500000
0.647222075166667
0.655637684000000
0.664390584833333
0.673084668833333
0.681436494333333
0.675999882500000
0.657407674366667
0.638366278200000
0.628806174200000
0.615381703200000
0.605156933866667
0.587070589200000
0.560248013366667
0.542145751533333
0.537818324700000
0.546638360000000
0.554932909500000
0.551659520166667
0.550149482000000
0.543651830833333
0.543607132333333
0.550690314500000
0.548472603833333
0.544801923166667
0.539912350166667
0.534961473500000
0.531144234500000
0.528583878333333
0.526989764416667
0.526050436583333
0.525593088583333
0.525232160916667
0.525067492416667
0.524834518416667
0.524692030750000
0.528780026416667
0.538897725750000
0.552603262666667
0.569105996166667
0.587795186500000
0.608080063833333
0.629335931333333
0.651328087833333
0.673702543000000
0.692144139333333
0.704811724333333
0.714135736833333
0.720822752833333
0.725443432500000
0.728607343833334
0.730650152000000
0.732053091500000
0.733030897166667
0.733731130666667
0.734186622500000
0.734458497166667
0.734549936666667
0.734540598500000
0.734475790333333
0.734580509666667
0.734656605333333
0.734620112666667
0.734638531000000
0.734634431666667
0.734675475166667
0.734798233000000
0.734941021666667
0.735055050500000
0.735048536000000
0.734589245833333
0.725664208833333
0.711729320666667
0.695095813416667
0.676413022916667
0.656089968750000
0.634721570250000
0.612652372083333
0.590263117750000
0.568180976583333
0.554514200583333
0.545741548416667
0.539596895000000
0.535398074000000
0.532762159666667
0.531051161000000
0.529995718833333
0.529311918500000
0.528904135166667
0.528581972000000
0.528261485833333
0.528001844666667
0.527762685833333
0.527525483500000
0.527391416666667
0.527216241833333
0.526968977500000
0.526605090000000
0.526242657333333
0.525836959500000
0.525401950000000
0.525027828500000
0.528788493833333
0.538711510666667
0.552309981166667
0.568529366166667
0.586890961000000
0.606712957666667
0.627656315500000
0.649350324333333
0.671516673833333
0.689807146666667
0.702084693000000
0.710894375333333
0.717139086166667
0.721394086666667
0.724272607000000
0.726294732166667
0.727726868666667
0.728653920000000
0.729395404833333
0.729990575000000
0.730504783333333
0.730994238000000
0.731401462333333
0.731803383333333
0.732114266166667
0.732350493833333
0.732599094750000
0.732821311583333
0.732970507250000
0.733155987750000
0.733443421250000
0.733729457250000
0.734034929250000
0.734260621916667
0.734508710416667
0.734771909833333
0.729849893333333
0.717959834333333
0.702601223333333
0.684680414333333
0.664878032833333
0.643864685333333
0.622076972333333
0.599769418000000
0.577117347666667
0.559531322333333
0.548888700500000
0.541499043000000
0.536533324166667
0.533335034333333
0.531271435666667
0.529975931666667
0.529141731666667
0.528639785500000
0.528224864166667
0.527869132333333
0.527641605000000
0.527482311500000
0.527487700833333
0.527476972333333
0.527465462666667
0.527492495333333
0.527482784500000
0.527478119000000
0.527518324000000
0.527457332083333
0.527340257416667
0.527325365083333
0.534853532750000
0.546675443916667
0.561817342083333
0.579508703083333
0.599018641583333
0.619774039250000
0.641461261250000
0.663705218583333
0.686060682083333
0.701129630750000
0.712014005750000
0.719626489250000
0.724912669166667
0.728471528333333
0.730790984166667
0.732171907666667
0.733037404500000
0.733600453666667
0.733959933666667
0.734209649000000
0.734380022166667
0.734262033750000
0.734145023583333
0.733907749583333
0.733658596833333
0.733272270500000
0.732884503666667
0.732512725666667
0.732241918833333
0.731943054500000
0.731694966000000
0.731305844666667
0.731019278333333
0.730885591333333
0.724760915000000
0.713235109000000
0.698004630833333
0.680275458500000
0.660800823000000
0.640235664500000
0.618808936500000
0.596872142500000
0.574536301333333
0.558149546000000
0.547072004250000
0.539683586583333
0.534656048083333
0.531332610333333
0.529059372333333
0.527714540166667
0.526887886666667
0.526496962916667
0.526351730416667
0.526331158500000
0.526259212333333
0.526343843500000
0.526550985250000
0.526805953750000
0.527036469583333
0.527160123250000
0.527200138333333
0.527148868000000
0.527045574833334
0.527076348500000
0.527090316333334
0.531024364833333
0.540734653500000
0.554560787500000
0.571052348166667
0.589649905500000
0.609889740333333
0.631091377666667
0.652968265500000
0.675185914000000
0.693692619500000
0.706569220333333
0.715550207500000
0.722052595833333
0.726505030833333
0.729351444500000
0.731274805833333
0.732498481916667
0.733349709916667
0.733900145750000
0.732464884583333
0.728406021416667
0.721946238916667
0.713885928333333
0.704937628333333
0.695476223666667
0.685671833083333
0.675658566416667
0.665595620416667
0.657283261750000
0.651322716416667
0.647582619416667
0.645337593000000
0.643919789833333
0.643036885166667
0.642485317000000
0.642198786500000
0.636480560500000
0.624782912166667
0.609697154800000
0.591957777133333
0.572556839333333
0.551770336183333
0.530210942433333
0.508013847933333
0.485456943766667
0.468219223450000
0.456877744116667
0.448927362316667
0.443583479983333
0.439871659783333
0.437506009766667
0.435889836850000
0.434864002333333
0.434009357983333
0.433389487900000
0.432878063100000
0.432440186933333
0.432121688800000
0.432005552966667
0.431992803466667
0.431979287133333
0.431963707516667
0.431971519183333
0.431960058250000
0.436072639883333
0.445847923050000
0.459320465183333
0.475385852850000
0.493520113850000
0.513232073516667
0.533993094150000
0.555543158333334
0.577689204666667
0.596148646000000
0.609161936666667
0.618672074666667
0.625556503666667
0.630402876000000
0.633803975333333
0.636151080166667
0.637757474166667
0.638781576500000
0.639433409916667
0.639876911916667
0.640122993750000
0.640286587250000
0.640411229916667
0.640379804083333
0.640311813916667
0.640292184416667
0.640300046250000
0.640358028166667
0.640467434500000
0.640612358833333
0.640717114000000
0.640875121083333
0.640942444750000
0.641076970250000
0.641269051250000
0.641396847250000
0.641402451583333
0.641391271583333
0.641301888916667
0.640668893083333
0.631513558833333
0.617839609000000
0.601502580300000
0.583104005466667
0.563037023466667
0.542049490300000
0.520408554216667
0.498427642216667
0.476752338383333
0.463433554216667
0.454569713383333
0.448225489083333
0.443784065666667
0.440949111500000
0.439080851800000
0.437894610083333
0.437052713083333
0.436500767950000
0.436031924616667
0.435696507416667
0.435484971066667
0.435349796983333
0.435268306966667
0.435291594333333
0.435202172966667
0.435099785666667
0.434935565800000
0.434819458633333
0.434932613133333
0.442185475450000
0.453852464783333
0.468444999966667
0.485377579383333
0.504234928383333
0.524562638016667
0.545801047516667
0.567528990516667
0.589332637883333
0.604192552083333
0.614644648083333
0.622288836916667
0.627547382166667
0.630980136666667
0.633052672166667
0.634300396000000
0.635074589500000
0.635487869666667
0.635660385666667
0.635895380666667
0.636114014166667
0.636424975833333
0.636677500500000
0.636867990500000
0.636983746500000
0.637127603000000
0.637403620000000
0.637695568500000
0.637990742000000
0.638337651666667
0.638434960666667
0.638577656166667
0.638809017666667
0.639179842500000
0.639278878666667
0.639273869166667
0.639393968166667
0.639523878333333
0.639580416166667
0.639434173166667
0.630520208666667
0.617059538833333
0.600818496166667
0.582634606000000
0.563059852166667
0.542308718666667
0.520807419350000
0.498833963550000
0.476945182633333
0.463587555133333
0.454549086283333
0.448081776633333
0.443701352300000
0.440704665100000
0.438831742766667
0.437533610750000
0.436681211716667
0.436122798666667
0.435717183250000
0.435465404633333
0.435279771483333
0.435142293316667
0.435084314983333
0.435001482650000
0.435001062683333
0.434970604350000
0.434828579650000
0.434962986900000
0.441844928350000
0.453257132650000
0.467991362150000
0.485054345516667
0.504100328350000
0.524458718483333
0.545724038816667
0.567475108650000
0.589435230150000
0.604837598666667
0.615890576666667
0.623867083833333
0.629588656666667
0.633321981166667
0.635809337666667
0.637421701500000
0.638537716333333
0.639210637666667
0.639731439333333
0.640171343666667
0.640427007333333
0.640584889000000
0.640789612000000
0.640871054000000
0.640828269000000
0.640810811000000
0.640806683000000
0.640828484000000
0.640744877666667
0.640541430333333
0.640323040500000
0.640031665333333
0.639788328333333
0.639635492000000
0.639540899166667
0.639351147333333
0.639131403000000
0.638898601000000
0.633333784666667
0.621521218833333
0.606444745166667
0.588811100200000
0.569527017766667
0.548924384766667
0.527617332933333
0.505875257266667
0.483820869016667
0.466924441850000
0.456124508100000
0.448503112133333
0.443355873100000
0.439781413533333
0.437558797283333
0.436099169450000
0.435115727916667
0.434374433000000
0.433836753833333
0.433488463150000
0.433306856950000
0.433239344800000
0.433253869483333
0.433204290483333
0.433212811650000
0.433195827366667
0.433393462533333
0.433631209533333
0.438104101783333
0.447871594783333
0.461807244766667
0.478122514750000
0.496537920500000
0.516512054750000
0.537444571566667
0.558938207566667
0.580814324983333
0.598769252333333
0.611508324833333
0.620270284333333
0.626705112500000
0.631104858166667
0.634009253750000
0.635997631083333
0.637445734916667
0.638517449000000
0.639187152500000
0.639713214500000
0.640114297000000
0.640491270833333
0.640714584166667
0.640808116333334
0.640853768000000
0.640773834583333
0.640734353416667
0.640762496916667
0.640865209583333
0.640871286916667
0.640846841416667
0.640908202416667
0.640987666416667
0.641024159083333
0.641131046333333
0.641152360000000
0.641203272000000
0.641152682500000
0.641147450833333
0.635604715000000
0.623731160833333
0.608722526833333
0.591335666750000
0.572125889750000
0.551752916166667
0.530477502300000
0.508695448100000
0.486465276566667
0.469574095400000
0.458844601383333
0.451186394550000
0.445802171050000
0.442095760966667
0.439574428733333
0.437885904016667
0.436693849416667
0.435804655283333
0.435084089950000
0.434518641383333
0.434050638700000
0.433626349816667
0.433299929650000
0.432984361966667
0.432656868233333
0.432328212783333
0.432063509800000
0.431870444816667
0.431806550400000
0.439103375916667
0.450549202633333
0.465228209383333
0.482162369050000
0.501180826866667
0.521625889950000
0.542877366433333
0.564792891916667
0.587005674250000
0.602026706583333
0.613083665666667
0.621031649500000
0.626854365500000
0.630659077166667
0.633103104000000
0.634901958833333
0.635998057500000
0.636762034916667
0.637396593083333
0.637985470916667
0.638542779583334
0.639057883750000
0.639671006416667
0.640210871416667
0.640524133583333
0.640847522250000
0.641048350166667
0.641256212166667
0.641318927666667
0.641283022666667
0.641167976166667
0.640859630333333
0.640632511500000
0.640591847833333
0.640581993666667
0.640652334500000
0.640692439166667
0.640770778000000
0.640832303833333
0.640641025500000
0.631505553666667
0.618182118333333
0.601870209516667
0.583591490016667
0.563592502483334
0.542613411650000
0.521029857633333
0.499021332466667
0.476994292933333
0.463713922100000
0.454498312600000
0.448100316083333
0.443565574783333
0.440747016516667
0.438878308183333
0.437622328350000
0.436777224266667
0.436179856800000
0.435856372816667
0.435617440450000
0.435541535416667
0.435491526416667
0.435379852550000
0.435209450716667
0.435089543066667
0.434955744983333
0.434877234150000
0.434790899466667
0.438947093850000
0.448612923383333
0.461803765350000
0.477644005016667
0.495800382350000
0.515498195016667
0.536283585183333
0.557662525850000
0.579531157683333
0.597446493500000
0.609924341000000
0.619048274500000
0.625636598333333
0.630035749166667
0.632880471500000
0.634773790166667
0.636162496666667
0.636923052000000
0.637304483500000
0.637494894666667
0.637632423000000
0.637668550166667
0.637619874166667
0.637651808833333
0.637626933333333
0.637509034500000
0.637481837000000
0.637463941833333
0.637587638500000
0.637657699833333
0.637783775833333
0.637938583000000
0.638022278916667
0.638116986416667
0.638243671583333
0.638437637416667
0.638658041083333
0.638810296916667
0.638962147833333
0.638708928000000
0.630010945333333
0.617086510583333
0.601142977750000
0.582956065400000
0.563228274566667
0.542497470033333
0.521123438533333
0.499299290916667
0.477561413483333
0.464082263683333
0.454682109650000
0.448116406683333
0.443626774533333
0.440650555333333
0.438729358333333
0.437527553483333
0.436737123183333
0.436200085433333
0.435792206066667
0.435466691766667
0.435287966566667
0.435196294866667
0.435194453033333
0.435151158483333
0.435044677583333
0.434968374083333
0.434899077433333
0.434907623683333
0.438228180433333
0.447865634266667
0.460944581633333
0.477045354000000
0.495227513416667
0.514953476750000
0.535728288916667
0.557246735916667
0.579225537333333
0.598190604916667
0.610974067750000
0.620455438750000
0.626978968750000
0.631527078750000
0.634546743000000
0.636555050833333
0.637919082500000
0.638762326833333
0.639323011000000
0.639785920333333
0.640195115500000
0.640588364833333
0.640834740500000
0.640987397666667
0.640980231000000
0.640929469500000
0.640885394500000
0.640947644166667
0.641027402000000
0.640969438000000
0.640554703000000
0.640212795666667
0.639867613166667
0.639725190000000
0.639519976083333
0.639273535916667
0.638991785583334
0.638690086833333
0.638369321166667
0.637798546333333
0.628525625000000
0.614912613333333
0.598363592483333
0.579728124200000
0.559774148350000
0.538791350916667
0.517136624733333
0.495170282566667
0.473410308150000
0.460190400333333
0.451247525500000
0.445056240016667
0.440870943233333
0.438068064916667
0.436196172433333
0.434964797200000
0.434212806033333
0.433709186450000
0.433412166100000
0.433245058066667
0.433222060233333
0.433293007366667
0.433434811333333
0.433688210333333
0.433979155500000
0.434146779533333
0.434289482200000
0.434544660683333
0.442040875050000
0.453813594216667
0.468579340566667
0.486247219266667
0.505342003516667
0.525544922850000
0.546654924316667
0.568370762816667
0.590358036666667
0.605326057166667
0.616068087833333
0.623895707500000
0.628904376166667
0.632468388166667
0.634964022166667
0.636772616500000
0.638025235166667
0.638909544500000
0.639656390000000
0.640174654666667
0.640593503333333
0.640879345833333
0.641191289333333
0.641244960500000
0.641293973333333
0.641253202166667
0.641172577166667
0.640996198333333
0.641139395500000
0.641245662833333
0.641288483666667
0.641259630666667
0.641269868250000
0.641058236583333
0.641021657916667
0.641041316083333
0.641070344666667
0.640968191000000
0.635551294666667
0.624098746333333
0.609182178916667
0.591852425700000
0.572746885000000
0.552339538650000
0.530996732316667
0.509096520566667
0.486831328400000
0.469742913400000
0.458672109033333
0.450894967783333
0.445585423100000
0.442053219633333
0.439688107116667
0.438176864950000
0.437246989950000
0.436564902450000
0.436029667116667
0.435466971983333
0.434954452833333
0.434566298283333
0.434146311550000
0.433804278083333
0.433396905400000
0.432956273650000
0.432592885666667
0.432327434483333
0.435836105483333
0.445554673800000
0.458509559000000
0.474325753066667
0.492365987400000
0.512086609416667
0.532932267666667
0.554494920816667
0.576415043000000
0.595029176833334
0.607779329000000
0.617370715500000
0.624335095833333
0.629071868333333
0.632225359333333
0.634276058000000
0.635658995333333
0.636805232000000
0.637537737000000
0.638119333500000
0.638679573333333
0.639146524666667
0.639598332833333
0.640071408083333
0.640355573583333
0.640596341333333
0.640741000500000
0.640846422166667
0.640966227333333
0.640978453666667
0.640958602000000
0.640930910000000
0.640899566583333
0.641039610416667
0.641061902333334
0.641033156833333
0.641112592166667
0.641083359333333
0.641158487500000
0.640696280500000
0.631473515083333
0.618136584916667
0.601741702583333
0.583430657833333
0.563488805833333
0.542514591200000
0.520994118900000
0.498965228933333
0.477162448733333
0.463865497816667
0.454478263850000
0.448087775850000
0.443750452566667
0.441040900733333
0.439285222200000
0.438046891000000
0.437170583966667
0.436526145833333
0.436113064183333
0.435910459650000
0.435822579116667
0.435672461816667
0.435415533950000
0.435196704800000
0.435000940133333
0.434916757600000
0.434932660433333
0.435006708583333
0.441520427416667
0.452977945116667
0.467434552283333
0.484379378816667
0.503275394133333
0.523542483800000
0.544519893333333
0.565995290166667
0.587750007833333
0.603270714500000
0.613944518500000
0.621775535166667
0.627364438666667
0.631038451833333
0.633287939500000
0.634768501166667
0.635751624500000
0.636526620666667
0.637102956833333
0.637540804333333
0.637769886833333
0.637871710833333
0.637955826000000
0.638156120000000
0.638286309666667
0.638368597333333
0.638342360166667
0.638271388666667
0.638153769333334
0.638109235666667
0.638245997166667
0.638381225000000
0.638479924333333
0.638628009166667
0.638750501833333
0.638906771000000
0.639172862166667
0.639556300333333
0.639926258000000
0.634305319500000
0.623000411666667
0.608224877800000
0.591011838766667
0.571946250800000
0.551643954166667
0.530415812350000
0.508571823816667
0.486346492650000
0.469678155400000
0.458579778716667
0.450910548833333
0.445635928033333
0.442144801033333
0.439834626033333
0.438248515850000
0.437168139416667
0.436554801750000
0.436121955150000
0.435822440083333
0.435571908466667
0.435340228050000
0.435251738350000
0.435188611483333
0.435142261783333
0.435126485083333
0.434997556750000
0.434986765183333
0.435116886766667
0.442256745800000
0.453909792383333
0.468423732883333
0.485631336716667
0.504633311916667
0.524944806250000
0.546097244416667
0.567816257750000
0.589830387250000
0.605045922916667
0.615950966583333
0.624119332583333
0.629665393750000
0.633478210916667
0.635979363250000
0.637678393583333
0.638730385000000
0.639446507000000
0.640033614666667
0.640403665500000
0.640563668500000
0.640614766833333
0.640741681333333
0.640753090666667
0.640659529833333
0.640576468166667
0.640446694166667
0.640102350166667
0.639801278500000
0.639467913833333
0.639105868166667
0.638642672166667
0.638303588500000
0.638153597333333
0.637950064000000
0.637619730833333
0.637422697666667
0.637318279333333
0.637218447666667
0.632057150500000
0.620396790333333
0.605412236333333
0.587933972583333
0.568895382883333
0.548657314633333
0.527591370966667
0.505953775266667
0.484035793766667
0.466984867600000
0.456351404766667
0.448938735100000
0.443921659933333
0.440540755550000
0.438348270116667
0.436974079700000
0.434060753733333
0.422269490816667
0.406534647733333
0.387934933233333
0.366908588266667
0.343806140950000
0.319050929866667
0.293224168816667
0.266583912266667
0.241464494766667
0.225231544700000
0.213076150616667
0.204027114516667
0.204948198166667
0.211990540366667
0.222720155500000
0.236580688066667
0.252858120200000
0.270975582533333
0.290460396850000
0.310947180683333
0.331777965950000
0.345558684066667
0.355509578516667
0.363503202550000
0.369634624866667
0.374151703200000
0.377314614783333
0.379521133266667
0.380972519433333
0.381930341566667
0.382574751750000
0.383100908350000
0.383559247500000
0.383649154050000
0.383831990050000
0.384015600050000
0.384189607433333
0.384242222950000
0.384470524283333
0.384886217466667
0.385365423083333
0.386035292133333
0.387172885083333
0.388578515666667
0.390235208916667
0.392063243550000
0.394099420400000
0.396222369100000
0.398332023633333
0.400485918000000
0.402295061300000
0.397232586733333
0.387678653233333
0.375061373216667
0.361073418750000
0.345738325883333
0.329072946316667
0.311547067950000
0.293688846883333
0.276058548750000
0.265239467100000
0.258976205350000
0.256019204283333
0.254834142916667
0.255405708233333
0.257440806500000
0.260663625683333
0.264584646616667
0.268958843116667
0.273459327033333
0.278156503700000
0.282978473533333
0.287699264366667
0.292372430550000
0.297212122833333
0.302150768150000
0.307214853783333
0.312430277916667
0.318099149233333
0.328017025416667
0.343277983416667
0.362418107583333
0.384040081383333
0.407844463566667
0.433325181400000
0.459867476066667
0.487288697900000
0.519876461883333
0.547716723433333
0.568904192683333
0.589382738850000
0.606372796066667
0.619169975600000
0.629856454983333
0.637824161183333
0.644701039083333
0.645070599000000
0.645763949633333
0.646926172266667
0.644659076816667
0.643222789383333
0.643039675316667
0.641400262333333
0.642130409500000
0.642189123133333
0.642524116783334
0.641709686750000
0.642211012283333
0.641899301700000
0.641467583133333
0.641304385950000
0.642271633683333
0.642027757033334
0.641823487683333
0.641856231466667
0.642159564575000
0.641588806941667
0.642057463225000
0.627339511675000
0.609745386875000
0.590665857891667
0.570016765841667
0.548599569808333
0.526894312475000
0.505440981033333
0.483881265800000
0.461751571233333
0.454437711266667
0.449859097783333
0.446774773000000
0.444821412000000
0.443691473766667
0.443012950250000
0.442750574283333
0.442313234183333
0.441962594983333
0.441950372950000
0.442010103533333
0.442071865150000
0.442190039183333
0.442370009950000
0.442531404000000
0.442434792316667
0.442688529583333
0.442854783350000
0.442801363733333
0.447218932900000
0.469193408216667
0.491681785850000
0.514198777833333
0.536392324533333
0.558454972783333
0.580458276016667
0.602652150233333
0.624644452633333
0.642260489516667
0.641244245433333
0.641112848183334
0.641290239666667
0.641548432450000
0.641780468333333
0.641831062850000
0.641648775816667
0.640511198633333
0.640825965800000
0.641752756266667
0.641658714550000
0.641305602850000
0.640505948333333
0.640481443708333
0.640363868091667
0.640484073158333
0.641549391708333
0.641410899100000
0.641740661083333
0.641766982100000
0.641671518516667
0.642110016750000
0.642068816658334
0.641910390325000
0.641755254925000
0.642117777175000
0.641928827650000
0.641778253116667
0.641622550833333
0.633479053466667
0.614609320050000
0.593584779950000
0.572028344183333
0.550229019333334
0.528014610466667
0.506095664633333
0.484166092066667
0.462257767950000
0.448253771616667
0.445057206800000
0.443858477883333
0.443550265350000
0.443098685083333
0.442921503583333
0.442408406083333
0.441723080683333
0.441299683333333
0.441190918416667
0.441079784916667
0.441095003333333
0.440931147533333
0.441073468216667
0.440702306550000
0.440908084483333
0.441226255816667
0.441384580383333
0.441449592800000
0.441590231466667
0.447815694783333
0.469919203066667
0.492132560583333
0.513442635375000
0.535710717558333
0.558097310608333
0.580270140625000
0.601351463658333
0.623611327108333
0.639617153741667
0.639634519291667
0.639528224008333
0.640783983466667
0.640634708966667
0.640474279550000
0.640581619016667
0.640968523700000
0.640774728433333
0.640763008066667
0.640857424600000
0.639741517266667
0.639916452016667
0.640252764333333
0.640389919283333
0.640318299200000
0.641048986733333
0.641116240883334
0.640947802000000
0.640887276633333
0.642007056116667
0.641730279450000
0.641408888850000
0.641254210683333
0.641262173566667
0.641040562316667
0.640763049633333
0.640823441700000
0.640917727083334
0.638017909866667
0.617231902950000
0.596056885783333
0.573942613883334
0.551966056650000
0.530269529750000
0.508793756966667
0.486909649733333
0.465101108550000
0.446176877350000
0.445356706100000
0.444821002066667
0.444849599216667
0.444921172000000
0.444696431066667
0.444055735366667
0.443680206333333
0.443188909833333
0.442757744533333
0.441990481200000
0.441343689533333
0.441331574283333
0.440923377433333
0.440438100933333
0.440237302400000
0.440160968083333
0.440170905383333
0.440396856050000
0.440652357750000
0.457551718950000
0.479929639616667
0.502550632116667
0.525172723266667
0.547705614500000
0.570072520716667
0.592228383650000
0.614246905300000
0.636314004050000
0.641767564750000
0.641444754433333
0.641102325366667
0.641065935900000
0.641068974566667
0.641070538333333
0.641126736466667
0.641102242233334
0.641106072100000
0.641100735083333
0.641182431500000
0.641229536566667
0.639977887550000
0.640636304983333
0.641052224633333
0.641154117433333
0.641228005050000
0.641270754933333
0.641254318183333
0.641270357183333
0.641222441566667
0.642464348216667
0.641857796308333
0.641563962258333
0.641526219725000
0.641470559808334
0.641439059441667
0.641480221191667
0.641436503808333
0.640840987075000
0.619355438958333
0.597161461900000
0.574471223633334
0.552020819300000
0.530201664283334
0.508528444816667
0.486916112633333
0.465032117916667
0.443854615050000
0.443764978683333
0.444113411983333
0.444897230316667
0.445456929783333
0.445530637516667
0.445414405650000
0.446049078483333
0.446020780900000
0.445653728600000
0.445317004916667
0.445007934533333
0.444588125533333
0.444638555216667
0.444727461300000
0.444900304816667
0.443486318616667
0.443467932533333
0.444449848283333
0.444251057133333
0.454445400383333
0.476245991883333
0.498899550733333
0.520592781983333
0.543409393966667
0.567067703000000
0.589852833250000
0.612251214333333
0.634661947166667
0.646985596666667
0.648297197000000
0.647957855333333
0.648994997416667
0.649511742750000
0.648824416416667
0.648798394250000
0.648662378083333
0.649549249500000
0.649818838000000
0.649311036666667
0.649550188333333
0.648996165583333
0.645724030416667
0.647250243750000
0.647929249583333
0.648016854916667
0.647645209500000
0.648422398666667
0.649514089833333
0.649864625833333
0.650419032000000
0.653437474333333
0.652341003000000
0.652493853666667
0.652399963166667
0.652439852833333
0.651977359166667
0.651873944166667
0.652570845166667
0.653117411000000
0.632189162650000
0.609288939316667
0.585599083333333
0.562406965250000
0.539820297916667
0.517180471833333
0.494282267350000
0.470692356266667
0.447121631783333
0.444632581800000
0.444713998000000
0.445019859150000
0.445347489050000
0.445358998716667
0.445194638383333
0.445310708283333
0.445756392533333
0.445742344433333
0.446035501950000
0.446114841250000
0.445364727750000
0.445408302516667
0.445253008016667
0.445198408766667
0.444342343266667
0.443275756933333
0.443035641350000
0.442934276733333
0.443077914650000
0.464502084150000
0.486633155733333
0.509764181566667
0.532689416566667
0.556814914150000
0.580547732150000
0.604046544150000
0.626639612750000
0.649665227666667
0.651203387833333
0.652210935166667
0.652016023333333
0.652417876250000
0.651766153916667
0.649732425916667
0.649563629416667
0.649528039750000
0.648826595083333
0.648887511750000
0.649205525416667
0.652630511250000
0.653869101166667
0.654497460166667
0.656538706000000
0.656226375500000
0.656454884666667
0.657227637666667
0.657164112333333
0.656338713000000
0.652667874666667
0.649906823166667
0.648668917666667
0.648062933000000
0.648443318166667
0.648736657000000
0.647662244666667
0.648020950666667
0.648765574500000
0.648980044166667
0.631849578033333
0.610278635200000
0.586997335116667
0.563769369366667
0.540436725133333
0.518094580883333
0.494636551516667
0.470514208700000
0.446981092733333
0.442571095866667
0.441425414616667
0.441739979683333
0.442088290433333
0.442311588000000
0.442265542883333
0.443060568450000
0.443398258916667
0.443729009183333
0.443025185183333
0.443219656266667
0.443431421950000
0.443904615450000
0.443627245383333
0.443386333583333
0.442813434550000
0.443237641733333
0.444784108066667
0.445504985150000
0.457417389816667
0.478226336816667
0.500400462150000
0.523277671883333
0.546753980550000
0.570479495716667
0.593735533300000
0.615094159333333
0.637484381166667
0.648434388500000
0.650505605333333
0.650841657500000
0.650963197000000
0.650906945833333
0.650890061166667
0.650668213416667
0.650753926750000
0.650592357833333
0.651359047833333
0.651089222833333
0.651451720000000
0.651845327666667
0.651989807666667
0.651611006333333
0.651191383666667
0.651947352333333
0.652848664583333
0.654198069083333
0.657753359250000
0.658725729000000
0.659630047666667
0.660169977166667
0.660472983833333
0.660740748416667
0.660135845916667
0.659607759333333
0.656552322666667
0.654274655666667
0.652007326583333
0.628322859933333
0.603969716766667
0.580393153600000
0.557151762533333
0.534050643200000
0.510900317533333
0.489304886200000
0.465031534550000
0.443780174883333
0.443006951033333
0.443150910016667
0.442983212166667
0.443094593633333
0.443257773616667
0.443086124783333
0.442521752650000
0.442818340133333
0.441598143466667
0.441708488633333
0.442126192783333
0.442917670133333
0.442432654500000
0.441945459483333
0.442195815516667
0.442287916500000
0.441965036666667
0.441773093983333
0.441394734833333
0.454634179700000
0.474832566116667
0.497639947433333
0.520977211300000
0.544266087266667
0.566713995750000
0.589446182250000
0.612769996433333
0.636201028250000
0.645777257250000
0.647834345000000
0.648739487833333
0.649327914166667
0.648987325500000
0.649563031000000
0.650051525333333
0.649945007166667
0.650160551833333
0.650465278500000
0.651170464166667
0.650929692833333
0.649273576500000
0.648754867500000
0.649617196666667
0.650234820000000
0.650935970833333
0.651035071500000
0.651101341666667
0.650621949000000
0.651036053333333
0.652654688000000
0.652567942666667
0.652246976333333
0.651730245333333
0.651394393833333
0.650619297333333
0.650683267000000
0.651216287833333
0.651192580500000
0.649355756666667
0.626795727501667
0.602947383435000
0.579639192970000
0.556045289220000
0.533248808788333
0.509567981255000
0.485977772638333
0.462243127738333
0.440356504588333
0.440220859368333
0.440169827326667
0.440232313995000
0.440169014626667
0.440257040285000
0.440204168560000
0.440158264125000
0.440168765441667
0.440367558025000
0.440415957893333
0.440379649051667
0.440421285450000
0.440502596801667
0.440385276175000
0.440352536046667
0.440779600150000
0.440665141316667
0.440328982796667
0.440362400031667
0.456429973648333
0.477682536213333
0.500302136646667
0.523577369546667
0.546034946266667
0.568376068881667
0.591618626798333
0.614754323551667
0.637514767833333
0.644694692833333
0.646194303500000
0.646455808000000
0.646221443666667
0.646605276000000
0.646730305666667
0.646616907500000
0.646354356666667
0.647324572833333
0.647738820500000
0.648556938500000
0.648835370666667
0.649927635166667
0.650740492833334
0.651594290083333
0.651401091083333
0.651977764083333
0.651619280250000
0.652677667916667
0.652965474083333
0.653579191583333
0.652922036916667
0.652355160750000
0.652262155333333
0.653100203833333
0.653253348333333
0.652956440500000
0.651933198166667
0.651551695000000
0.651029918666667
0.649178209666667
0.626771162650000
0.601436733683333
0.577384053016667
0.554223355033333
0.533498862183333
0.511386734250000
0.486887211916667
0.463779907750000
0.442389402233333
0.441990971400000
0.443933209016667
0.444950567516667
0.444779232583333
0.442617980916667
0.441598724683333
0.442286409350000
0.442222007533333
0.444044166216667
0.443466523566667
0.445434789083333
0.444612901416667
0.445311564700000
0.444103843050000
0.442911316883333
0.443432673250000
0.443476564066667
0.441295455000000
0.441121223300000
0.446649697466667
0.470624856300000
0.493051066266667
0.518512448433333
0.543563076683333
0.566981583316667
0.590343619483333
0.614103497383333
0.637640861750000
0.653688741250000
0.653378825916667
0.653552968750000
0.652373106083333
0.651264304500000
0.650824977083333
0.650579912916667
0.650113334250000
0.650058351583333
0.649141082750000
0.649000694916667
0.649083190416667
0.648979237916667
0.648274052250000
0.648707660666667
0.649118568666667
0.649105317500000
0.649661307500000
0.649944813666667
0.649691124416667
0.648605747083333
0.648315776583333
0.648962159750000
0.648688299916667
0.647994767250000
0.648192810916667
0.647736985833333
0.647465211500000
0.646637450750000
0.648058228083333
0.645002411583333
0.621699187950000
0.597790082133333
0.574612355433333
0.553232099683333
0.529934552766667
0.506604859766667
0.485260405100000
0.462524341433333
0.441560888266667
0.441947154400000
0.441764241716667
0.443507669550000
0.441294690316667
0.442976358683333
0.444238337016667
0.443650075516667
0.442800094516667
0.445328114683333
0.444160707683333
0.444794380766667
0.443405440633333
0.443837217250000
0.442147523650000
0.441634438333333
0.441919263166667
0.442040831333333
0.441864079833333
0.443174623800000
0.457781132550000
0.479055475716667
0.501473378083333
0.525201894650000
0.548191814550000
0.571064066383333
0.594116782050000
0.615841113050000
0.639362001250000
0.647698869916667
0.650846469916667
0.652508040083333
0.652290832750000
0.652643156833333
0.652668104000000
0.652509369500000
0.652877291833333
0.652743160500000
0.653197419666667
0.652549266333333
0.652149438000000
0.652081447833333
0.652280064833333
0.652302518000000
0.652405159000000
0.653605081166667
0.654007969666667
0.654204264666667
0.654041756916667
0.653968119416667
0.654880382333333
0.654670234166667
0.655689499000000
0.655915851000000
0.655093504666667
0.654528742666667
0.654101408666667
0.653684455583333
0.653497828416667
0.631183901483333
0.608150524350000
0.584133963683333
0.561097815200000
0.538082516700000
0.515378230033333
0.493787199033333
0.469353008033333
0.447027723366667
0.445936326750000
0.445116566866667
0.444543491533333
0.443900690983333
0.444746723150000
0.443052313166667
0.443694546833333
0.445824756083333
0.445241812250000
0.444173649250000
0.443533140600000
0.442981443433333
0.442728174866667
0.442316550200000
0.443421743366667
0.440760618850000
0.439048663433333
0.438824988900000
0.439410352200000
0.452827319700000
0.475237769450000
0.498786964550000
0.521303642216667
0.544520698866667
0.568188656383333
0.592322406383333
0.615446404583333
0.638431323583333
0.648997584583333
0.650386825000000
0.650152948000000
0.649701727500000
0.649538671500000
0.649731763000000
0.649225481000000
0.648785677000000
0.648577657333333
0.648690145333333
0.648624613333333
0.648719772333333
0.648879510166667
0.648627652000000
0.648071103000000
0.647809641500000
0.648782581000000
0.649594858166667
0.650059709666667
0.650438833500000
0.651156883333333
0.651176312166667
0.651362846166667
0.651935054333333
0.652601009666667
0.651891094000000
0.651625705166667
0.652665724666667
0.652929293166667
0.652922649666667
0.633357102850000
0.609690662516667
0.586042057866667
0.563306271550000
0.539269945216667
0.515630236550000
0.491017829900000
0.468016284233333
0.444966352816667
0.441192598283333
0.441331964866667
0.441500183016667
0.441138916366667
0.442829020616667
0.444906503266667
0.444119677083333
0.443170745916667
0.442194974150000
0.442565075150000
0.442966655733333
0.441867751316667
0.442687590033333
0.441821380116667
0.439793512300000
0.440403116133333
0.440646751983333
0.440640942683333
0.440722905700000
0.451788325033333
0.474427119116667
0.495955567200000
0.519168113866667
0.543468940366667
0.567272837366667
0.590753233183333
0.614612000333333
0.637580393000000
0.650218100166667
0.652231317166667
0.652796057666667
0.652664800166667
0.653928713500000
0.654846398000000
0.656101123666667
0.654970144833333
0.655678591333333
0.655859284500000
0.655969601000000
0.656007218833333
0.656170239000000
0.654106568666667
0.652220158666667
0.650526274000000
0.650862609250000
0.649815888916667
0.648848775916667
0.648036054416667
0.647982798916667
0.647193440750000
0.647560517416667
0.648017707750000
0.648188102416667
0.647893419833333
0.648600117666667
0.648827114666667
0.649080757333334
0.648128988166667
0.626347649200000
0.601979402283333
0.577618580033333
0.555414385516667
0.532315534433333
0.508324603916667
0.484865918083333
0.462003169250000
0.439256344833333
0.438391948800000
0.438895622850000
0.439582350766667
0.438372970033333
0.437829409183333
0.437695870533333
0.438104723850000
0.437142878350000
0.440147961300000
0.440229267133333
0.440477114833333
0.440626392916667
0.440643147866667
0.442078367466667
0.442260658800000
0.442627030983333
0.443869336816667
0.441655574983333
0.455899833816667
0.477186016316667
0.500086759233333
0.523578975033333
0.546913892533333
0.570661649450000
0.593311662950000
0.616095943950000
0.639127701416667
0.648159321083333
0.650191759083333
0.650915470583333
0.651095726583333
0.650778264750000
0.650140800500000
0.649987813666667
0.649984746333333
0.650128653000000
0.650006303666667
0.649917623333333
0.649731899166667
0.649525871833333
0.649588006833333
0.650248859500000
0.650352726000000
0.650998535833333
0.650524546833333
0.650669542833333
0.650632663166667
0.650609937666667
0.650426041000000
0.650039141333333
0.649180151833333
0.650327743000000
0.650725643500000
0.650687703166667
0.651297213833333
0.651589183833333
0.649562550833333
0.628964321750000
0.606141713416667
0.583758861066667
0.559709692066667
0.535898270066667
0.513047876566667
0.489132119366667
0.466051855033333
0.446063768000000
0.443988648916667
0.443353728116667
0.442911050283333
0.443266753450000
0.443917458116667
0.444610646783333
0.445038825016667
0.444444966350000
0.443279733716667
0.443238012966667
0.445438355933333
0.445986270533333
0.445308979683333
0.444363072850000
0.443487571350000
0.442540342983333
0.442760879950000
0.442831887283333
0.444587738533333
0.454846796516667
0.466319639150000
0.478128470166667
0.489848718316667
0.502021588050000
0.514372335883333
0.526139920225000
0.537752114391667
0.546613233775000
0.545753841938333
0.545857030471667
0.545984348455000
0.545858736138333
0.545879553155000
0.545737850238333
0.545564079713333
0.545584655213333
0.545773820598333
0.546346438985000
0.546098473035000
0.546154911251667
0.546393557668333
0.545475855251667
0.545101148235000
0.544347229951667
0.544179426035000
0.545237593900000
0.544762126846667
0.545317618763333
0.544327316078333
0.544139859728333
0.545091051978333
0.545618226961667
0.545692509676667
0.545630102343333
0.545551060460000
0.546161928780000
0.545777305963333
0.546727942581667
0.546834855631667
0.546207854715000
0.546166359715000
0.547439518550000
0.540218318116667
0.523591983533333
0.504944805900000
0.485066417150000
0.464216281433333
0.442893027466667
0.421729727766667
0.400137478700000
0.377814463983333
0.363754966833333
0.358326838183333
0.355289450766667
0.353366481450000
0.352578837550000
0.352190738900000
0.352132276100000
0.352243353700000
0.352449949350000
0.352306754333333
0.352166906150000
0.351945187400000
0.351688137700000
0.351287960350000
0.351114916166667
0.350766603266667
0.350255591983333
0.356346478916667
0.372894281433333
0.394848009283333
0.416751080983333
0.438761169650000
0.459967460750000
0.482003146600000
0.503589305433333
0.525793025966667
0.541564575733333
0.546294156216667
0.546564945850000
0.546141949116667
0.546019731650000
0.546454367050000
0.546562372300000
0.540042501866667
0.521067169733333
0.497210832350000
0.472438676666667
0.445466586516667
0.418494404633333
0.390402094966667
0.362053306783333
0.332918042866667
0.310849171500000
0.300589576466667
0.295056322850000
0.291308571133333
0.288727825800000
0.286867713883333
0.285624772366667
0.284932430800000
0.284522225133333
0.284277722833333
0.284043602166667
0.283788169983333
0.283513941066667
0.283331145916667
0.283138773950000
0.283085514150000
0.282981902066667
0.282846294400000
0.282659824900000
0.277858218433333
0.265959349450000
0.250384006983333
0.232848693700000
0.213945131883333
0.193899433450000
0.173026188550000
0.151639039900000
0.129942270466667
0.112722445316667
0.102568383750000
0.0960204283166667
0.0913645811000000
0.0880983018166667
0.0860045945500000
0.0847041792333333
0.0839337826333333
0.0834923862000000
0.0833248746833333
0.0833325888833333
0.0835654991000000
0.0840524389833333
0.0848311811666667
0.0859085382833333
0.0873311653333333
0.0890718719833333
0.0933400226000000
0.105087141716667
0.120343625566667
0.138675935250000
0.159738325683333
0.182856332550000
0.207453222650000
0.232918448300000
0.259124778233333
0.283664272650000
0.302430237333333
0.323620352816667
0.340693321500000
0.354412156166667
0.366044761266667
0.376718798900000
0.386321518050000
0.395471065216667
0.404388911183333
0.412663329516667
0.415899961016667
0.421251060183333
0.429303971183333
0.437058131800000
0.449536330466667
0.456856572350000
0.471029924183333
0.484762508908333
0.496733615116667
0.508585842450000
0.519247196966667
0.526550115316667
0.535235383333333
0.538084585283333
0.546179380883333
0.546790313150000
0.545828638073334
0.546506771365000
0.550003434881667
0.554649279848334
0.560525309665000
0.564088660448333
0.566794843498333
0.568251088215000
0.569032216448334
0.570654456000000
0.565341324666667
0.550405565633333
0.530923756300000
0.508731714300000
0.485680775966667
0.462482896600000
0.439462031750000
0.416555908100000
0.393782532616667
0.376683116783333
0.365393784983333
0.357377715666667
0.351923671633333
0.348320576216667
0.345970313750000
0.344500583783333
0.343559179766667
0.342949298583333
0.342579007666667
0.342349770366667
0.342178363766667
0.342015719133333
0.341901478883333
0.341796046466667
0.341562153700000
0.341433803000000
0.345505900133333
0.355272863516667
0.368608120983333
0.384688380916667
0.402732069583333
0.422222392916667
0.442829143166667
0.464183993083333
0.485937416450000
0.503782971150000
0.516100718183333
0.525030334683333
0.531386625500000
0.535954175083333
0.539114822000000
0.541130239166667
0.542416885166667
0.543219566166667
0.543765164500000
0.544198697666667
0.544530786666667
0.544709351333333
0.544758969750000
0.544697196666667
0.544660524833333
0.544726028166667
0.544850262333333
0.544891771666667
0.544898257500000
0.544827250166667
0.544893420000000
0.544996362000000
0.545155082166667
0.545269920833333
0.545284075000000
0.545251853666667
0.545264524333333
0.545377270333333
0.545515185666667
0.545537065500000
0.545420463833333
0.545327189666667
0.545344970166667
0.545418242166667
0.545578424333333
0.540431106466667
0.529219100133333
0.514542988716667
0.497343144233333
0.478400913233333
0.458100512900000
0.436894754733333
0.415142633550000
0.392872797383333
0.375702914583333
0.364329567233333
0.356191865966667
0.350592608783333
0.346594872983333
0.343903635566667
0.341970861533333
0.340502538383333
0.339429186716667
0.338701730633333
0.338242474150000
0.338157580683333
0.338117081850000
0.338249862983333
0.338407669400000
0.338698149450000
0.339319900783333
0.348197114616667
0.360564788233333
0.375657322400000
0.392909798883333
0.411969667850000
0.432226738516667
0.453403980516667
0.475138239500000
0.496936089750000
0.510645543250000
0.520865106716667
0.528386079050000
0.533745305216667
0.537337671416667
0.539828220666667
0.541449585833333
0.542522593500000
0.543279812750000
0.543915976250000
0.544460392083333
0.544842869916667
0.545145453750000
0.545347890583333
0.545426240166667
0.545429995500000
0.545392814833333
0.545380853666667
0.545382315666667
0.545431006000000
0.545552853666667
0.545580337833333
0.545608287833333
0.545730343333333
0.545842487333333
0.545908449333333
0.546019575666667
0.546120776166667
0.546141416166667
0.546061515000000
0.545998763666667
0.545889601000000
0.545823682000000
0.545847496833333
0.545985254500000
0.545818995000000
0.537207958333334
0.524128397500000
0.508514585800000
0.490587068800000
0.471180186966667
0.450572809633333
0.429144436166667
0.407134909100000
0.384999926666667
0.371130586983333
0.361530971000000
0.354441317333333
0.349595092633333
0.346201783466667
0.343871488766667
0.342294966866667
0.341190290416667
0.340550800866667
0.340062429800000
0.339840098300000
0.339731006583333
0.339667157316667
0.339585749000000
0.339594424966667
0.339573759166667
0.343767263933333
0.353895275383333
0.367174839966667
0.383059880616667
0.401077049033333
0.420523595500000
0.441085617150000
0.462328762383333
0.484062890216667
0.502019027300000
0.514257317500000
0.523569737916667
0.530338704750000
0.535040890916667
0.538399843083333
0.540816557750000
0.542488963916667
0.543639672583333
0.544372887083333
0.544807437916667
0.545004016000000
0.545144353666667
0.545151420000000
0.545084992166667
0.544895218833333
0.544795738333333
0.544806173000000
0.544837183166667
0.544975772166667
0.545152430500000
0.545226154000000
0.545268294000000
0.545288260333333
0.545402102833334
0.545458475833333
0.545522904166667
0.545631647583333
0.545685576750000
0.545645307250000
0.545603590083333
0.545684838583333
0.545839129750000
0.545966739416667
0.546072931500000
0.545779671500000
0.537054950000000
0.523971961350000
0.508077235666667
0.490154563333333
0.470653179683333
0.450064464350000
0.428739753850000
0.407015842100000
0.385252201933333
0.371718958850000
0.362388677666667
0.355827008816667
0.351279764550000
0.348193769933333
0.346129325600000
0.344702352683333
0.343703082850000
0.343139732683333
0.342689408016667
0.342383001483333
0.342056007266667
0.341594382200000
0.341069747800000
0.340573680450000
0.340231332366667
0.340062872700000
0.348137551016667
0.359911909200000
0.374511300733333
0.391747128333333
0.410779961766667
0.431133811100000
0.452172289950000
0.473672583783333
0.495339782116667
0.508942127633333
0.519220702866667
0.526780984366667
0.531891873350000
0.535422186250000
0.537819751583333
0.539634695583333
0.540981985916667
0.541974189416667
0.542753220416667
0.543176114666667
0.543499324166667
0.543725826666667
0.543983110000000
0.544115779333333
0.544093827833333
0.544015431666667
0.544012830166667
0.544032115666667
0.544094816833333
0.544148158333333
0.544307982166667
0.544484547333333
0.544761058833333
0.545123935833333
0.545456039166667
0.545726724166667
0.545971222166667
0.546263228000000
0.546562601166667
0.546782109000000
0.546868402833333
0.546834253666667
0.546778296333333
0.546692970000000
0.546223159166667
0.537519894666667
0.524383631166667
0.508468796533333
0.490488492733333
0.470949280550000
0.450319781866667
0.428950086200000
0.407234125866667
0.385619573866667
0.372033525350000
0.362715525683333
0.356024975083333
0.351329675366667
0.348204748550000
0.346242143266667
0.344956471933333
0.343885893766667
0.342999696733333
0.342428400166667
0.341948480033333
0.341573766566667
0.341401546550000
0.341296516183333
0.341194581816667
0.341164508333333
0.341359957666667
0.348661339033333
0.360038874583333
0.374501372750000
0.391499828883333
0.410248476750000
0.430351459783333
0.451211096616667
0.472659183433333
0.494367590100000
0.509301841266667
0.520222106216667
0.528273444850000
0.533931125416667
0.537700684583333
0.540200804916667
0.542043240250000
0.543222744583333
0.544096189250000
0.544735527583333
0.545182974833333
0.545447847666667
0.545559203333333
0.545684641500000
0.545863070000000
0.545898917666667
0.545959791333333
0.546038338000000
0.546115716500000
0.546267864833333
0.546468581666667
0.546537338666667
0.546556989666667
0.546294811500000
0.545997437833333
0.545705582500000
0.545465757166667
0.545219940500000
0.544928221333333
0.544521412666667
0.544259528333333
0.543907193500000
0.543688896833333
0.543571248833333
0.543520537500000
0.543434738166667
0.543158305500000
0.533873709666667
0.520546029516667
0.504649300033333
0.486826736000000
0.467421772683333
0.446926312883333
0.425732738050000
0.404125908133333
0.382418691133333
0.369494489300000
0.360542722783333
0.354125063800000
0.349712521333333
0.346891830983333
0.345033439783333
0.343786343750000
0.342943773083333
0.342434873100000
0.342162278900000
0.341977758733333
0.341807493783333
0.341731481966667
0.341584140316667
0.341693295816667
0.341764379116667
0.341798574866667
0.349444439983333
0.360836182016667
0.375537786700000
0.392494725616667
0.411237868766667
0.431320762916667
0.452109521416667
0.473465892816667
0.495254100316667
0.509615709016667
0.520449838516667
0.528169544666667
0.533763701333333
0.537733726500000
0.540443385833333
0.542130462166667
0.543179619166667
0.543856962333333
0.544416220333333
0.544701969666667
0.544876349000000
0.544976997666667
0.544928895000000
0.544892187333333
0.545006241250000
0.545279685416667
0.545493567416667
0.545614583750000
0.545775887500000
0.545718489666667
0.545660855333333
0.545582760166667
0.545544576166667
0.545661668750000
0.545858694750000
0.546072626916667
0.546201605416667
0.546251711166667
0.546442208333333
0.546602204166667
0.546742771166667
0.546797065833333
0.546739660833333
0.546586279833333
0.546407622000000
0.540958221966667
0.529714283116667
0.515101779450000
0.498166728966667
0.479384959633333
0.459380567716667
0.438430002366667
0.416983480033333
0.395139654900000
0.378322572766667
0.367228764116667
0.359396593616667
0.353885768083333
0.350218553933333
0.347690657033333
0.346079856250000
0.344904343750000
0.344137039566667
0.343591849733333
0.343202889650000
0.342950658816667
0.342696200583333
0.342425479033333
0.342220052983333
0.341907819950000
0.341563303950000
0.345361037433333
0.354678693100000
0.367603754216667
0.383049420866667
0.400752900700000
0.420068618233333
0.440426311766667
0.461589112933333
0.483360012933333
0.501361489933333
0.514188074600000
0.523635494233333
0.530618570250000
0.535365644833333
0.538586352000000
0.540752168833333
0.542198180000000
0.543089992833333
0.543630868333333
0.543794934833333
0.543720537666667
0.543560599166667
0.543379268166667
0.543043595833333
0.542862522833333
0.542755696500000
0.542867346000000
0.543142366833333
0.543539959166667
0.543948767333333
0.544368024500000
0.544704972500000
0.545195803166667
0.545504657833333
0.545784423000000
0.545920740166667
0.545857680666667
0.545737682000000
0.545578245166667
0.545416558000000
0.545251273166667
0.544985440000000
0.544748760833333
0.544660990666667
0.544649151333333
0.544678513166667
0.539176409466667
0.528098306566667
0.513627562433333
0.496850223766667
0.478147945666667
0.458279430166667
0.437534461433333
0.416051847766667
0.394194250450000
0.377620179233333
0.366462853133333
0.358607729950000
0.353108443466667
0.349457035400000
0.346995500400000
0.345263405216667
0.344195389133333
0.343413572450000
0.342916417200000
0.342538265883333
0.342275559533333
0.342053416516667
0.341985306666667
0.341814306416667
0.341658195633333
0.341460872216667
0.345002517050000
0.354342701133333
0.367211198616667
0.383039050700000
0.400951629500000
0.420440345350000
0.441009183933333
0.462317091466667
0.484049083633333
0.502447185466667
0.515200652216667
0.524657670883333
0.531360650633333
0.536016629000000
0.539138644000000
0.541373841333333
0.542790003333333
0.543698450000000
0.544362026000000
0.544959611333333
0.545412236500000
0.545666380833333
0.545862296000000
0.545912735000000
0.545878499833333
0.545885200666667
0.546065585666667
0.546302135833333
0.546434970000000
0.546488834666667
0.546526732000000
0.546594700666667
0.546655101333333
0.546724904666667
0.546861709166667
0.546994966166667
0.546879733333333
0.546798513500000
0.546735461166667
0.546707131333333
0.546738213166667
0.546821955666667
0.546855732166667
0.546843663500000
0.546464657916667
0.537486943050000
0.524425432183333
0.508571955683333
0.490648545183333
0.471065445766667
0.450529892766667
0.429264596083333
0.407568860083333
0.385859941000000
0.372670078000000
0.363235505333333
0.356533410666667
0.351894642333333
0.348738811416667
0.346457715883333
0.344865602900000
0.343669906200000
0.342756053716667
0.342087270416667
0.341653689950000
0.341317709450000
0.341014602450000
0.340846639433333
0.340716958600000
0.340628278266667
0.344475945500000
0.353871263466667
0.366716244966667
0.382397654100000
0.400131645300000
0.419323195316667
0.439513040500000
0.460513440700000
0.481969989200000
0.499800918166667
0.512257464183333
0.521346352683333
0.527699433550000
0.532195976516667
0.535362376833333
0.537594392166667
0.539168013000000
0.540316614666667
0.541218360500000
0.542008750666667
0.542630301333333
0.543184198666667
0.543562763500000
0.543787101666667
0.543961710333333
0.543979089500000
0.543956421333333
0.543924859333333
0.543824927333333
0.543755582666667
0.543801850666667
0.543928245583333
0.544187936916667
0.544367555083333
0.544660051833333
0.545038107833333
0.545358149666667
0.545711695666667
0.546043175500000
0.546285509166667
0.546449908916667
0.546418432916667
0.546407324583333
0.546414143666667
0.546305690500000
0.540745629250000
0.529533243083333
0.514954604066667
0.497897944566667
0.478959447400000
0.458847183533333
0.437951745616667
0.416451365783333
0.394569907766667
0.377948247016667
0.366813493050000
0.358884993233333
0.353438058533333
0.349780442700000
0.347361052716667
0.345714801300000
0.344660563133333
0.343941446900000
0.343283192866667
0.342892680483333
0.342650088816667
0.342438285866667
0.342267256233333
0.342069112233333
0.341904013733333
0.341908483583333
0.349035434016667
0.360631712716667
0.375117705366667
0.392039954033333
0.410675644483333
0.430676503950000
0.451585681800000
0.473098273633333
0.494814092783333
0.509807671766667
0.520669070433333
0.528597714300000
0.534139296300000
0.538037220500000
0.540645478666667
0.542426481333333
0.543553783666667
0.544253938333333
0.544772984166667
0.545142576333333
0.545385028250000
0.545609660250000
0.545780090750000
0.545962360583333
0.546133468333333
0.546314140000000
0.546382187500000
0.546285175916667
0.546188253916667
0.546197402166667
0.546220041666667
0.546181850500000
0.546188587166667
0.546080725250000
0.545965406416667
0.545908137583333
0.545901999333333
0.545888067333333
0.545875074166667
0.545923126666667
0.546120976833333
0.546143702333333
0.546228677500000
0.546379894166667
0.546574368833333
0.541511111666667
0.530430403683333
0.515960893650000
0.498967117350000
0.479908012350000
0.459581586983333
0.438370131316667
0.416562423316667
0.394417853316667
0.377228194816667
0.365831376633333
0.357696128516667
0.351958839900000
0.348071950933333
0.345523422633333
0.343802218633333
0.342707180633333
0.341978932633333
0.341567702133333
0.341411475966667
0.341339001616667
0.341337733833333
0.341390101383333
0.341481082216667
0.341532352550000
0.341563147716667
0.345866435066667
0.355328448900000
0.368312265933333
0.383999952350000
0.401844414133333
0.421299352050000
0.441803457716667
0.463097330050000
0.484820220550000
0.502459467700000
0.515246793366667
0.524654638666667
0.531419036750000
0.536244729666667
0.539351408000000
0.541449650333333
0.542879135166667
0.543824124666667
0.544594519833333
0.545032661166667
0.545418607666667
0.545526817166667
0.545313092833333
0.545269433500000
0.545204897666667
0.545252541666667
0.545304342333334
0.545210939166667
0.545031156166667
0.544791209000000
0.544762399000000
0.544865391166667
0.544896824166667
0.544874299333333
0.544701718833333
0.544520825000000
0.544400683000000
0.544403485166667
0.544390105000000
0.544418929333333
0.544398052833333
0.544421487833333
0.544481601833333
0.544599830333333
0.544853064500000
0.544834631833333
0.536408839166667
0.523446462650000
0.507733452816667
0.489909902650000
0.470575275150000
0.450063720450000
0.428839008600000
0.407050614766667
0.385325526250000
0.371766556266667
0.362532203783333
0.355915980116667
0.351342130316667
0.348162170666667
0.346086537733333
0.344682673733333
0.343700813883333
0.342997338900000
0.342610336750000
0.342375819766667
0.342260010733333
0.342122787700000
0.342150582183333
0.342134564683333
0.342082299616667
0.342337622150000
0.349258596133333
0.360454329116667
0.374590061683333
0.391191909466667
0.409768446966667
0.429629838800000
0.450381263266667
0.471765783183333
0.493370153500000
0.508776793350000
0.519957978000000
0.528200415083333
0.534001520000000
0.538016738166667
0.540690270333333
0.542554363333333
0.543865483500000
0.544757697666667
0.545279717666667
0.545578331166667
0.545736535333333
0.545857472833333
0.545940513000000
0.546091378500000
0.546263937500000
0.546321543166667
0.546359361666667
0.546324796833333
0.546340570666667
0.546499341000000
0.546674372500000
0.546749952166667
0.546747952666667
0.546814667166667
0.546949210583333
0.546949396916667
0.546792425416667
0.546701652416667
0.546530161250000
0.546342462666667
0.546227638333333
0.546228863833334
0.546130601666667
0.545993850916667
0.545478947416667
0.536507491916667
0.523538011083333
0.507786817250000
0.489816081666667
0.470279010166667
0.449535089916667
0.428046943583333
0.406100854416667
0.384264132883333
0.370851441016667
0.361232709383333
0.354349047216667
0.349581412900000
0.346283857566667
0.344102064800000
0.342704561933333
0.341838059616667
0.341350227483333
0.340985447016667
0.340786662316667
0.340748856000000
0.340818200666667
0.340903541333333
0.340960395216667
0.340929154283333
0.341063312133333
0.347983221150000
0.359677336316667
0.374631672783333
0.391527991733333
0.410200571883333
0.430279801716667
0.451122794683333
0.472615646650000
0.494290359950000
0.509482233433333
0.520108959600000
0.527719948133333
0.533365564333333
0.537293908166667
0.539916929666667
0.541883491666667
0.543299195000000
0.544328450166667
0.544970626500000
0.545423309000000
0.545686644583333
0.545996215916667
0.546265388750000
0.546359146666667
0.546377772833333
0.546266051666667
0.546136521333333
0.546024119333333
0.546133224666667
0.546195406250000
0.546117991916667
0.546032945083333
0.546042953333333
0.546159612333333
0.546343946166667
0.546503189500000
0.546642122500000
0.546564729666667
0.546344232833333
0.546230490666667
0.546212588333333
0.546306589916667
0.546279958583333
0.546354147916667
0.546481664416667
0.540966488716667
0.529516989083333
0.515087841000000
0.498208520666667
0.479422333800000
0.459312720883333
0.438377881350000
0.416742128200000
0.394734029450000
0.378143972983333
0.367351557783333
0.359494754016667
0.354058457516667
0.350433398416667
0.348007474583333
0.346295370100000
0.345112252333333
0.344276188283333
0.343763573100000
0.343436070766667
0.343299758616667
0.343098798116667
0.342870938250000
0.342674327916667
0.342461452116667
0.342339120700000
0.342414647333333
0.348903598166667
0.362199252633333
0.377456696100000
0.394439212133333
0.412932601966667
0.432508789133333
0.452996377783333
0.474100584283333
0.496765131783333
0.512190885133333
0.520781514000000
0.527571095033333
0.532738452333333
0.536460159666667
0.539196708333333
0.541061518000000
0.542304583500000
0.541761794500000
0.542035496666667
0.542172623666667
0.542132153500000
0.542058702333333
0.541907535833333
0.541691281666667
0.541629060666667
0.541587759166667
0.541633475333333
0.541648475166667
0.541771491000000
0.541925825166667
0.542172451666667
0.542644383833333
0.543086022500000
0.543449630500000
0.543781948833333
0.544052691166667
0.544293498333333
0.544658754666667
0.545026612500000
0.545333216833333
0.545611398166667
0.545755534166667
0.545923922166667
0.546131855833334
0.546409442333333
0.546661293333334
0.546848092500000
0.541469752833333
0.529944215583333
0.515005951083333
0.497993091383333
0.479098342416667
0.458888980250000
0.437781348083333
0.416199552766667
0.394191622433333
0.377431985433333
0.363132534666667
0.344061199033333
0.322867311733333
0.300619307383333
0.277021910000000
0.252289640850000
0.226345193100000
0.199659413166667
0.172609033366667
0.148787939233333
0.132720790716667
0.120770698700000
0.111629932850000
0.105063159183333
0.100378683283333
0.0974228955333333
0.0956201420333333
0.100241974816667
0.108641338966667
0.119533573650000
0.133377976916667
0.149771777083333
0.168168866983333
0.187910784033333
0.208507370516667
0.229610173783333
0.245375877966667
0.258061626166667
0.268671674783333
0.276650228033333
0.282279487033333
0.285994558750000
0.288461843566667
0.290093148900000
0.291167329033333
0.291830754533333
0.292222775500000
0.292432692183333
0.292533797366667
0.292564882066667
0.292602168083333
0.292715380633333
0.293083281466667
0.293752550666667
0.294688073000000
0.296003973333333
0.297663013666667
0.299643054016667
0.301873745666667
0.304486296666667
0.307245297783333
0.309783444450000
0.312092064283333
0.314302464950000
0.316550067783333
0.318881069116667
0.321292910450000
0.323848932933333
0.326436055883333
0.329288384200000
0.332546071366667
0.335834641133333
0.332863172000000
0.325972073700000
0.316245440016667
0.304091530150000
0.290311894200000
0.275446276766667
0.259473800633333
0.242708213150000
0.225815923300000
0.215454477750000
0.209308887650000
0.206406407000000
0.206396015333333
0.208377805783333
0.211805378783333
0.216672522266667
0.222783073100000
0.229742130033333
0.237021261050000
0.244282664600000
0.251547930266667
0.258729145266667
0.265920450933333
0.273057365183333
0.280180052883333
0.287476204016667
0.304180239866667
0.323786777866667
0.338200415133333
0.357431054300000
0.386034380266667
0.414159206533333
0.444045166600000
0.471042621016667
0.496456966650000
0.511699872983333
0.523167368566667
0.539019511083333
0.549208643900000
0.549224186250000
0.548882872316667
0.546201367233333
0.545746754750000
0.545526321700000
0.546303915066667
0.546038271816667
0.546134165400000
0.546140326941667
0.546820204958334
0.546758191791667
0.546554560991667
0.546986122608333
0.547582439441667
0.546421913158333
0.547152119091667
0.547721618975000
0.547517203783333
0.546766694683333
0.546772177183333
0.546820878983333
0.545896051466667
0.545196105350000
0.545171546616667
0.544390257400000
0.544510425916667
0.544536478900000
0.545381228950000
0.545273687383333
0.545136918000000
0.545348610583333
0.545665830183333
0.542177023300000
0.530828726583333
0.515259817183333
0.498291290033333
0.478841582616667
0.459258498516667
0.439068889383333
0.418139063916667
0.396679718533333
0.378962822700000
0.369100973366667
0.362286858683333
0.357826738150000
0.355019317600000
0.353234487933333
0.351913436200000
0.351144900783333
0.350780667133333
0.350361835666667
0.349893021000000
0.349552487516667
0.349411238966667
0.349306671566667
0.349243738200000
0.349342034050000
0.349437182300000
0.349233522116667
0.353291625616667
0.364734083283333
0.386155160100000
0.408510495050000
0.429843922100000
0.451254151808333
0.472603396408333
0.494704055975000
0.516441921675000
0.534763323425000
0.545187409675000
0.545414474041667
0.545209816975000
0.545120120193333
0.545539599168333
0.545632991585000
0.545229226601667
0.546313696276667
0.545377473760000
0.545098339260000
0.545292307243333
0.545372747343333
0.545535136341667
0.545177528275000
0.545234547708333
0.545008741808333
0.543820021500000
0.545227635816667
0.546188340383333
0.546700622316667
0.547010392883333
0.546907951833333
0.547759600516667
0.547509243050000
0.548423677825000
0.548332014725000
0.547112399991667
0.546064715311667
0.545365572578333
0.545289045478333
0.546124016611667
0.545109057511667
0.545316933128333
0.544368208720000
0.540320559503333
0.529187870520000
0.513424576466667
0.496008671583333
0.476287475066667
0.455940041600000
0.435806291616667
0.415066890216667
0.394129643666667
0.377137375233333
0.367094326050000
0.361809345116667
0.357832260783333
0.355149466416667
0.353034304300000
0.351448548866667
0.350266066066667
0.349319602383333
0.348665631150000
0.348007883800000
0.347316713983333
0.346981631466667
0.346775836333333
0.346782632483333
0.346902878400000
0.347124031700000
0.351157343550000
0.362884625333333
0.384365707216667
0.407139774016667
0.429041949166667
0.450683602366667
0.473217824483333
0.494791430470000
0.516460498320000
0.535424678403333
0.545500876736667
0.545788887153333
0.545286565453333
0.545187881886667
0.545716693736667
0.545011991820000
0.546139673700000
0.545950729550000
0.544745472516667
0.544657649316667
0.545475790250000
0.545066793600000
0.546160851200000
0.545517767280000
0.545780305930000
0.545492903963333
0.546186925396667
0.547364818663333
0.547396783430000
0.547522023080000
0.548431711730000
0.547438855705000
0.548208785325000
0.547797827875000
0.546942919791667
0.546500607458333
0.545856701808334
0.545775777958333
0.544765293725000
0.543808806741667
0.543738373100000
0.542988798820000
0.543085705053333
0.544431372136667
0.539680256536667
0.529631642703333
0.515180379986667
0.498325286836667
0.479534569470000
0.459561659553333
0.439254582733333
0.418532252333333
0.396666573433333
0.380450033600000
0.369037604266667
0.362465827550000
0.358186317050000
0.355780575983333
0.354325330566667
0.353437821316667
0.352820274666667
0.352253126166667
0.351758375333333
0.351560740166667
0.351387293216667
0.351190278683333
0.351020074650000
0.351041345316667
0.351014889566667
0.350819633733333
0.350762782716667
0.355250183883333
0.366482405233333
0.388234787016667
0.410712185350000
0.431998458385000
0.453400594418333
0.476009966201667
0.497494533235000
0.519312415485000
0.536285821701667
0.546485447235000
0.546747399651667
0.545481764885000
0.546767681533333
0.546586825683333
0.545336199350000
0.545181952258333
0.544551523525000
0.544594696241667
0.545138904958333
0.544322925061667
0.544490791328333
0.543433351095000
0.543402122703333
0.543247363195000
0.544308410053333
0.544399163703333
0.544690493720000
0.543744718753333
0.543761072370000
0.544036316803333
0.544939300320000
0.544959048428333
0.545033304053333
0.545287740786667
0.545288974170000
0.545533080153333
0.545651325853333
0.545642815365000
0.545235675598333
0.544345159215000
0.544344392381667
0.544232446611667
0.544014787778333
0.541893414578333
0.537159979145000
0.523863926478333
0.507791739846667
0.489886044180000
0.470312311863333
0.450216039963333
0.429696593166667
0.407709055133333
0.388763781883333
0.371635591883333
0.363771013716667
0.358771525550000
0.355641708916667
0.353977168166667
0.353006686833333
0.352348409150000
0.352086969866667
0.351905037583333
0.351665109050000
0.351416263750000
0.351186342750000
0.350840871433333
0.350572052633333
0.350252594883333
0.350063374100000
0.349801373666667
0.349694609683333
0.358399721750000
0.372656497883333
0.394147854883333
0.416137617450000
0.438196600700000
0.459622145216667
0.481407918650000
0.503994134216667
0.525148826750000
0.537857533100000
0.545658325516667
0.545868800216667
0.546273053966667
0.545484625316667
0.546271737450000
0.545846652350000
0.545782846083333
0.546359028883333
0.546998509833333
0.546267270036667
0.546905043528333
0.546187236645000
0.546269516428333
0.546672637845000
0.546550463378333
0.545820630470000
0.546165784661667
0.546477924528333
0.547244444391667
0.547163922233333
0.547031826950000
0.547066097950000
0.545928813166667
0.546193728283333
0.546245289941667
0.545551986966667
0.545748778258334
0.545704084775000
0.545005496741667
0.544973860208333
0.546166522183333
0.545983377085000
0.546376736785000
0.547001371268333
0.548031125951667
0.535174660493333
0.518650153493333
0.500022269960000
0.480359792810000
0.458912287118333
0.438353052350000
0.417007345933333
0.395170455533333
0.373219197316667
0.363947187583333
0.358794279000000
0.356116238283333
0.354643543466667
0.353788836766667
0.353425390016667
0.353179113250000
0.352699643900000
0.352273571233333
0.351917892433333
0.351754553350000
0.351415781433333
0.351147922966667
0.350872271466667
0.350491304366667
0.350286084000000
0.350305130850000
0.354952939933333
0.368338536783333
0.389620955800000
0.411829323916667
0.433128439331667
0.455030433881667
0.477038101648333
0.499313440115000
0.521423973915000
0.538071488148333
0.545754916795000
0.546648179445000
0.545667680975000
0.546369936693333
0.546737558026667
0.546090711535000
0.545124244610000
0.545493569460000
0.545347676910000
0.546273558213334
0.545947889113334
0.546988760300000
0.546336046816667
0.545250509236667
0.545259717328333
0.546600922086667
0.545256663970000
0.545286356186667
0.545613123220000
0.545091197820000
0.544077316730000
0.544076793563333
0.545118461826667
0.546130476860000
0.545979741076667
0.546874284410000
0.547023701526667
0.545867998123333
0.546926317706667
0.547089252446667
0.547522137746667
0.547716349396667
0.546616318810000
0.546404090876667
0.546579760568333
0.540471403001667
0.527640942438333
0.510222535671667
0.492344962721667
0.472830283738333
0.451861656505000
0.431547345508333
0.409694525758333
0.387628376200000
0.372521384000000
0.364304157100000
0.359189079200000
0.355765284466667
0.353495878483333
0.352239636350000
0.351571459350000
0.351131544266667
0.351017772000000
0.350876901133333
0.350546961416667
0.350329974816667
0.350183774100000
0.349922617900000
0.349508981550000
0.349043526616667
0.348827104033333
0.348962064550000
0.357649701416667
0.378912685150000
0.401142882933333
0.422742419066667
0.444437877450000
0.466769234883333
0.488237589196667
0.510939289146667
0.531959496313333
0.544582343130000
0.544776272413333
0.544524705930000
0.545575618763333
0.545392136043333
0.544620941076667
0.545690303346667
0.544350590330000
0.545588682163333
0.545636020146667
0.545534581426667
0.544884399496667
0.544448302813333
0.544367912736667
0.545240526070000
0.544186033988333
0.545599818805000
0.545198223888333
0.546042702680000
0.546700729100000
0.546779439596667
0.545975953063334
0.547205197360000
0.546248585318333
0.547653034691667
0.546345207608333
0.545574674340000
0.545611747865000
0.545497567815000
0.545673924431667
0.546229278031667
0.545136585968333
0.546216092010000
0.544815795075000
0.545581425841667
0.541495021943333
0.529869972926667
0.514498998260000
0.496956560143333
0.477579247526667
0.457757342573333
0.436245048423333
0.415598766533333
0.393839330600000
0.376711678100000
0.365940255500000
0.359611789266667
0.356049506583333
0.353704108850000
0.352346579500000
0.351542768316667
0.350969632066667
0.350835096533333
0.350796800733333
0.351091001716667
0.351191480533333
0.351090659866667
0.351226278283333
0.351382198433333
0.351429300633333
0.351473762633333
0.351243486166667
0.355979270383333
0.368527657233333
0.389575657091667
0.411703777891667
0.433784797925000
0.454851836391667
0.477332161591667
0.498508029116667
0.520634686483333
0.537065856250000
0.546821527566667
0.546978757425000
0.546071134208333
0.546061320891667
0.545993836691667
0.544713934811667
0.545818644586667
0.545084051005000
0.546390977955000
0.545748783705000
0.546740390938333
0.538800894855000
0.528459772805000
0.518637242221667
0.509109985901667
0.498547134351667
0.489305587733333
0.479506836866667
0.470301774100000
0.459729062650000
0.457642405950000
0.456757738283333
0.458076459416667
0.458427733583333
0.458194340333333
0.457835842166667
0.457285727400000
0.456895201400000
0.457007606266667
0.457828357300000
0.458299474616667
0.457496531316667
0.457544795233333
0.457995944066667
0.458574922583333
0.458488406583333
0.458269013416667
0.457869687466667
0.456531362633333
0.446530947950000
0.431174252600000
0.413283260516667
0.393901196850000
0.373168350533333
0.351901869200000
0.330214811316667
0.308839089916667
0.287963444900000
0.276223877300000
0.269390654133333
0.264899789316667
0.262014964466667
0.260223622450000
0.258998088766667
0.258257745583333
0.257700701366667
0.257233388116667
0.256886503533333
0.256641377733333
0.256332930850000
0.256058909050000
0.255747073766667
0.255616929966667
0.259103045316667
0.269243315350000
0.283954175783333
0.302052772583333
0.322214333083333
0.343126646350000
0.364809842833333
0.386487147600000
0.408375145916667
0.426789261666667
0.439747060833333
0.447431715533333
0.451753993116667
0.453875360850000
0.455497236283333
0.456682696116667
0.457459770616667
0.458016092433333
0.458461056433333
0.457722294933333
0.457855584900000
0.458658810566667
0.459388588650000
0.459468972133333
0.459383020150000
0.459183793983333
0.459003102250000
0.458809943383333
0.458713618366667
0.458771281366667
0.458323422033333
0.457625610866667
0.457315528550000
0.456845533533333
0.457396273233333
0.458838760550000
0.458978699750000
0.458530813900000
0.458864730400000
0.458112928433333
0.457870406283333
0.457768614533333
0.457683331200000
0.457350390800000
0.455746879233333
0.455503255566667
0.456037110600000
0.455532143683333
0.456382017183333
0.456523535200000
0.456706926616667
0.456857100533333
0.456935597033333
0.457564493533333
0.458382185116667
0.450370272466667
0.436806232066667
0.419672401183333
0.401399870816667
0.381734730983333
0.360981305583333
0.339507106300000
0.317518361133333
0.295074149216667
0.280999952516667
0.272435472666667
0.266865992266667
0.263053218100000
0.260558780933333
0.259138973250000
0.258197327000000
0.257533822666667
0.257144463400000
0.256914861316667
0.256624674383333
0.256446328300000
0.256272192633333
0.256062519616667
0.255923004683333
0.256131971066667
0.263770698900000
0.276746084350000
0.293463908150000
0.312897807600000
0.333419445083333
0.354223945883333
0.375477651200000
0.396941503966667
0.418478926150000
0.432618429816667
0.441148110483333
0.446309204116667
0.448959496933333
0.450578690600000
0.452274541800000
0.453459570916667
0.454242909083333
0.454492864500000
0.455002622333333
0.455864387483333
0.455948414500000
0.455894774866667
0.455991013883333
0.456251247733333
0.456485694483333
0.456666788983333
0.457073526700000
0.457395242666667
0.458024825016667
0.458385838683333
0.458658094616667
0.459254234433333
0.459090557083333
0.458842296583333
0.458106786600000
0.458311242283333
0.458216069666667
0.457844558983333
0.458016222150000
0.458379293366667
0.457558894216667
0.457137279216667
0.457288872850000
0.458379552083333
0.458459404516667
0.458735932500000
0.459103833333333
0.458879439983333
0.458652430800000
0.459294177133333
0.459440391466667
0.459447348866667
0.459424727283333
0.458794229033333
0.457434566883333
0.445680731883333
0.430655553633333
0.413494119616667
0.394449266250000
0.374482249216667
0.353510788016667
0.331920523850000
0.310487618183333
0.289447218666667
0.278372214633333
0.271172189283333
0.266000240300000
0.262525398833333
0.260283871183333
0.258643497866667
0.257556465033333
0.256897126683333
0.256472446500000
0.256177265833333
0.256011812583333
0.255801585583333
0.255589540400000
0.255434524683333
0.255453605933333
0.259418226000000
0.269792616700000
0.284813505700000
0.302475634583333
0.322303641933333
0.343018328633333
0.364558206833333
0.386257333383333
0.408209043366667
0.426489333800000
0.438267086116667
0.445484701333333
0.450386997316667
0.453154694466667
0.455324454400000
0.456523955883333
0.457413523400000
0.457852632950000
0.457823483966667
0.458477664466667
0.458746321300000
0.458746328466667
0.458521344583333
0.458183336633333
0.457407043300000
0.457267544133333
0.457597478833333
0.457610140183333
0.457764477216667
0.457659904083333
0.457552396916667
0.457457562566667
0.457316563416667
0.458087856566667
0.458469617733333
0.458231055883333
0.458225964683333
0.457598859850000
0.457518900633333
0.457727737300000
0.458087758383333
0.458687100266667
0.458596572366667
0.458093531850000
0.458272631866667
0.458603617200000
0.458989929916667
0.459491543550000
0.459409239400000
0.459273720600000
0.459005862850000
0.459099876616667
0.459637577283333
0.459766469783333
0.459342279083333
0.451696001166667
0.438041083850000
0.422039716016667
0.404000912150000
0.384313942650000
0.363635742883333
0.342075772216667
0.320070636883333
0.298341347266667
0.283463576600000
0.274400699516667
0.267852062533333
0.263372543266667
0.260295072683333
0.258232538266667
0.256977072283333
0.256155075683333
0.255514107650000
0.255116682300000
0.254855765466667
0.254678627683333
0.254565104100000
0.254560225750000
0.254392359483333
0.254554025150000
0.261654742716667
0.274532022233333
0.291033255750000
0.309939950833333
0.329938089833333
0.350836463216667
0.372105952400000
0.393823191983333
0.415415437016667
0.430244051516667
0.439754533516667
0.445454129766667
0.448830807250000
0.451165843416667
0.452824888050000
0.454662740300000
0.455816098483333
0.456382948133333
0.456889878000000
0.456820626500000
0.457160477000000
0.457554987666667
0.458160053566667
0.457913269400000
0.457291288733333
0.456917386533333
0.456978785516667
0.457468039516667
0.458029741350000
0.458702621116667
0.458190381466667
0.457530107150000
0.457736535816667
0.458028285083333
0.458147376450000
0.458373532800000
0.458035779983333
0.457916003483333
0.457629711633333
0.458442314166667
0.459123352466667
0.459556484300000
0.459639245683333
0.459898542850000
0.459973637333333
0.460333195450000
0.460184346650000
0.460139956316667
0.460129217783333
0.460298098850000
0.460268464683333
0.459787328366667
0.459504119616667
0.459203788266667
0.458660120633333
0.451005130916667
0.437359536716667
0.421050353383333
0.402546397016667
0.382686965983333
0.362247757350000
0.341183788100000
0.319632909783333
0.297909013800000
0.283531338150000
0.274752346350000
0.268383329683333
0.264089156183333
0.261253979133333
0.259462567600000
0.258213796000000
0.257461016500000
0.256872561500000
0.256528178800000
0.256262715433333
0.256079382783333
0.255854373100000
0.255720458200000
0.255644127466667
0.255562312800000
0.259802019633333
0.269864141466667
0.285586119666667
0.304204792866667
0.324646547816667
0.345783958916667
0.367098756483333
0.389111121550000
0.410902134800000
0.428603913266667
0.440665866916667
0.447127272666667
0.450893592500000
0.452774250533333
0.453824837283333
0.454868784833333
0.455945949166667
0.456523414083333
0.457079940866667
0.457223183183333
0.457117879766667
0.457009911066667
0.456883569900000
0.457474468733333
0.458144590766667
0.457873788233333
0.457821186333333
0.457806867333334
0.458172433266667
0.458515993233333
0.458788023416667
0.459031697250000
0.458793826266667
0.458121261116667
0.458017017650000
0.458204074816667
0.458191902233333
0.458348160650000
0.458563159216667
0.458522077733333
0.458445848050000
0.458544850533333
0.458733046483333
0.458731759350000
0.458837801650000
0.458865486483333
0.458512105316667
0.458405453133333
0.458257647800000
0.458481277900000
0.458390254066667
0.458257652100000
0.458582593066667
0.458543738266667
0.458484849766667
0.456826210766667
0.445120284216667
0.430413132533333
0.413332960633333
0.394466621050000
0.374318794033333
0.352699487666667
0.331131210833333
0.309216325333333
0.288742481633333
0.277968454666667
0.270459190516667
0.265033750800000
0.261466221400000
0.259333810550000
0.257998943633333
0.257121937133333
0.256678120516667
0.256482265550000
0.256440826450000
0.256311519000000
0.256217950283333
0.256097786066667
0.255928963766667
0.255860180250000
0.260154176733333
0.270926855650000
0.286576416833333
0.304575283733333
0.324438362600000
0.345970080833333
0.367448999366667
0.389024417066667
0.411171760566667
0.429147456916667
0.440440468083333
0.446884464566667
0.451086355766667
0.453726034033333
0.454680216216667
0.455584929050000
0.456443831833333
0.457040327116667
0.457056860616667
0.457399308316667
0.457756788816667
0.458115871783333
0.458223115933333
0.458290135733333
0.458199506066667
0.457953225716667
0.457632290200000
0.457258639550000
0.456859382400000
0.456521266233333
0.456239432766667
0.455935150433333
0.455550392883333
0.455746741633333
0.455854896666667
0.455940842200000
0.456033305100000
0.456359492350000
0.456536686033333
0.456083867366667
0.456559349900000
0.456726766816667
0.456451302366667
0.456613168700000
0.456327870866667
0.456748744116667
0.456287326166667
0.455866303850000
0.456182035650000
0.452634188783333
0.438165899950000
0.418840326816667
0.396543543983333
0.372356212400000
0.346070348233333
0.317291387783333
0.279281411650000
0.238006493533333
0.197513345731667
0.166645119198333
0.139446339948333
0.114106694078333
0.0901995344416667
0.0676411910650000
0.0477290516350000
0.0368301402700000
0.0287696868550000
0.0227224363933333
0.0183487849183333
0.0151415387296667
0.0127083180830000
0.0108131355526667
0.00925158790100000
0.00794760518966667
0.00681112504383333
0.00581040967950000
0.00493342045116667
0.00415352851950000
0.00345670534233333
0.00282831555433333
0.00227083658616667
0.00189881584400000
0.00207061715533333
0.00385342671783333
0.00966416171383333
0.0201154862221667
0.0333682186621667
0.0488926338280000
0.0660232532993333
0.0843161963178333
0.106898366288333
0.128769984185000
0.148822955566667
0.164581767566667
0.175539524216667
0.183631073583333
0.189538509616667
0.194142674416667
0.197797821333333
0.197375250300000
0.197519502400000
0.198191054900000
0.199549839133333
0.201514745633333
0.204087217766667
0.207126484283333
0.210396677283333
0.214005007233333
0.217894553600000
0.222032410633333
0.226465703466667
0.231214212816667
0.236317029983333
0.241604148733333
0.247196232800000
0.253046464500000
0.259222119483333
0.265806634950000
0.272550433883333
0.279651322733333
0.286984401550000
0.294503567883333
0.302217298466667
0.310094415433333
0.318084034016667
0.326160306200000
0.334090822000000
0.342708975166667
0.351621838150000
0.360571588683333
0.369492189516667
0.378492290183333
0.387320214550000
0.396729227300000
0.406259001966667
0.415049122166667
0.413218344850000
0.408056627000000
0.400396255833333
0.388442284500000
0.383284998516667
0.376600739533333
0.367567292366667
0.355561164183333
0.340901396350000
0.332777781166667
0.324639338150000
0.316968023483333
0.312088089650000
0.299026393166667
0.286457628616667
0.274646550583333
0.264685084583333
0.257226195650000
0.252389327750000
0.249674406650000
0.248035201500000
0.246988175150000
0.246340183783333
0.245894603450000
0.248573004650000
0.257595341333333
0.273240371750000
0.290843674483333
0.309681302250000
0.329598527433333
0.350260698950000
0.371436476800000
0.393077863666667
0.411961478500000
0.424706525850000
0.431010441950000
0.435549278283333
0.439060184566667
0.441599778900000
0.443523039900000
0.445090754683333
0.446258570183333
0.447208533350000
0.447980041500000
0.448597745100000
0.449016034766667
0.449257780050000
0.449514981683333
0.449683586833333
0.449755285033333
0.449799605850000
0.449739069016667
0.449675646166667
0.449607407316667
0.449600340983333
0.449632960783333
0.449599590633333
0.449619664466667
0.449627246800000
0.449644883966667
0.449740601966667
0.449822056150000
0.449886351183333
0.450019977266667
0.450114752850000
0.450191762983333
0.450176999650000
0.450115362733333
0.450019410383333
0.449969336883333
0.450050442050000
0.450249887516667
0.450272867433333
0.450239839850000
0.450133666400000
0.450020932583333
0.449976456250000
0.450072069616667
0.450094666116667
0.444576544916667
0.433048613283333
0.418645075283333
0.401995668783333
0.383525342716667
0.363768230183333
0.343082768433333
0.321653885416667
0.299924312000000
0.283413817716667
0.272633429616667
0.264712257000000
0.258972583316667
0.255077931416667
0.252436093116667
0.250127758516667
0.248184655883333
0.246511994583333
0.245130218250000
0.244078702700000
0.243308524683333
0.242764804733333
0.242362823533333
0.242069747000000
0.242555064350000
0.249888229166667
0.265038328866667
0.282156750700000
0.300720103683333
0.320519081733333
0.341162017200000
0.362351781516667
0.383919817550000
0.405650599983333
0.421005042133333
0.428742304466667
0.434543992750000
0.438948439033333
0.442022698950000
0.444232153616667
0.445835482433333
0.446957252100000
0.447667442250000
0.448139984300000
0.448554605350000
0.448933244716667
0.449111491900000
0.449244103900000
0.449321417900000
0.449373752483333
0.449523366683333
0.449742291866667
0.449955700866667
0.450146739833333
0.450207405666667
0.450263277000000
0.450286067000000
0.450247993366667
0.450192882416667
0.450186068350000
0.450128486333333
0.450115934633333
0.450072626466667
0.450106235983333
0.450194715650000
0.450271610400000
0.450337896333333
0.450345997533333
0.450274383900000
0.450294101550000
0.450303833883333
0.450307556250000
0.450319462233333
0.450374272900000
0.450463436983333
0.450485639316667
0.450526589650000
0.450517631316667
0.449804608183333
0.440900777350000
0.427819647016667
0.412093210433333
0.394197438900000
0.374832651200000
0.354390217566667
0.333316505233333
0.311741781983333
0.290438056200000
0.277124252866667
0.267890596983333
0.261163117266667
0.256480900300000
0.253204120416667
0.251109535233333
0.249590053550000
0.248582329916667
0.247858990366667
0.247268067883333
0.246668976833333
0.245689468366667
0.244534839533333
0.243341233350000
0.242357654933333
0.248469534466667
0.262127087683333
0.277904230583333
0.295567923233333
0.314852697966667
0.335775363483333
0.357570873816667
0.379938500583333
0.402478784533333
0.418264108183333
0.426710641183333
0.433170914600000
0.437952156266667
0.441324599683333
0.443649654116667
0.445333075450000
0.446536473450000
0.447368969933333
0.447962615750000
0.448413161150000
0.448804069133333
0.449084106633333
0.449278355550000
0.449284544683333
0.449319672816667
0.449370602016667
0.449449026850000
0.449490448033333
0.449497035633333
0.449483732150000
0.449515134333333
0.449474535166667
0.449509080650000
0.449461654516667
0.449444243816667
0.449418890300000
0.449408437000000
0.449466699850000
0.449584534183333
0.449637027866667
0.449788731866667
0.449978049400000
0.450178561983333
0.450253331816667
0.450263515650000
0.450328005616667
0.450300394600000
0.450269955616667
0.450316055916667
0.450365928750000
0.450320467000000
0.450329403116667
0.450438146533333
0.450561129400000
0.450665817916667
0.445684900016667
0.434473775183333
0.419701598183333
0.402705241883333
0.384040873300000
0.364144103933333
0.343286050216667
0.321837764166667
0.299951815516667
0.282959092000000
0.271947165383333
0.264136314283333
0.257794678583333
0.253075487350000
0.249741618516667
0.247490931150000
0.245977420016667
0.244955731416667
0.244242924716667
0.243824048816667
0.243713615500000
0.244296413133333
0.245047798716667
0.245628262166667
0.246251819500000
0.253078265150000
0.267409572466667
0.283603524400000
0.301517321533333
0.320725030950000
0.340961865816667
0.361907070500000
0.383345989716667
0.404950646700000
0.420490980716667
0.428553405466667
0.434749674650000
0.439258633866667
0.442461883033333
0.444671590683333
0.446193952650000
0.447281802483333
0.448054660833333
0.448593934583333
0.449054120583333
0.449353493750000
0.449545356166667
0.449672581700000
0.449848861633333
0.450012693783333
0.450116921483333
0.450205490733333
0.450279368316667
0.450291102300000
0.450372698383333
0.450413546950000
0.450496202266667
0.450464517000000
0.450313566933333
0.450148721416667
0.449872636333333
0.449563919983333
0.449254081333333
0.448839596450000
0.448427828450000
0.448044208966667
0.447708677816667
0.447537519900000
0.447427599716667
0.447366520366667
0.447383574883333
0.447454206683333
0.447633184150000
0.447837912166667
0.447988821383333
0.448198281550000
0.448317201633333
0.448404758950000
0.448571770950000
0.443315175750000
0.432074799450000
0.417520868950000
0.400668275266667
0.382062568000000
0.362135445650000
0.341319875933333
0.319998287950000
0.298291295266667
0.281674547983333
0.270843411283333
0.263256175950000
0.257938563750000
0.254351714450000
0.251949252133333
0.249820151566667
0.247967647066667
0.246425745900000
0.245282823816667
0.244473892050000
0.243842972400000
0.243382542016667
0.243105447150000
0.242942555266667
0.243545968533333
0.250811069366667
0.265783564733333
0.282619966766667
0.301019860983333
0.320650882466667
0.341096657200000
0.362064202533333
0.383429409000000
0.404958987266667
0.420313810683333
0.428197533883333
0.434264227583333
0.438660694500000
0.441849271350000
0.444117057666667
0.445792142016667
0.446989251266667
0.447882905933333
0.448537763683333
0.449016150150000
0.449319257150000
0.449563740816667
0.449699627266667
0.449855523050000
0.449938935883333
0.450011261883333
0.450064503050000
0.450060339216667
0.450042350883333
0.450042912750000
0.450069382833333
0.450146456033333
0.450204498866667
0.450222687866667
0.450325156866667
0.450432707033333
0.450580397700000
0.450615826833333
0.450583957383333
0.450554301716667
0.450489027716667
0.450428093133333
0.450418530650000
0.450358860983333
0.450310794150000
0.450242667816667
0.450262916516667
0.450351066516667
0.450493242433333
0.450527037566667
0.450550590100000
0.450549175400000
0.450555019816667
0.450580826983333
0.449898404800000
0.441456286466667
0.428513001233333
0.412625289566667
0.394867173933333
0.375520193250000
0.355123707266667
0.334027304550000
0.312430762383333
0.291217317250000
0.277547961250000
0.268217988950000
0.261681962433333
0.257014748166667
0.253838593300000
0.251710458800000
0.250286765350000
0.248741536700000
0.247322135366667
0.246126501016667
0.245227740816667
0.244552897383333
0.244097587583333
0.243781736100000
0.243548033250000
0.246674080933333
0.259693489066667
0.275460534133333
0.293144714850000
0.312329630683333
0.332478430933333
0.353272351583333
0.374505130950000
0.396106580133333
0.414607727166667
0.424034134850000
0.431067265733333
0.436355481700000
0.440019936683333
0.442552197366667
0.444307331950000
0.445621745916667
0.446528816583333
0.447217268800000
0.447687405716667
0.447992794583333
0.448151502566667
0.448313268566667
0.448508009116667
0.448727635200000
0.448847995066667
0.448898574533333
0.448881598850000
0.448813605100000
0.448720746600000
0.448541857283333
0.448235858533333
0.448005235916667
0.447750973333333
0.447574455466667
0.447499834700000
0.447494624533333
0.447665193350000
0.447920673550000
0.448284539550000
0.448698337866667
0.449096512133333
0.449527474616667
0.449872384783333
0.450202213416667
0.450491132566667
0.450636130000000
0.450735690766667
0.450835655016667
0.450978915966667
0.451018908116667
0.450956477133333
0.450895839966667
0.450815057300000
0.450766934566667
0.445341771483333
0.433964268183333
0.419063768433333
0.401935361283333
0.383152108450000
0.363289465316667
0.342540571400000
0.321217793750000
0.299407952950000
0.282743700700000
0.271860221533333
0.264329395033333
0.258924243433333
0.254832839300000
0.251460357183333
0.248908110100000
0.247044376866667
0.245744283333333
0.244787765533333
0.244088579800000
0.243601070166667
0.243335953666667
0.243483122600000
0.244064438166667
0.244890104816667
0.252279354533333
0.266835173450000
0.283265101500000
0.301397015416667
0.320863569066667
0.341253195833333
0.362277582866667
0.383763357750000
0.405398432933333
0.420519874566667
0.428532673733333
0.434692667400000
0.439271051550000
0.442532868866667
0.444797801416667
0.446370590916667
0.447456144550000
0.448182751383333
0.448655675416667
0.448929506583333
0.449036567266667
0.448943429266667
0.448846435600000
0.448763825433333
0.448627694600000
0.448502550266667
0.448390126766667
0.448288890433333
0.448243374933333
0.448289713883333
0.448351373016667
0.448286203650000
0.448235828433333
0.448253161733333
0.448353632666667
0.448528936500000
0.448835230516667
0.449092943850000
0.449286334200000
0.449497065733333
0.449627843783333
0.449767669750000
0.449928673933333
0.449975076666667
0.449999694166667
0.449972362650000
0.449942790833333
0.449998595516667
0.450060590766667
0.450156744500000
0.450125899166667
0.450076908550000
0.450130981050000
0.450255879566667
0.449838353150000
0.441505098633333
0.428366102483333
0.412456235066667
0.394758076483333
0.375534592516667
0.355236471900000
0.334135755566667
0.312456140266667
0.290961465816667
0.277235227983333
0.268100682800000
0.261567144550000
0.256251289616667
0.252276637650000
0.249370529233333
0.247262929383333
0.245859301166667
0.244914796850000
0.244272343166667
0.243849830183333
0.243578666450000
0.243944416566667
0.244543714016667
0.245135095166667
0.248843613683333
0.261157323016667
0.276770169366667
0.293967618750000
0.312750680233333
0.332678568700000
0.353442613666667
0.374727637316667
0.396393360750000
0.415108656383333
0.425222633350000
0.432138708200000
0.437477495033333
0.441245169366667
0.443934589316667
0.445776320166667
0.447059834333333
0.447964474066667
0.448635957766667
0.449113054950000
0.449448325950000
0.449669990950000
0.449738310783333
0.449676496850000
0.449571813350000
0.449485218516667
0.449377633950000
0.449175380583333
0.448892588933333
0.448553118266667
0.448251128550000
0.448052217716667
0.447939091883333
0.447973026050000
0.448066295916667
0.448215364016667
0.448458045983333
0.448880492316667
0.449229794933333
0.449558104950000
0.449857611416667
0.450159406916667
0.450359696616667
0.450528569083333
0.450685086216667
0.450810042783333
0.450796416083333
0.450835577616667
0.450856059950000
0.450901705166667
0.450858563983333
0.450823265283333
0.450812495933333
0.450818117466667
0.450796880483333
0.450423822516667
0.441940827666667
0.428827083266667
0.412997132066667
0.395122413333333
0.375789427000000
0.355396194683333
0.334277313000000
0.312653952450000
0.291056586833333
0.277390695916667
0.268231737483333
0.261630054983333
0.257065228733333
0.253917325583333
0.251712092083333
0.250176760600000
0.249169094300000
0.248434472266667
0.247892311066667
0.247456907400000
0.247159593216667
0.246399150400000
0.245463097016667
0.244570935166667
0.247286777183333
0.258038020600000
0.272951416766667
0.289893600233333
0.308584544250000
0.328491875133333
0.349766636116667
0.371817175150000
0.394296586150000
0.413450880966667
0.424819171516667
0.432213231500000
0.437664661850000
0.441466030983333
0.444088533616667
0.445840730583333
0.447122980550000
0.447998042733333
0.448660089366667
0.449122062733333
0.449507352766667
0.449750785083333
0.449861407600000
0.449939414616667
0.450073039983333
0.450083825100000
0.450096097300000
0.449999832483333
0.449846745316667
0.449629499283333
0.449319368950000
0.449041950150000
0.448799637983333
0.448508826116667
0.448257863783333
0.448020142583333
0.447979560616667
0.447978492783333
0.448068573483333
0.448362026983333
0.448756025950000
0.449170366783333
0.449626112316667
0.450099320866667
0.450536375016667
0.450852364816667
0.450866787733333
0.450788876033333
0.450661677733333
0.450390186483333
0.449940628650000
0.449353237183333
0.448701446050000
0.448153490600000
0.447709125016667
0.442498295433333
0.431127751683333
0.416664251616667
0.399925642333333
0.381601328500000
0.362101694950000
0.341867180650000
0.321014356450000
0.299634244750000
0.283028989933333
0.272368344650000
0.264681235366667
0.259244930266667
0.255422103416667
0.252817745350000
0.250621278833333
0.248616757150000
0.246954971266667
0.245736518250000
0.244900857683333
0.244250502033333
0.243739494333333
0.243367431816667
0.243109865400000
0.243456261216667
0.250900416916667
0.265813107883333
0.282535123466667
0.300972641250000
0.321012640033333
0.341712567700000
0.362920575483333
0.384452617650000
0.406077837950000
0.421264429600000
0.429210262000000
0.435406054600000
0.439823179433333
0.442582986800000
0.444576263983333
0.446059349033333
0.447246454333333
0.448116920533333
0.448769592450000
0.449268451216667
0.449507674550000
0.449700247900000
0.449842701883333
0.450004307350000
0.450164678716667
0.450230869333333
0.450213282333333
0.450104581916667
0.450043541983333
0.449998594800000
0.449959590933333
0.449908155766667
0.449937117700000
0.449920698866667
0.449945757116667
0.450001434950000
0.450171889816667
0.450274413283333
0.450324336283333
0.450300861150000
0.450349451150000
0.450485652216667
0.450637558316667
0.450729793316667
0.450787176816667
0.450728682483333
0.450707368816667
0.450730377400000
0.450872651500000
0.450933616183333
0.450902398900000
0.450786627133333
0.450654048100000
0.450547859600000
0.445433513416667
0.433877177416667
0.419503219833333
0.402629650033333
0.384070740383333
0.364101217166667
0.343360203000000
0.322052487533333
0.300394297700000
0.283468955183333
0.272819466250000
0.264897470900000
0.259278630083333
0.255367170916667
0.252780118200000
0.250977515200000
0.249812375733333
0.248970571183333
0.248441846050000
0.247995817083333
0.247678208333333
0.247153135333333
0.246358759066667
0.245570915216667
0.248573927716667
0.258822845850000
0.273654944066667
0.290469474866667
0.308969996250000
0.328695758200000
0.349696635700000
0.371563213566667
0.393810963500000
0.412604557833333
0.424357841000000
0.431722948366667
0.437198622833333
0.441156304850000
0.443914749833333
0.446552063816667
0.447708809683333
0.448412489633333
0.448852482833333
0.449121985333333
0.449285898466667
0.449338487466667
0.449317216800000
0.449284171300000
0.448452938300000
0.448561695333333
0.448740118100000
0.448947284216667
0.449165136550000
0.449337279883333
0.449462009266667
0.449560747300000
0.449633999950000
0.449692178950000
0.449670919750000
0.449711420016667
0.449669089383333
0.449614202750000
0.449482371916667
0.449306157200000
0.449061806833333
0.448762923150000
0.448437276983333
0.448153032650000
0.447828382650000
0.447533668533333
0.447200795500000
0.447050489000000
0.447010547016667
0.447087574350000
0.447355271566667
0.447681978400000
0.448084393900000
0.448515549883333
0.448967789483333
0.444015443650000
0.432774347816667
0.418251203166667
0.401571570533333
0.383127081016667
0.363293895750000
0.342529845766667
0.321137337883333
0.299328045333333
0.282623853966667
0.271984471466667
0.264440613816667
0.258929558950000
0.254994547966667
0.251909977366667
0.249428165000000
0.247579473883333
0.246193075766667
0.245223421466667
0.244544548216667
0.244125590616667
0.243812382200000
0.243592353350000
0.243875269700000
0.244623563583333
0.251821990766667
0.266338496933333
0.282848380616667
0.300999078366667
0.320395220950000
0.340741455700000
0.361858833100000
0.383392206116667
0.405061799550000
0.420490001750000
0.428734576650000
0.434973420133333
0.439507655466667
0.442741687616667
0.444982482116667
0.446466786216667
0.447529875216667
0.448208719083333
0.448677375366667
0.448997688816667
0.449252653016667
0.449454738683333
0.449642173533333
0.449843678700000
0.449935584033333
0.450025378783333
0.450199487933333
0.450524630283333
0.450621332266667
0.450674587766667
0.450582077566667
0.450465139066667
0.450339485900000
0.450363814583333
0.450398329966667
0.450441845966667
0.450382374100000
0.450500075133333
0.450502566266667
0.450612819700000
0.450728016700000
0.450863369950000
0.450994149433333
0.451092319150000
0.451134789533333
0.451243912066667
0.451141132033333
0.451123638200000
0.451155491166667
0.451196432183333
0.451205088083333
0.451137115833333
0.451105462816667
0.451040205300000
0.450484290550000
0.441272672883333
0.427942539583333
0.412077697466667
0.394166539816667
0.374846576033333
0.354438912916667
0.333332334250000
0.311729392250000
0.290198672333333
0.277327390600000
0.268427580983333
0.261897740733333
0.257285205266667
0.254013874916667
0.251670771950000
0.249436913350000
0.247525624983333
0.245843040716667
0.244423802783333
0.243251843516667
0.242348936683333
0.241664115100000
0.241143292650000
0.240913522150000
0.244875820216667
0.258070939250000
0.274245408600000
0.292156167783333
0.311610440633333
0.332120745466667
0.353481473483333
0.375267697250000
0.397135619583333
0.415465096283333
0.424906013600000
0.431449255516667
0.436273525133333
0.439497048800000
0.441666642466667
0.442906287316667
0.443697497350000
0.444373366333333
0.445012138500000
0.445584217666667
0.446136579183333
0.446724845700000
0.447394896783333
0.448012737266667
0.448562883566667
0.449084194783333
0.449570386466667
0.449924661316667
0.450232399416667
0.450526650566667
0.450731762000000
0.450836578083333
0.450827091566667
0.450782183083333
0.450701368166667
0.450540132500000
0.450418100650000
0.450335606583333
0.450310145566667
0.450304332683333
0.450284707483333
0.450170746016667
0.450184078166667
0.450270876533333
0.450375708383333
0.446397226550000
0.433444778016667
0.416177822000000
0.396522258983333
0.374493695100000
0.350758762933333
0.325590244450000
0.298775295383333
0.271178805550000
0.247312787883333
0.228868354983333
0.209168097766667
0.188764062416667
0.168307954066667
0.147742687350000
0.127319137596667
0.107477222111667
0.0877738521966667
0.0680493178966667
0.0515057057300000
0.0402303272150000
0.0318075092166667
0.0256580792883333
0.0213158507800000
0.0180790813216667
0.0157297206366667
0.0139115288466667
0.0124256035391667
0.0111760272658333
0.0101078348108333
0.00918601507250000
0.00838193191416667
0.00763061305250000
0.00697050335416667
0.00636848410450000
0.00607444050116667
0.00750582002200000
0.0122373779120000
0.0211858523486667
0.0336879593020000
0.0490296264386667
0.0664571640920000
0.0854662215353333
0.105851727655000
0.126967203380000
0.147112280833333
0.164497104150000
0.178110229766667
0.188614928383333
0.196603517833333
0.202861418200000
0.207905100333333
0.211891654700000
0.215271115000000
0.218321055550000
0.221283062533333
0.224236657283333
0.227202276266667
0.230328080283333
0.233663696350000
0.237190629450000
0.240911889583333
0.244753600600000
0.248735834183333
0.252869326000000
0.257252014283333
0.261836879966667
0.266657706716667
0.271677025050000
0.276898155283333
0.282301553916667
0.287835765000000
0.293579064300000
0.299407054966667
0.305118887583333
0.310762458416667
0.316315026916667
0.322641922216667
0.329612903050000
0.335937429050000
0.342229486466667
0.348790773333333
0.355746869000000
0.363214777183333
0.370725986366667
0.378183875550000
0.384954651250000
0.391150496166667
0.398083916500000
0.399559015733333
0.389155323400000
0.368038492816667
0.361651946483333
0.354806140800000
0.346573430316667
0.335893986150000
0.322749953266667
0.307211411633333
0.295396061550000
0.293574018966667
0.300807407300000
0.291869296150000
0.282711003500000
0.274301449783333
0.267378206116667
0.262086009783333
0.258363542783333
0.255845213383333
0.254216331100000
0.253220366533333
0.252605397016667
0.252098218466667
0.251707911050000
0.251744693966667
0.258823936616667
0.270122785033333
0.284246089883333
0.301168001716667
0.319868700283333
0.339969665183333
0.360910546216667
0.382518092800000
0.404293471250000
0.419269710483333
0.430317030400000
0.438707970133333
0.444417857000000
0.448401201416667
0.451078664500000
0.452861903166667
0.453951893683333
0.454629871816667
0.455215076733333
0.455590325550000
0.455840438633333
0.456016542266667
0.456179071516667
0.456293951033333
0.456440720066667
0.456662817933333
0.456945621766667
0.457094057766667
0.457211685700000
0.457271265066667
0.457385225100000
0.457460925883333
0.457494286716667
0.457546385516667
0.457467725616667
0.457358266250000
0.457303978750000
0.457304802200000
0.457364150800000
0.457430306300000
0.457470558600000
0.457506520933333
0.457467401683333
0.457548452383333
0.457574366333333
0.457553321416667
0.457600109716667
0.457655078050000
0.457654222350000
0.457698247183333
0.457750947266667
0.457892592850000
0.457994827500000
0.458078544916667
0.458168157633333
0.458148537450000
0.452988389816667
0.441589257516667
0.427221407366667
0.410451618783333
0.391917282200000
0.372133094716667
0.351397369550000
0.330014991750000
0.308225751533333
0.291170343333333
0.280129987266667
0.271928266883333
0.266091601683333
0.261927789850000
0.258939478333333
0.256908010700000
0.255550272083333
0.254648082633333
0.254091838216667
0.253752025700000
0.253535747166667
0.253364640133333
0.253295032450000
0.251811182000000
0.248146481916667
0.246493099666667
0.247964600516667
0.252523158800000
0.259351227700000
0.267787295933333
0.277148691200000
0.287031214933333
0.298814729250000
0.313132938766667
0.325571035633333
0.335002768150000
0.341468685316667
0.345769729500000
0.348535399200000
0.350492150750000
0.351929708116667
0.353002101600000
0.353733315166667
0.354327460500000
0.354786261183333
0.355114279516667
0.355378199183333
0.355611593150000
0.355725191983333
0.355816477400000
0.355885250883333
0.355954657183333
0.355985810683333
0.355995518650000
0.356037837816667
0.356043044400000
0.356049950200000
0.356082544916667
0.356084322250000
0.356067000416667
0.356015990233333
0.355947643883333
0.355888924516667
0.355828402016667
0.355815299916667
0.355814302316667
0.355826653350000
0.355884351466667
0.355947960650000
0.356060303166667
0.356207669183333
0.356357684716667
0.356425727200000
0.356405801716667
0.356348995850000
0.356306361350000
0.356230155316667
0.356191548483333
0.356199263400000
0.356196282066667
0.356192258700000
0.356211076216667
0.356233844716667
0.356270231316667
0.356327917966667
0.356423974950000
0.356439221316667
0.356381913066667
0.356343657400000
0.356282270600000
0.356258945966667
0.356279643300000
0.351357241950000
0.340803606466667
0.327200633150000
0.310904020150000
0.292584620500000
0.272800102633333
0.251988052466667
0.230565506933333
0.208776144166667
0.191665050250000
0.179921406250000
0.171082536950000
0.164884361433333
0.160691132583333
0.157938592216667
0.156178792133333
0.154989422883333
0.154126999116667
0.153475435166667
0.153030034000000
0.152677435433333
0.152393019100000
0.152189310900000
0.154952405616667
0.163052145766667
0.175362655183333
0.190762914550000
0.208562498666667
0.227834943150000
0.248121536183333
0.268984352150000
0.290192711816667
0.308796043333333
0.322305666516667
0.331835670516667
0.338399402650000
0.342730931683333
0.345721128033333
0.347808383866667
0.349366515383333
0.350557401100000
0.351354965100000
0.351947468550000
0.352291265733333
0.352508536133333
0.352578444100000
0.352522329100000
0.352371685766667
0.352233354766667
0.352146308433333
0.352164766183333
0.352253063816667
0.352453319833333
0.352710170300000
0.353003132166667
0.353352944333333
0.353773680700000
0.354171774700000
0.354551445350000
0.354877363133333
0.355181341600000
0.355449619316667
0.355687208650000
0.355892258450000
0.356041074283333
0.356079194500000
0.356089197016667
0.356070745000000
0.356062997833333
0.356032227033333
0.355993962766667
0.355999991366667
0.356035925033333
0.356053939166667
0.356110752916667
0.356150816733333
0.356167131650000
0.356143846433333
0.356138621933333
0.356117762633333
0.356070726366667
0.356031061016667
0.356024649716667
0.356043490883333
0.356095781033333
0.356129133983333
0.356204257133333
0.356266774116667
0.356280572100000
0.356274344266667
0.356234884600000
0.356153641116667
0.356114623633333
0.351326463983333
0.341031621133333
0.327378711200000
0.311262743350000
0.293004057550000
0.273189922716667
0.252372575666667
0.230950056650000
0.209098049333333
0.191726210583333
0.179751739716667
0.171017197016667
0.164641909516667
0.160389335650000
0.157647143950000
0.155904713000000
0.154771989083333
0.153993530700000
0.153434615983333
0.153008052400000
0.152680872566667
0.152459661933333
0.152308537716667
0.155058194216667
0.163197587533333
0.175583421483333
0.191085193816667
0.209027512133333
0.228473501750000
0.248985168250000
0.270047913433333
0.291491892316667
0.310405382833333
0.324137313866667
0.333854295483333
0.340605462466667
0.345044476450000
0.348041501916667
0.350056678283333
0.351520082950000
0.352607636083333
0.353382643000000
0.353988267183333
0.354426635700000
0.354762700050000
0.355040439916667
0.355287618966667
0.355423478900000
0.355547292383333
0.355657914900000
0.355745944500000
0.355746634650000
0.355738624466667
0.355656348983333
0.355562017016667
0.355488381666667
0.355484718066667
0.355487427066667
0.355458065233333
0.355474842400000
0.355565543733333
0.355646152250000
0.355801900400000
0.355938002566667
0.356056039716667
0.356155567516667
0.356202792266667
0.356302092883333
0.356366700383333
0.356422292216667
0.356465145300000
0.356488492150000
0.356481212250000
0.356455804266667
0.356400209566667
0.356376250683333
0.356336302250000
0.356307184083333
0.356242684083333
0.356223323333333
0.356251244666667
0.356312473800000
0.356309872300000
0.356304797583333
0.356301192033333
0.356281469366667
0.356259802383333
0.356241503733333
0.356267657766667
0.356221364683333
0.356178866350000
0.356215043683333
0.356282231900000
0.356346918950000
0.351663427750000
0.341374167733333
0.327972084683333
0.311710268716667
0.293320882266667
0.273507267733333
0.252681942750000
0.231185675866667
0.209264773233333
0.191883953216667
0.179942284900000
0.171010137133333
0.164728252083333
0.160549844616667
0.157728564450000
0.155903966233333
0.154707941300000
0.153953916233333
0.153402486383333
0.152984297050000
0.152674054200000
0.152489835750000
0.152345725550000
0.152236222466667
0.154829867083333
0.163248519600000
0.175425252433333
0.190789264233333
0.208752265550000
0.228235797033333
0.248715752466667
0.269787456700000
0.291300552350000
0.310375327266667
0.323877001183333
0.333791047500000
0.340699404566667
0.345104520216667
0.348064707583333
0.350030001083333
0.351414347383333
0.352435769383333
0.353283879883333
0.353978433800000
0.354486180666667
0.354838924716667
0.355118353050000
0.355339078500000
0.355512442316667
0.355669377983333
0.355795604483333
0.355866671300000
0.355856383550000
0.355835573700000
0.355829689150000
0.355845174166667
0.355842101816667
0.355885054516667
0.355945154183333
0.355969176850000
0.355970565033333
0.355965723950000
0.355957472966667
0.355965036666667
0.356031534016667
0.356163310383333
0.356296302933333
0.356339259933333
0.356384958900000
0.356385829650000
0.356400893983333
0.356482811133333
0.356531702133333
0.356500371616667
0.356417825950000
0.356336803916667
0.356317532750000
0.356295311783333
0.356294312033333
0.356262324333333
0.356155419166667
0.356020300266667
0.355929252066667
0.355854032883333
0.355789365183333
0.355711986683333
0.355666234683333
0.355674562350000
0.355752001050000
0.355872164550000
0.356016977800000
0.356174048916667
0.356265476233333
0.356323716150000
0.356421616400000
0.356016771400000
0.348209641233333
0.336046334433333
0.321254234100000
0.304040605250000
0.284802346483333
0.264455147816667
0.243315112283333
0.221679969016667
0.200161375816667
0.185782600083333
0.175556573000000
0.167868390150000
0.162485880200000
0.158995973683333
0.156565974883333
0.154887741500000
0.153651740183333
0.152770393550000
0.152115570916667
0.151649895966667
0.151285912433333
0.151063773716667
0.150953825583333
0.153873220283333
0.162304337783333
0.174662509116667
0.190529638116667
0.208710936816667
0.228303664650000
0.248865147366667
0.270051942533333
0.291600057383333
0.310529777533333
0.324171307516667
0.334096670000000
0.340614152766667
0.344935607616667
0.347949434616667
0.349996057600000
0.351399945250000
0.352418431066667
0.353140140916667
0.353760105600000
0.354300718083333
0.354804920316667
0.355186250050000
0.355413784550000
0.355601396416667
0.355743437600000
0.355899262433333
0.356080808433333
0.356160946100000
0.356114007300000
0.355996206650000
0.355905974733333
0.355889195416667
0.355864453933333
0.355913516933333
0.355967470466667
0.355975558766667
0.355997309600000
0.356037102516667
0.356165173000000
0.356266172833333
0.356346599316667
0.356439641283333
0.356470357616667
0.356432593583333
0.356372845083333
0.356372458083333
0.356436538833333
0.356448636166667
0.356421682333333
0.356321021483333
0.356180587783333
0.356032359616667
0.355866021283333
0.355720287116667
0.355531689116667
0.355292439266667
0.355104407433333
0.354975221100000
0.354952676916667
0.354941509100000
0.354976618600000
0.355116328466667
0.355281677800000
0.355469074666667
0.355644254516667
0.355758408050000
0.355800365300000
0.355767374983333
0.355714228416667
0.355659513783333
0.355162011666667
0.347044072483333
0.334813606850000
0.319883938050000
0.302672405450000
0.283593065366667
0.263354763483333
0.242394227150000
0.220919440200000
0.199496653150000
0.185475618066667
0.175404933500000
0.167971386616667
0.162706599200000
0.159288656766667
0.157001411516667
0.155458155850000
0.154401106916667
0.153670988416667
0.153112977416667
0.152675882416667
0.152321692850000
0.152038282000000
0.151817555116667
0.153990712766667
0.162034626016667
0.174302382683333
0.189776316816667
0.207656547433333
0.227123536100000
0.247651345516667
0.268867491050000
0.290510656683333
0.310052006683333
0.323930276033333
0.333723294550000
0.340482088300000
0.344976880450000
0.348026861133333
0.350067999466667
0.351469146583333
0.352471209266667
0.353253218016667
0.353903867500000
0.354467449150000
0.354885556066667
0.355161100066667
0.355330312233333
0.355436120900000
0.355548202550000
0.355608154583333
0.355674611800000
0.355762740300000
0.355816375633333
0.355894277300000
0.355975836833333
0.356082020316667
0.356188839483333
0.356258308850000
0.356337569316667
0.356391719933333
0.356401706683333
0.356388668366667
0.356383398716667
0.356372053166667
0.356319156000000
0.356255078833333
0.356216768700000
0.356240562033333
0.356275230783333
0.356296963700000
0.356314016783333
0.356273677766667
0.356269829983333
0.356306727566667
0.356357565750000
0.356381184216667
0.356353711516667
0.356322823183333
0.356287144650000
0.356308014700000
0.356357823033333
0.356397091350000
0.356429951950000
0.356486119266667
0.356542760300000
0.356614743016667
0.356670205850000
0.356721366533333
0.356740838366667
0.356771085283333
0.356778565850000
0.356719524700000
0.356654205550000
0.356655736350000
0.351663159000000
0.341528145000000
0.327928575850000
0.311704705950000
0.293350068516667
0.273541338783333
0.252718360166667
0.231284342233333
0.209398067500000
0.192258235250000
0.180076641266667
0.171260797750000
0.164966384650000
0.160749437000000
0.157965581883333
0.156185158283333
0.154965130033333
0.154119950700000
0.153508331600000
0.153068280350000
0.152749774333333
0.152494737033333
0.152269407000000
0.152238345233333
0.157683282583333
0.168012329783333
0.181850222850000
0.198593696866667
0.217307849416667
0.237290599433333
0.258120172100000
0.279469720116667
0.300971786983333
0.317254926650000
0.328851969316667
0.337129795400000
0.342644280233333
0.346326934250000
0.348768489300000
0.350490596300000
0.351718007650000
0.352643274483333
0.353366801800000
0.353947341933333
0.354342314850000
0.354590637700000
0.354719716533333
0.354764579150000
0.354749500483333
0.354762687150000
0.354772242466667
0.354794485650000
0.354839047983333
0.354932603800000
0.355032681283333
0.355105871583333
0.355208316933333
0.355278765266667
0.355371430266667
0.355490791100000
0.355588434783333
0.355667024450000
0.355726079216667
0.355758310583333
0.355803795266667
0.355851763916667
0.355966184050000
0.356058581016667
0.356113801616667
0.356157007300000
0.356203311133333
0.356244652050000
0.356290386850000
0.356386294050000
0.356482334550000
0.356524398583333
0.356464984766667
0.356407006433333
0.356414811650000
0.356409515483333
0.356409694650000
0.356422160350000
0.356419324500000
0.356367401283333
0.356323385766667
0.356354379450000
0.356451491366667
0.356455787783333
0.356468983766667
0.356436621966667
0.356407298116667
0.356356135283333
0.356422396850000
0.356488337350000
0.355876715383333
0.347600302566667
0.335557294000000
0.320593715400000
0.303311022100000
0.284232215933333
0.263950969950000
0.242769663016667
0.221037976866667
0.199648630200000
0.185666652016667
0.175298185283333
0.167702400833333
0.162380839800000
0.158811900000000
0.156414514550000
0.154839036833333
0.153814913000000
0.153090825966667
0.152607064500000
0.152357690300000
0.152285969166667
0.152294917466667
0.152353538650000
0.154829476500000
0.163473883316667
0.175758431483333
0.191276393316667
0.209209762616667
0.228530895283333
0.248833839066667
0.269812542900000
0.291187865833333
0.310493744250000
0.323847559083333
0.333690421766667
0.340452892016667
0.344899701183333
0.348021680350000
0.350188790766667
0.351720300266667
0.352828974283333
0.353616440450000
0.354244940633333
0.354770123283333
0.355177824200000
0.355446366366667
0.355619229950000
0.355721495416667
0.355810605750000
0.355912958650000
0.356013886816667
0.356065338466667
0.356087178166667
0.356118639833333
0.356159580133333
0.356179301366667
0.356178709400000
0.356142200250000
0.356097231566667
0.356018864066667
0.355953466083333
0.355838036883333
0.355608581716667
0.355292857083333
0.354934342433333
0.354534898233333
0.354157163300000
0.353882242083333
0.353721255100000
0.353555740216667
0.353401938533333
0.353282778366667
0.353239816350000
0.353215969266667
0.353238198833333
0.353326656283333
0.353407620266667
0.353447292066667
0.353493337183333
0.353529777533333
0.353635432833333
0.353758852866667
0.353949707650000
0.354132623916667
0.354255142383333
0.354334197883333
0.354451949083333
0.354652805666667
0.354924494000000
0.355260482383333
0.355578557683333
0.355897528816667
0.356191576433333
0.356483059100000
0.356701266183333
0.352125153150000
0.341593015516667
0.328114558016667
0.311928007100000
0.293563129933333
0.273634081900000
0.252701812333333
0.231136240916667
0.209228018983333
0.191791400016667
0.180051591616667
0.171120113933333
0.164767207933333
0.160523995883333
0.157765282150000
0.156028219033333
0.154898759533333
0.154132172733333
0.153573717400000
0.153187723600000
0.152902220800000
0.152649830866667
0.152460586433333
0.152511019700000
0.157823972133333
0.168552695733333
0.182410135883333
0.199305659333333
0.218107685966667
0.238095125133333
0.258892852716667
0.280238844633333
0.301748285283333
0.318277503916667
0.329598500916667
0.337928154900000
0.343334805766667
0.346924262300000
0.349361609800000
0.351045346466667
0.352263879033333
0.353174406900000
0.353835986266667
0.354307629616667
0.354655110466667
0.354950573500000
0.355176058333333
0.355398191316667
0.355572765583333
0.355665559583333
0.355730491733333
0.355767557733333
0.355846689200000
0.355937806200000
0.356027960000000
0.356114139166667
0.356163668000000
0.356196600983333
0.356216378833333
0.356178063683333
0.356142486916667
0.356078588916667
0.356117201483333
0.356159934166667
0.356195617000000
0.356222982200000
0.356253608233333
0.356241659250000
0.356331402400000
0.356456264366667
0.356546614533333
0.356537872633333
0.356522573950000
0.356476373316667
0.356433743116667
0.356423867450000
0.356500588766667
0.356497444750000
0.356498914633333
0.356519146133333
0.356512936933333
0.356490555433333
0.356498477466667
0.356502465000000
0.356501050300000
0.356518486800000
0.356559442150000
0.356550676600000
0.356527377766667
0.356559059450000
0.356534000483333
0.356504566983333
0.356513653600000
0.356501068933333
0.356419755933333
0.355594442600000
0.347593802400000
0.335384035533333
0.320371118016667
0.303086037500000
0.283912446433333
0.263528394616667
0.242340455650000
0.220706383083333
0.199508833616667
0.185289130650000
0.175137641200000
0.167672659883333
0.162473943400000
0.159089745216667
0.156861280966667
0.155421830166667
0.154459497333333
0.153771802633333
0.153282141566667
0.152945095383333
0.152683003216667
0.152482949300000
0.152344924316667
0.154731908066667
0.162993449333333
0.175452196233333
0.190779921766667
0.208681577133333
0.228156334466667
0.248614258133333
0.269741640200000
0.291285256533333
0.310644480033333
0.324346444366667
0.333984915866667
0.340900299133333
0.345362748833333
0.348317455850000
0.350369721866667
0.351794851516667
0.352792422850000
0.353459893933333
0.353960086416667
0.354352597583333
0.354698038800000
0.354924748416667
0.355151078200000
0.355340722533333
0.355536071533333
0.355721630866667
0.355884822316667
0.356012804650000
0.356096315666667
0.356150203983333
0.356246617150000
0.356251543516667
0.356193596000000
0.356158855583333
0.356144959416667
0.356197490366667
0.356295554016667
0.356421238000000
0.356502785350000
0.356497128700000
0.356478492500000
0.356466634533333
0.356368089283333
0.356311876100000
0.356249244450000
0.356232821316667
0.356216567316667
0.356160000100000
0.356149995433333
0.356185573633333
0.356259593116667
0.356330882100000
0.356371335783333
0.356403167250000
0.356343218083333
0.356272963250000
0.356262180283333
0.356323433783333
0.356383445300000
0.356432164300000
0.356466920483333
0.356491666983333
0.356546423183333
0.356606057016667
0.357328557350000
0.348805142500000
0.331065535500000
0.307883847066667
0.282826738000000
0.252607646633333
0.217976467883333
0.181312195598333
0.143327713018333
0.103897731258333
0.0731650445950000
0.0513328781520000
0.0348699089020000
0.0202775779686667
0.0108792356686667
0.00589713741866667
0.00291930120366667
0.00127054761700000
0.000403523710333333
6.80058903333333e-05
0
0
0
0
0
0
0
0
0
0
0
0
0
0
0
0
0
0
0
0
0
0
0
0
0
0
0
0
0
0
0
0.000782031468333333
0.00307309268166667
0.00737166221500000
0.0139269308733333
0.0223420459233333
0.0323824197900000
0.0437267113233333
0.0560332031066667
0.0691718144066667
0.0822744585716667
0.0945901289916667
0.105662526508333
0.115147463283333
0.123533597766667
0.130949711016667
0.141342702083333
0.150614301166667
0.159287812533333
0.167707505650000
0.175962727350000
0.184210139533333
0.192524919100000
0.200989848933333
0.209562035816667
0.214682097416667
0.220920161883333
0.227879228133333
0.235304321216667
0.243261168066667
0.251323738300000
0.259487947633333
0.267713589633333
0.276297471800000
0.285118491800000
0.293739719466667
0.302489391716667
0.311042349716667
0.319390846300000
0.327901194166667
0.332130265666667
0.344083718133333
0.356155143966667
0.367403534750000
0.377056220616667
0.383800627283333
0.387931225916667
0.389787996733333
0.383439992733333
0.375229620033333
0.354922126133333
0.331031938166667
0.304853034350000
0.277976985150000
0.251855704916667
0.226844635950000
0.202761800100000
0.185525781150000
0.173370971866667
0.164504389066667
0.157891140283333
0.153229904450000
0.150033766766667
0.147822675233333
0.146288958400000
0.145160257850000
0.144373948383333
0.143818003533333
0.143358942700000
0.142990675650000
0.142728814966667
0.142666159666667
0.147653733250000
0.157370855333333
0.170651758650000
0.186896631900000
0.205334977433333
0.225188376283333
0.245980829916667
0.267264788600000
0.288697846916667
0.305477928266667
0.317820092850000
0.326806915116667
0.332947413300000
0.337066939433333
0.339859246200000
0.341807265883333
0.343353538716667
0.344700114533333
0.345733952783333
0.346494873616667
0.347120805983333
0.347587429800000
0.347805518633333
0.347922976716667
0.347912630200000
0.347862814700000
0.347725664050000
0.347659992300000
0.347628607316667
0.347548081933333
0.347501147433333
0.347460935266667
0.347447891933333
0.347474303250000
0.347452318783333
0.347472210583333
0.347544682783333
0.347713925766667
0.347865422650000
0.348015585816667
0.348147108483333
0.348246151816667
0.348275017000000
0.348316906166667
0.348347224033333
0.348310881150000
0.348238576650000
0.348175176016667
0.348142266683333
0.348185629316667
0.348238265616667
0.348351554133333
0.348441098766667
0.348523816433333
0.348581746750000
0.348571765733333
0.348614132916667
0.348651175266667
0.348711722133333
0.348697889033333
0.348711945016667
0.348713973183333
0.348684679433333
0.348583601483333
0.348543806416667
0.348549520400000
0.348538000700000
0.348489267366667
0.348581994000000
0.348628147333333
0.348628039833333
0.343898688416667
0.334053439233333
0.320780933816667
0.304969911216667
0.287063858383333
0.267633491383333
0.247093214116667
0.225856944583333
0.204202603250000
0.186989649500000
0.174747168950000
0.165725289500000
0.159082684616667
0.154487147766667
0.151385894600000
0.149316339000000
0.147957583433333
0.147044114366667
0.146420221633333
0.145972089250000
0.145664063050000
0.145433719216667
0.145249305833333
0.145293668933333
0.150178403000000
0.159801863916667
0.173005757816667
0.188962997616667
0.207167588700000
0.226903644850000
0.247492477000000
0.268606519750000
0.289908354966667
0.306758571466667
0.319163778350000
0.328160365916667
0.334547228300000
0.338721214650000
0.341487096483333
0.343378730983333
0.344735822450000
0.345749478650000
0.346524912700000
0.347048227000000
0.347429355350000
0.347575808333333
0.347668023266667
0.347710643433333
0.347824844266667
0.347997717166667
0.348223791816667
0.348323680100000
0.348326245766667
0.348404905666667
0.348472192783333
0.348553887766667
0.348579537266667
0.348634773633333
0.348652639416667
0.348721463783333
0.348671086416667
0.348626291883333
0.348529119766667
0.348593952300000
0.348675975516667
0.348770951766667
0.348870812816667
0.348887845833333
0.348705487133333
0.348712505450000
0.348727333283333
0.349223796950000
0.349214704600000
0.349056144966667
0.348818781383333
0.348517392950000
0.348339485466667
0.348262297600000
0.348109826766667
0.348262701800000
0.347793189100000
0.347735593466667
0.347795922466667
0.347879127466667
0.347967260983333
0.348113516166667
0.348283665016667
0.348479391700000
0.348352639166667
0.348337765466667
0.348415067283333
0.348519411083333
0.348677964266667
0.348884328433333
0.344307212066667
0.334299057383333
0.321090435633333
0.305133562766667
0.286969785133333
0.267127343400000
0.246230890683333
0.224702267733333
0.202694470700000
0.185087988833333
0.172676187183333
0.163304479800000
0.156639707700000
0.152069475633333
0.149044234283333
0.147031006533333
0.145614901150000
0.144591809316667
0.143824233516667
0.143297195416667
0.142934150000000
0.142691820633333
0.142589381016667
0.142705416516667
0.148168671150000
0.158114563983333
0.171896482516667
0.188636831866667
0.208249250833333
0.228974883183333
0.250348062566667
0.272108740750000
0.294042721833333
0.310831379533333
0.323306300883333
0.332102325700000
0.338026083816667
0.341097038466667
0.343031156250000
0.344307417750000
0.345206946216667
0.345841411216667
0.346417561050000
0.346873217716667
0.347240057883333
0.347531505433333
0.347745960766667
0.347974387516667
0.348177175516667
0.348378361050000
0.348502246200000
0.348517518366667
0.348516053500000
0.348490140266667
0.348484836933333
0.348485102100000
0.348443015850000
0.348434690333333
0.348428911850000
0.348465155833333
0.348527756666667
0.348559335150000
0.348559809583333
0.348553877733333
0.348589367066667
0.348634875400000
0.348683309883333
0.348670125366667
0.348659793900000
0.348579955083333
0.348547999633333
0.348593204100000
0.348653255750000
0.348663539916667
0.348636037833333
0.348556700683333
0.348506025183333
0.348472502383333
0.348553421216667
0.348665512183333
0.348711448366667
0.348679389716667
0.348598212883333
0.348615644366667
0.348656434166667
0.348754753666667
0.348901459633333
0.349004601583333
0.348998406716667
0.349025745400000
0.349014608400000
0.349085178566667
0.349088934616667
0.349078360916667
0.348465042600000
0.340542142100000
0.328414895100000
0.313722953950000
0.296465212116667
0.277598011816667
0.257429066066667
0.236391977550000
0.214759653650000
0.193355501366667
0.178944049933333
0.168540352583333
0.160664370100000
0.155257934233333
0.151480820683333
0.148951744866667
0.147312426483333
0.146287686316667
0.145561503750000
0.145058560700000
0.144720289016667
0.144464360183333
0.144262233666667
0.144155992850000
0.146199159350000
0.153512668866667
0.165155758083333
0.180024749583333
0.197267771083333
0.216067362483333
0.236276651550000
0.257192886416667
0.278596222416667
0.298199242300000
0.312842517483333
0.323390724216667
0.330837789583333
0.336043775216667
0.339815692216667
0.342227239000000
0.343941567300000
0.345198328300000
0.346081832816667
0.346698911483333
0.347076293816667
0.347397637116667
0.347639846800000
0.347750156133333
0.347874929950000
0.348242429450000
0.348322645950000
0.348365228850000
0.348404807483333
0.348446376300000
0.348471674633333
0.348441859150000
0.348477380733333
0.348485704816667
0.348227836683333
0.348164963516667
0.348201127950000
0.348384953666667
0.348452736000000
0.348494528416667
0.348566182900000
0.348580457466667
0.348549233733333
0.348549339083333
0.348635303250000
0.348719702216667
0.348622975866667
0.348692399366667
0.348741057450000
0.349020195533333
0.349081064900000
0.349100718050000
0.349096532000000
0.348977174750000
0.348872152983333
0.348809673983333
0.348772919016667
0.348712088350000
0.348458241433333
0.348431100550000
0.348520970550000
0.348975397416667
0.349172054333333
0.349203154800000
0.349117183466667
0.349019476716667
0.348925882916667
0.348834230566667
0.348847255266667
0.348871380416667
0.347737560716667
0.340179758883333
0.328619402383333
0.314099689133333
0.297280479216667
0.278652955183333
0.258736065400000
0.237881096216667
0.216349689733333
0.195267652600000
0.180598931450000
0.169877605283333
0.162059922200000
0.156381605933333
0.152451400916667
0.149723879383333
0.147806965900000
0.146484821250000
0.145498983183333
0.144864549000000
0.144497394933333
0.144298204600000
0.144238884666667
0.144282361250000
0.146766999433333
0.154796327083333
0.166650997083333
0.181687244966667
0.199151181116667
0.218302129100000
0.238473760200000
0.259325115233333
0.280646311916667
0.299852253316667
0.313817832016667
0.324027121350000
0.332097734016667
0.338274818033333
0.341467795933333
0.343372252316667
0.344589320733333
0.345440932150000
0.346085252750000
0.346544322900000
0.347027140516667
0.346532552366667
0.345551588350000
0.345809798333333
0.346316298200000
0.346848694816667
0.347375942900000
0.347766363550000
0.348034081550000
0.348234204266667
0.348359570766667
0.348412458616667
0.348442203150000
0.348508953483333
0.348634524950000
0.348612204366667
0.348636592533333
0.348615197166667
0.348596444150000
0.348931103116667
0.349532429450000
0.349485982283333
0.349265788600000
0.348954803283333
0.348731590283333
0.348527867033333
0.348476589533333
0.348410517166667
0.348113132033333
0.347583698116667
0.347696637616667
0.347945376850000
0.348250370833333
0.348465695483333
0.348653491533333
0.348778066833333
0.348870612866667
0.348877353833333
0.348891703650000
0.348932324316667
0.348943905650000
0.348838340650000
0.348743461866667
0.348640764250000
0.348571274816667
0.348515126850000
0.348503842216667
0.348503008016667
0.348536562350000
0.349032335150000
0.349293445483333
0.348882179866667
0.341551671016667
0.329934157483333
0.315365284483333
0.298366448516667
0.279585371483333
0.259503187550000
0.238094454333333
0.216424825783333
0.195055760783333
0.180426709283333
0.169875689633333
0.162191753033333
0.156804265833333
0.153116097066667
0.150645078416667
0.149017232433333
0.147903791150000
0.147178469300000
0.146646183050000
0.146246451466667
0.145957794616667
0.145759283683333
0.145564902183333
0.147587898100000
0.154970489266667
0.166410720966667
0.180983656750000
0.198179399033333
0.217066383633333
0.237240407683333
0.258269972633333
0.279697177933333
0.299214730300000
0.313630556983333
0.324186677866667
0.331777032850000
0.336842687983333
0.340234374616667
0.342352027150000
0.343747461000000
0.344792350966667
0.346187182100000
0.347621649916667
0.347816830500000
0.347743387933333
0.347616437600000
0.347564876300000
0.347563919550000
0.347542841666667
0.347538639133333
0.346971734300000
0.346175001633333
0.346601451266667
0.346950805483333
0.347218534233333
0.347404734983333
0.347426442100000
0.347358851116667
0.347192878283333
0.346845664750000
0.346443985266667
0.345888449633333
0.345558974316667
0.345330103233333
0.345132708150000
0.345005224616667
0.344919733450000
0.344838254183333
0.344880205700000
0.344977516850000
0.345121212100000
0.345218707433333
0.345373503850000
0.345465574016667
0.345641788016667
0.345780209316667
0.345989136283333
0.346191510766667
0.346402139100000
0.346685466816667
0.347068048566667
0.347333883166667
0.347638896500000
0.347866655316667
0.348075480516667
0.348328962650000
0.349000030683333
0.349400070433333
0.349464157633333
0.349426427283333
0.349395531066667
0.349378758916667
0.349350883450000
0.349571344450000
0.349503901816667
0.344286131316667
0.333968996550000
0.320620409083333
0.304828005483333
0.286903935650000
0.267510102883333
0.247036316516667
0.225663269716667
0.204041132516667
0.186895901616667
0.174888406750000
0.165965736183333
0.159403373600000
0.154897587066667
0.151810270916667
0.149764682800000
0.148353561833333
0.147416174016667
0.146717131616667
0.146204107933333
0.145819530266667
0.145508669650000
0.145281458366667
0.145262056766667
0.150044506733333
0.159747723333333
0.172880612050000
0.189060366100000
0.207198349466667
0.226716654333333
0.247048648916667
0.268134272966667
0.290905821666667
0.308670519166667
0.320796635983333
0.329459510583333
0.335247441016667
0.339246683966667
0.342009713466667
0.344057647950000
0.345365830500000
0.344862535566667
0.344608231416667
0.345121996850000
0.345771590683333
0.346461527833333
0.346906380750000
0.347242361250000
0.347521144583333
0.347751019000000
0.347891441233333
0.348040037050000
0.348191124000000
0.348311680233333
0.348253877483333
0.348271149150000
0.348299048983333
0.348466202166667
0.348518597666667
0.348566330533333
0.348672734033333
0.348742097333333
0.348757396733333
0.348789736316667
0.348837009800000
0.348937935816667
0.348815567133333
0.348814893466667
0.349246297416667
0.350153898416667
0.349886685666667
0.349536583966667
0.349170600216667
0.348887504700000
0.348662835433333
0.348619090100000
0.348650941633333
0.348277574066667
0.347388838600000
0.347650449166667
0.347975468250000
0.348282420166667
0.348494373616667
0.348593274333333
0.348632418666667
0.349388534966667
0.349378705883333
0.349141016933333
0.348963622583333
0.348942690900000
0.348905732400000
0.348791506483333
0.348673256483333
0.348580129233333
0.347299861566667
0.339802524900000
0.328361194550000
0.314053757250000
0.297080117850000
0.278394084433333
0.258510129066667
0.237786941266667
0.216407723250000
0.195087741316667
0.180536989950000
0.169972462566667
0.162133668633333
0.156736908483333
0.153006961633333
0.150511980516667
0.148812406950000
0.147645574716667
0.146806578066667
0.146225974866667
0.145830845716667
0.145517203000000
0.145268646516667
0.145098363650000
0.147174142066667
0.154492052633333
0.165930218900000
0.180604180316667
0.197709901383333
0.216353250850000
0.237143430500000
0.258341167733333
0.279826734783333
0.299344163883333
0.313819504716667
0.324369672966667
0.331881056300000
0.337132479316667
0.340902009816667
0.342621637150000
0.343976307000000
0.345087357483333
0.345948415283333
0.346889814283333
0.347514685266667
0.347825754433333
0.347949245416667
0.348195843250000
0.348260938083333
0.348261277066667
0.348193266833333
0.348161879700000
0.347942036466667
0.347893164100000
0.348062796950000
0.348212843300000
0.348157786100000
0.348167855266667
0.348244471233333
0.348455651400000
0.348639989533333
0.348677450416667
0.348718823583333
0.348655364900000
0.348609661633333
0.348640407350000
0.348700879683333
0.348714511400000
0.348628353733333
0.348539967233333
0.348577840916667
0.348597026083333
0.348657018250000
0.348785900000000
0.348798945483333
0.348768383233333
0.348717380216667
0.348666195883333
0.348673495133333
0.348688378150000
0.348850154183333
0.348902757516667
0.348823379516667
0.348818506183333
0.348972714933333
0.349109841933333
0.349227045600000
0.349212928700000
0.349173725600000
0.348927968416667
0.348831887783333
0.348809708383333
0.348851911450000
0.349145192950000
0.349353069283333
0.349298240700000
0.344526246183333
0.334551589933333
0.321416042383333
0.305591318550000
0.287618152033333
0.268115833133333
0.247241463783333
0.225796195616667
0.204166387933333
0.187015940416667
0.174844091666667
0.165765365500000
0.159246863633333
0.154801128750000
0.151752084750000
0.149632505100000
0.148180032466667
0.147078273566667
0.146203376933333
0.145484638383333
0.144849923266667
0.144227019533333
0.143643460083333
0.143090372583333
0.144875139183333
0.152233346483333
0.163561168300000
0.178151539150000
0.195275505116667
0.213994076633333
0.232271400066667
0.248812292483333
0.263794743066667
0.275164615300000
0.280119293166667
0.280660301966667
0.277676174350000
0.272028995100000
0.264744483350000
0.257894472983333
0.252771332583333
0.249217264333333
0.247013902766667
0.245719184233333
0.244985963283333
0.244644966116667
0.244522114400000
0.244518423566667
0.244609153566667
0.244728862700000
0.244845156200000
0.244976803566667
0.245087079216667
0.245177293216667
0.245246326133333
0.245238753116667
0.245185909700000
0.245107330783333
0.245039883133333
0.244991844966667
0.244936988433333
0.244879545450000
0.244802235033333
0.244715807900000
0.244649342800000
0.244623823016667
0.244611317183333
0.244630728100000
0.244653252933333
0.244698969816667
0.244721752650000
0.244768163266667
0.244805981766667
0.244871081616667
0.244911361866667
0.244954360433333
0.244947991416667
0.244919812083333
0.244873064633333
0.244839748950000
0.244823707083333
0.244818729116667
0.244806098583333
0.244798673200000
0.244788721566667
0.244796267350000
0.244833494600000
0.244875001066667
0.244913690316667
0.244922307516667
0.244912426116667
0.244913155683333
0.244915282750000
0.244915023316667
0.244919458050000
0.244897833350000
0.244871212766667
0.244862211433333
0.244850275350000
0.244897596850000
0.244942437966667
0.244983669950000
0.245013989966667
0.245035581700000
0.245063127500000
0.245099346400000
0.245130785850000
0.245158199066667
0.245131938966667
0.245103310283333
0.245081235516667
0.245054786933333
0.245055017700000
0.245047656816667
0.245037601266667
0.241379586250000
0.232095426150000
0.219672993466667
0.204372491950000
0.187009340633333
0.168159905783333
0.148157287616667
0.127437765208333
0.106163852041667
0.0881380793250000
0.0754629266833334
0.0656991424333333
0.0586482386466667
0.0535464896716667
0.0498396596216667
0.0472035400350000
0.0452424705683333
0.0437963479600000
0.0427389968800000
0.0419507456050000
0.0413761616883333
0.0409623252450000
0.0407263803033333
0.0437220089866667
0.0513997474233333
0.0624783566483333
0.0767445694900000
0.0936957403866667
0.112589073936667
0.132984367386667
0.154220629466667
0.175965750966667
0.194926800916667
0.209503867566667
0.220879051733333
0.229188912816667
0.234876005383333
0.238668794583333
0.240991378666667
0.242466373266667
0.243357164133333
0.243881898866667
0.244170853133333
0.244338513000000
0.244420648733333
0.244469894483333
0.244472130483333
0.244467927233333
0.244457701833333
0.244458232166667
0.244485507783333
0.244502088583333
0.244508225400000
0.244530042883333
0.244525321483333
0.244560602266667
0.244582126633333
0.244617638183333
0.244671664100000
0.244698823616667
0.244734210466667
0.244744738300000
0.244745884966667
0.244751655566667
0.244741712533333
0.244743681933333
0.244750164183333
0.244728771683333
0.244726374433333
0.244741660216667
0.244771245650000
0.244787038833333
0.244813083216667
0.244833809933333
0.244850372100000
0.244854351750000
0.244855840266667
0.244870685300000
0.244866115833333
0.244848452866667
0.244857548083333
0.244889143766667
0.244921565766667
0.244952757966667
0.244991174166667
0.245030947733333
0.245048956850000
0.245077273783333
0.245118266400000
0.245150901966667
0.245134989100000
0.245105516183333
0.245071038783333
0.245037495200000
0.245003580383333
0.244978092133333
0.244947022483333
0.244921701933333
0.244881241083333
0.244855997933333
0.244850324800000
0.244855076300000
0.244845323900000
0.244845431400000
0.244850063933333
0.244856096116667
0.244877277916667
0.244898560766667
0.244930855200000
0.244943834750000
0.244944545683333
0.244957981750000
0.244988136933333
0.244984654650000
0.244975373100000
0.244949444100000
0.244940545250000
0.244924150783333
0.244916493916667
0.244908847083333
0.240858044266667
0.231569177816667
0.219048561800000
0.203881500750000
0.186569475716667
0.167691136266667
0.147641839450000
0.126847471600000
0.105544490433333
0.0879337174533333
0.0752460944533333
0.0656250049866667
0.0585308743033333
0.0534450715200000
0.0498149907366667
0.0472904489116667
0.0454834763950000
0.0437272918950000
0.0403596873400000
0.0360689405100000
0.0312294390391667
0.0262905772891667
0.0214873289391667
0.0167778420891667
0.0121349339308333
0.00752507879750000
0.00338028729750000
0.00119412264916667
0.000223622395833333
0
0
0
0
0
0
0
0
0
0
0
0
0
0
0
0
0
0
0
0
0
0
0
0
0
0
0
0
0
0
0
0
0
0
0
0
0
0
0
0
0
0
0
0
0
0
0
0
0
0
0
0.000262971488000000
0.00125823916800000
0.00320148484800000
0.00635134449800000
0.0109103449646667
0.0167544431446667
0.0240370170280000
0.0325539087780000
0.0422398028280000
0.0526642376733333
0.0632725708766667
0.0736986528800000
0.0836859984300000
0.0929272509800000
0.101554317616667
0.109512927466667
0.116987575183333
0.124105641816667
0.130928781483333
0.137574554033333
0.144171957316667
0.150758834200000
0.157572462983333
0.164545393866667
0.171611411866667
0.178861446216667
0.186162740866667
0.189133281200000
0.183312777550000
0.192863970516667
0.204069998416667
0.214976710483333
0.224712387783333
0.232957988233333
0.239599680083333
0.244789586583333
0.253163227416667
0.269280805616667
0.268757350850000
0.259839803016667
0.245961644750000
0.229063755583333
0.210330637883333
0.190196013300000
0.169312443383333
0.147806334516667
0.125951253416667
0.104126161950000
0.0879586779500000
0.0759326820466667
0.0670871957633333
0.0605938109133333
0.0560766207800000
0.0528218024300000
0.0505784823966667
0.0489598312466667
0.0478223849266667
0.0469945995950000
0.0463865732166667
0.0459481516666667
0.0456103546316667
0.0465478847066667
0.0526579388900000
0.0631268464566667
0.0768162110733333
0.0934789908600000
0.112223665025000
0.132477907940000
0.153737633256667
0.175680087991667
0.196851269500000
0.213160461433333
0.225468276900000
0.234799118516667
0.241212653083333
0.245552592200000
0.248347691816667
0.250117349650000
0.251172128183333
0.251760997416667
0.252120851516667
0.252186928900000
0.252030956433333
0.251877731666667
0.251731958800000
0.251630020133333
0.251573761800000
0.251565838333333
0.251587865083333
0.251571198283333
0.251534730700000
0.251515882366667
0.251470790416667
0.251389460933333
0.251270711416667
0.251145440950000
0.251059606500000
0.250994189883333
0.250972365233333
0.250940206966667
0.250890717550000
0.250880879866667
0.250930467466667
0.251024153716667
0.251138908533333
0.251258523783333
0.251414990033333
0.251546668216667
0.251717717200000
0.251920606250000
0.252051301166667
0.252131180833333
0.252206401450000
0.252239305766667
0.252194444583333
0.252124500066667
0.252048406550000
0.251975427666667
0.251843981683333
0.251757552400000
0.251703391750000
0.251625381150000
0.251555673133333
0.251538940400000
0.251534829600000
0.251588290066667
0.251639424950000
0.251758735616667
0.251866168250000
0.251951551916667
0.252036457566667
0.252088815800000
0.252124775983333
0.252205445416667
0.252227299450000
0.252235963950000
0.252190139566667
0.252178990383333
0.252166351250000
0.252190837600000
0.252243837250000
0.252274952050000
0.252241759633333
0.252231717700000
0.252231784350000
0.252231519183333
0.252203196516667
0.252215455816667
0.252182355850000
0.252166665150000
0.252163689550000
0.252174016716667
0.252181051516667
0.252170828983333
0.252197952666667
0.252219014783333
0.252206939666667
0.252222992283333
0.252245273450000
0.251715000316667
0.244389971100000
0.233111822166667
0.218826056150000
0.202110785833333
0.183616609100000
0.163914338050000
0.143350953300000
0.122143567368333
0.101066969018333
0.0864382113516667
0.0755382784500000
0.0674803909166667
0.0616962004800000
0.0575976930333333
0.0546403558500000
0.0524907736666667
0.0509203468016667
0.0497493227850000
0.0488903530650000
0.0482250152833333
0.0477336598016667
0.0473679462350000
0.0471598094650000
0.0506806637983333
0.0596627402983333
0.0719796915450000
0.0873642136283333
0.105145922215000
0.124514066065000
0.145139770930000
0.166545401983333
0.188412272966667
0.206954774533333
0.220303289616667
0.230503855683333
0.237709154266667
0.242607902033333
0.245952430566667
0.248068904183333
0.249431979100000
0.250301619700000
0.250832968550000
0.251154835016667
0.251323701033333
0.251409176433333
0.251425178166667
0.251425048450000
0.251372743250000
0.251331434583333
0.251254157133333
0.251223361966667
0.251190595250000
0.251176856033333
0.251214731866667
0.251295553233333
0.251421406350000
0.251601709650000
0.251753750483333
0.251874982533333
0.251954901616667
0.252077187166667
0.252171790033333
0.252244008533333
0.252269239500000
0.252214506233333
0.252119221100000
0.252035180466667
0.252001343766667
0.251947468350000
0.251806867666667
0.251654710016667
0.251508067116667
0.251341735950000
0.251224695683333
0.251159345000000
0.251110755716667
0.251132189066667
0.251177807050000
0.251304872050000
0.251504111116667
0.251712327866667
0.251931244450000
0.252118616950000
0.252257978516667
0.252370845633333
0.252422343150000
0.252481838666667
0.252467702416667
0.252415498983333
0.252316435583333
0.252237059016667
0.252215842100000
0.252177849450000
0.252147772383333
0.252142658250000
0.252134022416667
0.252138811900000
0.252126719583333
0.252196000466667
0.252281068083333
0.252314771483333
0.252331748600000
0.252347422100000
0.252357274116667
0.252340496950000
0.252354396700000
0.252393151166667
0.252398599266667
0.252378307566667
0.252382110916667
0.252404240150000
0.252422480750000
0.252405106600000
0.252375802816667
0.252341478066667
0.252325685600000
0.252312043133333
0.252321348333333
0.252349567083333
0.252374465516667
0.252388236266667
0.252393503766667
0.247863798483333
0.238149973066667
0.225401624033333
0.209932657833333
0.192285834083333
0.173100800716667
0.152919104033333
0.132033320333333
0.110663382433333
0.0934799575000000
0.0812025397366667
0.0717384389700000
0.0648503779033333
0.0600016463033333
0.0566014492533333
0.0541440684116667
0.0523370925983333
0.0509897442150000
0.0499991715616667
0.0492561061916667
0.0486863246583333
0.0482245025083333
0.0479241659266667
0.0511924690766667
0.0599436079850000
0.0721761624150000
0.0873935141150000
0.104973842235000
0.124396262835000
0.144896036251667
0.166202830801667
0.188047379266667
0.206712985533333
0.220177119016667
0.230355789483333
0.237662649050000
0.242713564500000
0.245963589783333
0.248175896066667
0.249598386233333
0.250466572000000
0.251018942833333
0.251356644766667
0.251558964066667
0.251712745683333
0.251737265000000
0.251792479150000
0.251852062100000
0.251940092416667
0.251992456383333
0.252062805100000
0.252104310850000
0.252130446250000
0.252122118583333
0.252171228883333
0.252193548750000
0.252161041466667
0.252103655816667
0.252065894650000
0.251974572683333
0.251907107833333
0.251842190733333
0.251762151966667
0.251598668833333
0.251386440900000
0.251196542866667
0.250983198366667
0.250778337766667
0.250595589916667
0.250426050950000
0.250282830850000
0.250171591283333
0.250168149850000
0.250196350683333
0.250233217450000
0.250298974483333
0.250356909816667
0.250412498066667
0.250424651300000
0.250438536000000
0.250453445533333
0.250440274633333
0.250489901650000
0.250590803300000
0.250727053100000
0.250890579233333
0.251103393400000
0.251387293733333
0.251707729733333
0.252024431183333
0.252311126516667
0.252528622666667
0.252680887100000
0.252761788016667
0.252812990266667
0.252801082850000
0.252749862683333
0.252632422516667
0.252494591033333
0.252401417916667
0.252345086483333
0.252294433200000
0.252258366950000
0.252233744433333
0.252256649100000
0.252272887333333
0.252309354200000
0.252371000433333
0.252452926183333
0.252495314866667
0.252532035433333
0.252563219750000
0.252562019333333
0.252538446016667
0.252521313383333
0.252525935166667
0.252515552100000
0.252484840783333
0.252424541883333
0.252378144883333
0.251778691916667
0.244313857516667
0.233084332266667
0.218947276016667
0.202257175750000
0.183765770366667
0.164065269483333
0.143503242816667
0.122363896716667
0.101327256116667
0.0868798613416667
0.0759795075416667
0.0678213796266667
0.0620802836466667
0.0580400645633333
0.0551095973633333
0.0530135931800000
0.0514615812800000
0.0503637762300000
0.0495298816016667
0.0489029100683333
0.0484313479166667
0.0480567266133333
0.0486130899966667
0.0549882284300000
0.0654950318966667
0.0793556275300000
0.0958411796633333
0.114341621066667
0.134270904166667
0.155175431566667
0.176775412300000
0.197966036616667
0.213660886116667
0.225475699416667
0.234067358133333
0.240145006800000
0.244283486616667
0.247027015616667
0.248826313350000
0.249961235283333
0.250722557450000
0.251252783283333
0.251566400200000
0.251775892616667
0.251873860950000
0.251918502116667
0.251924932766667
0.251943027166667
0.251997442950000
0.252022848783333
0.252035897850000
0.252093530033333
0.252131494733333
0.252186789150000
0.252232704550000
0.252297745633333
0.252357181666667
0.252326858783333
0.252335645116667
0.252339325200000
0.252317187366667
0.252326108433333
0.252342065016667
0.252362576016667
0.252378963316667
0.252346281883333
0.252363519866667
0.252357213200000
0.252336786050000
0.252291723483333
0.252232287450000
0.252195741750000
0.252166961850000
0.252180766283333
0.252227667100000
0.252257879616667
0.252267193416667
0.252298999083333
0.252372245283333
0.252444939650000
0.252481072550000
0.252507286066667
0.252524882383333
0.252570932516667
0.252591033583333
0.252598962783333
0.252581972766667
0.252547899566667
0.252503686966667
0.252471461333333
0.252488748050000
0.252441667350000
0.252392903916667
0.252395051766667
0.252369716883333
0.252377052683333
0.252381927450000
0.252366853800000
0.252308683400000
0.252221048683333
0.252145373700000
0.252030268433333
0.251893457483333
0.251811217116667
0.251736049533333
0.251668454966667
0.251664366383333
0.251690200783333
0.251729317883333
0.251838691250000
0.251953044733333
0.252091897466667
0.252213103716667
0.252326201600000
0.252447533266667
0.252532185933333
0.252618765716667
0.252680526616667
0.252707587950000
0.252706821116667
0.252122682600000
0.244517977083333
0.233233422583333
0.218867857883333
0.202207434066667
0.183668211250000
0.163966894083333
0.143345296650000
0.122140816300000
0.101088738270000
0.0867500955833333
0.0758609034366667
0.0678719481283334
0.0620676608533333
0.0580802744366667
0.0551930509033333
0.0531546003566667
0.0516909193433333
0.0506065866233333
0.0497823174016667
0.0491472622983333
0.0486888941233333
0.0483279918983333
0.0480982590950000
0.0514015506283333
0.0599510059916667
0.0719923723883333
0.0871142884550000
0.104665601680000
0.123907919646667
0.144370672213333
0.165659667630000
0.187429996016667
0.206063466233333
0.219746916200000
0.230091160316667
0.237462269050000
0.242487858933333
0.245905086133333
0.248142465716667
0.249611931950000
0.250514857416667
0.251104704183333
0.251437764266667
0.251654243466667
0.251789831066667
0.251878167400000
0.251907764300000
0.251922632983333
0.251916299800000
0.251939992800000
0.251966260066667
0.252002487566667
0.252045666733333
0.252074697466667
0.252131544900000
0.252202859683333
0.252213259950000
0.252202671200000
0.252207469283333
0.252199425416667
0.252202591650000
0.252198627050000
0.252226245950000
0.252221198466667
0.252184105950000
0.252212979016667
0.252264343950000
0.252275916683333
0.252265925633333
0.252272442283333
0.252274930550000
0.252257600833333
0.252214077666667
0.252214237483333
0.252227841966667
0.252230308733333
0.252278641450000
0.252345267800000
0.252366000966667
0.252375293983333
0.252392071866667
0.252428431233333
0.252435031733333
0.252385366016667
0.252376035016667
0.252358458050000
0.252323939083333
0.252320202383333
0.252342845466667
0.252353983900000
0.252384609216667
0.252406622350000
0.252450412116667
0.252448643383333
0.252422959483333
0.252409807933333
0.252423847433333
0.252406827316667
0.252405060733333
0.252373324583333
0.252395089033333
0.252391246266667
0.252397628900000
0.252391564466667
0.252385287183333
0.252393108166667
0.252422657766667
0.252418478166667
0.252426323516667
0.252382692850000
0.252293397616667
0.252181963116667
0.252030132266667
0.251862062466667
0.251642730216667
0.251411175216667
0.251169944500000
0.250918525650000
0.250696589750000
0.250567156883333
0.250482404600000
0.250482709183333
0.245975591083333
0.236426305883333
0.223524947800000
0.208026958033333
0.190472655950000
0.171421240783333
0.151318802416667
0.130498585403333
0.109114612303333
0.0919649832200000
0.0796449485866667
0.0705177855716667
0.0639134313383333
0.0592985308716667
0.0560993652716667
0.0538855919716667
0.0523248679850000
0.0512713450516667
0.0504795133816667
0.0498874977666667
0.0494248717316667
0.0490291790666667
0.0487358789333333
0.0518120236833333
0.0603409661833333
0.0724136332833333
0.0874004505166667
0.104829471670000
0.124017886485000
0.144467913201667
0.165717421933333
0.187476351450000
0.206267430283333
0.219867544100000
0.230089554266667
0.237546492433333
0.242635083766667
0.245982352833333
0.248154039166667
0.249564772416667
0.250450684933333
0.251017623450000
0.251352318966667
0.251582783916667
0.251720843300000
0.251800169700000
0.251880157583333
0.251904514933333
0.251965526200000
0.252032844850000
0.252086107516667
0.252116659733333
0.252123459466667
0.252089923766667
0.252084176100000
0.252106351200000
0.252129741050000
0.252152746050000
0.252169245866667
0.252167769533333
0.252200117000000
0.252245596666667
0.252274451816667
0.252293578216667
0.252296997433333
0.252324160533333
0.252323745583333
0.252305603166667
0.252276943666667
0.252265092150000
0.252258791216667
0.252308820283333
0.252337985750000
0.252359451350000
0.252359471416667
0.252357390216667
0.252363891816667
0.252373616983333
0.252354823833333
0.252331772250000
0.252302341616667
0.252307654266667
0.252302745100000
0.252297949166667
0.252281747483333
0.252267515916667
0.252306452416667
0.252356427016667
0.252376976000000
0.252404799866667
0.252428109450000
0.252428658416667
0.252429375800000
0.252469895416667
0.252489140066667
0.252477720700000
0.252484741166667
0.252503181000000
0.252498653100000
0.252466307783333
0.252486321416667
0.252508404066667
0.252503718500000
0.252528846266667
0.252546777266667
0.252554440583333
0.252566315750000
0.252563223333333
0.252599372000000
0.252566808100000
0.252545121766667
0.252578947000000
0.252635938483333
0.252704324250000
0.252759994200000
0.252778795233333
0.252833648183333
0.252842913966667
0.252883781883333
0.252880975416667
0.248599241816667
0.239017341833333
0.226196947016667
0.210573975600000
0.192948965033333
0.173789017150000
0.153604235216667
0.132664488380000
0.111264385693333
0.0937230982766667
0.0811882517683333
0.0716772466016667
0.0648156360533333
0.0599179312516667
0.0564249975350000
0.0539055204650000
0.0521013250316667
0.0507548591516667
0.0497509284050000
0.0489848161100000
0.0484107327133333
0.0479916989316667
0.0476780302000000
0.0509882468833333
0.0597269006700000
0.0719713724066667
0.0871358728066667
0.104677310436667
0.123990590156667
0.144584697403333
0.165924216816667
0.187725492016667
0.206363960983333
0.219894515850000
0.230099408433333
0.237500301116667
0.242565875266667
0.245929206983333
0.248066924750000
0.249511293316667
0.250483152083333
0.251088878033333
0.251432041683333
0.251628114516667
0.251770485366667
0.251922659500000
0.252007638250000
0.252060139816667
0.252060535416667
0.252037813500000
0.252013947066667
0.252018054283333
0.252058603283333
0.252070104350000
0.252073627483333
0.252089442883333
0.252117348450000
0.252154951950000
0.252219213300000
0.252274618800000
0.252327070916667
0.252330715166667
0.252335845066667
0.252343599400000
0.252387334700000
0.252401093266667
0.252395096200000
0.252365327300000
0.252355933950000
0.252349910366667
0.252360985733333
0.252396527383333
0.252410587666667
0.252397601666667
0.252416153300000
0.252430293850000
0.252420720616667
0.252416780383333
0.252396137516667
0.252380310650000
0.252367261583333
0.252356071550000
0.252358893066667
0.252366819400000
0.252392698950000
0.252437087850000
0.252470516766667
0.252502979616667
0.252512134316667
0.252480325066667
0.252446336433333
0.252431394650000
0.252396356816667
0.252385492866667
0.252390343983333
0.252409180133333
0.252432937633333
0.252496023650000
0.252535183750000
0.252562953150000
0.252582918050000
0.252641820883333
0.252674284450000
0.252667521266667
0.252657043600000
0.252619609950000
0.252571017083333
0.252584971300000
0.252610259600000
0.252593426533333
0.252523821000000
0.252462826216667
0.252464620750000
0.252470881550000
0.252527787033333
0.252560963683333
0.252568260066667
0.252543345866667
0.252572137950000
0.252589492033333
0.252168805116667
0.244778944083333
0.233534274950000
0.219300341133333
0.202587756883333
0.184102924050000
0.164429988316667
0.143856593166667
0.122662706941667
0.101464953511667
0.0868973368283333
0.0759641890783333
0.0678608978450000
0.0621630387950000
0.0581191849933333
0.0552348582266667
0.0531691507683333
0.0517099525766667
0.0506332537900000
0.0498220828700000
0.0491743430533333
0.0485967333700000
0.0480738497866667
0.0477086376716667
0.0507117583883333
0.0592293026633333
0.0712161424800000
0.0862379373466667
0.103632908950000
0.122814950950000
0.143325627016667
0.164739254350000
0.186705134983333
0.205717289000000
0.219466783383333
0.229915561216667
0.237466990450000
0.242727451350000
0.246252784133333
0.248533732750000
0.249972294883333
0.250809596616667
0.251263531850000
0.251510191316667
0.251624012316667
0.251672068400000
0.251680722866667
0.251681817933333
0.251667482450000
0.251640374533333
0.251623788716667
0.251667468833333
0.251679151216667
0.251685645650000
0.251666191733333
0.251672298450000
0.251690668766667
0.251731007066667
0.251755213916667
0.251782943183333
0.251800376816667
0.251872733633333
0.251958654083333
0.252064459166667
0.252151453900000
0.252244487983333
0.252292277466667
0.252343241783333
0.252401437266667
0.252449397316667
0.252487003683333
0.252479437833333
0.252459326733333
0.252452591500000
0.252439543150000
0.252416942350000
0.252383824466667
0.252360127883333
0.252330974600000
0.252304748183333
0.252334173083333
0.252401759766667
0.252414229050000
0.252404597766667
0.252398673083333
0.252436774666667
0.252462465733333
0.252477956483333
0.252482849883333
0.252473074550000
0.252434236233333
0.252434894133333
0.252446726300000
0.252477903450000
0.252485536666667
0.252486221800000
0.252489828783333
0.252499078800000
0.252532120716667
0.252528448516667
0.252526326466667
0.252511531600000
0.252490015833333
0.252476639966667
0.252452236750000
0.252417385250000
0.252363494783333
0.252267374016667
0.252245775116667
0.252224113150000
0.252229247350000
0.252257311300000
0.252285364500000
0.252329817183333
0.252358586333333
0.252450034433333
0.252542288783333
0.252589831016667
0.252663886333333
0.252717222100000
0.252695213266667
0.252677792533333
0.252677095216667
0.248492796750000
0.238927198783333
0.226203045133333
0.210668832166667
0.192967012133333
0.173811962666667
0.153677417633333
0.132803562133333
0.111411016266667
0.0938730269500000
0.0813787183333334
0.0718658352133333
0.0650115331600000
0.0601688330266667
0.0567185646266667
0.0542472800933333
0.0524531452266667
0.0511315151433333
0.0501323719450000
0.0494213909533333
0.0488877129366667
0.0484907948433333
0.0482546417100000
0.0516910913433333
0.0603119828933333
0.0724055666266667
0.0875192897600000
0.104991357425000
0.124231171000000
0.144716635020000
0.165987965750000
0.187742624650000
0.206227618016667
0.219758309766667
0.230008731466667
0.237396969250000
0.242793039966667
0.234758320833333
0.220995345950000
0.203567971983333
0.183197385975000
0.160645289208333
0.136533026810000
0.111366655316667
0.0855277909850000
0.0589513452883333
0.0437526168883333
0.0328301600850000
0.0245895186100000
0.0185894142083333
0.0142926597408333
0.0112557514875000
0.00901719024983333
0.00722106003983333
0.00574743825783333
0.00449040796316667
0.00338744033316667
0.00249063484150000
0.00177381925150000
0.00120078788566667
0.000761073970666667
0.000436311468333333
0.000212370693333333
7.08254720000000e-05
0
0
0
0
0
0
0
0
0
0
0
0
0
0
0
0
0
0
0
0
0
0
0
0
0
0
0
0
0
0
0
0
0
0
0
0
0.000355413654833333
0.00160646102983333
0.00409853176316667
0.00820830098150000
0.0140763611981667
0.0215967558981667
0.0306994423815000
0.0411800050981667
0.0529477398481667
0.0655054720100000
0.0782148383183333
0.0907144724850000
0.102712893133333
0.113938448766667
0.124380014066667
0.134059464566667
0.143257345166667
0.152175687066667
0.160907396783333
0.169194817600000
0.172194135683333
0.171076807916667
0.166647281883333
0.159873736983333
0.151481886366667
0.141929969566667
0.131152865233333
0.117450203583333
0.104474194633333
0.103378662133333
0.104439265733333
0.105765033850000
0.106273922366667
0.105732210516667
0.104011672300000
0.101469374700000
0.100164445100000
0.0969681619333333
0.0857176488850000
0.0749727626600000
0.0660284028933333
0.0591865037600000
0.0555292553616667
0.0579414636283333
0.0658876479116667
0.0776821365450000
0.0920451155116667
0.108619530943333
0.127045239135000
0.146833748835000
0.167553839918333
0.187468460233333
0.203102994350000
0.214466248166667
0.222855769616667
0.229322859250000
0.234044134550000
0.237303204883333
0.239502583216667
0.240979319316667
0.241946514733333
0.242565377900000
0.242918048133333
0.243110091866667
0.243252312216667
0.243406211366667
0.243463305333333
0.243507346650000
0.243561266500000
0.243618206383333
0.243705654766667
0.243832544183333
0.243930401433333
0.243983829650000
0.244013447333333
0.244130415933333
0.244229710100000
0.244282340666667
0.244285130650000
0.244238512916667
0.244211316133333
0.244259963466667
0.244292840550000
0.244293365150000
0.244245416566667
0.244189124550000
0.244154614900000
0.244131756816667
0.244124282700000
0.244080791783333
0.243975902600000
0.243900444050000
0.243848240616667
0.243804599200000
0.243761120466667
0.243710710850000
0.243673925066667
0.243620312666667
0.243574924733333
0.243589564083333
0.243558030750000
0.243503994083333
0.243428052500000
0.243341960766667
0.243277264400000
0.243220572483333
0.243221150116667
0.243273628750000
0.243298401050000
0.243376215283333
0.243460898766667
0.243582193883333
0.243709093333333
0.243849909733333
0.243993397866667
0.244112050633333
0.244200991833333
0.244293421766667
0.244432992600000
0.244576491483333
0.244690802683333
0.244784478900000
0.244837153183333
0.244846193933333
0.244821319150000
0.244784003750000
0.244748320200000
0.244708664166667
0.244667671550000
0.244629457450000
0.244580705483333
0.244538284550000
0.244513618316667
0.244514450366667
0.244504685783333
0.244495084600000
0.244474795766667
0.244485977200000
0.244551531416667
0.244659369683333
0.240423310683333
0.230939070150000
0.218252813833333
0.202955485716667
0.185581913350000
0.166576291750000
0.146529070400000
0.125649932350000
0.104254350325000
0.0868255946250000
0.0744011162166667
0.0649470226966667
0.0579847178300000
0.0529817183550000
0.0494660598550000
0.0469006221633333
0.0450709872133333
0.0437260615216667
0.0427311418550000
0.0419699078383333
0.0414047924500000
0.0409587376833333
0.0406887012666667
0.0435558717500000
0.0514191817750000
0.0630790474416667
0.0777891109416667
0.0950359178750000
0.114097192583333
0.134449385341667
0.155665555241667
0.177355725250000
0.196383440250000
0.210691741850000
0.221423271200000
0.229187201416667
0.234474983083333
0.237983287150000
0.240277188800000
0.241747158133333
0.242702318566667
0.243289697133333
0.243690997500000
0.243928609766667
0.244075133700000
0.244177486600000
0.244229368966667
0.244217561883333
0.244210986466667
0.244198807433333
0.244207545033333
0.244193802233333
0.244171492400000
0.244180291633333
0.244211626450000
0.244329254383333
0.244449250900000
0.244512109016667
0.244536884183333
0.244533503666667
0.244525461233333
0.244539052100000
0.244562479933333
0.244575783416667
0.244543600783333
0.244535677316667
0.244548832450000
0.244576712933333
0.244603147183333
0.244614518533333
0.244597952783333
0.244576660616667
0.244568713500000
0.244577965666667
0.244574962116667
0.244589438783333
0.244592346300000
0.244594529983333
0.244616922233333
0.244645255650000
0.244660400250000
0.244686119266667
0.244723469066667
0.244755692550000
0.244764896700000
0.244777343050000
0.244789112866667
0.244749363666667
0.244746419600000
0.244773390633333
0.244776257300000
0.244738560633333
0.244712141433333
0.244703818783333
0.244739424933333
0.244772261883333
0.244830684550000
0.244829532866667
0.244761774900000
0.244652348500000
0.244545902000000
0.244456779483333
0.244341219850000
0.244179946200000
0.244001829450000
0.243847436516667
0.243712304716667
0.243622697733333
0.243587495783333
0.243552381266667
0.243504523700000
0.243495820500000
0.243528686833333
0.243597503316667
0.243662172450000
0.243761997666667
0.243889974983333
0.244009359466667
0.244139407950000
0.244262067600000
0.243949512783333
0.236850977466667
0.225752168633333
0.211826379266667
0.195258246350000
0.176877947233333
0.157297569716667
0.136835008858333
0.115763276675000
0.0946978568916667
0.0800958086750000
0.0692510753750000
0.0610629709416667
0.0553754917333333
0.0513576864000000
0.0484617331500000
0.0463790481450000
0.0448469968450000
0.0436885001616667
0.0427960244116667
0.0421140741533333
0.0415551390833333
0.0410795701916667
0.0416990405900000
0.0473087302900000
0.0571700697866667
0.0704682526533333
0.0864200457866667
0.104615833336667
0.124332830811667
0.145153198181667
0.166663060948333
0.187664842666667
0.204055007900000
0.216447424433333
0.225567409100000
0.232146031416667
0.236544315083333
0.239435718216667
0.241292077666667
0.242477177016667
0.243182710266667
0.243608593016667
0.243871450583333
0.244033386433333
0.244137397700000
0.244198015516667
0.244270851066667
0.244314823583333
0.244372657150000
0.244428964216667
0.244474873883333
0.244504007816667
0.244551522816667
0.244557992166667
0.244556463516667
0.244558751833333
0.244559348100000
0.244561819166667
0.244595610000000
0.244616755250000
0.244604369816667
0.244548468383333
0.244513049283333
0.244480888150000
0.244465766483333
0.244475371250000
0.244499972266667
0.244520053983333
0.244573212016667
0.244677982950000
0.244764010900000
0.244821797883333
0.244902652216667
0.244932848966667
0.244896542633333
0.244849723516667
0.244807119833333
0.244754042066667
0.244666743466667
0.244625349516667
0.244621341200000
0.244583582900000
0.244584976816667
0.244640084900000
0.244715580716667
0.244728822566667
0.244699272966667
0.244692544900000
0.244679177633333
0.244675463150000
0.244697560133333
0.244720080666667
0.244752246100000
0.244756673666667
0.244808403383333
0.244879317550000
0.244934732366667
0.244982969766667
0.245010205966667
0.245016051100000
0.244985250916667
0.244944521316667
0.244891032900000
0.244809058416667
0.244732305566667
0.244728266433333
0.244760633966667
0.244789024716667
0.244842727416667
0.244906108700000
0.244940323083333
0.244965869383333
0.245007527783333
0.245042617216667
0.245010617333333
0.244935381666667
0.244906161733333
0.244893046733333
0.244898568650000
0.244922669433333
0.240649986616667
0.231037051383333
0.218340981033333
0.202982048966667
0.185514616200000
0.166440874716667
0.146357000166667
0.125531299291667
0.104147214391667
0.0867329298400000
0.0743914455883333
0.0649529651533334
0.0580132835900000
0.0530810710733333
0.0496266230733333
0.0471046413250000
0.0452570947966667
0.0439306465633333
0.0429262566483333
0.0421607647000000
0.0415452671433333
0.0410725410533333
0.0406883066700000
0.0412632761533333
0.0465333470516667
0.0564073355716667
0.0696895804883334
0.0857158675383333
0.103937164838333
0.123716771030000
0.144539891116667
0.166128888216667
0.187261700466667
0.204068005366667
0.216485885066667
0.225657104233333
0.232154549000000
0.236525334883333
0.239416786750000
0.241308858416667
0.242445999866667
0.243149969350000
0.243544130283333
0.243784587716667
0.243893683016667
0.243967960500000
0.244024421650000
0.244074245033333
0.244106430533333
0.244168723916667
0.244257961816667
0.244355123183333
0.244437542716667
0.244548616016667
0.244629688933333
0.244673385533333
0.244666744183333
0.244635593550000
0.244608049183333
0.244592469566667
0.244567502333333
0.244536978066667
0.244467478600000
0.244417681016667
0.244380212250000
0.244385826616667
0.244407611850000
0.244424143200000
0.244438252216667
0.244477448150000
0.244556340250000
0.244653224983333
0.244743355850000
0.244800527933333
0.244826712783333
0.244864929033333
0.244891575416667
0.244913061800000
0.244926292900000
0.244935254100000
0.244923475683333
0.244900885633333
0.244897407650000
0.244863232683333
0.244797893466667
0.244729381566667
0.244650313166667
0.244581912350000
0.218760909286667
0.192046752005000
0.164877931607500
0.137694270440833
0.110538734857500
0.0834022045575000
0.0562700602575000
0.0291359150241667
0.00197220657416667
0.000544407770833333
3.52127358333333e-05
0
0
0
0
0
0
0
0
