0
0
0
0
0
0
0
0
0
0
0
0
0
0
0
0
0
0
0
0
0
0
0
0
0
0
0
0
0
0
0
0
0
0
0
0
0
0
0
0
0
0
0
0
0
0
0
0
0
0
0
0
0
0
0
0
0
0
0
0
0
0
0
0
0
0
0
0
0
0
0
0
0
0
0
0
0
0
0
0
0
0
0
0
0
0
0
0
0
0
0
0
0
0
0
0
0
0
0
0
0
0
0
0
0
0
0
0
0
0
0
0
0
0
0
0
0
0
0
0
0
0
0
0
0
0
0
0
0
0
0
0
0
0
0
0
0
0
0
0
0
0
0
0
0
0
0
0
0
0
0
0
0
0
0
0
0
0
0
0
0
0
0
0
0
0
0
0
0
0
0
0
0
0
0
0
0
0
0
0
0
0
0
0
0
0
0
0
0
0
0
0
0
0
0
0
0
0
0
0
0
0
0
0
0
0
0
0
0
0
0
0
0
0
0
0
0
0
0
0
0
0
0
0
0
0
0
0
0
0
0
0
0
0
0
0
0
0
0
0
0
0
0
0
0
0
0
0
0
0
0
0
0
0
0
0
0
0
0
0
0
0
0
0
0
0
0
0
0
0
0
0
0
0
0
0
0
0
0
0
0
0
0
0
0
0
0
0
0
0
0
0
0
0
0
0
0
0
0
0
0
0
0
0
0
0
0
0
0
0
0
0
0
0
0
0
0
0
0
0
0
0
0
0
0
0
0
0
0
0
0
0
0
0
0
0
0
0
0
0
0
0
0
0
0
0
0
0
0
0
0
0
0
0
0
0
0
0
0
0
0
0
0
0
0
0
0
0
0
0
0
0
0
0
0
0
0
0
0
74.85392052
74.85392052
74.85392052
74.85392052
74.85392052
74.85392052
74.85392052
74.85392052
74.85392052
74.85392052
74.85392052
74.85392052
74.85392052
74.85392052
74.85392052
74.85392052
74.85392052
74.85392052
74.85392052
74.85392052
74.85392052
74.85392052
74.85392052
74.85392052
74.85392052
74.85392052
74.85392052
74.85392052
74.85392052
74.85392052
74.85392052
74.85392052
74.85392052
74.85392052
53.1181157
49.49893605
46.46818623
45.44525551
45.12545936
45.35415656
45.65270795
44.47226077
43.31789908
42.77328127
44.74862136
48.83944747
53.60003079
60.71262649
65.49196025
67.01777274
68.2908758
68.06795008
68.57247254
66.67879848
62.92892669
58.48907668
54.00443568
50.54416407
46.13598928
41.74833549
39.35836432
0
0
0
0
0
0
0
0
0
0
0
0
0
0
0
0
0
0
0
0
0
0
0
0
0
0
0
0
0
0
0
0
0
0
0
0
0
0
0
0
0
0
0
0
0
0
0
0
0
0
0
0
0
0
0
0
0
0
0
0
0
0
0
0
0
0
0
0
0
0
0
0
0
0
0
0
0
0
0
0
0
0
0
0
0
0
0
0
0
0
0
0
0
0
0
0
0
0
0
0
0
0
0
0
0
0
0
0
0
0
0
0
0
0
0
0
0
0
0
0
0
0
0
0
0
0
0
0
0
0
0
0
0
0
0
0
0
0
0
0
0
0
0
0
0
0
0
0
0
0
0
0
0
0
0
0
0
0
0
0
0
0
0
0
0
0
0
0
0
0
0
0
0
0
0
0
0
0
0
0
0
0
0
0
0
0
0
0
0
0
0
0
0
0
0
0
0
0
0
0
0
0
0
0
0
0
0
0
0
0
0
0
0
0
0
0
0
0
0
0
0
0
0
0
0
0
0
0
0
0
0
0
0
0
0
0
0
0
0
0
0
0
0
0
0
0
0
0
0
0
0
0
0
0
0
0
0
0
0
0
0
0
0
0
0
0
0
0
0
0
0
0
0
0
0
0
0
0
0
0
0
0
0
74.85392052
74.85392052
74.85392052
74.85392052
74.85392052
74.85392052
74.85392052
74.85392052
74.85392052
74.85392052
74.85392052
74.85392052
74.85392052
74.85392052
74.85392052
74.85392052
74.85392052
74.85392052
74.85392052
74.85392052
74.85392052
74.85392052
74.85392052
74.85392052
74.85392052
74.85392052
74.85392052
74.85392052
74.85392052
74.85392052
74.85392052
74.85392052
74.85392052
74.85392052
74.85392052
74.85392052
74.85392052
74.85392052
74.85392052
74.85392052
74.85392052
74.85392052
74.85392052
74.85392052
74.85392052
74.85392052
74.85392052
74.85392052
74.85392052
74.85392052
74.85392052
74.85392052
74.85392052
74.85392052
74.85392052
74.85392052
74.85392052
74.85392052
74.85392052
74.85392052
74.85392052
74.85392052
74.85392052
74.85392052
74.85392052
74.85392052
74.85392052
74.85392052
74.85392052
74.85392052
74.85392052
74.85392052
74.85392052
74.85392052
74.85392052
74.85392052
74.85392052
74.85392052
74.85392052
74.85392052
74.85392052
74.85392052
74.85392052
74.85392052
54.49724495
53.31579483
52.33845848
52.58282072
52.82406864
52.61191155
50.89226429
50.44705528
49.69894308
48.10625488
47.44127025
45.66152484
45.14216107
44.26918756
43.71019234
43.33841781
42.18563258
41.71985309
41.97488609
42.36787787
42.67298776
42.39875861
43.01553043
44.20324215
43.33048977
42.46291525
41.28692691
40.07142976
37.5526677
0
0
0
0
0
0
0
0
0
0
0
0
0
0
0
0
0
0
74.85392052
74.85392052
74.85392052
74.85392052
74.85392052
74.85392052
74.85392052
74.85392052
74.85392052
74.85392052
74.85392052
74.85392052
74.85392052
74.85392052
74.85392052
74.85392052
74.85392052
74.85392052
74.85392052
74.85392052
74.85392052
74.85392052
74.85392052
74.85392052
74.85392052
74.85392052
74.85392052
74.85392052
74.85392052
74.85392052
74.85392052
74.85392052
74.85392052
74.85392052
74.85392052
51.90818986
48.85906588
46.00513416
43.88973263
42.56807034
42.13185579
41.17314128
40.0199128
40.34193365
40.05659269
39.27289082
37.01289665
36.53440972
36.89398171
0
0
0
0
0
0
0
0
0
0
0
0
0
0
0
0
0
0
0
0
0
0
0
0
0
0
0
0
0
0
0
0
0
0
0
0
0
0
0
0
0
0
0
0
0
74.85392052
74.85392052
74.85392052
74.85392052
74.85392052
74.85392052
74.85392052
74.85392052
74.85392052
74.85392052
74.85392052
74.85392052
74.85392052
74.85392052
74.85392052
74.85392052
74.85392052
74.85392052
74.85392052
74.85392052
74.85392052
74.85392052
74.85392052
74.85392052
74.85392052
74.85392052
74.85392052
74.85392052
74.85392052
74.85392052
74.85392052
74.85392052
74.85392052
74.85392052
74.85392052
74.85392052
74.85392052
74.85392052
74.85392052
74.85392052
74.85392052
74.85392052
74.85392052
74.85392052
51.40197029
49.60668661
46.63530059
45.24837118
45.53524093
45.21210701
42.35020546
38.55179546
0
0
0
0
0
0
0
0
0
0
0
0
0
0
0
0
0
0
0
0
0
0
0
0
0
0
0
0
0
0
0
0
0
0
0
0
0
0
0
0
0
0
0
0
0
0
0
0
0
0
0
0
0
0
0
0
0
0
0
0
0
0
0
0
0
0
0
0
0
0
0
0
0
0
0
0
0
0
0
0
0
0
0
0
0
0
0
0
0
0
0
0
0
0
0
0
0
0
0
0
0
0
0
0
0
0
0
0
0
0
0
0
0
0
0
0
0
0
0
0
0
0
0
0
0
0
0
0
0
0
0
0
0
0
0
0
0
0
0
0
0
0
0
0
0
0
0
0
0
0
0
0
0
0
0
0
0
0
0
0
0
0
0
0
0
0
0
0
0
0
0
0
0
0
0
0
0
0
0
0
0
0
0
0
0
0
0
0
0
0
0
0
0
0
0
0
0
0
0
0
0
0
0
0
0
0
0
0
0
0
0
0
0
0
0
0
0
0
0
0
0
0
0
0
0
0
0
0
0
0
0
0
0
0
0
0
0
0
0
0
0
0
0
0
0
0
0
0
0
0
0
0
0
0
0
0
0
0
0
0
0
0
0
0
0
0
0
0
0
0
0
0
0
0
0
0
0
0
0
0
0
0
0
0
0
0
0
0
0
0
0
0
0
0
0
0
0
0
0
0
0
0
0
0
0
0
0
0
0
0
0
0
0
0
0
0
0
0
0
0
0
0
0
0
0
0
0
0
0
0
0
0
0
0
0
0
0
0
74.85392052
74.85392052
74.85392052
74.85392052
74.85392052
74.85392052
74.85392052
74.85392052
74.85392052
74.85392052
74.85392052
74.85392052
74.85392052
74.85392052
74.85392052
74.85392052
74.85392052
74.85392052
74.85392052
74.85392052
74.85392052
74.85392052
74.85392052
74.85392052
74.85392052
74.85392052
74.85392052
74.85392052
74.85392052
74.85392052
74.85392052
74.85392052
50.28485268
47.67483203
45.45354411
44.00855656
44.27103263
43.77073067
40.21176995
39.89528305
38.68096055
37.14419735
37.06833066
0
0
0
0
0
0
0
0
0
0
0
0
0
0
0
0
0
0
0
0
0
0
0
0
0
0
0
0
0
0
0
0
0
0
0
0
0
0
0
0
0
0
0
0
0
0
0
0
0
0
0
0
0
0
0
0
0
0
0
0
0
0
74.85392052
74.85392052
74.85392052
74.85392052
74.85392052
74.85392052
74.85392052
74.85392052
74.85392052
74.85392052
74.85392052
74.85392052
74.85392052
74.85392052
74.85392052
74.85392052
74.85392052
74.85392052
74.85392052
74.85392052
74.85392052
74.85392052
74.85392052
74.85392052
74.85392052
74.85392052
74.85392052
74.85392052
74.85392052
53.14958711
51.23337983
50.10523152
49.69676812
49.00026324
48.89701416
47.73008866
47.53596234
46.40676452
42.8783393
42.41890498
41.44903691
38.38614633
0
0
0
0
0
0
0
0
0
0
0
0
0
0
0
0
0
0
0
0
0
0
0
0
0
0
0
0
0
0
0
0
0
0
0
0
0
0
0
0
0
0
0
0
0
0
0
0
0
0
0
0
0
0
0
0
0
0
0
0
0
0
0
0
0
0
0
0
0
0
0
0
0
0
0
0
0
0
0
0
0
0
0
0
0
0
0
0
0
0
0
0
0
0
0
0
0
0
0
0
0
0
0
0
0
0
0
0
0
0
0
0
0
0
0
0
0
0
0
0
0
0
0
0
0
0
0
0
0
0
0
0
0
0
0
0
0
0
0
0
0
0
0
0
0
0
0
0
0
0
0
0
0
0
0
0
0
0
0
0
0
0
0
0
0
0
0
0
0
0
0
0
0
0
0
0
0
0
0
0
0
0
0
0
0
0
0
0
0
0
0
0
0
0
0
0
0
0
0
0
0
0
0
0
0
0
0
0
0
0
0
0
0
0
0
0
0
0
0
0
0
0
0
0
0
0
0
0
0
0
0
0
0
0
0
0
0
0
0
0
0
0
0
0
0
0
0
0
0
0
0
0
0
0
0
0
0
0
0
0
0
0
0
0
0
0
0
0
0
0
0
0
0
0
0
0
0
0
0
0
0
0
0
0
0
0
0
0
0
0
0
0
0
0
0
0
0
0
0
0
0
0
0
0
0
0
0
0
0
0
0
0
0
0
0
0
0
0
0
0
0
0
0
0
0
0
0
0
0
0
0
0
0
0
0
0
0
0
0
0
0
0
0
0
0
0
0
0
0
0
0
0
0
0
0
0
0
0
0
0
0
0
0
0
0
0
0
0
0
0
0
0
0
0
0
0
0
0
0
0
0
0
0
0
0
0
0
0
0
0
0
0
0
0
0
0
0
0
0
0
0
0
0
0
0
0
0
0
0
0
0
0
0
0
0
0
0
0
0
0
0
0
0
0
0
0
0
0
0
0
0
0
0
0
0
0
0
0
0
0
0
0
0
0
0
0
0
0
0
0
0
0
0
0
0
0
0
0
0
0
0
0
0
0
0
0
0
0
0
0
0
0
0
0
0
0
0
0
0
0
0
0
0
0
0
0
0
0
0
0
0
0
0
0
0
0
0
0
0
0
0
0
0
0
0
0
0
0
0
0
0
0
0
0
0
0
0
0
0
0
0
0
0
0
0
0
0
0
0
0
74.85392052
74.85392052
74.85392052
74.85392052
74.85392052
74.85392052
74.85392052
74.85392052
74.85392052
74.85392052
74.85392052
74.85392052
74.85392052
74.85392052
74.85392052
74.85392052
74.85392052
74.85392052
74.85392052
74.85392052
74.85392052
74.85392052
74.85392052
52.59827437
49.67827367
45.84710964
43.45934458
42.41861078
42.14656278
42.22831379
41.69152426
40.45465556
40.03637289
39.20599853
39.52884026
39.46043778
38.09952948
38.7192103
38.76507551
39.30376108
39.63236886
40.13380821
41.0929556
42.70062398
42.43308382
41.61595531
41.28296431
41.69603776
42.53504053
43.36390528
41.96517078
41.37790001
41.33745843
40.65164276
40.57140547
41.44754344
41.42275586
40.40190339
39.84323793
39.00476233
37.30943366
0
0
0
0
0
0
0
0
0
0
0
0
0
0
0
0
0
0
0
0
0
0
0
0
0
0
0
0
0
0
0
0
0
0
0
0
0
0
0
0
0
0
0
0
0
0
0
0
0
0
0
0
0
0
0
0
0
0
0
0
0
0
0
0
0
0
0
0
0
0
0
0
0
0
0
0
0
0
0
0
0
0
0
0
0
0
0
0
0
0
0
0
0
0
0
0
0
0
0
0
0
0
0
0
0
0
0
0
0
0
0
0
0
0
0
0
0
0
0
0
0
0
0
0
0
0
0
0
0
0
0
0
0
0
0
0
0
0
0
0
0
0
0
0
0
0
0
0
0
0
0
0
0
0
0
0
0
0
0
0
0
0
0
0
0
0
0
0
0
0
0
0
0
0
0
0
0
0
0
0
0
0
0
0
0
0
0
0
0
0
0
0
0
0
0
0
0
0
0
0
0
0
0
0
0
0
0
0
0
0
0
0
0
0
0
0
0
0
0
0
0
0
0
0
0
0
0
0
0
0
0
0
0
0
0
0
0
0
0
0
0
0
0
0
0
0
0
0
0
0
0
0
0
0
0
0
0
0
0
0
0
0
0
0
0
0
0
0
0
0
0
0
0
0
0
0
0
0
0
0
0
0
0
0
0
0
0
0
0
0
0
0
0
0
0
0
0
0
0
0
0
0
0
0
0
0
0
0
0
0
0
0
0
0
0
0
0
0
0
0
0
0
0
0
0
0
0
0
0
0
0
0
0
0
0
0
0
0
0
0
0
0
0
0
0
0
0
0
0
0
0
0
0
0
0
0
0
0
0
0
0
0
0
0
0
0
0
0
0
0
0
0
0
0
0
0
0
0
0
0
0
0
0
0
0
0
0
0
0
0
0
0
0
0
0
0
0
0
0
0
0
0
0
0
0
0
0
0
0
0
0
0
0
0
0
0
0
0
0
0
0
0
0
0
0
0
0
0
0
0
0
0
0
0
0
0
0
0
0
0
0
0
0
0
0
0
0
0
0
0
0
0
0
0
0
0
0
0
0
0
0
0
0
0
0
0
0
0
0
0
0
0
0
0
0
0
0
0
0
0
0
0
0
0
0
0
0
0
0
0
0
0
0
0
0
0
0
0
0
0
0
0
0
0
0
0
0
0
0
0
0
0
0
74.85392052
74.85392052
74.85392052
74.85392052
74.85392052
74.85392052
74.85392052
74.85392052
74.85392052
74.85392052
74.85392052
74.85392052
74.85392052
74.85392052
74.85392052
74.85392052
74.85392052
74.85392052
74.85392052
74.85392052
74.85392052
74.85392052
74.85392052
74.85392052
74.85392052
74.85392052
74.85392052
74.85392052
50.77673975
50.17231522
47.9944524
46.68692103
46.64627061
46.26776802
46.74530579
48.09404239
48.69287569
50.86846509
53.88075463
56.06610126
56.14911899
56.08068133
57.03634757
57.23314353
55.88465048
57.17979913
58.87126982
61.54934704
65.03739197
66.19326792
66.4337107
66.95929931
67.92956126
67.72631243
68.24485519
68.99925046
68.73569093
68.73353857
68.85241015
71.73785824
72.87003867
73.74436112
74.36857884
74.74589764
74.40870437
74.85392052
74.7133137
72.83216793
72.97894369
72.610084
72.22843366
70.74132807
70.15489753
69.89580433
70.14886601
68.17247862
65.95392823
64.78615375
63.68074351
63.12718691
62.76440816
62.57266619
61.90132309
60.6538864
61.3978541
62.80705624
64.0008073
64.50368624
64.94158108
65.22157488
64.91823694
64.67482771
66.0716272
67.00780731
68.73650003
69.8079582
70.29660276
71.20490725
70.88496044
70.56001094
71.08868856
70.69104157
68.78116722
67.19055867
65.21685641
63.38058449
62.14829459
61.37767479
59.87762875
58.11646853
56.11333466
54.77305831
53.06732835
51.8237898
48.75473973
44.25450788
41.95708115
40.0572273
37.54828699
0
0
0
0
0
0
0
0
0
0
0
0
0
0
0
0
0
0
0
0
0
0
0
0
0
0
0
0
0
0
0
0
0
0
0
0
0
0
0
0
0
0
0
0
0
0
0
0
0
0
0
0
0
0
0
0
0
0
0
0
0
0
0
0
0
0
0
0
0
0
0
0
0
0
0
0
0
0
0
0
0
0
0
0
0
0
0
0
0
0
0
0
0
0
0
0
0
0
0
0
0
0
0
0
0
0
0
0
0
0
0
0
0
0
0
0
0
0
0
0
0
0
0
0
0
0
0
0
0
0
0
0
0
0
0
0
0
0
0
0
0
0
0
0
0
0
0
0
0
0
0
0
0
0
0
0
0
0
0
0
0
0
0
0
0
0
0
0
0
0
0
0
0
0
0
0
0
0
0
0
0
0
0
0
0
0
0
0
0
0
0
0
0
0
0
0
0
0
0
0
0
0
0
0
0
0
0
0
0
0
0
0
0
0
0
0
0
0
0
0
0
0
0
0
0
0
0
0
0
0
0
0
0
0
0
0
0
0
0
0
0
0
0
0
0
0
0
0
0
0
0
0
0
0
0
0
0
0
0
0
0
0
0
0
0
0
0
0
0
0
0
0
0
0
0
0
0
0
0
0
0
0
0
0
0
0
0
0
0
0
0
0
0
0
0
0
0
0
0
0
0
0
0
0
0
0
0
0
0
0
0
0
0
0
0
0
0
0
0
0
0
0
0
0
0
0
0
0
0
0
0
0
0
0
0
0
0
0
0
0
0
0
0
0
0
0
0
0
0
0
0
0
0
0
0
0
0
0
0
0
0
0
0
0
0
0
0
0
0
0
0
0
0
0
0
0
0
0
0
0
0
0
0
0
0
0
0
0
0
0
0
0
0
0
0
0
0
0
0
0
0
0
0
0
0
0
0
0
0
0
0
0
0
0
0
0
0
0
0
0
0
0
0
74.85392052
74.85392052
74.85392052
74.85392052
74.85392052
74.85392052
74.85392052
74.85392052
74.85392052
74.85392052
74.85392052
74.85392052
74.85392052
74.85392052
74.85392052
74.85392052
74.85392052
74.85392052
74.85392052
74.85392052
74.85392052
74.85392052
74.85392052
74.85392052
74.85392052
74.85392052
74.85392052
74.85392052
74.85392052
74.85392052
74.85392052
74.85392052
74.85392052
74.85392052
74.85392052
74.85392052
74.85392052
74.85392052
74.85392052
74.85392052
74.85392052
74.85392052
74.85392052
74.85392052
74.85392052
74.85392052
74.85392052
74.85392052
74.85392052
74.85392052
74.85392052
74.85392052
74.85392052
74.85392052
74.85392052
74.85392052
74.85392052
74.85392052
74.85392052
74.85392052
74.85392052
74.85392052
74.85392052
74.85392052
74.85392052
74.85392052
74.85392052
74.85392052
0
0
0
0
0
0
0
0
0
0
0
0
0
0
0
0
0
0
0
0
0
0
0
0
0
0
0
0
0
0
0
0
0
0
0
0
0
0
0
0
0
0
0
0
0
0
0
0
0
0
0
0
0
0
0
0
74.85392052
74.85392052
74.85392052
74.85392052
74.85392052
74.85392052
74.85392052
74.85392052
74.85392052
74.85392052
74.85392052
74.85392052
74.85392052
74.85392052
74.85392052
74.85392052
74.85392052
74.85392052
74.85392052
74.85392052
74.85392052
74.85392052
74.85392052
74.85392052
74.85392052
74.85392052
74.85392052
74.85392052
74.85392052
74.85392052
74.85392052
74.85392052
74.85392052
74.85392052
52.46082423
51.81129661
50.07446762
50.49899052
50.14018849
0
0
0
0
0
0
0
0
0
0
0
0
0
0
0
0
0
0
0
0
0
0
0
0
0
0
0
0
0
0
0
0
0
0
0
0
0
0
0
0
0
0
0
0
0
0
0
0
0
0
0
0
0
0
0
0
0
0
0
0
0
0
0
0
0
0
0
0
0
0
0
0
0
0
0
0
0
0
0
0
0
0
0
0
0
0
0
0
0
0
0
0
0
0
0
0
0
0
0
0
0
0
0
0
0
0
0
0
0
0
0
0
0
0
0
0
0
0
0
0
0
0
0
0
0
0
0
0
0
0
0
0
0
0
0
0
0
0
0
0
0
0
0
0
0
0
0
0
0
0
0
0
0
0
0
0
0
0
0
0
0
0
0
0
0
0
0
0
0
0
0
0
0
0
0
0
0
0
0
0
0
0
0
0
0
0
0
0
0
0
0
0
0
0
0
0
0
0
0
0
0
0
0
0
0
0
0
0
0
0
0
0
0
0
0
0
0
0
0
0
0
0
0
0
0
0
0
0
0
0
0
0
0
0
0
0
0
0
0
0
0
0
0
0
0
0
0
0
0
0
0
0
0
0
0
0
0
0
0
0
0
0
0
0
0
0
0
0
0
0
0
0
0
0
0
0
0
0
0
0
0
0
0
0
0
0
0
0
0
0
0
0
0
0
0
0
0
0
0
0
0
0
0
0
0
0
0
0
0
0
0
0
0
0
0
0
0
0
0
0
0
0
0
0
0
0
0
0
0
0
0
0
0
0
0
0
0
0
0
0
0
0
0
0
0
0
0
0
0
0
0
0
0
0
0
0
0
0
0
0
0
0
0
0
0
0
0
0
0
0
0
0
0
0
0
0
0
0
0
0
0
0
0
0
0
0
0
0
0
0
0
0
0
0
0
0
0
0
0
0
0
0
0
0
0
0
0
0
0
0
0
0
0
0
0
0
0
0
0
0
0
0
0
0
0
0
0
0
0
0
74.85392052
74.85392052
74.85392052
74.85392052
74.85392052
74.85392052
74.85392052
74.85392052
74.85392052
74.85392052
74.85392052
74.85392052
74.85392052
74.85392052
74.85392052
74.85392052
74.85392052
74.85392052
74.85392052
74.85392052
74.85392052
74.85392052
74.85392052
74.85392052
74.85392052
74.85392052
74.85392052
74.85392052
74.85392052
74.85392052
74.85392052
74.85392052
74.85392052
74.85392052
74.85392052
74.85392052
74.85392052
74.85392052
74.85392052
74.85392052
74.85392052
74.85392052
74.85392052
74.85392052
74.85392052
74.85392052
74.85392052
74.85392052
74.85392052
74.85392052
74.85392052
74.85392052
74.85392052
74.85392052
74.85392052
74.85392052
74.85392052
74.85392052
74.85392052
74.85392052
74.85392052
74.85392052
74.85392052
74.85392052
74.85392052
74.85392052
74.85392052
74.85392052
74.85392052
74.85392052
74.85392052
74.85392052
74.85392052
74.85392052
74.85392052
74.85392052
74.85392052
74.85392052
74.85392052
74.85392052
53.11078362
50.62703113
49.82753976
49.10443677
48.63086469
47.45035437
45.82276536
44.31305663
44.11741682
43.09145809
40.86891017
39.29252818
38.41851165
39.68980489
40.42061872
43.3255409
45.82488422
49.27180494
51.33303062
53.46752981
57.2823405
60.43106292
62.05881069
64.44828686
65.2518959
66.52499369
68.65973917
70.098618
70.89993387
72.65556192
74.11543336
74.85392052
74.85392052
74.85392052
74.85392052
74.85392052
74.85392052
74.85392052
74.85392052
74.85392052
74.85392052
74.85392052
74.85392052
74.85392052
74.85392052
74.85392052
74.85392052
74.85392052
74.85392052
74.85392052
74.85392052
74.85392052
74.85392052
74.85392052
53.91974011
51.28868536
50.50768134
50.98187162
47.81462233
46.90394782
42.69834176
39.78791223
37.23813369
0
0
0
0
0
0
0
0
0
0
0
0
0
0
0
0
0
0
0
0
0
0
0
0
0
0
0
0
0
0
0
0
0
0
0
0
0
0
0
0
0
0
0
0
0
0
0
0
0
0
0
0
0
0
0
0
0
0
0
0
0
0
0
0
0
0
0
0
0
0
0
0
0
0
0
0
0
0
0
0
0
0
0
0
0
0
0
0
0
0
0
0
0
0
0
0
0
0
0
0
0
0
0
0
0
0
0
0
0
0
0
0
0
0
0
0
0
0
0
0
0
0
0
0
0
0
0
0
0
0
0
0
0
0
0
0
0
0
0
0
0
0
0
0
0
0
0
0
0
0
0
0
0
0
0
0
0
0
0
0
0
0
0
0
0
0
0
0
0
0
0
0
0
0
0
0
0
0
0
0
0
0
0
0
0
0
0
0
0
0
0
0
0
0
0
0
0
0
0
0
0
0
0
0
0
0
0
0
0
0
0
0
0
0
0
0
0
0
0
0
0
0
0
0
0
0
0
0
0
0
0
0
0
0
0
0
0
0
0
0
0
0
0
0
0
0
0
0
0
0
0
0
0
0
0
0
0
0
0
0
0
0
0
0
0
0
0
0
0
0
0
0
0
0
0
0
0
0
0
0
0
0
0
0
0
0
0
0
0
0
0
0
0
0
0
0
0
0
0
0
0
0
0
0
0
0
0
0
0
0
0
0
0
0
0
0
0
0
0
0
0
0
0
0
0
0
0
0
0
0
0
0
0
0
0
0
0
0
0
0
0
0
0
0
0
0
0
0
0
0
0
0
0
0
0
0
0
0
0
0
0
0
0
0
0
0
0
0
0
0
0
0
0
0
0
0
0
0
0
0
0
0
0
0
0
0
0
0
0
0
0
0
0
0
0
0
0
0
0
0
0
0
0
0
0
0
0
0
0
0
0
0
0
0
0
0
0
0
0
0
0
0
0
0
0
0
0
0
0
0
0
0
0
0
0
0
0
0
0
0
0
0
0
0
0
0
0
0
0
0
0
0
0
0
0
0
0
0
0
0
0
0
0
0
0
0
0
0
0
0
0
0
0
0
0
0
0
0
0
0
0
0
0
0
0
0
0
0
0
0
0
0
0
0
0
0
0
0
0
0
0
0
0
0
0
0
0
0
0
0
0
0
0
0
0
0
0
0
0
0
0
0
0
0
0
0
0
0
0
0
0
0
0
0
0
0
0
0
0
0
0
0
0
0
0
0
0
0
0
0
0
0
0
0
0
0
0
0
0
0
0
0
0
0
0
0
0
0
0
0
0
0
0
0
0
0
0
0
0
0
0
0
0
0
0
0
0
0
0
0
0
0
0
0
0
0
0
0
0
0
0
0
0
0
0
0
0
0
0
0
0
0
0
0
0
0
0
0
0
0
0
0
0
0
0
0
0
0
0
0
0
0
0
0
0
0
0
0
74.85392052
74.85392052
74.85392052
74.85392052
74.85392052
74.85392052
74.85392052
74.85392052
74.85392052
74.85392052
74.85392052
74.85392052
74.85392052
74.85392052
74.85392052
74.85392052
74.85392052
74.85392052
74.85392052
74.85392052
74.85392052
74.85392052
74.85392052
74.85392052
74.85392052
74.85392052
74.85392052
74.85392052
74.85392052
74.85392052
74.85392052
74.85392052
74.85392052
74.85392052
74.85392052
74.85392052
74.85392052
74.85392052
74.85392052
74.85392052
74.85392052
74.85392052
51.88960807
49.37534532
47.39548711
44.56440322
41.24776461
38.93280228
39.08741689
38.64559338
38.67408583
37.61748757
37.11357446
38.2600294
37.61072441
38.39867785
38.09641027
36.87945649
0
0
0
0
0
0
0
0
0
0
0
0
0
0
0
0
0
0
0
0
0
0
0
0
0
0
0
0
0
0
0
0
0
0
0
0
0
0
0
0
0
0
0
0
0
0
0
0
0
0
0
0
0
0
0
0
0
74.85392052
74.85392052
74.85392052
74.85392052
74.85392052
74.85392052
74.85392052
74.85392052
74.85392052
74.85392052
74.85392052
74.85392052
74.85392052
74.85392052
74.85392052
74.85392052
74.85392052
74.85392052
74.85392052
74.85392052
74.85392052
74.85392052
74.85392052
74.85392052
74.85392052
74.85392052
74.85392052
74.85392052
74.85392052
74.85392052
74.85392052
74.85392052
74.85392052
74.85392052
74.85392052
74.85392052
74.85392052
74.85392052
74.85392052
74.85392052
74.85392052
74.85392052
52.55807964
50.39210106
47.54492044
44.84870347
41.54973414
40.83192104
40.52774891
38.11570803
0
0
0
0
0
0
0
0
0
0
0
0
0
0
0
0
0
0
0
0
0
0
0
0
0
0
0
0
0
0
0
0
0
0
0
0
0
0
0
0
0
0
0
0
0
0
0
0
0
0
0
0
0
0
0
0
0
0
0
0
0
0
0
0
0
0
0
0
0
0
0
0
0
0
0
0
0
0
0
0
0
0
0
0
0
0
0
0
0
0
0
0
0
0
0
0
0
0
0
0
0
0
0
0
0
0
0
0
0
0
0
0
0
0
0
0
0
0
0
0
0
0
0
0
0
0
0
0
0
0
0
0
0
0
0
0
0
0
0
0
0
0
0
0
0
0
0
0
0
0
0
0
0
0
0
0
0
0
0
0
0
0
0
0
0
0
0
0
0
0
0
0
0
0
0
0
0
0
0
0
0
0
0
0
0
0
0
0
0
0
0
0
0
0
0
0
0
0
0
0
0
0
0
0
0
0
0
0
0
0
0
0
0
0
0
0
0
0
0
0
0
0
0
0
0
0
0
0
0
0
0
0
0
0
0
0
0
0
0
0
0
0
0
0
0
0
0
0
0
0
0
0
0
0
0
0
0
0
0
0
0
0
0
0
0
0
0
0
0
0
0
0
0
0
0
0
0
0
0
0
0
0
0
0
0
0
0
0
0
0
0
0
0
0
0
0
0
0
0
0
0
0
0
0
0
0
0
0
0
0
0
0
0
0
0
0
0
0
0
0
0
0
0
0
0
0
0
0
0
0
0
0
0
0
0
0
0
0
0
0
0
0
0
0
0
0
0
0
0
0
0
0
0
0
0
0
0
0
0
0
0
0
0
0
0
0
0
0
0
0
0
0
0
0
0
0
0
0
0
0
0
0
0
0
0
0
0
0
0
0
0
0
0
0
0
0
0
0
0
0
0
0
0
0
0
0
0
0
0
0
0
0
0
0
0
0
0
74.85392052
74.85392052
74.85392052
74.85392052
74.85392052
74.85392052
74.85392052
74.85392052
74.85392052
74.85392052
74.85392052
74.85392052
74.85392052
74.85392052
74.85392052
74.85392052
74.85392052
74.85392052
74.85392052
74.85392052
74.85392052
74.85392052
74.85392052
74.85392052
74.85392052
74.85392052
74.85392052
74.85392052
74.85392052
74.85392052
74.85392052
74.85392052
74.85392052
48.83830924
48.56488293
47.24769226
46.55341547
0
0
0
0
0
0
0
0
0
0
0
0
0
0
0
0
0
0
0
0
0
0
0
0
0
0
0
0
0
0
0
0
0
0
0
0
0
0
0
0
0
0
0
0
0
0
0
0
0
0
74.85392052
74.85392052
74.85392052
74.85392052
74.85392052
74.85392052
74.85392052
74.85392052
74.85392052
74.85392052
74.85392052
74.85392052
74.85392052
74.85392052
74.85392052
74.85392052
74.85392052
74.85392052
74.85392052
74.85392052
74.85392052
74.85392052
74.85392052
74.85392052
74.85392052
74.85392052
74.85392052
74.85392052
74.85392052
74.85392052
74.85392052
74.85392052
74.85392052
74.85392052
74.85392052
51.28083702
48.04553723
45.41338597
44.52799115
43.13262451
42.50265184
39.91284806
38.38051885
37.98738239
36.9003971
36.75071536
0
0
0
0
0
0
0
0
0
0
0
0
0
0
0
0
0
0
0
0
0
0
0
0
0
0
0
0
0
0
0
0
0
0
0
0
0
0
0
0
0
0
0
0
0
0
0
0
0
0
0
0
0
0
0
0
0
0
0
0
0
0
74.85392052
74.85392052
74.85392052
74.85392052
74.85392052
74.85392052
74.85392052
74.85392052
74.85392052
74.85392052
74.85392052
74.85392052
74.85392052
74.85392052
74.85392052
74.85392052
74.85392052
74.85392052
44.40287484
40.06372978
0
0
0
0
0
0
0
0
0
0
0
0
0
0
0
0
0
0
0
0
0
0
0
0
0
0
0
0
0
0
0
0
0
0
0
0
0
0
0
0
0
0
0
0
0
0
0
0
0
0
0
0
0
0
0
0
0
0
0
0
0
0
0
0
0
0
0
74.85392052
74.85392052
74.85392052
74.85392052
74.85392052
74.85392052
74.85392052
74.85392052
74.85392052
74.85392052
74.85392052
74.85392052
74.85392052
74.85392052
74.85392052
74.85392052
74.85392052
74.85392052
74.85392052
74.85392052
74.85392052
74.85392052
74.85392052
74.85392052
74.85392052
74.85392052
74.85392052
74.85392052
74.85392052
74.85392052
74.85392052
74.85392052
74.85392052
49.49029795
46.4067945
45.25308369
43.53390069
42.11765834
40.86679405
38.98601391
41.28088324
44.0771403
47.10130189
47.57448395
46.65195128
45.4291396
46.000201
45.69265049
45.9741569
46.02458623
45.99753092
45.0892613
44.30505923
43.86057905
43.78748832
44.05223151
44.23424377
44.62224823
45.44549732
45.67860407
44.8686874
44.35021037
44.10247177
43.25035745
43.17032657
42.81083143
42.56957174
41.28577732
39.94106892
38.97462161
37.42973372
0
0
0
0
0
0
0
0
0
0
0
0
0
0
0
0
0
0
0
0
0
0
0
0
0
0
0
0
0
0
0
0
0
0
0
0
0
0
0
0
0
0
0
0
0
0
0
0
0
0
0
0
0
0
0
0
0
0
0
0
0
0
0
0
0
0
0
0
0
0
0
0
0
0
0
0
0
0
0
0
0
0
0
0
0
0
0
0
0
0
0
0
0
0
0
0
0
0
0
0
0
0
0
0
0
0
0
0
0
0
0
0
0
0
0
0
0
0
0
0
0
0
0
0
0
0
0
0
0
0
0
0
0
0
0
0
0
0
0
0
0
0
0
0
0
0
0
0
0
0
0
0
0
0
0
0
0
0
0
0
0
0
0
0
0
0
0
0
0
0
0
0
0
0
0
0
0
0
0
0
0
0
0
0
0
0
0
0
0
0
0
0
0
0
0
0
0
0
0
0
0
0
0
0
0
0
0
0
0
0
0
0
0
0
0
0
0
0
0
0
0
0
0
0
0
0
0
0
0
0
0
0
0
0
0
0
0
0
0
0
0
0
0
0
0
0
0
0
0
0
0
0
0
0
0
0
0
0
0
0
0
0
0
0
0
0
0
0
74.85392052
74.85392052
74.85392052
74.85392052
74.85392052
74.85392052
74.85392052
74.85392052
74.85392052
74.85392052
74.85392052
74.85392052
74.85392052
74.85392052
74.85392052
74.85392052
74.85392052
74.85392052
74.85392052
74.85392052
74.85392052
74.85392052
74.85392052
74.85392052
74.85392052
74.85392052
74.85392052
74.85392052
74.85392052
74.85392052
74.85392052
74.85392052
74.85392052
74.85392052
74.85392052
74.85392052
74.85392052
74.85392052
74.85392052
74.85392052
74.85392052
74.85392052
74.85392052
74.85392052
74.85392052
74.85392052
74.85392052
74.85392052
74.85392052
74.85392052
74.85392052
74.85392052
74.85392052
74.85392052
74.85392052
74.85392052
74.85392052
74.85392052
74.85392052
74.85392052
74.85392052
74.85392052
74.85392052
74.85392052
74.85392052
74.85392052
74.85392052
74.85392052
74.85392052
74.85392052
74.85392052
74.85392052
74.85392052
74.85392052
74.85392052
74.85392052
74.85392052
74.85392052
74.85392052
74.85392052
74.85392052
74.85392052
74.85392052
74.85392052
74.85392052
74.85392052
74.85392052
74.85392052
74.85392052
74.85392052
74.85392052
74.85392052
74.85392052
74.85392052
74.85392052
74.85392052
74.85392052
74.85392052
74.85392052
55.37372433
53.46265754
52.83107206
55.04335696
57.09545465
58.76566609
58.97338703
60.15882945
61.27800881
61.08980156
62.16558095
62.78832939
62.91379544
62.2794493
60.784682
60.31122642
60.15950241
59.31719301
58.85802015
58.09720854
56.79453294
54.32357546
52.53169899
50.33372093
48.73235916
47.21163864
46.05673808
44.24772848
44.37613587
45.47000928
46.63303939
48.03241469
49.43353435
51.30714216
53.01911937
55.25595977
55.78299509
56.63949544
57.48810833
58.84608599
59.27319639
59.30375145
58.57930195
58.8231675
57.40311798
60.05688138
63.35901111
66.6942256
68.4739541
70.30520001
70.21937711
70.78741443
72.16024443
71.05683516
70.519846
70.54745753
71.79254565
72.36889981
72.48217074
72.21676392
71.82355245
69.67201097
68.48850645
67.06168993
66.12925845
63.24148277
60.34134373
59.50269297
57.32909641
54.85607994
52.62101935
49.75244699
46.9560844
44.00457692
42.00000431
41.7660641
42.08021543
42.45855705
43.25174875
43.99537724
44.41076882
41.56135807
39.14611058
37.23061378
0
0
0
0
0
0
0
0
0
0
0
0
0
0
0
0
0
0
0
0
0
0
0
0
0
0
0
0
0
0
0
0
0
0
0
0
0
0
0
0
0
0
0
0
0
0
0
0
0
0
0
0
0
0
0
0
0
0
0
0
0
0
0
0
0
0
0
0
0
0
0
0
0
0
0
0
0
0
0
0
0
0
0
0
0
0
0
0
0
0
0
0
0
0
0
0
0
0
0
0
0
0
0
0
0
0
0
0
0
0
0
0
0
0
0
0
0
0
0
0
0
0
0
0
0
0
0
0
0
0
0
0
0
0
0
0
0
0
0
0
0
0
0
0
0
0
0
0
0
0
0
0
0
0
0
0
0
0
0
0
0
0
0
0
0
0
0
0
0
0
0
0
0
0
0
0
0
0
0
0
0
0
0
0
0
0
0
0
0
0
0
0
0
0
0
0
0
0
0
0
0
0
0
0
0
0
0
0
0
0
0
0
0
0
0
0
0
0
0
0
0
0
0
0
0
0
0
0
0
0
0
0
0
0
0
0
0
0
0
0
0
0
0
0
0
0
0
0
0
0
0
0
0
0
0
0
0
0
0
0
0
0
0
0
0
0
0
0
0
0
0
0
0
0
0
0
0
0
0
0
0
0
0
0
0
0
0
0
0
0
0
0
0
0
0
0
0
0
0
0
0
0
0
0
0
0
0
0
0
0
0
0
0
0
0
0
0
0
0
0
0
0
0
0
0
0
0
0
0
0
0
0
0
0
0
0
0
0
0
0
0
0
0
0
0
0
0
0
0
0
0
0
0
0
0
0
0
0
0
0
0
0
0
0
0
0
0
0
0
0
0
0
0
0
0
0
0
0
0
0
0
0
0
0
0
0
0
0
0
0
0
0
0
0
0
0
0
0
0
0
0
0
0
0
0
0
0
0
0
0
0
0
0
0
0
0
0
0
0
0
0
0
0
0
0
0
0
0
0
0
0
0
0
0
0
0
0
0
0
0
0
74.85392052
74.85392052
74.85392052
74.85392052
74.85392052
74.85392052
74.85392052
74.85392052
74.85392052
74.85392052
74.85392052
74.85392052
74.85392052
74.85392052
74.85392052
74.85392052
74.85392052
74.85392052
74.85392052
74.85392052
74.85392052
74.85392052
74.85392052
74.85392052
74.85392052
74.85392052
74.85392052
74.85392052
74.85392052
74.85392052
74.85392052
74.85392052
74.85392052
74.85392052
74.85392052
74.85392052
74.85392052
74.85392052
74.85392052
74.85392052
74.85392052
74.85392052
74.85392052
74.85392052
74.85392052
74.85392052
74.85392052
74.85392052
74.85392052
74.85392052
74.85392052
74.85392052
74.85392052
74.85392052
74.85392052
74.85392052
74.85392052
74.85392052
74.85392052
74.85392052
74.85392052
74.85392052
74.85392052
74.85392052
74.85392052
74.85392052
74.85392052
74.85392052
74.85392052
74.85392052
74.85392052
74.85392052
74.85392052
74.85392052
74.85392052
74.85392052
74.85392052
74.85392052
74.85392052
74.85392052
74.85392052
74.85392052
74.85392052
74.85392052
74.85392052
74.85392052
74.85392052
74.85392052
74.85392052
74.85392052
74.85392052
74.85392052
74.85392052
74.85392052
74.85392052
74.85392052
74.85392052
74.85392052
74.85392052
74.85392052
74.85392052
74.85392052
74.85392052
74.85392052
74.85392052
74.85392052
74.85392052
74.85392052
74.85392052
74.85392052
74.85392052
74.85392052
74.85392052
74.85392052
74.85392052
74.85392052
74.85392052
74.85392052
74.85392052
74.85392052
74.85392052
74.85392052
74.85392052
74.85392052
74.85392052
74.85392052
74.85392052
74.85392052
74.85392052
74.85392052
74.85392052
74.85392052
74.85392052
74.85392052
74.85392052
74.85392052
74.85392052
74.85392052
74.85392052
74.85392052
74.85392052
74.85392052
74.85392052
74.85392052
74.85392052
74.85392052
74.85392052
74.85392052
74.85392052
74.85392052
74.85392052
74.85392052
74.85392052
74.85392052
74.85392052
74.85392052
74.85392052
74.85392052
74.85392052
74.85392052
74.85392052
74.85392052
74.85392052
74.85392052
74.85392052
74.85392052
74.85392052
74.85392052
74.85392052
74.85392052
74.85392052
74.85392052
74.85392052
74.85392052
74.85392052
74.85392052
74.85392052
74.85392052
74.85392052
74.85392052
74.85392052
74.85392052
74.85392052
74.85392052
74.85392052
74.85392052
74.85392052
74.85392052
74.85392052
74.85392052
74.85392052
74.85392052
74.85392052
74.85392052
74.85392052
74.85392052
74.85392052
74.85392052
74.85392052
74.85392052
74.85392052
74.85392052
74.85392052
74.85392052
74.85392052
74.85392052
74.85392052
74.85392052
74.85392052
74.85392052
74.85392052
74.85392052
74.85392052
74.85392052
74.85392052
74.85392052
74.85392052
74.85392052
74.85392052
74.85392052
74.85392052
74.85392052
74.85392052
74.85392052
74.85392052
74.85392052
74.85392052
74.85392052
74.85392052
74.85392052
74.85392052
74.85392052
74.85392052
53.18470224
53.12288069
51.63513254
50.91164537
50.75823028
50.29075326
51.14765968
53.52755664
53.29856048
52.68424727
51.06998069
49.37029023
47.44154327
45.31393121
44.27157965
41.86088647
40.84411351
40.15893434
38.94098986
37.5939176
36.56645231
0
0
0
0
0
0
0
0
0
0
0
0
0
0
0
0
0
0
0
0
0
0
0
0
0
0
0
0
0
0
0
0
0
0
0
0
0
0
0
0
0
0
0
0
0
0
0
0
0
0
0
0
0
0
0
0
0
0
0
0
0
0
0
0
0
0
0
0
0
0
0
0
0
0
0
0
0
0
0
0
0
0
0
0
0
0
0
0
0
0
0
0
0
0
0
0
0
0
0
0
0
0
0
0
0
0
0
0
0
0
0
0
0
0
0
0
0
0
0
0
0
0
0
0
0
0
0
0
0
0
0
74.85392052
74.85392052
74.85392052
74.85392052
74.85392052
74.85392052
74.85392052
74.85392052
74.85392052
74.85392052
74.85392052
74.85392052
74.85392052
74.85392052
74.85392052
74.85392052
74.85392052
74.85392052
74.85392052
74.85392052
74.85392052
74.85392052
74.85392052
74.85392052
74.85392052
74.85392052
74.85392052
74.85392052
74.85392052
74.85392052
50.70800842
45.92150324
41.22490729
38.21039276
0
0
0
0
0
0
0
0
0
0
0
0
0
0
0
0
0
0
0
0
0
0
0
0
0
0
0
0
0
0
0
0
0
0
0
0
0
0
0
0
0
0
0
0
0
0
0
0
0
0
0
0
0
0
0
0
0
0
0
0
0
0
0
0
0
0
0
0
74.85392052
74.85392052
74.85392052
74.85392052
74.85392052
74.85392052
74.85392052
74.85392052
74.85392052
74.85392052
74.85392052
74.85392052
74.85392052
74.85392052
74.85392052
74.85392052
74.85392052
74.85392052
74.85392052
74.85392052
74.85392052
74.85392052
74.85392052
74.85392052
74.85392052
74.85392052
74.85392052
74.85392052
74.85392052
74.85392052
53.72151293
50.99383932
48.05646694
43.98911239
40.0333297
0
0
0
0
0
0
0
0
0
0
0
0
0
0
0
0
0
0
0
0
0
0
0
0
0
0
0
0
0
0
0
0
0
0
0
0
0
0
0
0
0
0
0
0
0
0
0
0
0
0
0
0
0
0
0
0
0
0
0
0
0
0
0
0
0
0
0
0
0
0
0
0
0
0
0
0
0
0
0
0
0
0
0
0
0
0
0
0
0
0
0
0
0
0
0
0
0
0
0
0
0
0
0
0
0
0
0
0
0
0
0
0
0
0
0
0
0
0
0
0
0
0
0
0
0
0
0
0
0
0
0
0
0
0
0
0
0
0
0
0
0
0
0
0
0
0
0
0
0
0
0
0
0
0
0
0
0
0
0
0
0
0
0
0
0
0
0
0
0
0
0
0
0
0
0
0
0
0
0
0
0
0
0
0
0
0
0
0
0
0
0
0
0
0
0
0
0
0
0
0
0
0
0
0
0
0
0
0
0
0
0
0
0
0
0
0
0
0
0
0
0
0
0
0
0
0
0
0
0
0
0
0
0
0
0
0
0
0
0
0
0
0
0
0
0
0
0
0
0
0
0
0
0
0
0
0
0
0
0
0
0
0
0
0
0
0
0
0
0
0
0
0
0
0
0
0
0
0
0
0
0
0
0
0
0
0
0
0
0
0
0
0
0
0
0
0
0
0
0
0
0
0
0
0
0
0
0
0
0
0
0
0
0
0
0
0
0
0
0
0
0
0
0
0
0
0
0
0
0
0
0
0
0
0
0
0
0
0
0
0
0
0
0
0
0
0
0
0
0
0
0
0
0
0
0
0
0
0
0
0
0
0
0
0
0
0
0
0
0
0
0
0
0
0
0
0
0
0
0
0
0
0
0
0
0
0
0
0
0
0
0
0
0
0
0
0
0
0
0
0
0
0
0
0
0
0
0
0
0
0
0
0
0
0
0
0
0
0
0
0
0
0
0
0
0
0
0
0
0
0
0
0
0
0
0
0
0
0
0
0
0
0
0
0
0
0
0
0
0
0
0
0
0
0
0
0
0
0
0
0
0
0
0
0
0
0
0
0
0
0
0
0
0
0
0
0
0
0
0
0
0
0
0
0
0
0
0
0
0
0
0
0
0
0
0
0
0
0
0
0
0
0
0
0
0
0
0
0
0
0
0
0
0
0
0
0
0
0
0
0
0
0
0
0
0
0
0
0
0
0
0
0
0
0
0
0
0
0
0
0
0
0
0
0
0
0
0
0
0
0
0
0
0
0
0
0
0
0
0
0
0
0
0
0
0
0
0
0
0
0
0
0
0
0
0
0
0
0
0
0
0
0
0
0
0
0
0
0
0
0
0
0
0
0
0
0
0
0
0
0
0
0
0
0
0
0
0
0
0
0
0
0
0
0
0
0
0
0
0
0
0
0
0
0
0
0
0
0
0
0
0
0
0
0
0
0
0
0
0
0
0
0
0
0
0
0
0
0
0
0
0
0
0
0
0
0
0
0
0
0
0
0
0
0
0
0
0
0
0
0
0
0
0
0
0
0
0
0
0
0
0
0
0
0
0
0
0
0
0
0
0
0
0
0
0
0
0
0
0
0
0
0
0
0
0
0
0
0
0
0
0
0
0
0
0
0
0
0
0
0
0
0
0
0
0
0
0
0
0
0
0
0
0
0
0
0
0
0
0
0
0
0
0
0
0
0
0
0
0
0
0
0
0
0
0
0
0
0
0
0
0
0
0
0
0
0
0
0
0
0
0
0
0
0
0
0
0
0
0
0
0
0
0
0
0
0
0
0
0
0
0
0
0
0
0
0
0
0
0
0
0
0
0
0
0
0
0
0
0
0
0
0
0
0
0
0
0
0
0
0
0
0
0
0
0
0
0
0
0
0
0
0
0
0
0
0
0
0
0
0
0
0
0
0
0
0
0
0
0
0
0
0
0
0
0
0
0
0
0
0
0
0
0
0
0
0
0
0
0
0
0
0
0
0
0
0
0
0
0
0
0
0
0
0
0
0
0
0
0
0
0
0
0
0
0
0
0
0
0
0
0
0
0
0
0
0
0
0
0
0
0
0
0
0
0
0
0
0
0
0
0
0
0
0
0
0
0
0
0
0
0
0
0
0
0
0
0
0
0
0
0
0
0
0
0
0
0
0
0
0
0
0
0
0
0
0
0
0
0
0
0
0
0
0
0
0
0
0
0
0
0
0
0
0
0
0
0
0
0
0
0
0
0
0
0
0
0
0
0
0
0
0
0
0
0
0
0
0
0
0
0
0
0
0
0
0
0
0
0
0
0
0
0
0
0
0
0
0
0
0
0
0
0
0
0
0
0
0
0
0
0
0
0
0
0
0
0
0
0
0
0
0
0
0
0
0
0
0
0
0
0
0
0
0
0
0
0
0
0
0
0
0
0
0
0
0
0
0
0
0
0
0
0
0
0
0
0
0
0
0
0
0
0
0
0
0
0
0
0
0
0
0
0
0
0
0
0
0
0
0
0
0
0
0
0
0
0
0
0
0
0
0
0
0
0
0
0
0
0
0
0
0
0
0
0
0
0
0
0
0
0
0
0
0
0
0
0
0
0
0
0
0
0
0
0
0
0
0
0
0
0
0
0
0
0
0
0
0
0
0
0
0
0
0
0
0
0
0
0
0
0
0
0
0
0
0
0
0
0
0
0
0
0
0
0
0
0
0
0
0
0
0
0
0
0
0
0
0
0
0
0
0
0
0
0
0
0
0
0
0
0
0
0
0
0
0
0
0
0
0
0
0
0
0
0
0
0
0
0
0
0
0
0
0
0
0
0
0
0
0
0
0
0
0
0
0
0
0
0
0
0
0
0
0
0
0
0
0
0
0
0
0
0
0
0
0
0
0
0
0
0
0
0
0
0
0
0
0
0
0
0
0
0
0
0
0
0
0
0
0
0
0
0
0
0
0
0
0
0
0
0
0
0
0
0
0
0
0
0
0
0
0
74.85392052
74.85392052
74.85392052
74.85392052
74.85392052
74.85392052
74.85392052
74.85392052
74.85392052
74.85392052
74.85392052
74.85392052
74.85392052
74.85392052
74.85392052
74.85392052
74.85392052
74.85392052
74.85392052
74.85392052
74.85392052
74.85392052
74.85392052
74.85392052
74.85392052
74.85392052
50.18116689
49.34361269
48.1482623
47.17118544
47.12601213
45.51473238
43.90641053
42.85746014
41.96413342
41.2992661
40.59889846
39.39875384
37.15823311
0
0
0
0
0
0
0
0
0
0
0
0
0
0
0
0
0
0
0
0
0
0
0
0
0
0
0
0
0
0
0
0
0
0
0
0
0
0
0
0
0
0
0
0
0
0
0
0
0
0
0
0
0
0
0
0
0
0
0
0
0
0
0
0
0
0
0
0
0
0
0
0
0
0
0
0
0
0
0
0
0
0
0
0
0
0
0
0
0
0
0
0
0
0
0
0
0
0
0
0
0
0
0
0
0
0
0
0
0
0
0
0
0
0
0
0
0
0
0
0
0
0
0
0
0
0
0
0
0
0
0
0
0
0
0
0
0
0
0
0
0
0
0
0
0
0
0
0
0
0
0
0
74.85392052
74.85392052
74.85392052
74.85392052
74.85392052
74.85392052
74.85392052
74.85392052
74.85392052
74.85392052
74.85392052
74.85392052
74.85392052
74.85392052
74.85392052
74.85392052
74.85392052
74.85392052
74.85392052
74.85392052
74.85392052
74.85392052
74.85392052
74.85392052
74.85392052
74.85392052
74.85392052
74.85392052
74.85392052
74.85392052
74.85392052
74.85392052
74.85392052
74.85392052
74.85392052
74.85392052
74.85392052
74.85392052
74.85392052
74.85392052
74.85392052
74.85392052
74.85392052
74.85392052
74.85392052
74.85392052
74.85392052
74.85392052
74.85392052
74.85392052
74.85392052
74.85392052
74.85392052
74.85392052
74.85392052
74.85392052
74.85392052
74.85392052
74.85392052
54.88414293
54.02000018
55.5189032
55.95804664
56.35761674
56.01741332
55.54440179
54.0505959
52.99221247
51.24882204
48.41652854
44.65614945
39.34742263
0
0
0
0
0
0
0
0
0
0
0
0
0
0
0
0
0
0
0
0
0
0
0
0
0
0
0
0
0
0
0
0
0
0
0
0
0
0
0
0
0
0
0
0
0
0
0
0
0
0
0
0
0
0
0
0
0
0
0
0
0
0
0
0
0
0
0
0
0
0
0
0
0
0
0
0
0
0
0
0
0
0
0
0
0
0
0
0
0
0
0
0
0
0
0
0
0
0
0
0
0
0
0
0
0
0
0
0
0
0
0
0
0
0
0
0
0
0
0
0
0
0
0
0
0
0
0
0
0
0
0
0
0
0
0
0
0
0
0
0
0
0
0
0
0
0
0
0
0
0
0
0
0
0
0
0
0
0
0
0
0
0
0
0
0
0
0
0
0
0
0
0
0
0
0
0
0
0
0
0
0
0
0
0
0
0
0
0
0
0
0
0
0
0
0
0
0
0
0
0
0
0
0
0
0
0
0
0
0
0
0
0
0
0
0
0
0
0
0
0
0
0
0
0
0
0
0
0
0
0
0
0
0
0
0
0
0
0
0
0
0
0
0
0
0
0
0
0
0
0
0
0
0
0
0
0
0
0
0
0
0
0
0
0
0
0
0
0
0
0
0
0
0
0
0
0
0
0
0
0
0
0
0
0
0
0
0
0
0
0
0
0
0
0
0
0
0
0
0
0
0
0
0
0
0
0
0
0
74.85392052
74.85392052
74.85392052
74.85392052
74.85392052
74.85392052
74.85392052
74.85392052
74.85392052
74.85392052
74.85392052
74.85392052
74.85392052
74.85392052
74.85392052
74.85392052
74.85392052
74.85392052
74.85392052
74.85392052
74.85392052
74.85392052
74.85392052
74.85392052
74.85392052
74.85392052
74.85392052
74.85392052
74.85392052
74.85392052
74.85392052
74.85392052
74.85392052
74.85392052
74.85392052
74.85392052
74.85392052
74.85392052
74.85392052
74.85392052
74.85392052
74.85392052
74.85392052
74.85392052
74.85392052
74.85392052
74.85392052
74.85392052
74.85392052
74.85392052
74.85392052
74.85392052
74.85392052
74.85392052
74.85392052
74.85392052
74.85392052
74.85392052
74.85392052
74.85392052
74.85392052
74.85392052
74.85392052
74.85392052
74.85392052
74.85392052
74.85392052
74.85392052
74.85392052
74.85392052
74.85392052
74.85392052
74.85392052
74.85392052
74.85392052
74.85392052
74.85392052
74.85392052
74.85392052
74.85392052
74.85392052
74.85392052
74.85392052
74.85392052
74.85392052
74.85392052
74.85392052
74.85392052
74.85392052
74.85392052
74.85392052
74.85392052
74.85392052
74.85392052
74.85392052
74.85392052
74.85392052
74.85392052
74.85392052
74.85392052
74.85392052
74.85392052
74.85392052
74.85392052
74.85392052
74.85392052
74.85392052
74.85392052
74.85392052
74.85392052
74.85392052
74.85392052
74.85392052
74.85392052
74.85392052
74.85392052
74.85392052
74.85392052
74.85392052
74.85392052
74.85392052
74.85392052
74.85392052
74.85392052
74.85392052
74.85392052
74.85392052
74.85392052
74.85392052
74.85392052
74.85392052
74.85392052
74.85392052
52.51634594
53.09131913
52.0511642
53.18184295
54.33693802
52.08912536
51.99470749
50.51458777
48.03072603
46.0254607
45.15337133
44.19035808
41.64673706
39.95794997
38.49545189
36.89747154
0
0
0
0
0
0
0
0
0
0
0
0
0
0
0
0
0
0
0
0
0
0
0
0
0
0
0
0
0
0
0
0
0
0
0
0
0
0
0
0
0
74.85392052
74.85392052
74.85392052
74.85392052
74.85392052
74.85392052
74.85392052
74.85392052
74.85392052
74.85392052
74.85392052
74.85392052
74.85392052
74.85392052
74.85392052
74.85392052
74.85392052
74.85392052
74.85392052
74.85392052
74.85392052
74.85392052
74.85392052
74.85392052
74.85392052
74.85392052
74.85392052
74.85392052
74.85392052
74.85392052
74.85392052
74.85392052
74.85392052
74.85392052
74.85392052
74.85392052
55.64064784
56.28517333
56.83532037
57.34587863
59.35329761
59.96063081
59.28750938
57.49030152
56.91520158
55.92890837
57.86665463
57.5719297
56.81102118
56.84262517
57.65991251
56.51362978
53.91081176
52.87618279
52.37896567
51.6087701
51.15554563
50.57189179
49.86863627
50.18762488
48.49949471
46.70313281
44.70117244
44.54529953
43.50952985
44.39447662
42.68349705
40.67645805
37.55610879
36.46966016
0
0
0
0
0
0
0
0
0
0
0
0
0
0
0
0
0
0
0
0
0
0
0
0
0
0
0
0
0
0
0
0
0
0
0
0
0
0
0
0
0
0
0
0
0
0
0
0
0
0
0
0
0
0
0
0
0
0
0
0
0
0
0
0
0
0
0
0
0
0
0
0
0
0
0
0
0
0
0
0
0
0
0
0
0
0
0
0
0
0
0
0
0
0
0
0
0
0
0
0
0
0
0
0
0
0
0
0
0
0
0
0
0
0
0
0
0
0
0
0
0
0
0
0
0
0
0
0
0
0
0
0
0
0
0
0
0
0
0
0
0
0
0
0
0
0
0
0
0
0
0
0
0
0
0
0
0
0
0
0
0
0
0
0
0
0
0
0
0
0
0
0
0
0
0
0
0
0
0
0
0
0
0
0
0
0
0
0
0
0
0
0
0
0
0
0
0
0
0
0
0
0
0
0
0
0
0
0
0
0
0
0
0
0
0
0
0
0
0
0
0
0
0
0
0
0
0
0
0
0
0
0
0
0
0
0
0
0
0
0
0
0
0
0
0
0
0
0
0
0
0
0
0
0
0
0
0
0
0
0
0
0
0
0
0
0
0
0
0
0
0
0
0
0
0
0
0
0
0
0
0
0
0
0
0
0
0
0
0
0
0
0
0
0
0
0
0
0
0
0
0
0
0
0
0
0
0
0
0
0
0
0
0
0
0
0
0
0
0
0
0
0
0
0
0
0
0
0
0
0
0
0
0
0
0
0
0
0
0
0
0
0
0
0
0
0
0
0
0
0
0
0
0
0
0
0
0
0
0
0
0
0
0
0
0
0
0
0
0
0
0
0
0
0
0
0
0
0
0
0
0
0
0
0
0
0
0
0
0
0
0
0
0
0
0
0
0
0
0
0
0
0
0
0
0
0
0
0
0
0
0
0
0
0
0
0
0
0
0
0
0
0
0
0
0
0
0
0
0
0
0
0
0
0
0
0
0
0
0
0
0
0
0
0
0
0
0
0
0
0
0
0
0
0
0
0
0
0
0
0
0
0
0
0
0
0
0
0
0
0
0
0
0
0
0
0
0
0
0
0
0
0
0
0
0
0
0
0
0
0
0
0
0
0
0
0
0
0
0
0
0
0
0
0
0
0
0
0
0
0
0
0
0
0
0
0
0
0
0
0
0
0
0
0
0
0
0
0
0
0
0
0
0
0
0
0
0
0
0
0
0
0
0
0
0
0
0
0
0
0
0
0
0
0
0
0
0
0
0
0
0
0
0
0
0
0
0
0
0
0
0
0
0
0
0
0
0
0
0
0
0
0
0
0
0
0
0
0
0
0
0
0
0
0
0
0
0
0
0
0
0
0
0
0
0
0
0
0
0
0
0
0
0
0
0
0
0
0
0
0
0
0
0
0
0
0
0
0
0
0
0
0
0
0
0
0
0
0
0
0
0
0
0
0
0
0
0
0
0
0
0
0
0
0
0
0
0
0
0
0
0
0
0
0
0
0
0
0
0
0
0
0
0
0
0
0
0
0
0
0
0
0
0
0
0
0
0
0
0
0
0
0
0
0
0
0
0
0
0
0
0
0
74.85392052
74.85392052
74.85392052
74.85392052
74.85392052
74.85392052
74.85392052
74.85392052
74.85392052
74.85392052
74.85392052
74.85392052
74.85392052
74.85392052
74.85392052
74.85392052
74.85392052
74.85392052
74.85392052
74.85392052
74.85392052
74.85392052
74.85392052
74.85392052
74.85392052
74.85392052
74.85392052
74.85392052
74.85392052
74.85392052
51.40351647
47.6101293
45.81510193
46.4612702
49.24567611
50.34042869
51.52086703
52.33196011
52.95358733
53.24141785
51.34524216
51.3753134
50.64326109
49.05628864
46.52798332
44.71410284
44.21931808
42.99998377
41.84154952
39.7636686
39.54032926
39.39831879
40.49126822
40.61135624
42.45571758
43.19213188
44.60012674
45.02763832
45.58757173
45.89771615
47.11236682
47.61533759
48.48520772
51.30865522
51.64123527
53.58196305
55.48079238
55.19415267
56.54986296
54.83418079
53.41371797
50.84811277
51.41197966
49.24179468
45.17932412
43.27280781
40.91774076
41.99457861
43.87414567
46.00099552
48.73100951
48.52362147
49.14002171
52.51198554
56.19510124
59.05209278
62.02801778
63.05286175
66.39215608
74.85392052
74.85392052
74.85392052
74.85392052
74.85392052
74.85392052
74.85392052
74.85392052
74.85392052
74.85392052
74.85392052
74.85392052
74.85392052
74.85392052
74.85392052
74.85392052
74.85392052
74.85392052
74.85392052
74.85392052
74.85392052
74.85392052
74.85392052
74.85392052
74.85392052
74.85392052
74.85392052
55.57800239
57.3425182
57.16105226
53.74805929
51.06512154
48.97605075
48.87854502
47.11828004
49.15524675
50.44307863
52.53630904
53.56389821
55.30908201
58.65800012
60.83947213
60.92996518
62.54464025
63.2234399
62.82054614
62.41825977
64.39413932
63.91748896
61.33079185
60.8199508
62.23272262
62.28872911
61.77626001
61.69239686
61.88344308
61.18367112
60.60498592
59.52060433
60.53110639
60.59565573
59.56223422
59.77062193
59.40910143
59.1590358
59.16691087
59.3931866
60.03055896
61.05496667
61.21089709
61.26876222
61.12860404
60.48400878
60.50334771
59.70820359
59.30387229
58.54385757
58.43868201
58.69900524
60.01714846
61.26034084
61.7899824
62.19292268
61.9239892
61.90087285
63.09397992
63.9273903
65.29183212
66.49608781
67.2617321
68.38541796
69.20969482
70.4609709
72.3999201
74.55308872
74.85392052
74.85392052
74.85392052
74.85392052
74.85392052
74.85392052
74.85392052
74.85392052
74.85392052
74.85392052
74.85392052
74.85392052
74.85392052
74.85392052
74.85392052
74.85392052
74.85392052
74.85392052
74.85392052
74.85392052
74.85392052
74.85392052
74.85392052
74.85392052
74.85392052
74.85392052
74.85392052
74.85392052
74.85392052
74.85392052
74.85392052
74.85392052
74.85392052
74.85392052
46.3852388
43.41614274
44.15009024
43.27676017
45.66072455
49.51863726
53.84078752
57.52136173
54.9690235
50.30042144
46.48179295
43.43460309
39.80208395
0
0
0
0
0
0
0
0
0
0
0
0
0
0
0
0
0
0
0
0
0
0
0
0
0
0
0
0
0
0
0
0
0
0
0
0
0
0
0
0
0
0
0
0
0
0
0
0
0
0
0
0
0
0
0
0
0
0
0
0
0
0
0
0
0
0
0
0
0
0
0
0
0
0
0
0
0
0
0
0
0
0
0
0
0
0
0
0
0
0
0
0
0
0
0
0
0
0
0
0
0
0
0
0
0
0
0
0
0
0
0
0
0
0
0
0
0
0
0
0
0
0
0
0
0
0
0
0
0
0
0
0
0
0
0
0
0
0
0
0
0
0
0
0
0
0
0
0
0
0
0
0
0
0
0
0
0
0
0
0
0
0
0
0
0
0
0
0
0
0
0
0
0
0
0
0
0
0
0
0
0
0
0
0
0
0
0
0
0
0
0
0
0
0
0
0
0
0
0
0
0
0
0
0
0
0
0
0
0
0
0
0
0
0
0
0
0
0
0
0
0
0
0
0
0
0
0
0
0
0
0
0
0
0
0
0
0
0
0
0
0
0
0
0
0
74.85392052
74.85392052
74.85392052
74.85392052
74.85392052
74.85392052
74.85392052
74.85392052
74.85392052
74.85392052
74.85392052
74.85392052
74.85392052
74.85392052
74.85392052
74.85392052
74.85392052
74.85392052
74.85392052
74.85392052
74.85392052
74.85392052
74.85392052
74.85392052
74.85392052
74.85392052
74.85392052
74.85392052
74.85392052
74.85392052
74.85392052
74.85392052
74.85392052
74.85392052
74.85392052
74.85392052
74.85392052
74.85392052
74.85392052
74.85392052
74.85392052
74.85392052
74.85392052
74.85392052
74.85392052
74.85392052
74.85392052
74.85392052
74.85392052
74.85392052
74.85392052
74.85392052
74.85392052
74.85392052
74.85392052
74.85392052
74.85392052
74.85392052
74.85392052
74.85392052
74.85392052
74.85392052
74.85392052
74.85392052
74.85392052
74.85392052
74.85392052
74.85392052
74.85392052
74.85392052
74.85392052
74.85392052
74.85392052
74.85392052
74.85392052
74.85392052
74.85392052
74.85392052
74.85392052
74.85392052
74.85392052
74.85392052
74.85392052
74.85392052
74.85392052
74.85392052
74.85392052
74.85392052
74.85392052
74.85392052
74.85392052
74.85392052
74.85392052
74.85392052
74.85392052
74.85392052
74.85392052
74.85392052
74.85392052
74.85392052
74.85392052
74.85392052
74.85392052
74.85392052
74.85392052
74.85392052
74.85392052
74.85392052
74.85392052
74.85392052
74.85392052
74.85392052
74.85392052
74.85392052
74.85392052
74.85392052
74.85392052
74.85392052
74.85392052
74.85392052
74.85392052
74.85392052
74.85392052
74.85392052
74.85392052
74.85392052
74.85392052
74.85392052
74.85392052
74.85392052
74.85392052
74.85392052
74.85392052
74.85392052
74.85392052
52.91409803
52.18375319
51.84148496
52.24817975
50.74488876
49.88233969
48.58951521
42.69204808
37.88764797
0
0
0
0
0
0
0
0
0
0
0
0
0
0
0
0
0
0
0
0
0
0
0
0
0
0
0
0
0
0
0
0
0
0
0
0
0
0
0
0
0
0
0
0
0
0
0
0
0
0
0
0
0
0
0
0
0
0
0
0
0
0
0
0
0
0
0
0
0
0
0
0
0
0
0
0
0
0
0
0
0
0
0
0
0
0
0
0
0
0
0
0
0
0
0
0
0
0
0
0
0
0
0
0
0
0
0
0
0
0
0
0
0
0
0
0
0
0
0
0
0
0
0
0
0
0
0
0
0
0
0
0
0
0
0
0
0
0
0
0
0
0
0
0
0
0
0
0
0
0
0
0
0
0
0
0
0
0
0
0
0
0
0
0
0
0
0
0
0
0
0
0
0
0
0
0
0
0
0
0
0
0
0
0
0
0
0
0
0
0
0
0
0
0
0
0
0
0
0
0
0
0
0
0
0
0
0
0
0
0
0
0
0
0
0
0
0
0
0
0
0
0
0
0
0
0
0
0
0
0
0
0
0
0
0
0
0
0
0
0
0
0
0
0
0
0
0
0
0
0
0
0
0
0
0
0
0
0
0
0
0
0
0
0
0
0
0
0
0
0
0
0
0
0
0
0
0
0
0
0
0
0
0
0
0
0
0
0
0
0
0
0
0
0
0
0
0
0
0
0
0
0
0
0
0
0
0
0
0
0
0
0
0
0
0
0
0
0
0
0
0
0
0
0
0
0
0
0
0
0
0
0
0
0
0
0
0
0
0
0
0
0
0
0
0
0
0
0
0
0
0
0
0
0
0
0
0
0
0
0
0
0
0
0
0
0
0
0
0
0
0
0
0
0
0
0
0
0
0
0
0
0
0
0
0
0
0
0
0
0
0
0
0
0
0
0
0
0
0
0
0
0
0
0
0
0
0
0
0
0
0
0
0
0
0
0
0
0
0
0
0
0
0
0
0
0
0
0
0
0
0
0
0
0
0
0
0
0
0
0
74.85392052
74.85392052
74.85392052
74.85392052
74.85392052
74.85392052
74.85392052
74.85392052
74.85392052
74.85392052
74.85392052
74.85392052
74.85392052
74.85392052
74.85392052
74.85392052
74.85392052
74.85392052
74.85392052
74.85392052
74.85392052
74.85392052
74.85392052
74.85392052
74.85392052
74.85392052
74.85392052
52.15741102
48.83936804
45.67380436
43.04836729
42.75690929
44.22237374
45.67574483
46.04108904
46.04274012
46.16277777
47.83189214
48.75474833
50.19954156
51.02665887
51.22275833
51.88147383
51.88225913
49.6045295
49.96370767
51.96930962
52.14593292
51.23121935
50.13805159
49.23829831
48.73310591
47.33931515
46.06433636
44.8544956
44.46647669
43.66514768
41.90561206
40.4419521
38.89785636
38.19484623
36.4835204
38.98836893
44.84635295
42.27570174
42.97035506
42.26591011
42.83003348
41.98835663
39.96173963
36.62675663
0
0
0
0
0
0
0
0
0
0
0
0
0
0
0
0
0
0
0
0
0
0
0
0
0
0
0
0
0
0
0
0
0
0
0
0
0
0
0
0
0
0
0
0
0
0
0
0
0
0
0
0
0
0
0
0
0
0
0
0
0
0
0
0
0
0
0
0
0
0
0
0
0
0
0
0
0
0
0
0
0
0
0
0
0
0
0
0
0
0
0
0
0
0
0
0
0
0
0
0
0
0
0
0
0
0
0
0
0
0
0
0
0
0
0
0
0
0
0
0
0
0
0
0
0
0
0
0
0
0
0
0
0
0
0
0
0
0
0
0
0
0
0
0
0
0
0
0
0
0
0
0
0
0
0
0
0
0
0
0
0
0
0
0
0
0
0
0
0
0
0
0
0
0
0
0
0
0
0
0
0
0
0
0
0
0
0
0
0
0
0
0
0
0
0
0
0
0
0
0
0
0
0
0
0
0
0
0
0
0
0
0
0
0
0
0
0
0
0
0
0
0
0
0
0
0
0
0
0
0
0
0
0
0
0
0
0
0
0
0
0
0
0
0
0
0
0
0
0
0
0
0
0
0
0
0
0
0
0
0
0
0
0
0
0
0
0
0
0
0
0
0
0
0
0
0
0
0
0
0
0
0
0
0
0
0
0
0
0
0
0
0
0
0
0
0
0
0
0
0
0
0
0
0
0
0
0
0
0
0
0
0
0
0
0
0
0
0
0
0
0
0
0
0
0
0
0
0
0
0
0
0
0
0
0
0
0
0
0
0
0
0
0
0
0
0
0
0
0
0
0
0
0
0
0
0
0
0
0
0
0
0
0
0
0
0
0
0
0
0
0
0
0
0
0
0
0
0
0
0
0
0
0
0
0
0
0
0
0
0
0
0
0
0
0
0
74.85392052
74.85392052
74.85392052
74.85392052
74.85392052
74.85392052
74.85392052
74.85392052
74.85392052
74.85392052
74.85392052
74.85392052
74.85392052
74.85392052
74.85392052
74.85392052
74.85392052
74.85392052
74.85392052
74.85392052
74.85392052
74.85392052
74.85392052
74.85392052
74.85392052
74.85392052
74.85392052
74.85392052
74.85392052
74.85392052
74.85392052
74.85392052
74.85392052
74.85392052
74.85392052
74.85392052
74.85392052
74.85392052
74.85392052
74.85392052
74.85392052
74.85392052
74.85392052
74.85392052
74.85392052
74.85392052
74.85392052
74.85392052
74.85392052
74.85392052
74.85392052
74.85392052
74.85392052
74.85392052
74.85392052
74.85392052
52.42460043
48.65561216
44.87088126
41.8198873
38.56675594
0
0
0
0
0
0
0
0
0
0
0
0
0
0
0
0
0
0
0
0
0
0
0
0
0
0
0
0
0
0
0
0
0
0
0
0
0
0
0
0
0
0
0
0
0
0
0
0
0
0
0
0
0
0
0
0
0
74.85392052
74.85392052
74.85392052
74.85392052
74.85392052
74.85392052
74.85392052
74.85392052
74.85392052
74.85392052
74.85392052
74.85392052
74.85392052
74.85392052
74.85392052
74.85392052
74.85392052
74.85392052
74.85392052
74.85392052
74.85392052
74.85392052
74.85392052
74.85392052
74.85392052
74.85392052
74.85392052
47.81884795
44.4058858
41.26219344
37.8047613
0
0
0
0
0
0
0
0
0
0
0
0
0
0
0
0
0
0
0
0
0
0
0
0
0
0
0
0
0
0
0
0
0
0
0
0
0
0
0
0
0
0
0
0
0
0
0
0
0
0
0
0
0
0
0
0
0
0
74.85392052
74.85392052
74.85392052
74.85392052
74.85392052
74.85392052
74.85392052
74.85392052
74.85392052
74.85392052
74.85392052
74.85392052
74.85392052
74.85392052
74.85392052
74.85392052
74.85392052
74.85392052
74.85392052
74.85392052
74.85392052
74.85392052
51.18005853
48.96083077
46.78170617
45.70225222
46.01720525
48.13569951
52.22323983
53.56864481
51.64693297
50.17686552
51.82839858
53.89562487
55.95841857
57.67764956
59.47751538
60.68481539
61.31287372
60.93501496
59.9085981
58.41329179
57.23791266
55.37189603
53.77174914
51.15618459
49.95154016
48.42421869
45.8081262
43.98514604
41.10820281
39.24931167
37.33700891
0
0
0
0
0
0
0
0
0
0
0
0
0
0
0
0
0
0
0
0
0
0
0
0
0
0
0
0
0
0
0
0
0
0
0
0
0
0
0
0
0
0
0
0
0
0
0
0
0
0
0
0
0
0
0
0
0
0
0
0
0
0
0
0
0
0
0
0
0
0
0
0
0
0
0
0
0
0
0
0
0
0
0
0
0
0
0
0
0
0
0
0
0
0
0
0
0
0
0
0
0
0
0
0
0
0
0
0
0
0
0
0
0
0
0
0
0
0
0
0
0
0
0
0
0
74.85392052
74.85392052
74.85392052
74.85392052
74.85392052
74.85392052
74.85392052
74.85392052
74.85392052
74.85392052
74.85392052
74.85392052
74.85392052
74.85392052
74.85392052
74.85392052
74.85392052
74.85392052
74.85392052
74.85392052
74.85392052
74.85392052
74.85392052
74.85392052
74.85392052
74.85392052
74.85392052
74.85392052
74.85392052
74.85392052
74.85392052
74.85392052
74.85392052
74.85392052
74.85392052
74.85392052
74.85392052
74.85392052
74.85392052
74.85392052
74.85392052
74.85392052
74.85392052
74.85392052
74.85392052
74.85392052
74.85392052
74.85392052
74.85392052
74.85392052
74.85392052
74.85392052
74.85392052
74.85392052
74.85392052
74.85392052
49.41647307
46.7780007
44.23736866
41.95330285
39.87817194
39.70877148
38.44852399
36.47857221
0
0
0
0
0
0
0
0
0
0
0
0
0
0
0
0
0
0
0
0
0
0
0
0
0
0
0
0
0
0
0
0
0
0
74.85392052
74.85392052
74.85392052
74.85392052
74.85392052
74.85392052
74.85392052
74.85392052
74.85392052
74.85392052
74.85392052
74.85392052
74.85392052
74.85392052
74.85392052
74.85392052
74.85392052
74.85392052
74.85392052
74.85392052
74.85392052
74.85392052
74.85392052
74.85392052
74.85392052
74.85392052
74.85392052
74.85392052
74.85392052
74.85392052
74.85392052
74.85392052
74.85392052
74.85392052
74.85392052
74.85392052
74.85392052
74.85392052
74.85392052
74.85392052
74.85392052
74.85392052
74.85392052
74.85392052
74.85392052
74.85392052
74.85392052
52.77474496
49.82893199
46.89852208
43.48830709
40.69114632
38.51895679
0
0
0
0
0
0
0
0
0
0
0
0
0
0
0
0
0
0
0
0
0
0
0
0
0
0
0
0
0
0
0
0
0
0
0
0
0
0
0
0
0
0
0
0
0
0
0
0
0
0
0
0
0
0
0
0
0
74.85392052
74.85392052
74.85392052
74.85392052
74.85392052
74.85392052
74.85392052
74.85392052
74.85392052
74.85392052
74.85392052
74.85392052
74.85392052
74.85392052
74.85392052
74.85392052
74.85392052
74.85392052
74.85392052
74.85392052
74.85392052
74.85392052
74.85392052
51.70816903
49.47541386
46.94160094
42.96253678
38.1162547
0
0
0
0
0
0
0
0
0
0
0
0
0
0
0
0
0
0
0
0
0
0
0
0
0
0
0
0
0
0
0
0
0
0
0
0
0
0
0
0
0
0
0
0
0
0
0
0
0
0
0
0
0
0
0
0
0
0
0
0
0
0
0
0
0
0
0
0
0
0
0
0
0
74.85392052
74.85392052
74.85392052
74.85392052
74.85392052
74.85392052
74.85392052
74.85392052
74.85392052
74.85392052
74.85392052
74.85392052
74.85392052
74.85392052
74.85392052
74.85392052
74.85392052
74.85392052
74.85392052
74.85392052
74.85392052
74.85392052
52.68685207
50.24360026
48.03509451
45.10340725
42.25467468
39.0477648
36.46219851
0
0
0
0
0
0
0
0
0
0
0
0
0
0
0
0
0
0
0
0
0
0
0
0
0
0
0
0
0
0
0
0
0
0
0
0
0
0
0
0
0
0
0
0
0
0
0
0
0
0
0
0
0
0
0
0
0
0
0
0
0
0
0
0
0
0
0
0
0
0
0
0
0
0
0
0
0
0
0
0
0
0
0
0
0
0
0
0
0
0
0
0
0
0
0
0
0
0
0
0
0
0
0
0
0
0
0
0
0
0
0
0
0
0
0
0
0
0
0
0
0
0
0
0
0
0
0
0
0
0
0
0
0
0
0
0
0
0
0
0
0
0
0
0
0
0
0
0
0
0
0
0
0
0
0
0
0
0
0
0
0
0
0
0
0
0
0
0
0
0
0
0
0
0
0
0
0
0
0
0
0
0
0
0
0
0
0
0
0
0
0
0
0
0
0
0
0
0
0
0
0
0
0
0
0
0
0
0
0
0
0
0
0
0
0
0
0
0
0
0
0
0
0
0
0
0
0
0
0
0
0
0
0
0
0
0
0
0
0
0
0
0
0
0
0
0
0
74.85392052
74.85392052
74.85392052
74.85392052
74.85392052
74.85392052
74.85392052
74.85392052
74.85392052
74.85392052
74.85392052
74.85392052
74.85392052
74.85392052
74.85392052
74.85392052
74.85392052
74.85392052
74.85392052
74.85392052
74.85392052
74.85392052
74.85392052
74.85392052
74.85392052
74.85392052
74.85392052
74.85392052
74.85392052
74.85392052
74.85392052
74.85392052
74.85392052
74.85392052
74.85392052
74.85392052
74.85392052
74.85392052
74.85392052
74.85392052
74.85392052
74.85392052
74.85392052
74.85392052
74.85392052
74.85392052
74.85392052
54.64963093
54.21369066
54.31590005
54.16785575
53.76073191
52.77549595
53.07697279
52.03506911
52.4936004
52.90396058
52.74612749
52.77053409
52.90543915
52.47403024
52.67045459
53.29225741
53.19935955
54.1958163
53.73675458
54.59411663
55.27608253
56.95148801
58.12931298
59.17585788
59.55531126
60.46563553
61.75957118
62.22350866
61.51464936
61.38291444
60.34247592
60.41793514
58.41399505
59.3677734
62.11648264
61.24585958
62.15260025
63.16318668
65.98846123
67.66138942
70.61624512
72.18018278
71.21590913
69.53361339
70.73238044
71.96690469
73.0388459
74.37727087
74.85392052
74.85392052
74.85392052
74.85392052
74.85392052
74.85392052
74.85392052
74.85392052
74.85392052
74.85392052
74.85392052
74.85392052
74.85392052
74.85392052
74.85392052
74.85392052
74.85392052
74.85392052
74.85392052
74.85392052
74.85392052
74.85392052
74.85392052
74.85392052
74.85392052
74.85392052
74.85392052
74.85392052
74.85392052
74.85392052
74.85392052
74.85392052
74.85392052
74.85392052
74.85392052
74.85392052
74.85392052
74.85392052
74.85392052
74.85392052
74.85392052
74.85392052
0
0
0
0
0
0
0
0
0
0
0
0
0
0
0
0
0
0
0
0
0
0
0
0
0
0
0
0
0
0
0
0
0
0
0
0
0
0
0
0
0
0
0
0
0
0
0
0
0
0
0
0
0
0
0
0
0
0
0
0
0
0
0
0
0
0
0
0
0
0
0
0
0
0
0
0
0
0
0
0
0
0
0
0
0
0
0
0
0
0
0
0
0
0
0
0
0
0
0
0
0
0
0
0
0
0
0
0
0
0
0
0
0
0
0
0
0
0
0
0
0
0
0
0
0
0
0
0
0
0
0
0
0
0
0
0
0
0
0
0
0
0
0
0
0
0
0
0
0
0
0
0
0
0
0
0
0
0
0
0
0
0
0
0
0
0
0
0
0
0
0
0
0
0
0
0
0
0
0
0
0
0
0
0
0
0
0
0
0
0
0
0
0
0
0
0
0
0
0
0
0
0
0
0
0
0
0
0
0
0
0
0
0
0
0
0
0
0
0
0
0
0
0
0
0
0
0
0
0
0
0
0
0
0
0
0
0
0
0
0
0
0
0
0
0
0
0
0
0
0
0
0
0
0
0
0
0
0
0
0
0
0
0
0
0
0
0
0
0
0
0
0
0
0
0
0
0
0
0
0
0
0
0
0
0
0
0
0
0
0
0
0
0
0
0
0
0
0
0
0
0
0
0
0
0
0
0
0
0
0
0
0
0
0
0
0
0
0
0
0
0
0
0
0
0
0
0
0
0
0
0
0
0
0
0
0
0
0
0
0
0
0
0
0
0
0
0
0
0
0
0
0
0
0
0
0
0
0
0
0
0
0
0
0
0
0
0
0
0
0
0
0
0
0
0
0
0
0
0
0
0
0
0
0
0
0
0
0
0
0
0
0
0
0
0
0
0
0
0
0
0
0
0
0
0
0
0
0
0
0
0
0
0
0
0
0
0
0
0
0
0
0
0
0
0
0
0
0
0
0
0
0
0
0
0
0
0
0
0
0
0
0
0
0
0
0
0
0
0
0
0
0
0
0
0
0
0
0
0
0
0
0
0
0
0
0
0
0
0
0
0
0
0
0
0
0
0
0
0
0
0
0
0
0
0
0
0
0
0
0
0
0
0
0
0
0
0
0
0
0
0
0
0
0
0
0
0
0
0
0
0
0
0
0
0
0
0
0
0
0
0
0
0
0
0
0
0
0
0
0
0
0
0
0
0
0
0
0
0
0
0
0
0
0
0
0
0
0
0
0
0
0
0
0
0
0
0
0
0
0
0
0
0
0
0
0
0
0
0
0
0
0
0
0
0
0
0
0
0
0
0
0
0
0
0
0
0
0
0
0
0
0
0
0
0
0
0
0
0
0
0
0
0
0
0
0
0
0
0
0
0
0
0
0
0
0
0
0
0
0
0
0
0
0
0
0
0
0
0
0
0
0
0
0
0
0
0
0
0
0
0
0
0
0
0
0
0
0
0
0
0
0
0
0
0
0
0
0
0
0
0
0
0
0
0
0
0
0
0
0
0
0
0
0
0
0
0
0
0
0
0
0
0
0
0
0
0
0
0
0
0
0
0
0
0
0
0
0
0
0
0
0
0
0
0
0
0
0
0
0
0
0
0
0
0
0
0
0
0
0
0
0
0
0
0
0
0
0
0
0
0
0
0
0
0
0
0
0
0
0
0
0
0
0
0
0
0
0
0
0
0
0
0
0
0
0
0
0
0
0
0
0
0
0
0
0
0
0
0
0
0
0
0
0
0
0
0
0
0
0
0
0
0
0
0
0
0
0
0
0
0
0
0
0
0
0
0
0
0
0
0
0
0
0
0
0
0
0
0
0
0
0
0
0
0
0
0
0
0
0
0
0
0
0
0
0
0
0
0
0
0
0
0
0
0
0
0
0
0
0
0
0
0
0
0
0
0
0
0
0
0
0
0
0
0
0
0
0
0
0
0
0
0
0
0
0
0
0
0
0
0
0
0
0
0
0
0
0
0
0
0
0
0
0
0
0
0
0
0
0
0
0
0
0
0
0
0
0
0
0
0
0
0
0
0
0
0
0
0
0
0
0
0
0
0
0
0
0
0
0
0
0
0
0
0
0
0
0
0
0
0
0
0
0
0
0
0
0
0
0
0
0
0
0
0
0
0
0
0
0
0
0
0
0
0
0
0
0
0
0
0
0
0
0
0
0
0
0
0
0
0
0
0
0
0
0
0
0
0
0
0
0
0
0
0
0
0
0
0
0
0
0
0
0
0
0
0
0
0
0
0
0
0
0
0
0
0
0
0
0
0
0
0
0
0
0
0
0
0
0
0
0
0
0
0
0
0
0
0
0
0
0
0
0
0
0
0
0
0
0
0
0
0
0
0
0
0
0
0
0
0
0
0
0
0
0
0
0
0
0
0
0
0
0
0
0
0
0
0
0
0
0
0
0
0
0
0
0
0
0
0
0
0
0
0
0
0
0
0
0
0
0
0
0
0
0
0
0
0
0
0
0
0
0
0
0
0
0
0
0
0
0
0
0
0
0
0
0
0
0
0
0
0
0
0
0
0
0
0
0
0
0
0
0
0
0
0
0
0
0
0
0
0
0
0
0
0
0
0
0
0
0
0
0
0
0
0
0
0
0
0
0
0
0
0
0
0
0
0
0
0
0
0
0
0
0
0
0
0
0
0
0
0
0
0
0
0
0
0
0
0
0
0
0
0
0
0
0
0
0
0
0
0
0
0
0
0
0
0
0
0
0
0
0
0
0
0
0
0
0
0
0
0
0
0
0
0
0
0
0
0
0
0
0
0
0
0
0
0
0
0
0
0
0
0
0
0
0
0
0
0
0
0
0
0
0
0
0
0
0
0
0
0
0
0
0
0
0
0
0
0
0
0
0
0
0
0
0
0
0
0
0
0
0
0
0
0
0
0
0
0
0
0
0
0
0
0
0
0
0
0
0
0
0
0
0
0
0
0
0
0
0
0
0
0
0
0
0
0
0
0
0
0
0
0
0
0
0
0
0
0
0
0
0
0
0
0
0
0
0
0
0
0
0
0
0
0
0
0
0
0
0
0
0
0
0
0
0
0
0
0
0
0
0
0
0
0
0
0
0
0
0
0
0
0
0
0
0
0
0
0
0
0
0
0
0
0
0
0
0
0
0
0
0
0
0
0
0
0
0
0
0
0
0
0
0
0
0
0
0
0
0
0
0
0
0
0
0
0
0
0
0
0
0
0
0
0
0
74.85392052
74.85392052
74.85392052
74.85392052
74.85392052
74.85392052
74.85392052
74.85392052
74.85392052
74.85392052
74.85392052
74.85392052
74.85392052
74.85392052
74.85392052
74.85392052
52.91246074
51.14760955
49.35963754
48.0143646
46.28250507
44.65519397
43.24840473
42.2171068
41.6864044
40.70093452
40.71687252
40.54158179
38.79549874
38.15531392
38.29458712
38.55735035
38.33466543
37.90353284
37.76316452
38.6670658
39.47330021
39.56960284
40.62793775
41.11158539
40.50951245
41.58240916
41.63497239
42.3611288
44.47339477
44.08558194
45.62692162
45.81104498
44.97772513
43.47373285
43.19361889
43.43920294
41.25076142
41.37136457
43.10299537
42.79493021
43.41142634
45.76559375
47.58569306
48.35248577
47.90446691
48.83064743
47.67731836
46.4803002
45.62766555
43.36301445
42.36811568
43.18143892
41.46176442
41.59215206
41.97255651
42.79262404
42.44719282
41.56508068
40.43837785
37.70430162
38.29033368
40.07200542
42.93148164
47.30435216
51.20907026
53.39240185
54.9841924
58.30257512
62.06884502
66.48442413
69.96573144
71.35468023
73.11052775
74.75184684
74.85392052
74.85392052
74.85392052
74.85392052
74.85392052
74.85392052
74.85392052
74.85392052
74.85392052
74.85392052
74.85392052
74.85392052
74.85392052
74.85392052
74.85392052
74.85392052
74.85392052
74.85392052
74.85392052
74.85392052
74.85392052
52.69702304
50.87572825
50.17032117
47.84813709
47.1411661
46.19042829
45.74245992
45.23811974
43.82402304
41.9752686
40.21635925
40.03560665
37.92188771
0
0
0
0
0
0
0
0
0
0
0
0
0
0
0
0
0
0
0
0
0
0
0
0
0
0
0
0
0
0
0
0
0
0
0
0
0
0
0
0
0
0
0
0
0
0
0
0
0
0
0
0
0
0
0
0
0
0
0
0
0
0
0
0
0
0
0
0
0
0
0
0
0
0
0
0
0
0
0
0
0
0
0
0
0
0
0
0
0
0
0
0
0
0
0
0
0
0
0
0
0
0
0
0
0
0
0
0
0
0
0
0
0
0
0
0
0
0
0
0
0
0
0
0
0
0
0
0
0
0
0
0
0
0
0
0
0
0
0
0
0
0
0
0
0
0
0
0
0
0
0
0
0
0
0
0
0
0
0
0
0
0
0
0
0
0
0
0
0
0
0
0
0
0
0
0
0
0
0
0
0
0
0
0
0
0
0
0
0
0
0
0
0
0
0
0
0
0
0
0
0
0
0
0
0
0
0
0
0
0
0
0
0
0
0
0
0
0
0
0
0
0
0
0
0
0
0
0
0
0
0
0
0
0
0
0
0
0
0
0
0
0
0
0
0
0
0
0
0
0
0
0
0
0
0
0
0
0
0
0
0
0
0
0
0
0
0
0
0
0
0
0
0
0
0
0
0
0
0
0
0
0
0
0
0
0
0
0
0
0
0
0
0
0
0
0
0
0
0
0
0
0
0
0
0
0
0
0
0
0
0
0
0
0
0
0
0
0
0
0
0
0
0
0
0
0
0
0
0
0
0
0
0
0
0
0
0
0
0
0
0
0
0
0
0
0
0
0
0
0
0
0
0
0
0
0
0
0
0
0
0
0
0
0
0
0
0
0
0
0
0
0
0
0
0
0
0
0
0
0
0
0
0
0
0
0
0
0
0
0
0
0
0
0
0
0
0
0
0
0
0
0
0
0
0
0
0
0
0
0
0
0
0
0
0
0
0
0
0
0
0
0
0
0
0
0
0
0
0
0
0
0
0
0
0
0
0
0
0
0
0
0
0
0
0
0
0
0
0
0
0
0
0
0
0
0
0
0
0
0
0
0
0
0
0
0
0
0
0
0
0
0
0
0
0
0
0
0
0
0
0
0
0
0
0
0
0
0
0
0
0
0
0
0
0
0
0
0
0
0
0
0
0
0
0
0
0
0
0
0
0
0
0
0
0
0
0
0
0
0
0
0
0
0
0
0
0
0
0
0
0
0
0
0
0
0
0
0
0
0
0
0
0
0
0
0
0
0
0
0
0
0
0
0
0
0
0
0
0
0
0
0
0
0
0
0
0
0
0
0
0
0
0
0
0
0
0
0
0
0
0
0
0
0
0
0
0
0
0
0
0
0
0
0
0
0
0
0
0
0
0
0
0
0
0
0
0
0
0
0
0
0
0
0
0
0
0
0
0
0
0
0
0
0
0
0
0
0
0
0
0
0
0
0
0
0
0
0
0
0
0
0
0
0
0
0
0
0
0
0
0
0
0
0
0
0
0
0
0
0
0
0
0
0
0
0
0
0
0
0
0
0
0
0
0
0
0
0
0
0
0
0
0
0
0
0
0
0
0
0
0
0
0
0
0
0
0
0
0
0
0
0
0
0
0
0
0
0
0
0
0
0
0
0
0
0
0
0
0
0
0
0
0
0
0
0
0
0
0
0
0
0
0
0
0
0
0
0
0
0
0
0
0
0
0
0
0
0
0
0
0
0
0
0
0
0
0
0
0
0
0
0
0
0
0
0
0
0
0
0
0
0
0
0
0
0
0
0
0
0
0
0
0
0
0
0
0
0
0
0
0
0
0
0
0
0
0
0
0
0
0
0
0
0
0
0
0
0
0
0
0
0
0
0
0
0
0
0
0
0
0
0
0
0
0
0
0
0
0
0
0
0
0
0
0
0
0
0
0
0
0
0
0
0
0
0
0
0
0
0
0
0
0
0
0
0
0
0
0
0
0
0
0
0
0
0
0
0
0
0
0
0
0
0
0
0
0
0
0
0
0
0
0
0
0
0
0
0
0
0
0
0
0
0
0
0
0
0
0
0
0
0
0
0
0
0
0
0
0
0
0
0
0
0
0
0
0
0
0
0
0
0
0
0
0
0
0
0
0
0
0
0
0
0
0
0
0
0
0
0
0
0
0
0
0
0
0
0
0
0
0
0
0
0
0
0
0
0
0
0
0
0
0
0
0
0
0
0
0
0
0
0
0
0
0
0
0
0
0
0
0
0
0
0
0
0
0
0
0
0
0
0
0
0
0
0
0
0
0
0
0
0
0
0
0
0
0
0
0
0
0
0
0
0
0
0
0
0
0
0
0
0
0
0
0
0
0
0
0
0
0
0
0
0
0
0
0
0
0
0
0
0
0
0
0
0
0
0
0
0
0
0
0
0
0
0
0
0
0
0
0
0
0
0
0
0
0
0
0
0
0
0
0
0
0
0
0
0
0
0
0
0
0
0
0
0
0
0
0
0
0
0
0
0
0
0
0
0
0
0
0
0
0
0
0
0
0
0
0
0
0
0
0
0
0
0
0
0
0
0
0
0
0
0
0
0
0
0
0
0
0
0
0
0
0
0
0
0
0
0
0
0
0
0
0
0
0
0
0
0
0
0
0
0
0
0
0
0
0
0
0
0
0
0
0
0
0
0
0
0
0
0
0
0
0
0
0
0
0
0
0
0
0
0
0
0
0
0
0
0
0
0
0
0
0
0
0
0
0
0
0
0
0
0
0
0
0
0
0
0
0
0
0
0
0
0
0
0
0
0
0
0
0
0
0
0
0
0
0
0
0
0
0
0
0
0
0
0
0
0
0
0
0
0
0
0
0
0
0
0
0
0
0
0
0
0
0
0
0
0
0
0
0
0
0
0
0
0
0
0
0
0
0
0
0
0
0
0
0
0
0
0
0
0
0
0
0
0
0
0
0
0
0
0
0
0
0
0
0
0
0
0
0
0
0
0
0
0
0
0
0
0
0
0
0
0
0
0
0
0
0
0
0
0
0
0
0
0
0
0
0
0
0
0
0
0
0
0
0
0
0
0
0
0
0
0
0
0
0
0
0
0
0
0
0
0
0
0
0
0
0
0
0
0
0
0
0
0
0
0
0
0
0
0
0
0
0
0
0
0
0
0
0
0
0
0
0
0
0
0
0
0
0
0
0
0
0
0
0
0
0
0
0
0
0
0
0
0
0
0
0
0
0
0
0
0
0
0
0
0
0
0
0
0
0
0
0
0
0
0
0
0
0
0
0
0
0
0
0
0
0
0
0
0
0
0
0
0
0
0
0
0
0
0
0
0
0
0
0
0
0
0
0
0
0
0
0
0
0
0
0
0
0
0
0
0
0
0
0
0
0
0
0
0
0
0
0
0
0
0
0
0
0
0
0
0
0
0
0
0
0
0
0
0
0
0
0
0
0
0
0
0
0
0
0
0
0
0
0
0
0
0
0
0
0
0
0
0
0
0
0
0
0
0
0
0
0
0
0
0
0
0
0
0
0
0
0
0
0
0
0
0
0
0
0
0
0
0
0
0
0
0
0
0
0
0
0
0
0
0
0
0
0
0
0
0
0
0
0
0
0
0
0
0
0
0
0
0
0
0
0
0
0
0
0
0
0
0
0
0
0
0
0
0
0
0
0
0
0
0
0
0
0
0
0
0
0
0
0
0
0
0
0
0
0
0
0
0
0
0
0
0
0
0
0
0
0
0
0
0
0
0
0
0
0
0
0
0
0
0
0
0
0
0
0
0
0
0
0
0
0
0
0
0
0
0
0
0
0
0
0
0
0
0
0
0
0
0
0
0
0
0
0
0
0
0
0
0
0
0
0
0
0
0
0
0
0
0
0
0
0
0
0
0
0
0
0
0
0
0
0
0
0
0
0
0
0
0
0
0
0
0
0
0
0
0
0
0
0
0
0
0
0
0
0
0
0
0
0
0
0
0
0
0
0
0
0
0
0
0
0
0
0
0
0
0
0
0
0
0
0
0
0
0
0
0
0
0
0
0
0
0
0
0
0
0
0
0
0
0
0
0
0
0
0
0
0
0
0
0
0
0
0
0
0
0
0
0
0
0
0
0
0
0
0
0
0
0
0
0
0
0
0
0
0
0
0
0
0
0
0
0
0
0
0
0
0
0
0
0
0
0
0
0
0
0
0
0
0
0
0
0
0
0
0
0
0
0
0
0
0
0
0
0
0
0
0
0
0
0
0
0
0
0
0
0
0
0
0
0
0
0
0
0
0
0
0
0
0
0
0
0
0
0
0
0
0
0
0
0
0
0
0
0
0
0
0
0
0
0
0
0
0
0
0
0
0
0
0
0
0
0
0
0
0
0
0
0
0
0
0
0
0
0
0
0
0
0
0
0
0
0
0
0
0
0
0
0
0
0
0
0
0
0
0
0
0
0
0
0
0
0
0
0
0
0
0
0
0
0
0
0
0
0
0
0
0
0
0
0
0
0
0
0
0
0
0
0
0
0
0
0
0
0
0
0
0
0
0
0
0
0
0
0
0
0
0
0
0
0
0
0
0
0
0
0
0
0
0
0
0
0
0
0
0
0
0
0
0
0
0
0
0
0
0
0
0
0
0
0
0
0
0
0
0
0
0
0
0
0
0
0
0
0
0
0
0
0
0
0
0
0
0
0
0
0
0
0
0
0
0
0
0
0
0
0
0
0
0
0
0
0
0
0
0
0
0
0
0
0
0
0
0
0
0
0
0
0
0
0
0
0
0
0
0
0
0
0
0
0
0
0
0
0
0
0
0
0
0
0
0
0
0
0
0
0
0
0
0
0
0
0
0
0
0
0
0
0
0
0
0
0
0
0
0
0
0
0
0
0
0
0
0
0
0
0
0
0
0
0
0
0
0
0
0
0
0
0
0
0
0
0
0
0
0
0
0
0
0
0
0
0
0
0
0
0
0
0
0
0
0
0
0
0
0
0
0
0
0
0
0
0
0
0
0
0
0
0
0
0
0
0
0
0
0
0
0
0
0
0
0
0
0
0
0
0
0
0
0
0
0
0
0
0
0
0
0
0
0
0
0
0
0
0
0
0
0
0
0
0
0
0
0
0
0
0
0
0
0
0
0
0
0
0
0
0
0
0
0
0
0
0
0
0
0
0
0
0
0
0
0
0
0
0
0
0
0
0
0
0
0
0
0
0
0
0
0
0
0
0
0
0
0
0
0
0
0
0
0
0
0
0
0
0
0
0
0
0
0
0
0
0
0
0
0
0
0
0
0
0
0
0
0
0
0
0
0
0
0
0
0
0
0
0
0
0
0
0
0
0
0
0
0
0
0
0
0
0
0
0
0
0
0
0
0
0
0
0
0
0
0
0
0
0
0
0
0
0
0
0
0
0
0
0
0
0
0
0
0
0
0
0
0
0
0
0
0
0
0
0
0
0
0
0
0
0
0
0
0
0
0
0
0
0
0
0
0
0
0
0
0
0
0
0
0
0
0
0
0
0
0
0
0
0
0
0
0
0
0
0
0
0
0
0
0
0
0
0
0
0
0
0
0
0
0
0
0
0
0
0
0
0
0
0
0
0
0
0
0
0
0
0
0
0
0
0
0
0
0
0
0
0
0
0
0
0
0
0
0
0
0
0
0
0
0
0
0
0
0
0
0
0
0
0
0
0
0
0
0
0
0
0
0
0
0
0
0
0
0
0
0
0
0
0
0
0
0
0
0
0
0
0
0
0
0
0
0
0
0
0
0
0
0
0
0
0
0
0
0
0
0
0
0
0
0
0
0
0
0
0
0
0
0
0
0
0
0
0
0
0
0
0
0
0
0
0
0
0
0
0
0
0
0
0
0
0
0
0
0
0
0
0
0
0
0
0
0
0
0
0
0
0
0
0
0
0
0
0
0
0
0
0
0
0
0
0
0
0
0
0
0
0
0
0
0
0
0
0
0
0
0
0
0
0
0
0
0
0
0
0
0
0
0
0
0
0
0
0
0
0
0
0
0
0
0
0
0
0
0
0
0
0
0
0
0
0
0
0
0
0
0
0
0
0
0
0
0
0
0
0
0
0
0
0
0
0
0
0
0
0
0
0
0
0
0
0
0
0
0
0
0
0
0
0
0
0
0
0
0
0
0
0
0
0
0
0
0
0
0
0
0
0
0
0
0
0
0
0
0
0
0
0
0
0
0
0
0
0
0
0
0
0
74.85392052
74.85392052
74.85392052
74.85392052
74.85392052
74.85392052
74.85392052
74.85392052
74.85392052
74.85392052
74.85392052
74.85392052
74.85392052
74.85392052
53.9458128
54.12292595
53.00234345
53.43514771
53.49519782
52.49501075
50.00822078
49.00351425
47.04576545
48.0713485
50.44927083
54.77734426
57.97929673
58.77650241
58.98373714
59.71967255
57.57715718
55.89924899
55.29622275
53.29089664
50.72626398
47.99308923
44.61185073
40.05074569
0
0
0
0
0
0
0
0
0
0
0
0
0
0
0
0
0
0
0
0
0
0
0
0
0
0
0
0
0
0
0
0
0
0
0
0
0
0
0
0
0
0
0
0
0
0
0
0
0
0
0
0
0
0
0
0
0
0
0
0
0
0
0
0
0
0
0
0
0
0
0
0
0
0
0
0
0
0
0
0
0
0
0
0
0
0
0
0
0
0
0
0
0
0
0
0
0
0
0
0
0
0
0
0
0
0
0
0
0
0
0
0
0
0
0
0
0
0
0
0
0
0
0
0
0
0
0
0
0
0
0
0
0
0
0
0
0
0
0
0
0
0
0
0
0
0
0
0
0
0
0
0
0
0
0
0
0
0
0
0
0
0
0
0
0
0
0
0
0
0
0
0
0
0
0
0
0
0
0
0
0
0
0
0
0
0
0
0
0
0
0
0
0
0
0
0
0
0
0
0
0
0
0
0
0
0
0
0
0
0
0
0
0
0
0
0
0
0
0
0
0
0
0
0
0
0
0
0
0
0
0
0
0
0
0
0
0
0
0
0
0
0
0
0
0
0
0
0
0
0
0
0
0
0
0
0
0
0
0
0
0
0
0
0
0
0
0
0
0
0
0
0
0
0
0
0
0
0
0
0
0
0
0
0
0
0
0
0
0
0
0
0
0
0
0
0
0
0
0
0
0
0
0
0
0
0
0
0
0
0
0
0
0
0
0
0
0
0
0
0
0
0
0
0
0
0
0
0
0
0
0
0
0
0
0
0
0
0
0
0
0
0
0
0
0
0
0
0
0
0
0
0
0
0
0
0
0
0
0
0
0
0
0
0
0
0
0
0
0
0
0
0
0
0
0
0
0
0
0
0
0
0
0
0
0
0
0
0
0
0
0
0
0
0
0
0
0
0
0
0
0
0
0
0
0
0
0
0
0
0
0
0
0
0
0
0
0
0
0
0
0
0
0
0
0
0
0
0
0
0
0
0
0
0
0
0
0
0
0
0
0
0
0
0
0
0
74.85392052
74.85392052
74.85392052
74.85392052
74.85392052
74.85392052
74.85392052
74.85392052
74.85392052
74.85392052
74.85392052
74.85392052
74.85392052
74.85392052
74.85392052
74.85392052
74.85392052
74.85392052
74.85392052
74.85392052
74.85392052
74.85392052
74.85392052
74.85392052
74.85392052
74.85392052
74.85392052
74.85392052
74.85392052
74.85392052
74.85392052
53.03861129
50.72778099
48.82233715
46.17776595
43.28257902
40.95418866
39.73209032
38.38843436
36.9577351
0
0
0
0
0
0
0
0
0
0
0
0
0
0
0
0
0
0
0
0
0
0
0
0
0
0
0
0
0
0
0
0
0
0
0
0
0
0
0
0
0
0
0
0
0
0
0
0
0
0
0
0
0
0
0
0
0
0
0
0
0
0
0
0
0
0
0
0
0
0
0
0
0
0
0
0
0
0
0
0
0
0
0
0
0
0
0
0
0
0
0
0
0
0
0
0
0
0
0
0
0
0
0
0
0
0
0
0
0
0
0
0
0
0
0
0
0
0
0
0
0
0
0
0
0
0
0
0
0
0
0
0
0
0
0
0
0
0
0
0
0
0
0
0
74.85392052
74.85392052
74.85392052
74.85392052
74.85392052
74.85392052
74.85392052
74.85392052
74.85392052
74.85392052
74.85392052
74.85392052
74.85392052
74.85392052
74.85392052
74.85392052
74.85392052
74.85392052
74.85392052
74.85392052
74.85392052
74.85392052
74.85392052
74.85392052
74.85392052
74.85392052
74.85392052
74.85392052
74.85392052
74.85392052
74.85392052
74.85392052
74.85392052
74.85392052
74.85392052
74.85392052
74.85392052
74.85392052
74.85392052
52.05380157
49.64946985
47.1886727
45.67827713
42.92579046
40.95762806
39.37474379
38.13458764
0
0
0
0
0
0
0
0
0
0
0
0
0
0
0
0
0
0
0
0
0
0
0
0
0
0
0
0
0
0
0
0
0
0
0
0
0
0
0
0
0
0
0
0
0
0
0
0
0
0
0
0
0
0
0
0
0
0
0
0
0
0
0
0
0
0
0
0
0
0
0
0
0
0
0
0
0
0
0
0
0
0
0
0
0
0
0
0
0
0
0
0
0
0
0
0
0
0
0
0
0
0
0
0
0
0
0
0
0
0
0
0
0
0
0
0
0
0
0
0
0
0
0
0
0
0
0
0
0
0
0
0
0
0
0
0
0
0
0
0
0
0
0
0
0
0
0
0
0
0
0
0
0
0
0
0
0
0
0
0
0
0
0
0
0
0
0
0
0
0
0
0
0
0
0
0
0
0
0
0
0
0
0
0
0
0
0
0
0
0
0
0
0
0
0
0
0
0
0
0
0
0
0
0
0
0
0
0
0
0
0
0
0
0
0
0
0
0
0
0
0
0
0
0
0
0
0
0
0
0
0
0
0
0
0
0
0
0
0
0
0
0
0
0
0
0
0
0
0
0
0
0
0
0
0
0
0
0
0
0
0
0
0
0
0
0
0
0
0
0
0
0
0
0
0
0
0
0
0
0
0
0
0
0
0
0
0
0
0
0
0
0
0
0
0
0
0
0
0
0
0
0
0
0
0
0
0
0
0
0
0
0
0
0
0
0
0
0
0
0
0
0
0
0
0
0
0
0
0
0
0
0
0
0
0
0
0
0
0
0
0
0
0
0
0
0
0
0
0
0
0
0
0
0
0
0
0
0
0
0
0
0
0
0
0
0
0
0
0
0
0
0
0
0
0
0
0
0
0
0
0
0
0
0
0
0
0
0
0
0
0
0
0
0
0
0
0
0
0
0
0
0
0
0
0
0
0
0
0
0
0
0
0
0
0
0
0
0
0
0
0
0
0
0
0
0
0
0
0
0
0
0
0
0
0
0
0
0
0
0
0
0
0
0
0
0
0
0
0
0
0
0
0
0
0
0
0
0
0
0
0
0
0
0
0
0
0
0
0
0
0
0
0
0
0
0
0
0
0
0
0
0
0
0
0
0
0
0
0
0
0
0
0
0
0
0
0
0
0
0
0
0
0
0
0
0
0
0
0
0
0
0
0
0
0
0
0
0
0
0
0
0
0
0
0
0
0
0
0
0
0
0
0
0
0
0
0
0
0
0
0
0
0
0
0
0
0
0
0
0
0
0
0
0
0
0
0
0
0
0
0
0
0
0
0
0
0
0
0
0
0
0
0
0
0
0
0
0
0
0
0
0
0
0
0
0
0
0
0
0
0
0
0
0
0
0
0
0
0
0
0
0
0
0
0
0
0
0
0
0
0
0
0
0
0
0
0
0
0
0
0
0
0
0
0
0
0
0
0
0
0
0
0
0
0
0
0
0
0
0
0
0
0
0
0
0
0
0
0
0
0
0
0
0
0
0
0
0
0
0
0
0
0
0
0
0
0
0
0
0
0
0
0
0
0
0
0
0
0
0
0
0
0
0
0
0
0
0
0
0
0
0
0
0
0
0
0
0
0
0
0
0
0
0
0
0
0
0
0
0
0
0
0
0
0
0
0
0
0
0
0
0
0
0
0
0
0
0
0
0
0
0
0
0
0
0
0
0
0
0
0
0
0
0
0
0
0
0
0
0
0
0
0
0
0
0
0
0
0
0
0
0
0
0
0
0
0
0
0
0
0
0
0
0
0
0
0
0
0
0
0
0
0
0
0
0
0
0
0
0
0
0
0
0
0
0
0
0
0
0
0
0
0
0
0
0
0
0
0
0
0
0
0
0
0
0
0
0
0
0
0
0
0
0
0
0
0
0
0
0
0
0
0
0
0
0
0
0
0
0
0
0
0
0
0
0
0
0
0
0
0
0
0
0
0
0
0
0
0
0
0
0
0
0
0
0
0
0
0
0
0
0
0
0
0
0
0
0
0
0
0
0
0
0
0
0
0
0
0
0
0
0
0
0
0
0
0
0
0
0
0
0
0
0
0
0
0
0
0
0
0
0
0
0
0
0
0
0
0
0
0
0
0
0
0
0
0
0
0
0
0
0
0
0
0
0
0
0
0
0
0
0
0
0
0
0
0
0
0
0
0
0
0
0
0
0
0
0
0
0
0
0
0
0
0
0
0
0
0
0
0
0
0
0
0
0
0
0
0
0
0
0
0
0
0
0
0
0
0
0
0
0
0
0
0
0
0
0
0
0
0
0
0
0
0
0
0
0
0
0
0
0
0
0
0
0
0
0
0
0
0
0
0
0
0
0
0
0
0
0
0
0
0
0
0
0
0
0
0
0
0
0
0
0
0
0
0
0
0
0
0
0
0
0
0
0
0
0
0
0
0
0
0
0
0
0
0
0
0
0
0
0
0
0
0
0
0
0
0
0
0
0
0
0
0
0
0
0
0
0
0
0
0
0
0
0
0
0
0
0
0
0
0
0
0
0
0
0
0
0
0
0
0
0
0
0
0
0
0
0
0
0
0
0
0
0
0
0
0
0
0
0
0
0
0
0
0
0
0
0
0
0
0
0
0
0
0
0
0
0
0
0
0
0
0
0
0
0
0
0
0
0
0
0
0
0
0
0
0
0
0
0
0
0
0
0
0
0
0
0
0
0
0
0
0
0
0
0
0
0
0
0
0
0
0
0
0
0
0
0
0
0
0
0
0
0
0
0
0
0
0
0
0
0
0
0
0
0
0
0
0
0
0
0
0
0
0
0
0
0
0
0
0
0
0
0
0
0
0
0
0
0
0
0
0
0
0
0
0
0
0
0
0
0
0
0
0
0
0
0
0
0
0
0
0
0
0
0
0
0
0
0
0
0
0
0
0
0
0
0
0
0
0
0
0
0
0
0
0
0
0
0
0
0
0
0
0
0
0
0
0
0
0
0
0
0
0
0
0
0
0
0
0
0
0
0
0
0
0
0
0
0
0
0
0
0
0
0
0
0
0
0
0
0
0
0
0
0
0
0
0
0
0
0
0
0
0
0
0
0
0
0
0
0
0
0
0
0
0
0
0
0
0
0
0
0
0
0
0
0
0
0
0
0
0
0
0
0
0
0
0
0
0
0
0
0
0
0
0
0
0
0
0
0
0
0
0
0
0
0
0
0
0
0
0
0
0
0
0
0
0
0
0
0
0
0
0
0
0
0
0
0
0
0
0
0
0
0
0
0
0
0
0
0
0
0
0
0
0
0
0
0
0
0
0
0
0
0
0
0
0
0
0
0
0
0
0
0
0
0
0
0
0
0
0
0
0
0
0
0
0
0
0
0
0
0
0
0
0
0
0
0
0
0
0
0
0
0
0
0
0
0
0
0
0
0
0
0
0
0
0
0
0
0
0
0
0
0
0
0
0
0
0
0
0
0
0
0
0
0
0
0
0
0
0
0
0
0
0
0
0
0
0
0
0
0
0
0
0
0
0
0
0
0
0
0
0
0
0
0
0
0
0
0
0
0
0
0
0
0
0
0
0
0
0
0
0
0
0
0
0
0
0
0
0
0
0
0
0
0
0
0
0
0
0
0
0
0
0
0
0
0
0
0
0
0
0
0
0
0
0
0
0
0
0
0
0
0
0
0
0
0
0
0
0
0
0
0
0
0
0
0
0
0
0
0
0
0
0
0
0
0
0
0
0
0
0
0
0
0
0
0
0
0
0
0
0
0
0
0
0
0
0
0
0
0
0
0
0
0
0
0
0
0
0
0
0
0
0
0
0
0
0
0
0
0
0
0
0
0
0
0
0
0
0
0
0
0
0
0
0
0
0
0
0
0
0
0
0
0
0
0
0
0
0
0
0
0
0
0
0
0
0
0
0
0
0
0
0
0
0
0
0
0
0
0
0
0
0
0
0
0
0
0
0
0
0
0
0
0
0
0
0
0
0
0
0
0
0
0
0
0
0
0
0
0
0
0
0
0
0
0
0
0
0
0
0
0
0
0
0
0
0
0
0
0
0
0
0
0
0
0
0
0
0
0
0
0
0
0
0
0
0
0
0
0
0
0
0
0
0
0
0
0
0
0
0
0
0
0
0
0
0
0
0
0
0
0
0
0
0
0
0
0
0
0
0
0
0
0
0
0
0
0
0
0
0
0
0
0
0
0
0
0
0
0
0
0
0
0
0
0
0
0
0
0
0
0
0
0
0
0
0
0
0
0
0
0
0
0
0
0
0
0
0
0
0
0
0
0
0
0
0
0
0
0
0
0
0
0
0
0
0
0
0
0
0
0
0
0
0
0
0
0
0
0
0
0
0
0
0
0
0
0
0
0
0
0
0
0
0
0
0
0
0
0
0
0
0
0
0
0
0
0
0
0
0
0
0
0
0
0
0
0
0
0
0
0
0
0
0
0
0
0
0
0
0
0
0
0
0
0
0
0
0
0
0
0
0
0
0
0
0
0
0
0
0
0
0
0
0
0
0
0
0
0
0
0
0
0
0
0
0
0
0
0
0
0
0
0
0
0
0
0
0
0
0
0
0
0
0
0
0
0
0
0
0
0
0
0
0
0
0
0
0
0
0
0
0
0
0
0
0
0
0
0
0
0
0
0
0
0
0
0
0
0
0
0
0
0
0
0
0
0
0
0
0
0
0
0
0
0
0
0
0
0
0
0
0
0
0
0
0
0
0
0
0
0
0
0
0
0
0
0
0
0
0
0
0
0
0
0
0
0
0
0
0
0
0
0
0
0
0
0
0
0
0
0
0
0
0
0
0
0
0
0
0
0
0
0
0
0
0
0
0
0
0
0
0
0
0
0
0
0
0
0
0
0
0
0
0
0
0
0
0
0
0
0
0
0
0
0
0
0
0
0
0
0
0
0
0
0
0
0
0
0
0
0
0
0
0
0
0
0
0
0
0
0
0
0
0
0
0
0
0
0
0
0
0
0
0
0
0
0
0
0
0
0
0
0
0
0
0
0
0
0
0
0
0
0
0
0
0
0
0
0
0
0
0
0
0
0
0
0
0
0
0
0
0
0
0
0
0
0
0
0
0
0
0
0
0
0
0
0
0
0
0
0
0
0
0
0
0
0
0
0
0
0
0
0
0
0
0
0
0
0
0
0
0
0
0
0
0
0
0
0
0
0
0
0
0
0
0
0
0
0
0
0
0
0
0
0
0
0
0
0
0
0
0
0
0
0
0
0
0
0
0
0
0
0
0
0
0
0
0
0
0
0
0
0
0
0
0
0
0
0
0
0
0
0
0
0
0
0
0
0
0
0
0
0
0
0
0
0
0
0
0
0
0
0
0
0
0
0
0
0
0
0
0
0
0
0
0
0
0
0
0
0
0
0
0
0
0
0
0
0
0
0
0
0
0
0
0
0
0
0
0
0
0
0
0
0
0
0
0
0
0
0
0
0
0
0
0
0
0
0
0
0
0
0
0
0
0
0
0
0
0
0
0
0
0
0
0
0
0
0
0
0
0
0
0
0
0
0
0
0
0
0
0
0
0
0
0
0
0
0
0
0
0
0
0
0
0
0
0
0
0
0
0
0
0
0
0
0
0
0
0
0
0
0
0
0
0
0
0
0
0
0
0
0
0
0
0
0
0
0
0
0
0
0
0
0
0
0
0
0
0
0
0
0
0
0
0
0
0
0
0
0
0
0
0
0
0
0
0
0
0
0
0
0
0
0
0
0
0
0
0
0
0
0
0
0
0
0
0
0
0
0
0
0
0
0
0
0
0
0
0
0
0
0
0
0
0
0
0
0
0
0
0
0
0
0
0
0
0
0
0
0
0
0
0
0
0
0
0
0
0
0
0
0
0
0
0
0
0
0
0
0
0
0
0
0
0
0
0
0
0
0
0
0
0
0
0
0
0
0
0
0
0
0
0
0
0
0
0
0
0
0
0
0
0
0
0
0
0
0
0
0
0
0
0
0
0
0
0
0
0
0
0
0
0
0
0
0
0
0
0
0
0
0
0
0
0
0
0
0
0
0
0
0
0
0
0
0
0
0
0
0
0
0
0
0
0
0
0
0
0
0
0
0
0
0
0
0
0
0
0
0
0
0
0
0
0
0
0
0
0
0
0
0
0
0
0
0
0
0
0
0
0
0
0
0
0
0
0
0
0
0
0
0
0
0
0
0
0
0
0
0
0
0
0
0
0
0
0
0
0
0
0
0
0
0
0
0
0
0
0
0
0
0
0
0
0
0
0
0
0
0
0
0
0
0
0
0
0
0
0
0
0
0
0
0
0
0
0
0
0
0
0
0
0
0
0
0
0
0
0
0
0
0
0
0
0
0
0
0
0
0
0
0
0
0
0
0
0
0
0
0
0
0
0
0
0
0
0
0
0
0
0
0
0
0
0
0
0
0
0
0
0
0
0
0
0
0
0
0
0
0
0
0
0
0
0
0
0
0
0
0
0
0
0
0
0
0
0
0
0
0
0
0
0
0
0
0
0
0
0
0
0
0
0
0
0
0
0
0
0
0
0
0
0
0
0
0
0
0
0
0
0
0
0
0
0
0
0
0
0
0
0
0
0
0
0
0
0
0
0
0
0
0
0
0
0
0
0
0
0
0
0
0
0
0
0
0
0
0
0
0
0
0
0
0
0
0
0
0
0
0
0
0
0
0
0
0
0
0
0
0
0
0
0
0
0
0
0
0
0
0
0
0
0
0
0
0
0
0
0
0
0
0
0
0
0
0
0
0
0
0
0
0
0
0
0
0
0
0
0
0
0
0
0
0
0
0
0
0
0
0
0
0
0
0
0
0
0
0
0
0
0
0
0
0
0
0
0
0
0
0
0
0
0
0
0
0
0
0
0
0
0
0
0
0
0
0
0
0
0
0
0
0
0
0
0
0
0
0
0
0
0
0
0
0
0
0
0
0
0
0
0
0
0
0
0
0
0
0
0
0
0
0
0
0
0
0
0
0
0
0
0
0
0
0
0
0
0
0
0
0
0
0
0
0
0
0
0
0
0
0
0
0
0
0
0
0
0
0
0
0
0
0
0
0
0
0
0
0
0
0
0
0
0
0
0
0
0
0
0
0
0
0
0
0
0
0
0
0
0
0
0
0
0
0
0
0
0
0
0
0
0
0
0
0
0
0
0
0
0
0
0
0
0
0
0
0
0
0
0
0
0
0
0
0
0
0
0
0
0
0
0
0
0
0
0
0
0
0
0
0
0
0
0
0
0
0
0
0
0
0
0
0
0
0
0
0
0
0
0
0
0
0
0
0
0
0
0
0
0
0
0
0
0
0
0
0
0
0
0
0
0
0
0
0
0
0
0
0
0
0
0
0
0
0
0
0
0
0
0
0
0
0
0
0
0
0
0
0
0
0
0
0
0
0
0
0
0
0
0
0
0
0
0
0
0
0
0
0
0
0
0
0
0
0
0
0
0
0
0
0
0
0
0
0
0
0
0
0
0
0
0
0
0
0
0
0
0
0
0
0
0
0
0
0
0
0
0
0
0
0
0
0
0
0
0
0
0
0
0
0
0
0
0
0
0
0
0
0
0
0
0
0
0
0
0
0
0
0
0
0
0
0
0
0
0
0
0
0
0
0
0
0
0
0
0
0
0
0
0
0
0
0
0
0
0
0
0
0
0
0
0
0
0
0
0
0
0
0
0
0
0
0
0
0
0
0
0
0
0
0
0
0
0
0
0
0
0
0
0
0
0
0
0
0
0
0
0
0
0
0
0
0
0
0
0
0
0
0
0
0
0
0
0
0
0
0
0
0
0
0
0
0
0
0
0
0
0
0
0
0
0
0
0
0
0
0
0
0
0
0
0
0
0
0
0
0
0
0
0
0
0
0
0
0
0
0
0
0
0
0
0
0
0
0
0
0
0
0
0
0
0
0
0
0
0
0
0
0
0
0
0
0
0
0
0
0
0
0
0
0
0
0
0
0
0
0
0
0
0
0
0
0
0
0
0
0
0
0
0
0
0
0
0
0
0
0
0
0
0
0
0
0
0
0
0
0
0
0
0
0
0
0
0
0
0
0
0
0
0
0
0
0
0
0
0
0
0
0
0
0
0
0
0
0
0
0
0
0
0
0
0
0
0
0
0
0
0
0
0
0
0
0
0
0
0
0
0
0
0
0
0
0
0
0
0
0
0
0
0
0
0
0
0
0
0
0
0
0
0
0
0
0
0
0
0
0
0
0
0
0
0
0
0
0
0
0
0
0
0
0
0
0
0
0
0
0
0
0
0
0
0
0
0
0
0
0
0
0
0
0
0
0
0
0
0
0
0
0
0
0
0
0
0
0
0
0
0
0
0
0
0
0
0
0
0
0
0
0
0
0
0
0
0
0
0
0
0
0
0
0
0
0
0
0
0
0
0
0
0
0
0
0
0
0
0
0
0
0
0
0
0
0
0
0
0
0
0
0
0
0
0
0
0
0
0
0
0
0
0
0
0
0
0
0
0
0
0
0
0
0
0
0
0
0
0
0
0
0
0
0
0
0
0
0
0
0
0
0
0
0
0
0
0
0
0
0
0
0
0
0
0
0
0
0
0
0
0
0
0
0
0
0
0
0
0
0
0
0
0
0
0
0
0
0
0
0
0
0
0
0
0
0
0
0
0
0
0
0
0
0
0
0
0
0
0
0
0
0
0
0
0
0
0
0
0
0
0
0
0
0
0
0
0
0
0
0
0
0
0
0
0
0
0
0
0
0
0
0
0
0
0
0
0
0
0
0
0
0
0
0
0
0
0
0
0
0
0
0
0
0
0
0
0
0
0
0
0
0
0
0
0
0
0
0
0
0
0
0
0
0
0
0
0
0
0
0
0
0
0
0
0
0
0
0
0
0
0
0
0
0
0
0
0
0
0
0
0
0
0
0
0
0
0
0
0
0
0
0
0
0
0
0
0
0
0
0
0
0
0
0
0
0
0
0
0
0
0
0
0
0
0
0
0
0
0
0
0
0
0
0
0
0
0
0
0
0
0
0
0
0
0
0
0
0
0
0
0
0
0
0
0
0
0
0
0
0
0
0
0
0
0
0
0
0
0
0
0
0
0
0
0
0
0
0
0
0
0
0
0
0
0
0
0
0
0
0
0
0
0
0
0
0
0
0
0
0
0
0
0
0
0
0
0
0
0
0
0
0
0
0
0
0
0
0
0
0
0
0
0
0
0
0
0
0
0
0
0
0
0
0
0
0
0
0
0
0
0
0
0
0
0
0
0
0
0
0
0
0
0
0
0
0
0
0
0
0
0
0
0
0
0
0
0
0
0
0
0
0
0
0
0
0
0
0
0
0
0
0
0
0
0
0
0
0
0
0
0
0
0
0
0
0
0
0
0
0
0
0
0
0
0
0
0
0
0
0
0
0
0
0
0
0
0
0
0
0
0
0
0
0
0
0
0
0
0
0
0
0
0
0
0
0
0
0
0
0
0
0
0
0
0
0
0
0
0
0
0
0
0
0
0
0
0
0
0
0
0
0
0
0
0
0
0
0
0
0
0
0
0
0
0
0
0
0
0
0
0
0
0
0
0
0
0
0
0
0
0
0
0
0
0
0
0
0
0
0
0
0
0
0
0
0
0
0
0
0
0
0
0
0
0
0
0
0
0
0
0
0
0
0
0
0
0
0
0
0
0
0
0
0
0
0
0
0
0
0
0
0
0
0
0
0
0
0
0
0
0
0
0
0
0
0
0
0
0
0
0
0
0
0
0
0
0
0
0
0
0
0
0
0
0
0
0
0
0
0
0
0
0
0
0
0
0
0
0
0
0
0
0
0
0
0
0
0
0
0
0
0
0
0
0
0
0
0
0
0
0
0
0
0
0
0
0
0
0
0
0
0
0
0
0
0
0
0
0
0
0
0
0
0
0
0
0
0
0
0
0
0
0
0
0
0
0
0
0
0
0
0
0
0
0
0
0
0
0
0
0
0
0
0
0
0
0
0
0
0
0
0
0
0
0
0
0
0
0
0
0
0
0
0
0
0
0
0
0
0
0
0
0
0
0
0
0
0
0
0
0
0
0
0
0
0
0
0
0
0
0
0
0
0
0
0
0
0
0
0
0
0
0
0
0
0
0
0
0
0
0
0
0
0
0
0
0
0
0
0
0
0
0
0
0
0
0
0
0
0
0
0
0
0
0
0
0
0
0
0
0
0
0
0
0
0
0
0
0
0
0
0
0
0
0
0
0
0
0
0
0
0
0
0
0
0
0
0
0
0
0
0
0
0
0
0
0
0
0
0
0
0
0
0
0
0
0
0
0
0
0
0
0
0
0
0
0
0
0
0
0
0
0
0
0
0
0
0
0
0
0
0
0
0
0
0
0
0
0
0
0
0
0
0
0
0
0
0
0
0
0
0
0
0
0
0
0
0
0
0
0
0
0
0
0
0
0
0
0
0
0
0
0
0
0
0
0
0
0
0
0
0
0
0
0
0
0
0
0
0
0
0
0
0
0
0
0
0
0
0
0
0
0
0
0
0
0
0
0
0
0
0
0
0
0
0
0
0
0
0
0
0
0
0
0
0
0
0
0
0
0
0
0
0
0
0
0
0
0
0
0
0
0
0
0
0
0
0
0
0
0
0
0
0
0
0
0
0
0
0
0
0
0
0
0
0
0
0
0
0
0
0
0
0
0
0
0
0
0
0
0
0
0
0
0
0
0
0
0
0
0
0
0
0
0
0
0
0
0
0
0
0
0
0
0
0
0
0
0
0
0
0
0
0
0
0
0
0
0
0
0
0
0
0
0
0
0
0
0
0
0
0
0
0
0
0
0
0
0
0
0
0
0
0
0
0
0
0
0
0
0
0
0
0
0
0
0
0
0
0
0
0
0
0
0
0
0
0
0
0
0
0
0
0
0
0
0
0
0
0
0
0
0
0
0
0
0
0
0
0
0
0
0
0
0
0
0
0
0
0
0
0
0
0
0
0
0
0
0
0
0
0
0
0
0
0
0
0
0
0
0
0
0
0
0
0
0
0
0
0
0
0
0
0
0
0
0
0
0
0
0
0
0
0
0
0
0
0
0
0
0
0
0
0
0
0
0
0
0
0
0
0
0
0
0
0
0
0
0
0
0
0
0
0
0
0
0
0
0
0
0
0
0
0
0
0
0
0
0
0
0
0
0
0
0
0
0
0
0
0
0
0
0
0
0
0
0
0
0
0
0
0
0
0
0
0
0
0
0
0
0
0
0
0
0
0
0
0
0
0
0
0
0
0
0
0
0
0
0
0
0
0
0
0
0
0
0
0
0
0
0
0
0
0
0
0
0
0
0
0
0
0
0
0
0
0
0
0
0
0
0
0
0
0
0
0
0
0
0
0
0
0
0
0
0
0
0
0
0
0
0
0
0
0
0
0
0
0
0
0
0
0
0
0
0
0
0
0
0
0
0
0
0
0
0
0
0
0
0
0
0
0
0
0
0
0
0
0
0
0
0
0
0
0
0
0
0
0
0
0
0
0
0
0
0
0
0
0
0
0
0
0
0
0
0
0
0
0
0
0
0
0
0
0
0
0
0
0
0
0
0
0
0
0
0
0
0
0
0
0
0
0
0
0
0
0
0
0
0
0
0
0
0
0
0
0
0
0
0
0
0
0
0
0
0
0
0
0
0
0
0
0
0
0
0
0
0
0
0
0
0
0
0
0
0
0
0
0
0
0
0
0
0
0
0
0
0
0
0
0
0
0
0
0
0
0
0
0
0
0
0
0
0
0
0
0
0
0
0
0
0
0
0
0
0
0
0
0
0
0
0
0
0
0
0
0
0
0
0
0
0
0
0
0
0
0
0
0
0
0
0
0
0
0
0
0
0
0
0
0
0
0
0
0
0
0
0
0
0
0
0
0
0
0
0
0
0
0
0
0
0
0
0
0
0
0
0
0
0
0
0
0
0
0
0
0
0
0
0
0
0
0
0
0
0
0
0
0
0
0
0
0
0
0
0
0
0
0
0
0
0
0
0
0
0
0
0
0
0
0
0
0
0
0
0
0
0
0
0
0
0
0
0
0
0
0
0
0
0
0
0
0
0
0
0
0
0
0
0
0
0
0
0
0
0
0
0
0
0
0
0
0
0
0
0
0
0
0
0
0
0
0
0
0
0
0
0
0
0
0
0
0
0
0
0
0
0
0
0
0
0
0
0
0
0
0
0
0
0
0
0
0
0
0
0
0
0
0
0
0
0
0
0
0
0
0
0
0
0
0
0
0
0
0
0
0
0
0
0
0
0
0
0
0
0
0
0
0
0
0
0
0
0
0
0
0
0
0
0
0
0
0
0
0
0
0
0
0
0
0
0
0
0
0
0
0
0
0
0
0
0
0
0
0
0
0
0
0
0
0
0
0
0
0
0
0
0
0
0
0
0
0
0
0
0
0
0
0
0
0
0
0
0
0
0
0
0
0
0
0
0
0
0
0
0
0
0
0
0
0
0
0
0
0
0
0
0
0
0
0
0
0
0
0
0
0
0
0
0
0
0
0
0
0
0
0
0
0
0
0
0
0
0
0
0
0
0
0
0
0
0
0
0
0
0
0
0
0
0
0
0
0
0
0
0
0
0
0
0
0
0
0
0
0
0
0
0
0
0
0
0
0
0
0
0
0
0
0
0
0
0
0
0
0
0
0
0
0
0
0
0
0
0
0
0
0
0
0
0
0
0
0
0
0
0
0
0
0
0
0
0
0
0
0
0
0
0
0
0
0
0
0
0
0
0
0
0
0
0
0
0
0
0
0
0
0
0
0
0
0
0
0
0
0
0
0
0
0
0
0
0
0
0
0
0
0
0
0
0
0
0
0
0
0
0
0
0
0
0
0
0
0
0
0
0
0
0
0
0
0
0
0
0
0
0
0
0
0
0
0
0
0
0
0
0
0
0
0
0
0
0
0
0
0
0
0
0
0
0
0
0
0
0
0
0
0
0
0
0
0
0
0
0
0
0
0
0
0
0
0
0
0
0
0
0
0
0
0
0
0
0
0
0
0
0
0
0
0
0
0
0
0
0
0
0
0
0
0
0
0
0
0
0
0
0
0
0
0
0
0
0
0
0
0
0
0
0
0
0
0
0
0
0
0
0
0
0
0
0
0
0
0
0
0
0
0
0
0
0
0
0
0
0
0
0
0
0
0
0
0
0
0
0
0
0
0
0
0
0
0
0
0
0
0
0
0
0
0
0
0
0
0
0
0
0
0
0
0
0
0
0
0
0
0
0
0
0
0
0
0
0
0
0
0
0
0
0
0
0
0
0
0
0
0
0
0
0
0
0
0
0
0
0
0
0
0
0
0
0
0
0
0
0
0
0
0
0
0
0
0
0
0
0
0
0
0
0
0
0
0
0
0
0
0
0
0
0
0
0
0
0
0
0
0
0
0
0
0
0
0
0
0
0
0
0
0
0
0
0
0
0
0
0
0
0
0
0
0
0
0
0
0
0
0
0
0
0
0
0
0
0
0
0
0
0
0
0
0
0
0
0
0
0
0
0
0
0
0
0
0
0
0
0
0
0
0
0
0
0
0
0
0
0
0
0
0
0
0
0
0
0
0
0
0
0
0
0
0
0
0
0
0
0
0
0
0
0
0
0
0
0
0
0
0
0
0
0
0
0
0
0
0
0
0
0
0
0
0
0
0
0
0
0
0
0
0
0
0
0
0
0
0
0
0
0
0
0
0
0
0
0
0
0
0
0
0
0
0
0
0
0
0
0
0
0
0
0
0
0
0
0
0
0
0
0
0
0
0
0
0
0
0
0
0
0
0
0
0
0
0
0
0
0
0
0
0
0
0
0
0
0
0
0
0
0
0
0
0
0
0
0
0
0
0
0
0
0
0
0
0
0
0
0
0
0
0
0
0
0
0
0
0
0
0
0
0
0
0
0
0
0
0
0
0
0
0
0
0
0
0
0
0
0
0
0
0
0
0
0
0
0
0
0
0
0
0
0
0
0
0
0
0
0
0
0
0
0
0
0
0
0
0
0
0
0
0
0
0
0
0
0
0
0
0
0
0
0
0
0
0
0
0
0
0
0
0
0
0
0
0
0
0
0
0
0
0
0
0
0
0
0
0
0
0
0
0
0
0
0
0
0
0
0
0
0
0
0
0
0
0
0
0
0
0
0
0
0
0
0
0
0
0
0
0
0
0
0
0
0
0
0
0
0
0
0
0
0
0
0
0
0
0
0
0
0
0
0
0
0
0
0
0
0
0
0
0
0
0
0
0
0
0
0
0
0
0
0
0
0
0
0
0
0
0
0
0
0
0
0
0
0
0
0
0
0
0
0
0
0
0
0
0
0
0
0
0
0
0
0
0
0
0
0
0
0
0
0
0
0
0
0
0
0
0
0
0
0
0
0
0
0
0
0
0
0
0
0
0
0
0
0
0
0
0
0
0
0
0
0
0
0
0
0
0
0
0
0
0
0
0
0
0
0
0
0
0
0
0
0
0
0
0
0
0
0
0
0
0
0
0
0
0
0
0
0
0
0
0
0
0
0
0
0
0
0
0
0
0
0
0
0
0
0
0
0
0
0
0
0
0
0
0
0
0
0
0
0
0
0
0
0
0
0
0
0
0
0
0
0
0
0
0
0
0
0
0
0
0
0
0
0
0
0
0
0
0
0
0
0
0
0
0
0
0
0
0
0
0
0
0
0
0
0
0
0
0
0
0
0
0
0
0
0
0
0
0
0
0
0
0
0
0
0
0
0
0
0
0
0
0
0
0
0
0
0
0
0
0
0
0
0
0
0
0
0
0
0
0
0
0
0
0
0
0
0
0
0
0
0
0
0
0
0
0
0
0
0
0
0
0
0
0
0
0
0
0
0
0
0
0
0
0
0
0
0
0
0
0
0
0
0
0
0
0
0
0
0
0
0
0
0
0
0
0
0
0
0
0
0
0
0
0
0
0
0
0
0
0
0
0
0
0
0
0
0
0
0
0
0
0
0
0
0
0
0
0
0
0
0
0
0
0
0
0
0
0
0
0
0
0
0
0
0
0
0
0
0
0
0
0
0
0
0
0
0
0
0
0
0
0
0
0
0
0
0
0
0
0
0
0
0
0
0
0
0
0
0
0
0
0
0
0
0
0
0
0
0
0
0
0
0
0
0
0
0
0
0
0
0
0
0
0
0
0
0
0
0
0
0
0
0
0
0
0
0
0
0
0
0
0
0
0
0
0
0
0
0
0
0
0
0
0
0
0
0
0
0
0
0
0
0
0
0
0
0
0
0
0
0
0
0
0
0
0
0
0
0
0
0
0
0
0
0
0
0
0
0
0
0
0
0
0
0
0
0
0
0
0
0
0
0
0
0
0
0
0
0
0
0
0
0
0
0
0
0
0
0
0
0
0
0
0
0
0
0
0
0
0
0
0
0
0
0
0
0
0
0
0
0
0
0
0
0
0
0
0
0
0
0
0
0
0
0
0
0
0
0
0
0
0
0
0
0
0
0
0
0
0
0
0
0
0
0
0
0
0
0
0
0
0
0
0
0
0
0
0
0
0
0
0
0
0
0
0
0
0
0
0
0
0
0
0
0
0
0
0
0
0
0
0
0
0
0
0
0
0
0
0
0
0
0
0
0
0
0
0
0
0
0
0
0
0
0
0
0
0
0
0
0
0
0
0
0
0
0
0
0
0
0
0
0
0
0
0
0
0
0
0
0
0
0
0
0
0
0
0
0
0
0
0
0
0
0
0
0
0
0
0
0
0
0
0
0
0
0
0
0
0
0
0
0
0
0
0
0
0
0
0
0
0
0
0
0
0
0
0
0
0
0
0
0
0
0
0
0
0
0
0
0
0
0
0
0
0
0
0
0
0
0
0
0
0
0
0
0
0
0
0
0
0
0
0
0
0
0
0
0
0
0
0
0
0
0
0
0
0
0
0
0
0
0
0
0
0
0
0
0
0
0
0
0
0
0
0
0
0
0
0
0
0
0
0
0
0
0
0
0
0
0
0
0
0
0
0
0
0
0
0
0
0
0
0
0
0
0
0
0
0
0
0
0
0
0
0
0
0
0
0
0
0
0
0
0
0
0
0
0
0
0
0
0
0
0
0
0
0
0
0
0
0
0
0
0
0
0
0
0
0
0
0
0
0
0
0
0
0
0
0
0
0
0
0
0
0
0
0
0
0
0
0
0
0
0
0
0
0
0
0
0
0
0
0
0
0
0
0
0
0
0
0
0
0
0
0
0
0
0
0
0
0
0
0
0
0
0
0
0
0
0
0
0
0
0
0
0
0
0
0
0
0
0
0
0
0
0
0
0
0
0
0
0
0
0
0
0
0
0
0
0
0
0
0
0
0
0
0
0
0
0
0
0
0
0
0
0
0
0
0
0
0
0
0
0
0
0
0
0
0
0
0
0
0
0
0
0
0
0
0
0
0
0
0
0
0
0
0
0
0
0
0
0
0
0
0
0
0
0
0
0
0
0
0
0
0
0
0
0
0
0
0
0
0
0
0
0
0
0
0
0
0
0
0
0
0
0
0
0
0
0
0
0
0
0
0
0
0
0
0
0
0
0
0
0
0
0
0
0
0
0
0
0
0
0
0
0
0
0
0
0
0
0
0
0
0
0
0
0
0
0
0
0
0
0
0
0
0
0
0
0
0
0
0
0
0
0
0
0
0
0
0
0
0
0
0
0
0
0
0
0
0
0
0
0
0
0
0
0
0
0
0
0
0
0
0
0
0
0
0
0
0
0
0
0
0
0
0
0
0
0
0
0
0
0
0
0
0
0
0
0
0
0
0
0
0
0
0
0
0
0
0
0
0
0
0
0
0
0
0
0
0
0
0
0
0
0
0
0
0
0
0
0
0
0
0
0
0
0
0
0
0
0
0
0
0
0
0
0
0
0
0
0
0
0
0
0
0
0
0
0
0
0
0
0
0
0
0
0
0
0
0
0
0
0
0
0
0
0
0
0
0
0
0
0
0
0
0
0
0
0
0
0
0
0
0
0
0
0
0
0
0
0
0
0
0
0
0
0
0
0
0
0
0
0
0
0
0
0
0
0
0
0
0
0
0
0
0
0
0
0
0
0
0
0
0
0
0
0
0
0
0
0
0
0
0
0
0
0
0
0
0
0
0
0
0
0
0
0
0
0
0
0
0
0
0
0
0
0
0
0
0
0
0
0
0
0
0
0
0
0
0
0
0
0
0
0
0
0
0
0
0
0
0
0
0
0
0
0
0
0
0
0
0
0
0
0
0
0
0
0
0
0
0
0
0
0
0
0
0
0
0
0
0
0
0
0
0
0
0
0
0
0
0
0
0
0
0
0
0
0
0
0
0
0
0
0
0
0
0
0
0
0
0
0
0
0
0
0
0
0
0
0
0
0
0
0
0
0
0
0
0
0
0
0
0
0
0
0
0
0
0
0
0
0
0
0
0
0
0
0
0
0
0
0
0
0
0
0
0
0
0
0
0
0
0
0
0
0
0
0
0
0
0
0
0
0
0
0
0
0
0
0
0
0
0
0
0
0
0
0
0
0
0
0
0
0
0
0
0
0
0
0
0
0
0
0
0
0
0
0
0
0
0
0
0
0
0
0
0
0
0
0
0
0
0
0
0
0
0
0
0
0
0
0
0
0
0
0
0
0
0
0
0
0
0
0
0
0
0
0
0
0
0
0
0
0
0
0
0
0
0
0
0
0
0
0
0
0
0
0
0
0
0
0
0
0
0
0
0
0
0
0
0
0
0
0
0
0
0
0
0
0
0
0
0
0
0
0
0
0
0
0
0
0
0
0
0
0
0
0
0
0
0
0
0
0
0
0
0
0
0
0
0
0
0
0
0
0
0
0
0
0
0
0
0
0
0
0
0
0
0
0
0
0
0
0
0
0
0
0
0
0
0
0
0
0
0
0
0
0
0
0
0
0
0
0
0
0
0
0
0
0
0
0
0
0
0
0
0
0
0
0
0
0
0
0
0
0
0
0
0
0
0
0
0
0
0
0
0
0
0
0
0
0
0
0
0
0
0
0
0
0
0
0
0
0
0
0
0
0
0
0
0
0
0
0
0
0
0
0
0
0
0
0
0
0
0
0
0
0
0
0
0
0
0
0
0
0
0
0
0
0
0
0
0
0
0
0
0
0
0
0
0
0
0
0
0
0
0
0
0
0
0
0
0
0
0
0
0
0
0
0
0
0
0
0
0
0
0
0
0
0
0
0
0
0
0
0
0
0
0
0
0
0
0
0
0
0
0
0
0
0
0
0
0
0
0
0
0
0
0
0
0
0
0
0
0
0
0
0
0
0
0
0
0
0
0
0
0
0
0
0
0
0
0
0
0
0
0
0
0
0
0
0
0
0
0
0
0
0
0
0
0
0
0
0
0
0
0
0
0
0
0
0
0
0
0
0
0
0
0
0
0
0
0
0
0
0
0
0
0
0
0
0
0
0
0
0
0
0
0
0
0
0
0
0
0
0
0
0
0
0
0
0
0
0
0
0
0
0
0
0
0
0
0
0
0
0
0
0
0
0
0
0
0
0
0
0
0
0
0
0
0
0
0
0
0
0
0
0
0
0
0
0
0
0
0
0
0
0
0
0
0
0
0
0
0
0
0
0
0
0
0
0
0
0
0
0
0
0
0
0
0
0
0
0
0
0
0
0
0
0
0
0
0
0
0
0
0
0
0
0
0
0
0
0
0
0
0
0
0
0
0
0
0
0
0
0
0
0
0
0
0
0
0
0
0
0
0
0
0
0
0
0
0
0
0
0
0
0
0
0
0
0
0
0
0
0
0
0
0
0
0
0
0
0
0
0
0
0
0
0
0
0
0
0
0
0
0
0
0
0
0
0
0
0
0
0
0
0
0
0
0
0
0
0
0
0
0
0
0
0
0
0
0
0
0
0
0
0
0
0
0
0
0
0
0
0
0
0
0
0
0
0
0
0
0
0
0
0
0
0
0
0
0
0
0
0
0
0
0
0
0
0
0
0
0
0
0
0
0
0
0
0
0
0
0
0
0
0
0
0
0
0
0
0
0
0
0
0
0
0
0
0
0
0
0
0
0
0
0
0
0
0
0
0
0
0
0
0
0
0
0
0
0
0
0
0
0
0
0
0
0
0
0
0
0
0
0
0
0
0
0
0
0
0
0
0
0
0
0
0
0
0
0
0
0
0
0
0
0
0
0
0
0
0
0
0
0
0
0
0
0
0
0
0
0
0
0
0
0
0
0
0
74.85392052
74.85392052
74.85392052
74.85392052
74.85392052
74.85392052
74.85392052
74.85392052
74.85392052
74.85392052
74.85392052
74.85392052
74.85392052
74.85392052
74.85392052
74.85392052
74.85392052
74.85392052
74.85392052
74.85392052
74.85392052
74.85392052
74.85392052
74.85392052
74.85392052
74.85392052
74.85392052
74.85392052
74.85392052
74.85392052
74.85392052
74.85392052
74.85392052
74.85392052
74.85392052
74.85392052
74.85392052
74.85392052
74.85392052
51.30342464
48.80195071
47.21777426
45.57858868
44.23074902
42.92061403
42.02308629
40.69624304
39.80162021
39.92284368
40.06575267
39.61156668
39.17756428
38.30649337
37.70691094
36.60340137
0
0
0
0
0
0
0
0
0
0
0
0
0
0
0
0
0
0
0
0
0
0
0
0
0
0
0
0
0
0
0
0
0
0
0
0
0
0
0
0
74.85392052
74.85392052
74.85392052
74.85392052
74.85392052
74.85392052
74.85392052
74.85392052
74.85392052
74.85392052
74.85392052
74.85392052
74.85392052
74.85392052
74.85392052
74.85392052
74.85392052
74.85392052
74.85392052
74.85392052
74.85392052
74.85392052
74.85392052
74.85392052
74.85392052
74.85392052
74.85392052
74.85392052
74.85392052
74.85392052
74.85392052
74.85392052
74.85392052
74.85392052
74.85392052
74.85392052
74.85392052
74.85392052
52.99901804
49.82931563
47.31173114
44.78427961
41.9561931
39.30314083
0
0
0
0
0
0
0
0
0
0
0
0
0
0
0
0
0
0
0
0
0
0
0
0
0
0
0
0
0
0
0
0
0
0
0
0
0
0
0
0
0
0
0
0
0
0
0
0
0
0
0
0
0
0
0
0
74.85392052
74.85392052
74.85392052
74.85392052
74.85392052
74.85392052
74.85392052
74.85392052
74.85392052
74.85392052
74.85392052
74.85392052
74.85392052
74.85392052
74.85392052
74.85392052
74.85392052
74.85392052
47.65225786
44.16837454
43.0014931
43.15728162
43.8010145
43.33945246
42.31000809
41.08648893
41.53564194
42.65329282
44.13965023
46.27203087
49.02135889
53.16762376
55.74139037
56.40636205
58.39075668
58.35046333
58.26650108
57.81841281
56.88571464
55.506997
56.42608819
56.10101928
55.51887377
56.20744032
55.03664809
55.99485391
56.38282831
57.12403728
57.31461077
57.33335248
57.91015299
56.82606764
55.97647619
55.96233604
55.14633134
53.24310796
52.7876728
52.10981859
52.31998869
52.14471364
51.79410418
51.23526754
50.06927514
49.09065002
48.89525816
48.31538266
44.74357201
39.1144729
0
0
0
0
0
0
0
0
0
0
0
0
0
0
0
0
0
0
0
0
0
0
0
0
0
0
0
0
0
0
0
0
0
0
0
0
0
0
0
0
0
0
0
0
0
0
0
0
0
0
0
0
0
0
0
0
0
0
0
0
0
0
0
0
0
0
0
0
0
0
0
0
0
0
0
0
0
0
0
0
0
0
0
0
0
0
0
0
0
0
0
0
0
0
0
0
0
0
0
0
0
0
0
0
0
0
0
0
0
0
0
0
0
0
0
0
0
0
0
0
0
0
0
0
0
0
0
0
0
0
0
0
0
0
0
0
0
0
0
0
0
0
0
0
0
0
0
0
0
0
0
0
0
0
0
0
0
0
0
0
0
0
0
0
0
0
0
0
0
0
0
0
0
0
0
0
0
0
0
0
0
0
0
0
0
0
0
0
0
0
0
0
0
0
0
0
0
0
0
0
0
0
0
0
0
0
0
0
0
0
0
0
0
0
0
0
0
0
0
0
0
0
0
0
0
0
0
0
0
0
0
0
0
0
0
0
0
0
0
0
0
0
0
0
0
0
0
0
0
0
0
0
0
0
0
0
0
0
0
0
0
0
0
0
0
0
0
0
0
0
0
0
0
0
0
0
0
0
0
0
0
0
0
0
0
0
0
0
0
0
0
0
0
0
0
0
0
0
0
0
0
0
0
0
0
0
0
0
0
0
0
0
0
0
0
0
0
0
0
0
0
0
0
0
0
0
0
0
0
0
0
0
0
0
0
0
0
0
0
0
0
0
0
0
0
0
0
0
0
0
0
0
0
0
0
0
0
0
0
0
0
0
0
0
0
0
0
0
0
0
0
0
0
0
0
0
0
0
0
0
0
0
0
0
0
0
0
0
0
0
0
0
0
0
0
0
0
0
0
0
0
0
0
0
0
74.85392052
74.85392052
74.85392052
74.85392052
74.85392052
74.85392052
74.85392052
74.85392052
74.85392052
74.85392052
74.85392052
74.85392052
74.85392052
74.85392052
74.85392052
74.85392052
74.85392052
74.85392052
74.85392052
74.85392052
74.85392052
74.85392052
74.85392052
74.85392052
74.85392052
74.85392052
74.85392052
74.85392052
74.85392052
74.85392052
74.85392052
74.85392052
74.85392052
74.85392052
74.85392052
74.85392052
74.85392052
74.85392052
74.85392052
74.85392052
74.85392052
74.85392052
74.85392052
74.85392052
74.85392052
50.39146747
47.06284938
43.74319652
40.7253244
37.97162188
0
0
0
0
0
0
0
0
0
0
0
0
0
0
0
0
0
0
0
0
0
0
0
0
0
0
0
0
0
0
0
0
0
0
0
0
0
0
0
0
0
0
0
0
0
0
0
0
0
0
0
0
0
0
0
0
0
0
0
0
0
0
0
0
0
0
0
0
0
0
0
0
0
0
0
0
0
0
0
0
0
0
0
0
0
0
0
0
0
0
0
0
0
0
0
0
0
0
0
0
0
0
0
0
0
0
0
0
0
0
0
0
0
0
0
0
0
0
0
0
0
0
0
0
0
0
0
0
0
0
0
0
0
0
0
0
0
0
0
0
0
0
0
0
0
0
0
0
0
0
0
0
0
0
0
0
0
0
0
0
0
0
0
0
0
0
0
0
0
0
0
0
0
0
0
0
0
0
0
0
0
0
0
0
0
0
0
0
0
0
0
0
0
0
0
0
0
0
0
0
0
0
0
0
0
0
0
0
0
0
0
0
0
0
0
0
0
0
0
0
0
0
0
0
0
0
0
0
0
0
0
0
0
0
0
0
0
0
0
0
0
0
0
0
0
0
0
0
0
0
0
0
0
0
0
0
0
0
0
0
0
0
0
0
0
0
0
0
0
0
0
0
0
0
0
0
0
0
0
0
0
0
0
0
0
0
0
0
0
0
0
0
0
0
0
0
0
0
0
0
0
0
0
0
0
0
0
0
0
0
0
0
0
0
0
0
0
0
0
0
0
0
0
0
0
0
0
0
0
0
0
0
0
0
0
0
0
0
0
0
0
0
0
0
0
0
0
0
0
0
0
0
0
0
0
0
0
0
0
0
0
0
0
0
0
0
0
0
0
0
0
0
0
0
0
0
0
0
0
0
0
0
0
0
0
0
0
0
0
0
0
0
0
0
0
0
0
0
0
0
0
0
0
0
0
0
0
0
0
0
0
0
0
0
0
0
0
0
0
0
0
0
0
0
0
0
0
0
0
0
0
0
0
0
0
0
0
0
0
0
0
0
0
0
0
0
0
0
0
0
0
0
0
0
0
0
0
0
0
0
0
0
0
0
0
0
0
0
0
0
0
0
0
0
0
0
0
0
0
0
0
0
0
0
0
0
0
0
0
0
0
0
0
0
0
0
0
0
0
0
0
0
0
0
0
0
0
0
0
0
0
0
0
0
0
0
0
0
0
0
0
0
0
0
0
0
0
0
0
0
0
0
0
0
0
0
0
0
0
0
0
0
0
0
0
0
0
0
0
0
0
0
0
0
0
0
0
0
0
0
0
0
0
0
0
0
0
0
0
0
0
0
0
0
0
0
0
0
0
0
0
0
0
0
0
0
0
0
0
0
0
0
0
0
0
0
0
0
0
0
0
0
0
0
0
0
0
0
0
0
0
0
0
0
0
0
0
0
0
0
0
0
0
0
0
0
0
0
0
0
0
0
0
0
0
0
0
0
0
0
0
0
0
0
0
0
0
0
0
0
0
0
0
0
0
0
0
0
0
0
0
0
0
0
0
0
0
0
0
0
0
0
0
0
0
0
0
0
0
0
0
0
0
0
0
0
0
0
0
0
0
0
0
0
0
0
0
0
0
0
0
0
0
0
0
0
0
0
0
0
0
0
0
0
0
0
0
0
0
0
0
0
0
0
0
0
0
0
0
0
0
0
0
0
0
0
0
0
0
0
0
0
0
0
0
0
0
0
0
0
0
0
0
0
0
0
0
0
0
0
0
0
0
0
0
0
0
0
0
0
0
0
0
0
0
0
0
0
0
0
0
0
0
0
0
0
0
0
0
0
0
0
0
0
0
0
0
0
0
0
0
0
0
0
0
0
0
0
0
0
0
0
0
0
0
0
0
0
0
0
0
0
0
0
0
0
0
0
0
0
0
0
0
0
0
0
0
0
0
0
0
0
0
0
0
0
0
0
0
0
0
0
0
0
0
0
0
0
0
0
0
0
0
0
0
0
0
0
0
0
0
0
0
0
0
0
0
0
0
0
0
0
0
0
0
0
0
0
0
0
0
0
0
0
0
0
0
0
0
0
0
0
0
0
0
0
0
0
0
0
0
0
0
0
0
0
0
0
0
0
0
0
0
0
0
0
0
0
0
0
0
0
0
0
0
0
0
0
0
0
0
0
0
0
0
0
0
0
0
0
0
0
0
0
0
0
0
0
0
0
0
0
0
0
0
0
0
0
0
0
0
0
0
0
0
0
0
0
0
0
0
0
0
0
0
0
0
0
0
0
0
0
0
0
0
0
0
0
0
0
0
0
0
0
0
0
0
0
0
0
0
0
0
0
0
0
0
0
0
0
0
0
0
0
0
0
0
0
0
0
0
0
0
0
0
0
0
0
0
0
0
0
0
0
0
0
0
0
0
0
0
0
0
0
0
0
0
0
0
0
0
0
0
0
0
0
0
0
0
0
0
0
0
0
0
0
0
0
0
0
0
0
0
0
0
0
0
0
0
0
0
0
0
0
0
0
0
0
0
0
0
0
0
0
0
0
0
0
0
0
0
0
0
0
0
0
0
0
0
0
0
0
0
0
0
0
0
0
0
0
0
0
0
0
0
0
0
0
0
0
0
0
0
0
0
0
0
0
0
0
0
0
0
0
0
0
0
0
0
0
0
0
0
0
0
0
0
0
0
0
0
0
0
0
0
0
0
0
0
0
0
0
0
0
0
0
0
0
0
0
0
0
0
0
0
0
0
0
0
0
0
0
0
0
0
0
0
0
0
0
0
0
0
0
0
0
0
0
0
0
0
0
0
0
0
0
0
0
0
0
0
0
0
0
0
0
0
0
0
0
0
0
0
0
0
0
0
0
0
0
0
0
0
0
0
0
0
0
0
0
0
0
0
0
0
0
0
0
0
0
0
0
0
0
0
0
0
0
0
0
0
0
0
0
0
0
0
0
0
0
0
0
0
0
0
0
0
0
0
0
0
0
0
0
0
0
0
0
0
0
0
0
0
0
0
0
0
0
0
0
0
0
0
0
0
0
0
0
0
0
0
0
0
0
0
0
0
0
0
0
0
0
0
0
0
0
0
0
0
0
0
0
0
0
0
0
0
0
0
0
0
0
0
0
0
0
0
0
0
0
0
0
0
0
0
0
0
0
0
0
0
0
0
0
0
0
0
0
0
0
0
0
0
0
0
0
0
0
74.85392052
74.85392052
74.85392052
74.85392052
74.85392052
74.85392052
74.85392052
74.85392052
74.85392052
74.85392052
74.85392052
74.85392052
74.85392052
74.85392052
74.85392052
74.85392052
74.85392052
74.85392052
74.85392052
74.85392052
74.85392052
74.85392052
74.85392052
74.85392052
74.85392052
74.85392052
74.85392052
74.85392052
50.97044172
49.07690458
47.19185597
45.480067
43.83669974
41.51231589
39.69791431
37.10317002
0
0
0
0
0
0
0
0
0
0
0
0
0
0
0
0
0
0
0
0
0
0
0
0
0
0
0
0
0
0
0
0
0
0
0
0
0
0
0
0
0
0
0
0
0
0
0
0
0
0
0
0
0
0
0
0
0
0
0
0
0
0
0
0
0
0
0
0
0
0
0
0
0
0
0
0
0
0
0
0
0
0
0
0
0
0
0
0
0
0
0
0
0
0
0
0
0
0
0
0
0
0
0
0
0
0
0
0
0
0
0
0
0
0
0
0
0
0
0
0
0
0
0
0
0
0
0
0
0
0
0
0
0
0
0
0
0
0
0
0
0
0
0
0
0
0
0
0
0
0
0
0
0
0
0
0
0
0
0
0
0
0
0
0
0
0
0
0
0
0
0
0
0
0
0
0
0
0
0
0
0
0
0
0
0
0
0
0
0
0
0
0
0
0
0
0
0
0
0
0
0
0
0
0
0
0
0
0
0
0
0
0
0
0
0
0
0
0
0
0
0
0
0
0
0
0
0
0
0
0
0
0
0
0
0
0
0
0
0
0
0
0
0
0
0
0
0
0
0
0
0
0
0
0
0
0
0
0
0
0
0
0
0
0
0
0
0
0
0
0
0
0
0
0
0
0
0
0
0
0
0
0
0
0
0
0
0
0
0
0
0
0
0
0
0
0
0
0
0
0
0
0
0
0
0
0
0
0
0
0
0
0
0
0
0
0
0
0
0
0
0
0
0
0
0
0
0
0
0
0
0
0
0
0
0
0
0
0
0
0
0
0
0
0
0
0
0
0
0
0
0
0
0
0
0
0
0
0
0
0
0
0
0
0
0
0
0
0
0
0
0
0
0
0
0
0
0
0
0
0
0
0
0
0
0
0
0
0
0
0
0
0
0
0
0
0
0
0
0
0
0
0
0
0
0
0
0
0
0
0
0
0
0
0
0
0
0
0
0
0
0
0
0
0
0
0
0
0
0
0
0
0
0
0
0
0
0
0
0
0
0
0
0
0
0
0
0
0
0
0
0
0
0
0
0
0
0
0
0
0
0
0
0
0
0
0
0
0
0
0
0
0
0
0
0
0
0
0
0
0
0
0
0
0
0
0
0
0
0
0
0
0
0
0
0
0
0
0
0
0
0
0
0
0
0
0
0
0
0
0
0
0
0
0
0
0
0
0
0
0
0
0
0
0
0
0
0
0
0
0
0
0
0
0
0
0
0
0
0
0
0
0
0
0
0
0
0
0
0
0
0
0
0
0
0
0
0
0
0
0
0
0
0
0
0
0
0
0
0
0
0
0
0
0
0
0
0
0
0
0
0
0
0
0
0
0
0
0
0
0
0
0
0
0
0
0
0
0
0
0
0
0
0
0
0
0
0
0
0
0
0
0
0
0
0
0
0
0
0
0
0
0
0
0
0
0
0
0
0
0
0
0
0
0
0
0
0
74.85392052
74.85392052
74.85392052
74.85392052
74.85392052
74.85392052
74.85392052
74.85392052
74.85392052
74.85392052
74.85392052
74.85392052
74.85392052
74.85392052
74.85392052
74.85392052
74.85392052
74.85392052
74.85392052
74.85392052
74.85392052
74.85392052
74.85392052
74.85392052
74.85392052
74.85392052
49.88680511
47.19997996
43.33432546
41.52919319
41.29233332
40.46714556
38.21717412
0
0
0
0
0
0
0
0
0
0
0
0
0
0
0
0
0
0
0
0
0
0
0
0
0
0
0
0
0
0
0
0
0
0
0
0
0
0
0
0
0
0
0
0
0
0
0
0
0
0
0
0
0
0
74.85392052
74.85392052
74.85392052
74.85392052
74.85392052
74.85392052
74.85392052
74.85392052
74.85392052
74.85392052
74.85392052
74.85392052
74.85392052
74.85392052
74.85392052
74.85392052
74.85392052
74.85392052
74.85392052
74.85392052
74.85392052
74.85392052
74.85392052
74.85392052
74.85392052
74.85392052
74.85392052
74.85392052
49.81481848
46.32174264
43.87187966
41.12499272
39.68666188
37.27590439
0
0
0
0
0
0
0
0
0
0
0
0
0
0
0
0
0
0
0
0
0
0
0
0
0
0
0
0
0
0
0
0
0
0
0
0
0
0
0
0
0
0
0
0
0
0
0
0
0
0
0
0
0
0
0
0
0
0
0
0
0
0
0
0
0
0
0
0
0
0
0
0
0
0
0
0
0
0
0
0
0
0
0
0
0
0
0
0
0
0
0
0
0
0
0
0
0
0
0
0
0
0
0
0
0
0
0
0
0
0
0
0
0
0
0
0
0
0
0
0
0
0
0
0
0
0
0
0
0
0
0
0
0
0
0
0
0
0
0
0
0
0
0
0
0
0
0
0
0
0
0
0
0
0
0
0
0
0
0
0
0
0
0
0
0
0
0
0
0
0
0
0
0
0
0
0
0
0
0
0
0
0
0
0
0
0
0
0
0
0
0
0
0
0
0
0
0
0
0
0
0
0
0
0
0
0
0
0
0
0
0
0
0
0
0
0
0
0
0
0
0
0
0
0
0
0
0
0
0
0
0
0
0
0
0
0
0
0
0
0
0
0
0
0
0
0
0
0
0
0
0
0
0
0
0
0
0
0
0
0
0
0
0
0
0
0
0
0
0
0
0
0
0
0
0
0
0
0
0
0
0
0
0
0
0
0
0
0
0
0
0
0
0
0
0
0
0
0
0
0
0
0
0
0
0
0
0
0
0
0
0
0
0
0
0
0
0
0
0
0
0
0
0
0
0
0
0
0
0
0
0
0
0
0
0
0
0
0
0
0
0
0
0
0
0
0
0
0
0
0
0
0
0
0
0
0
0
0
0
0
0
0
0
0
0
0
0
0
0
0
0
0
0
0
0
0
0
0
0
0
0
0
0
0
0
0
0
0
0
0
0
0
0
0
0
0
0
0
0
0
0
0
0
0
0
0
0
0
0
0
0
0
0
0
0
0
0
0
0
0
0
0
0
0
0
0
0
0
0
0
0
0
0
0
0
0
0
0
0
0
0
0
0
0
0
0
0
0
0
0
0
0
0
0
0
0
0
0
0
0
0
0
0
0
0
0
0
0
0
0
0
0
0
0
0
0
0
0
0
0
0
0
0
0
0
0
0
0
0
0
0
0
0
0
0
0
0
0
0
0
0
0
0
0
0
0
0
0
0
0
0
0
0
0
0
0
0
0
0
0
0
0
0
0
0
0
0
0
0
0
0
0
0
0
0
0
0
0
0
0
0
0
0
0
0
0
0
0
0
0
0
0
0
0
0
0
0
0
0
0
0
0
0
0
0
0
0
0
0
0
0
0
0
0
0
0
0
0
0
0
0
0
0
0
0
0
0
0
0
0
0
0
0
0
0
0
0
0
0
0
0
0
0
0
0
0
0
0
0
0
0
0
0
0
0
0
0
0
0
0
0
0
0
0
0
0
0
0
0
0
0
0
0
0
0
0
0
0
0
0
0
0
0
0
0
0
0
0
0
0
0
0
0
0
0
0
0
0
0
0
0
0
0
0
0
0
0
0
0
0
0
0
0
0
0
0
0
0
0
0
0
0
0
0
0
0
0
0
0
0
0
0
0
0
0
0
0
0
0
0
0
0
0
0
0
0
0
0
0
0
0
0
0
0
0
0
0
0
0
0
0
0
0
0
0
0
0
0
0
0
0
0
0
0
0
0
0
0
74.85392052
74.85392052
74.85392052
74.85392052
74.85392052
74.85392052
74.85392052
74.85392052
74.85392052
74.85392052
74.85392052
74.85392052
74.85392052
74.85392052
74.85392052
74.85392052
74.85392052
74.85392052
74.85392052
74.85392052
51.96220122
51.7793447
48.57141663
48.47158769
48.33828429
47.94582309
46.69242396
45.2548826
45.02119989
44.38535037
44.27620478
44.59293062
45.0577315
44.90132631
45.96029257
46.02239595
45.51966139
44.66101925
44.49692202
44.7822618
43.48146711
44.03262956
44.2743616
44.79661617
44.78918234
44.42183376
44.20371085
44.65294521
45.29969521
46.19799324
45.87677892
45.85277167
46.02283128
47.22518459
47.757797
49.11447428
46.87323325
46.90920253
46.5589593
46.85296826
45.87880127
44.34688604
40.90826113
37.90489651
0
0
0
0
0
0
0
0
0
0
0
0
0
0
0
0
0
0
0
0
0
74.85392052
74.85392052
74.85392052
74.85392052
74.85392052
74.85392052
74.85392052
74.85392052
74.85392052
74.85392052
74.85392052
74.85392052
74.85392052
74.85392052
74.85392052
74.85392052
74.85392052
74.85392052
74.85392052
74.85392052
74.85392052
74.85392052
74.85392052
74.85392052
74.85392052
74.85392052
74.85392052
74.85392052
74.85392052
74.85392052
74.85392052
74.85392052
74.85392052
74.85392052
74.85392052
74.85392052
74.85392052
74.85392052
74.85392052
74.85392052
74.85392052
52.6706696
52.06967081
51.44018257
52.41258176
52.895652
53.0738377
52.78204933
52.41558453
50.36416535
49.77580252
47.60560594
46.1231172
44.42326183
42.90404923
42.76169245
42.93105524
42.45285812
42.53916019
40.72381039
40.53212289
40.67378196
41.09087633
41.62075734
41.99132032
42.52502933
42.93414032
43.59283779
42.31599397
42.41301224
42.54339544
42.19731589
40.57903147
39.10795519
37.96381328
37.15198531
37.83048839
39.5272456
42.30195306
44.98514733
48.29408339
50.67802057
53.54414448
55.85349464
58.49890689
59.8518105
60.70739328
62.07721889
62.8301822
64.2876492
66.44720359
67.91356687
68.72300412
70.17213882
71.61193542
73.05919632
74.51879538
74.54424795
74.56798802
74.85392052
74.85392052
74.85392052
74.85392052
74.85392052
74.85392052
74.85392052
74.85392052
74.85392052
74.85392052
74.85392052
74.85392052
74.85392052
74.85392052
74.85392052
74.85392052
74.85392052
74.85392052
74.85392052
74.85392052
74.85392052
74.85392052
74.85392052
74.85392052
51.52137536
48.53878157
45.54196057
43.69544119
40.23741652
37.04694199
0
0
0
0
0
0
0
0
0
0
0
0
0
0
0
0
0
0
0
0
0
0
0
0
0
0
0
0
0
0
0
0
0
0
0
0
0
0
0
0
0
0
0
0
0
0
0
0
0
0
0
0
0
0
0
0
0
0
0
0
0
0
0
0
0
0
0
0
0
0
0
0
0
0
0
0
0
0
0
0
0
0
0
0
0
0
0
0
0
0
0
0
0
0
0
0
0
0
0
0
0
0
0
0
0
0
0
0
0
0
0
0
0
0
0
0
0
0
0
0
0
0
0
0
0
0
0
0
0
0
0
0
0
0
0
0
0
0
0
0
0
0
0
0
0
0
0
0
0
0
0
0
0
0
0
0
0
0
0
0
0
0
0
0
0
0
0
0
0
0
0
0
0
0
0
0
0
0
0
0
0
0
0
0
0
0
0
0
0
0
0
0
0
0
0
0
0
0
0
0
0
0
0
0
0
0
0
0
0
0
0
0
0
0
0
0
0
0
0
0
0
0
0
0
0
0
0
0
0
0
0
0
0
0
0
0
0
0
0
0
0
0
0
0
0
0
0
0
0
0
0
0
0
0
0
0
0
0
0
0
0
0
74.85392052
74.85392052
74.85392052
74.85392052
74.85392052
74.85392052
74.85392052
74.85392052
74.85392052
74.85392052
74.85392052
74.85392052
74.85392052
74.85392052
74.85392052
74.85392052
74.85392052
74.85392052
74.85392052
74.85392052
74.85392052
74.85392052
74.85392052
74.85392052
74.85392052
74.85392052
74.85392052
74.85392052
74.85392052
74.85392052
74.85392052
74.85392052
74.85392052
74.85392052
74.85392052
74.85392052
74.85392052
74.85392052
74.85392052
74.85392052
74.85392052
74.85392052
74.85392052
74.85392052
74.85392052
74.85392052
74.85392052
74.85392052
74.85392052
54.96010733
54.61754476
53.85237131
54.30438597
53.73920854
53.401457
53.49274072
53.8198169
53.9937654
53.48315481
53.55769922
54.39465029
54.36853656
54.71217108
54.60729268
54.13525597
54.26162574
53.77975613
53.58448523
52.49525128
49.96366202
0
0
0
0
0
0
0
0
0
0
0
0
0
0
0
0
0
0
0
0
0
0
74.85392052
74.85392052
74.85392052
74.85392052
74.85392052
74.85392052
74.85392052
74.85392052
74.85392052
74.85392052
74.85392052
74.85392052
74.85392052
74.85392052
74.85392052
74.85392052
74.85392052
74.85392052
74.85392052
74.85392052
74.85392052
74.85392052
74.85392052
74.85392052
74.85392052
74.85392052
74.85392052
74.85392052
74.85392052
74.85392052
74.85392052
74.85392052
74.85392052
74.85392052
74.85392052
50.94633442
49.06200967
49.05950463
49.86823881
51.19546614
51.99712059
51.90643894
52.21543536
51.50203452
50.5583115
49.8779188
49.59695651
47.9037311
47.06120343
46.22504569
45.24509851
44.80293479
44.08820432
44.32510636
43.34893243
43.40069368
44.75363775
44.23623114
43.87007563
43.4835148
43.47882567
43.00878203
43.39217489
44.22944324
43.83389779
44.45035841
44.16304401
43.83387222
43.40316573
43.22820185
44.25059587
43.27573443
41.12084278
0
0
0
0
0
0
0
0
0
0
0
0
0
0
0
0
0
0
0
0
0
0
0
0
0
0
0
0
0
0
0
0
0
0
0
0
0
74.85392052
74.85392052
74.85392052
74.85392052
74.85392052
74.85392052
74.85392052
74.85392052
74.85392052
74.85392052
74.85392052
74.85392052
51.40223015
47.00402189
44.51275415
43.23920425
40.92514003
39.41106134
37.448576
37.00201803
0
0
0
0
0
0
0
0
0
0
0
0
0
0
0
0
0
0
0
0
0
0
0
0
0
0
0
0
0
0
0
0
0
0
0
0
0
0
0
0
0
0
0
0
0
0
0
0
0
0
0
0
0
0
0
0
0
0
0
0
0
0
0
0
0
0
0
0
0
0
0
0
0
0
0
0
0
0
0
0
0
0
0
0
0
0
0
0
0
0
0
0
0
0
0
0
0
0
0
0
0
0
0
0
0
0
0
0
0
0
0
0
0
0
0
0
0
0
0
0
0
0
0
0
0
0
0
0
0
0
0
0
0
0
0
0
0
0
0
0
0
0
0
0
0
0
0
0
0
0
0
0
0
0
0
0
0
0
0
0
0
0
0
0
0
0
0
0
0
0
0
0
0
0
0
0
0
0
0
0
0
0
0
0
0
0
0
0
0
0
0
0
0
0
0
0
0
0
0
0
0
0
0
0
0
0
0
0
0
0
0
0
0
0
0
0
0
0
0
0
0
0
0
0
0
0
0
0
0
0
0
0
0
0
0
0
0
0
0
0
0
0
0
0
0
0
0
0
0
0
0
0
0
0
0
0
0
0
0
0
0
0
0
0
0
0
0
0
0
0
0
0
0
0
0
0
0
0
0
0
0
0
0
0
0
0
0
0
0
0
0
0
0
0
0
0
0
0
0
0
0
0
0
0
0
0
0
0
0
0
0
0
0
0
0
0
0
0
0
0
0
0
0
0
0
0
0
0
0
0
0
0
0
0
0
0
0
0
0
0
0
0
0
0
0
0
0
0
0
0
0
0
0
0
0
0
0
0
0
0
0
0
0
0
0
0
0
0
0
0
0
0
0
0
0
0
0
0
0
0
0
0
0
0
0
0
0
0
0
0
0
0
0
0
0
0
0
0
0
0
0
0
0
0
0
0
0
0
0
0
0
0
0
0
0
0
0
0
0
0
0
0
0
0
0
0
0
0
0
0
0
0
0
0
0
0
0
0
0
0
0
0
0
0
0
0
0
0
0
0
0
0
0
0
0
0
0
0
0
0
0
0
0
0
0
0
0
0
0
0
0
0
0
0
0
0
0
0
0
0
0
0
0
0
0
0
0
0
0
0
0
0
0
0
0
0
0
0
0
0
0
0
0
0
0
0
0
0
0
0
0
0
0
0
0
0
0
0
0
0
0
0
0
0
0
0
0
0
0
0
0
0
0
0
0
0
0
0
0
0
0
0
0
0
0
74.85392052
74.85392052
74.85392052
74.85392052
74.85392052
74.85392052
74.85392052
74.85392052
74.85392052
74.85392052
74.85392052
74.85392052
74.85392052
74.85392052
74.85392052
74.85392052
74.85392052
74.85392052
74.85392052
74.85392052
74.85392052
74.85392052
74.85392052
74.85392052
74.85392052
74.85392052
74.85392052
54.37510552
53.35999247
53.31235085
54.93359669
54.29026842
52.07343009
49.56839976
48.19996257
46.08931344
43.9536662
40.94968229
39.23215109
37.69365389
0
0
0
0
0
0
0
0
0
0
0
0
0
0
0
0
0
0
0
0
0
0
0
0
0
0
0
0
0
0
0
0
0
0
0
0
0
0
0
0
0
0
0
0
0
0
0
0
0
0
0
0
0
0
0
0
0
0
0
0
0
0
0
0
0
0
0
0
0
0
0
0
0
0
0
0
0
0
0
0
0
0
0
0
0
0
0
0
0
0
0
0
0
0
0
0
0
0
0
0
0
0
0
0
0
0
0
0
0
0
0
0
0
0
0
0
0
0
0
0
0
0
0
0
0
0
0
0
0
0
0
0
0
0
0
0
0
0
0
0
0
0
0
0
0
0
0
0
0
0
0
0
74.85392052
74.85392052
74.85392052
74.85392052
74.85392052
74.85392052
74.85392052
74.85392052
74.85392052
74.85392052
74.85392052
74.85392052
74.85392052
74.85392052
74.85392052
74.85392052
74.85392052
74.85392052
74.85392052
74.85392052
74.85392052
74.85392052
74.85392052
74.85392052
74.85392052
74.85392052
74.85392052
74.85392052
74.85392052
74.85392052
74.85392052
74.85392052
74.85392052
74.85392052
74.85392052
74.85392052
74.85392052
74.85392052
74.85392052
74.85392052
74.85392052
74.85392052
74.85392052
74.85392052
74.85392052
74.85392052
74.85392052
74.85392052
74.85392052
74.85392052
74.85392052
74.85392052
74.85392052
74.85392052
74.85392052
74.85392052
74.85392052
74.85392052
74.85392052
74.85392052
74.85392052
74.85392052
74.85392052
74.85392052
74.85392052
74.85392052
74.85392052
74.85392052
74.85392052
74.85392052
74.85392052
74.85392052
74.85392052
74.85392052
74.85392052
74.85392052
74.85392052
74.85392052
74.85392052
74.85392052
74.85392052
74.85392052
74.85392052
74.85392052
74.85392052
74.85392052
74.85392052
74.85392052
74.85392052
74.85392052
74.85392052
74.85392052
74.85392052
74.85392052
74.85392052
74.85392052
74.85392052
74.85392052
74.85392052
74.85392052
74.85392052
74.85392052
74.85392052
74.85392052
74.85392052
74.85392052
74.85392052
74.85392052
74.85392052
74.85392052
74.85392052
74.85392052
74.85392052
74.85392052
74.85392052
74.85392052
74.85392052
74.85392052
74.85392052
74.85392052
74.85392052
74.85392052
74.85392052
74.85392052
74.85392052
74.85392052
74.85392052
74.85392052
74.85392052
74.85392052
74.85392052
74.85392052
74.85392052
74.85392052
74.85392052
74.85392052
74.85392052
74.85392052
74.85392052
74.85392052
74.85392052
74.85392052
74.85392052
74.85392052
74.85392052
74.85392052
74.85392052
74.85392052
74.85392052
74.85392052
74.85392052
74.85392052
74.85392052
74.85392052
74.85392052
74.85392052
74.85392052
74.85392052
74.85392052
74.85392052
74.85392052
74.85392052
74.85392052
74.85392052
74.85392052
51.93588423
49.0922189
49.26344838
51.33441386
54.31327696
56.97202613
59.53736899
61.17234016
62.98867812
64.60592252
65.46098546
66.92359138
68.07793013
69.43488324
70.54441505
71.1684377
72.39777182
73.13719553
73.87091392
74.84491011
74.85392052
74.85392052
74.85392052
74.85392052
74.85392052
74.85392052
74.85392052
74.85392052
74.85392052
74.85392052
74.85392052
74.85392052
74.85392052
74.85392052
74.85392052
74.85392052
74.85392052
74.85392052
74.85392052
74.85392052
74.85392052
74.85392052
74.85392052
74.85392052
74.85392052
74.85392052
74.85392052
74.85392052
74.85392052
74.85392052
74.85392052
74.85392052
74.85392052
74.85392052
74.85392052
74.85392052
74.85392052
52.04932343
50.61366681
49.55962722
48.78074871
46.99402624
45.1298622
43.61255022
42.5016865
42.15007709
41.32555196
40.65577573
38.67954794
0
0
0
0
0
0
0
0
0
0
0
0
0
0
0
0
0
0
0
0
0
0
0
0
0
0
0
0
0
0
0
0
0
0
0
0
0
0
0
0
0
0
0
0
0
0
0
0
0
0
0
0
0
0
0
0
0
0
0
0
0
0
0
0
0
0
0
0
0
0
0
0
0
0
0
0
0
0
0
0
0
0
0
0
0
0
0
0
0
0
0
0
0
0
0
0
0
0
0
0
0
0
0
0
0
0
0
0
0
0
0
0
0
0
0
0
0
0
0
0
0
0
0
0
0
0
0
0
0
0
0
0
0
0
0
0
0
0
0
0
0
0
0
0
0
0
0
0
0
0
0
0
0
0
0
0
0
0
0
0
0
0
0
0
0
0
0
0
0
0
0
0
0
0
0
0
0
0
0
0
0
0
0
0
0
0
0
0
0
0
0
0
0
0
0
0
0
0
0
0
0
0
0
0
0
0
0
0
0
0
0
0
0
0
0
0
0
0
0
0
0
0
0
0
0
0
0
0
0
0
0
0
0
0
0
0
0
0
0
0
0
0
0
0
0
0
0
0
0
0
0
0
0
0
0
0
0
0
0
0
0
0
0
0
0
0
0
0
0
0
0
0
0
0
0
0
0
0
0
0
0
0
0
0
0
0
0
0
0
0
0
0
0
0
0
0
0
0
0
0
0
0
0
0
0
0
0
0
0
0
0
0
0
0
0
0
0
0
0
0
0
0
0
0
0
74.85392052
74.85392052
74.85392052
74.85392052
74.85392052
74.85392052
74.85392052
74.85392052
74.85392052
74.85392052
74.85392052
74.85392052
74.85392052
74.85392052
74.85392052
74.85392052
74.85392052
74.85392052
74.85392052
74.85392052
74.85392052
74.85392052
74.85392052
74.85392052
74.85392052
74.85392052
74.85392052
74.85392052
74.85392052
74.85392052
74.85392052
74.85392052
74.85392052
74.85392052
74.85392052
74.85392052
74.85392052
74.85392052
74.85392052
74.85392052
74.85392052
74.85392052
74.85392052
74.85392052
74.85392052
74.85392052
74.85392052
74.85392052
74.85392052
74.85392052
74.85392052
74.85392052
74.85392052
74.85392052
74.85392052
74.85392052
74.85392052
74.85392052
74.85392052
74.85392052
74.85392052
74.85392052
74.85392052
74.85392052
74.85392052
74.85392052
74.85392052
74.85392052
74.85392052
74.85392052
74.85392052
74.85392052
74.85392052
74.85392052
74.85392052
74.85392052
74.85392052
74.85392052
74.85392052
74.85392052
74.85392052
74.85392052
74.85392052
74.85392052
74.85392052
74.85392052
74.85392052
74.85392052
74.85392052
74.85392052
74.85392052
74.85392052
74.85392052
74.85392052
74.85392052
74.85392052
74.85392052
74.85392052
74.85392052
74.85392052
74.85392052
74.85392052
74.85392052
74.85392052
74.85392052
74.85392052
74.85392052
74.85392052
74.85392052
74.85392052
74.85392052
74.85392052
74.85392052
74.85392052
74.85392052
74.85392052
74.85392052
74.85392052
74.85392052
74.85392052
74.85392052
74.85392052
74.85392052
74.85392052
74.85392052
74.85392052
74.85392052
74.85392052
74.85392052
51.85877374
49.73413087
46.73358289
43.15192969
38.88587135
0
0
0
0
0
0
0
0
0
0
0
0
0
0
0
0
0
0
0
0
0
0
0
0
0
0
0
0
0
0
0
0
0
0
0
0
0
0
0
0
0
0
0
0
0
0
0
0
0
0
0
0
0
0
0
0
0
0
0
0
0
0
0
0
0
0
0
0
0
0
0
74.85392052
74.85392052
74.85392052
74.85392052
74.85392052
74.85392052
74.85392052
74.85392052
74.85392052
74.85392052
74.85392052
74.85392052
74.85392052
74.85392052
74.85392052
74.85392052
74.85392052
74.85392052
74.85392052
74.85392052
74.85392052
74.85392052
74.85392052
74.85392052
74.85392052
74.85392052
74.85392052
74.85392052
74.85392052
74.85392052
74.85392052
74.85392052
74.85392052
74.85392052
74.85392052
74.85392052
74.85392052
74.85392052
74.85392052
74.85392052
74.85392052
50.10672727
46.95438161
45.64291891
47.03489731
48.43609439
47.17268366
46.36424592
44.76976288
43.45660412
42.21094817
41.45131013
39.93712403
38.94688285
38.49349049
38.19944062
38.29763027
37.82126002
37.12290242
0
0
0
0
0
0
0
0
0
0
0
0
0
0
0
0
0
0
0
0
0
0
0
0
0
0
0
0
0
0
0
0
0
0
0
0
0
0
0
0
0
0
0
74.85392052
74.85392052
74.85392052
74.85392052
74.85392052
74.85392052
74.85392052
74.85392052
74.85392052
74.85392052
74.85392052
74.85392052
74.85392052
74.85392052
74.85392052
74.85392052
74.85392052
74.85392052
74.85392052
74.85392052
74.85392052
74.85392052
74.85392052
74.85392052
74.85392052
74.85392052
74.85392052
74.85392052
74.85392052
74.85392052
74.85392052
74.85392052
74.85392052
74.85392052
74.85392052
74.85392052
74.85392052
74.85392052
74.85392052
74.85392052
74.85392052
74.85392052
74.85392052
74.85392052
74.85392052
74.85392052
74.85392052
74.85392052
74.85392052
74.85392052
55.62540713
55.49118132
54.9744171
56.22024507
57.65742005
59.2192685
59.80759074
61.22434531
60.04043289
61.24826762
63.08897488
62.87984726
61.1600912
57.1712994
54.25745116
51.74132849
48.85888037
44.25164996
41.10317377
38.98377958
38.51593506
38.76394176
38.81822528
39.67332133
39.91908042
40.00256595
39.65956963
39.25310947
38.91378758
39.35127146
39.34487012
39.54939995
40.2118634
39.85195314
40.31817679
39.87565379
39.91849771
41.74049613
43.85168889
45.42076959
47.40398352
49.83331024
50.26564708
50.75704037
51.25827384
49.95484355
51.47541247
51.01895554
49.83899249
48.34506332
49.06924479
48.28363037
45.29698772
43.70939752
42.45596296
41.93340845
39.68427944
40.32310626
0
0
0
0
0
0
0
0
0
0
0
0
0
0
0
0
0
0
0
0
0
0
0
0
0
0
0
0
0
0
0
0
0
0
0
0
0
0
0
0
0
0
0
0
0
0
0
0
0
0
0
0
0
0
0
0
0
0
0
0
0
0
0
0
0
0
0
0
0
0
0
0
0
0
0
0
0
0
0
0
0
0
0
0
0
0
0
0
0
0
0
0
0
0
0
0
0
0
0
0
0
0
0
0
0
0
0
0
0
0
0
0
0
0
0
0
0
0
0
0
0
0
0
0
0
0
0
0
0
0
0
0
0
0
0
0
0
0
0
0
0
0
0
0
0
0
0
0
0
0
0
0
0
0
0
0
0
0
0
0
0
0
0
0
0
0
0
0
0
0
0
0
0
74.85392052
74.85392052
74.85392052
74.85392052
74.85392052
74.85392052
74.85392052
74.85392052
74.85392052
74.85392052
74.85392052
74.85392052
74.85392052
74.85392052
74.85392052
74.85392052
74.85392052
74.85392052
74.85392052
74.85392052
74.85392052
74.85392052
74.85392052
51.78036111
48.5399158
44.42814591
40.69916944
37.80129205
0
0
0
0
0
0
0
0
0
0
0
0
0
0
0
0
0
0
0
0
0
0
0
0
0
0
0
0
0
0
0
0
0
0
0
0
0
0
0
0
0
0
0
0
0
0
0
0
0
0
0
0
0
0
0
0
0
0
0
0
0
0
0
0
0
0
0
0
0
0
0
0
0
0
0
0
0
0
0
0
0
0
0
0
0
0
0
0
0
0
0
0
0
0
0
0
0
0
0
0
0
0
0
0
0
0
0
0
0
0
0
0
0
0
0
0
0
0
0
0
0
0
0
0
0
0
0
0
0
0
0
0
0
0
0
0
0
0
0
0
0
0
0
0
0
0
0
0
0
0
0
0
0
0
0
0
0
0
0
0
0
0
74.85392052
74.85392052
74.85392052
74.85392052
74.85392052
74.85392052
74.85392052
74.85392052
74.85392052
74.85392052
74.85392052
74.85392052
74.85392052
74.85392052
74.85392052
74.85392052
74.85392052
74.85392052
74.85392052
74.85392052
74.85392052
74.85392052
74.85392052
74.85392052
74.85392052
74.85392052
74.85392052
74.85392052
74.85392052
74.85392052
74.85392052
74.85392052
74.85392052
53.09986544
50.65349656
49.4331479
49.30981937
49.1604037
47.07042574
46.60423397
46.75772916
48.13487584
50.14525505
51.52407393
51.24475618
51.03657416
51.24942432
51.27204085
50.43114597
51.86374179
53.0272737
53.72726348
53.88808225
54.64442511
54.85258451
54.77271621
54.84765232
55.05259685
55.67962203
56.44414214
56.75564757
56.64704485
56.87513831
57.48719496
58.09426625
58.91118821
59.28215267
59.65511267
60.36316145
61.01168921
60.83039465
60.96303443
60.72999168
61.76045448
62.10190704
64.34523269
60.66313662
55.70766638
53.72527252
54.39991587
54.30942597
55.16658947
56.25363558
57.41517126
58.05415689
58.89958183
59.77990479
60.84809769
61.69779125
63.19823656
64.09091819
65.97487032
66.73593577
68.37401153
69.69623993
71.7692205
73.30060034
74.45588499
74.85392052
74.85392052
74.85392052
74.85392052
74.85392052
74.85392052
74.85392052
74.85392052
74.85392052
74.85392052
74.85392052
74.85392052
74.85392052
74.85392052
74.85392052
74.85392052
74.85392052
74.85392052
74.85392052
74.85392052
74.85392052
74.85392052
74.85392052
74.85392052
74.85392052
74.85392052
74.85392052
74.85392052
74.85392052
74.85392052
74.85392052
74.85392052
74.85392052
54.01470641
53.27498207
52.83686006
51.29646323
51.7670564
53.93502634
55.17811148
57.17708572
57.0744863
58.13898806
58.60472785
57.69300073
57.38371891
56.94797894
56.51936621
55.34321134
53.00768389
50.07291905
48.65190871
47.25201916
45.15054981
44.20237949
44.14784098
43.2412118
41.94699587
40.52651663
39.65809129
38.64479277
37.90778756
37.51778362
37.43591289
0
0
0
0
0
0
0
0
0
0
0
0
0
0
0
0
0
0
0
0
0
0
0
0
0
0
0
0
0
0
0
0
0
0
0
0
0
0
0
0
0
0
0
0
0
0
0
0
0
0
0
0
0
0
0
0
0
0
0
0
0
0
0
0
0
0
0
0
0
0
0
0
0
0
0
0
0
0
0
0
0
0
0
0
0
0
0
0
0
0
0
0
0
0
0
0
0
0
0
0
0
0
0
0
0
0
0
0
0
0
0
0
0
0
0
0
0
0
0
0
0
0
0
0
0
0
0
0
0
0
0
0
0
0
0
0
0
0
0
0
0
0
0
0
0
0
0
0
0
0
0
0
0
0
0
0
0
0
0
0
0
0
0
0
0
0
0
0
0
0
0
0
0
0
0
0
0
0
0
0
0
0
0
0
0
0
0
0
0
0
0
0
0
0
0
0
0
0
0
0
0
0
0
0
0
0
0
0
0
0
0
0
0
0
0
0
0
0
0
0
0
0
0
0
0
0
0
0
0
0
0
0
0
0
0
0
0
0
0
0
0
0
0
0
0
0
0
0
0
0
0
0
0
0
0
0
0
0
0
0
0
0
0
0
0
0
0
0
0
0
0
0
0
0
0
0
0
0
0
0
0
0
0
0
0
0
0
0
0
0
0
0
0
0
0
0
0
0
0
0
0
0
0
0
0
0
0
0
0
0
0
0
0
0
0
0
0
0
0
0
0
0
0
0
0
0
0
0
0
0
0
0
0
0
0
0
0
0
0
0
0
0
0
0
0
0
0
0
0
0
0
0
0
0
0
0
0
0
0
0
0
0
0
0
0
0
0
0
0
0
0
0
0
0
0
0
0
0
0
0
0
0
0
0
0
0
0
0
0
0
0
0
0
0
0
0
0
0
0
0
0
0
0
0
0
0
0
0
0
0
0
0
0
0
0
0
0
0
0
0
0
0
0
0
0
0
0
0
0
0
0
0
0
0
0
0
0
0
0
0
0
0
0
0
0
0
0
0
0
0
0
0
0
0
0
0
0
0
0
0
0
0
0
0
0
0
0
0
0
0
0
0
0
0
0
0
0
0
0
0
0
0
0
0
0
0
0
0
0
0
0
0
0
0
0
0
0
0
0
0
0
0
0
0
0
0
0
0
0
0
0
0
0
0
0
0
0
0
0
0
0
0
0
0
0
0
0
0
0
0
0
0
0
0
0
0
0
0
0
0
0
0
0
0
0
0
0
0
0
0
0
0
0
0
0
0
0
0
0
0
0
0
0
0
0
0
0
0
0
0
0
0
0
0
0
0
0
0
0
0
0
0
0
0
0
0
0
0
0
0
0
0
0
0
0
0
0
0
0
0
0
0
0
0
0
74.85392052
74.85392052
74.85392052
74.85392052
74.85392052
74.85392052
74.85392052
74.85392052
74.85392052
74.85392052
74.85392052
74.85392052
74.85392052
74.85392052
74.85392052
74.85392052
74.85392052
74.85392052
74.85392052
74.85392052
74.85392052
74.85392052
74.85392052
74.85392052
74.85392052
74.85392052
74.85392052
74.85392052
74.85392052
74.85392052
74.85392052
74.85392052
74.85392052
74.85392052
74.85392052
51.24133659
49.45524038
48.87736945
48.5017033
48.90265757
49.48594418
51.99755054
53.52720383
52.86400683
49.36789229
46.54957951
45.59070036
44.77164337
43.49501166
43.20396864
45.56627926
48.74339433
51.04259065
51.80305358
53.46377026
54.41265431
55.07220156
57.55427739
60.38283365
63.86276705
67.8761075
70.34267553
69.18579796
70.0706511
70.22093733
72.7455298
74.17910339
74.85392052
74.85392052
74.85392052
74.64410481
73.94200644
74.02565508
73.21973623
71.75672612
70.84424324
67.36903573
64.80401422
62.16061162
60.08148393
60.74880427
61.11879049
60.8428971
61.11088536
60.56412651
60.33380545
60.89217865
63.47958964
64.26123803
64.93747358
67.58485261
68.55745879
67.60528585
67.2990619
65.026781
65.82156354
65.9853126
66.3407366
66.26694815
68.42578807
68.99536671
71.04963875
71.1791266
70.92957679
70.67216208
69.17250529
69.18364798
69.57349961
69.28730779
70.2889588
70.36540855
66.71682699
65.93300334
64.91802001
62.05976608
60.87052214
59.15748768
57.94313477
57.33828915
55.85587207
55.78193725
56.282235
55.39995001
55.27258205
54.11241508
54.56906019
52.54234529
49.38826736
50.98901085
51.98185956
49.89661973
49.96264218
48.04941545
44.2514148
42.01643757
40.52312081
37.43634127
0
0
0
0
0
0
0
0
0
0
0
0
0
0
0
0
0
0
0
0
0
0
0
0
0
0
0
0
0
0
0
0
0
0
0
0
0
0
0
0
0
0
0
0
0
0
0
0
0
0
0
0
0
0
0
0
0
0
0
0
0
0
0
0
0
0
0
0
0
0
0
0
0
0
0
0
0
0
0
0
0
0
0
0
0
0
0
0
0
0
0
0
0
0
0
0
0
0
0
0
0
0
0
0
0
0
0
0
0
0
0
0
0
0
0
0
0
0
0
0
0
0
0
0
0
0
0
0
0
0
0
0
0
0
0
0
0
0
0
0
0
0
0
0
0
0
0
0
0
0
0
0
0
0
0
0
0
0
0
0
0
0
0
0
0
0
0
0
0
0
0
0
0
0
0
0
0
0
0
0
0
0
0
0
0
0
0
0
0
0
0
0
0
0
0
0
0
0
0
0
0
0
0
0
0
74.85392052
74.85392052
74.85392052
74.85392052
74.85392052
74.85392052
74.85392052
74.85392052
74.85392052
74.85392052
74.85392052
74.85392052
74.85392052
74.85392052
74.85392052
74.85392052
74.85392052
74.85392052
74.85392052
74.85392052
74.85392052
74.85392052
74.85392052
74.85392052
74.85392052
74.85392052
47.94471428
45.26830699
42.90157706
40.28841881
37.168898
0
0
0
0
0
0
0
0
0
0
0
0
0
0
0
0
0
0
0
0
0
0
0
0
0
0
0
0
0
0
0
0
0
0
0
0
0
0
0
0
0
0
0
0
0
0
0
0
0
0
0
0
0
0
0
0
0
0
0
0
0
0
0
0
0
0
0
0
0
0
0
0
0
0
0
0
0
0
0
0
0
0
0
0
0
0
0
0
0
0
0
0
0
0
0
0
0
0
0
0
0
0
0
0
0
0
0
0
0
0
0
0
0
0
0
0
0
0
0
0
0
0
0
0
0
0
0
0
0
0
0
0
0
0
0
0
0
0
0
0
0
0
0
0
0
0
0
0
0
0
0
0
0
0
0
0
0
0
0
0
0
0
0
0
0
0
0
0
0
0
0
0
0
0
0
0
0
0
0
0
0
0
0
0
0
0
0
0
0
0
0
0
0
0
0
0
0
0
0
0
0
0
0
0
0
0
0
0
0
0
0
0
0
0
0
0
0
0
0
0
0
0
0
0
0
0
0
0
0
0
0
0
0
0
0
0
0
0
0
0
0
0
0
0
0
0
0
0
0
0
0
0
0
0
0
0
0
0
0
0
0
0
0
0
0
0
0
0
0
0
0
0
0
0
0
0
0
0
0
0
0
0
0
0
0
0
0
0
0
0
0
0
0
0
0
0
0
0
0
0
0
0
0
0
0
0
0
0
0
0
0
0
0
0
0
0
0
0
0
0
0
0
0
0
0
0
0
0
0
0
0
0
0
0
0
0
0
0
0
0
0
0
0
0
0
0
0
0
0
0
0
0
0
0
0
0
0
0
0
0
0
0
0
0
0
0
0
0
0
0
0
0
0
0
0
0
0
0
0
0
0
0
0
0
0
0
0
0
0
0
0
0
0
0
0
0
0
0
0
0
0
0
0
0
0
0
0
0
74.85392052
74.85392052
74.85392052
74.85392052
74.85392052
74.85392052
74.85392052
74.85392052
74.85392052
74.85392052
74.85392052
74.85392052
74.85392052
74.85392052
74.85392052
74.85392052
74.85392052
74.85392052
74.85392052
74.85392052
74.85392052
74.85392052
74.85392052
53.42042302
53.2493863
52.63196319
51.46021873
52.01205495
52.16520983
51.97160076
51.90370551
52.84153357
54.9356884
58.00029233
63.60989744
64.70764876
65.73086171
68.26179338
70.67450465
71.40338618
72.10335538
72.41450524
73.08852618
73.95708299
74.85392052
71.11341082
68.95997759
70.96971285
70.65120471
71.61855717
72.6932446
72.86565425
71.91765584
70.63756216
68.21263563
67.40567684
64.93516792
62.30905103
58.86424437
54.21067807
49.24435312
44.71850163
40.36109807
38.19431885
36.98138665
0
0
0
0
0
0
0
0
0
0
0
0
0
0
0
0
0
0
0
0
0
0
0
0
0
0
0
0
0
0
0
0
0
0
0
0
0
0
0
0
0
0
0
0
0
0
0
0
0
0
0
0
0
0
0
0
0
0
0
0
0
0
0
0
0
0
0
0
0
0
0
0
0
0
0
0
0
0
0
0
0
0
0
0
0
0
0
0
0
0
0
0
0
0
0
0
0
0
0
0
0
0
0
0
0
0
0
0
0
0
0
0
0
0
0
0
0
0
0
0
0
0
0
0
0
0
0
0
0
0
0
0
0
0
0
0
0
0
0
0
0
0
0
0
0
0
0
0
0
0
0
0
0
0
0
0
0
0
0
0
0
0
0
0
0
0
0
0
0
0
0
0
0
0
0
0
0
0
0
0
0
0
0
0
0
0
0
0
0
0
0
0
0
0
0
0
0
0
0
0
0
0
0
0
0
0
0
0
0
0
0
0
0
0
0
0
0
0
0
0
0
0
0
0
0
0
0
0
0
0
0
0
0
0
0
0
0
0
0
0
0
0
0
0
0
0
0
0
0
0
0
0
0
0
0
0
0
0
0
0
0
0
0
0
0
0
0
0
0
0
0
0
0
0
0
0
0
0
0
0
0
0
0
0
0
0
0
0
0
0
0
0
0
0
0
0
0
0
0
0
0
0
0
0
0
0
0
0
0
0
0
0
0
0
0
0
0
0
0
0
0
0
0
0
0
0
0
0
0
0
0
0
0
0
0
0
0
0
0
0
0
0
0
0
0
0
0
0
0
0
0
0
0
0
0
74.85392052
74.85392052
74.85392052
74.85392052
74.85392052
74.85392052
74.85392052
74.85392052
74.85392052
74.85392052
74.85392052
74.85392052
74.85392052
74.85392052
74.85392052
74.85392052
74.85392052
74.85392052
74.85392052
74.85392052
74.85392052
74.85392052
74.85392052
74.85392052
74.85392052
74.85392052
74.85392052
74.85392052
74.85392052
74.85392052
74.85392052
74.85392052
74.85392052
74.85392052
74.85392052
74.85392052
74.85392052
74.85392052
74.85392052
74.85392052
74.85392052
74.85392052
74.85392052
74.85392052
74.85392052
74.85392052
74.85392052
74.85392052
74.85392052
74.85392052
74.85392052
74.85392052
74.85392052
74.85392052
74.85392052
74.85392052
74.85392052
74.85392052
74.85392052
74.85392052
74.85392052
74.85392052
74.85392052
74.85392052
74.85392052
74.85392052
74.85392052
74.85392052
74.85392052
74.85392052
74.85392052
74.85392052
74.85392052
74.85392052
74.85392052
74.85392052
74.85392052
74.85392052
74.85392052
74.85392052
74.85392052
74.85392052
74.85392052
74.85392052
74.85392052
74.85392052
74.85392052
74.85392052
74.85392052
74.85392052
74.85392052
74.85392052
74.85392052
74.85392052
74.85392052
74.85392052
74.85392052
74.85392052
74.85392052
74.85392052
74.85392052
74.85392052
74.85392052
74.85392052
74.85392052
74.85392052
74.85392052
74.85392052
74.85392052
74.85392052
74.85392052
74.85392052
74.85392052
74.85392052
74.85392052
74.85392052
74.85392052
74.85392052
74.85392052
74.85392052
74.85392052
74.85392052
74.85392052
74.85392052
74.85392052
74.85392052
74.85392052
74.85392052
74.85392052
74.85392052
74.85392052
74.85392052
74.85392052
74.85392052
74.85392052
74.85392052
74.85392052
74.85392052
74.85392052
74.85392052
74.85392052
74.85392052
74.85392052
74.85392052
74.85392052
74.85392052
74.85392052
74.85392052
74.85392052
74.85392052
74.85392052
74.85392052
74.85392052
74.85392052
74.85392052
74.85392052
74.85392052
74.85392052
74.85392052
74.85392052
74.85392052
74.85392052
74.85392052
74.85392052
74.85392052
74.85392052
74.85392052
74.85392052
74.85392052
52.36730803
50.29107954
48.62766275
47.5632788
46.94054973
46.36302542
45.24974407
45.17370656
44.50359359
43.82282412
42.46694708
42.01827179
0
0
0
0
0
0
0
0
0
0
0
0
0
0
0
0
0
0
74.85392052
74.85392052
74.85392052
74.85392052
74.85392052
74.85392052
74.85392052
74.85392052
74.85392052
74.85392052
74.85392052
74.85392052
74.85392052
74.85392052
74.85392052
74.85392052
74.85392052
74.85392052
74.85392052
74.85392052
74.85392052
0
0
0
0
0
0
0
0
0
0
0
0
0
0
0
0
0
0
0
0
0
0
0
0
0
0
0
0
0
0
0
0
0
0
0
0
0
0
0
0
0
0
0
0
0
0
0
0
0
0
0
0
0
0
0
0
0
0
0
0
0
0
0
0
0
0
0
0
0
0
0
0
0
0
0
0
0
0
0
0
0
0
0
0
0
0
0
0
0
0
0
0
0
0
0
0
0
0
0
0
0
0
0
0
0
0
0
0
0
0
0
0
0
0
0
0
74.85392052
74.85392052
74.85392052
74.85392052
74.85392052
74.85392052
74.85392052
74.85392052
74.85392052
74.85392052
74.85392052
74.85392052
74.85392052
74.85392052
74.85392052
74.85392052
74.85392052
74.85392052
74.85392052
74.85392052
74.85392052
74.85392052
74.85392052
74.85392052
74.85392052
74.85392052
74.85392052
74.85392052
74.85392052
74.85392052
74.85392052
74.85392052
74.85392052
74.85392052
74.85392052
74.85392052
74.85392052
74.85392052
74.85392052
74.85392052
74.85392052
74.85392052
74.85392052
74.85392052
74.85392052
74.85392052
74.85392052
74.85392052
74.85392052
74.85392052
74.85392052
74.85392052
74.85392052
74.85392052
74.85392052
74.85392052
74.85392052
74.85392052
74.85392052
74.85392052
74.85392052
74.85392052
74.85392052
74.85392052
74.85392052
74.85392052
74.85392052
74.85392052
74.85392052
74.85392052
74.85392052
74.85392052
74.85392052
74.85392052
74.85392052
74.85392052
74.85392052
74.85392052
74.85392052
74.85392052
74.85392052
74.85392052
74.85392052
74.85392052
74.85392052
74.85392052
74.85392052
74.85392052
74.85392052
74.85392052
74.85392052
74.85392052
74.85392052
74.85392052
74.85392052
74.85392052
74.85392052
74.85392052
74.85392052
74.85392052
74.85392052
74.85392052
74.85392052
74.85392052
74.85392052
74.85392052
74.85392052
74.85392052
74.85392052
74.85392052
74.85392052
74.85392052
74.85392052
74.85392052
74.85392052
74.85392052
74.85392052
74.85392052
74.85392052
74.85392052
74.85392052
74.85392052
74.85392052
74.85392052
74.85392052
74.85392052
74.85392052
74.85392052
74.85392052
74.85392052
74.85392052
74.85392052
74.85392052
74.85392052
74.85392052
74.85392052
74.85392052
74.85392052
74.85392052
74.85392052
74.85392052
74.85392052
74.85392052
74.85392052
74.85392052
74.85392052
74.85392052
74.85392052
74.85392052
74.85392052
74.85392052
74.85392052
51.39513975
48.58520171
46.23679566
44.66651157
43.44822689
42.83622071
42.71273884
42.61116834
42.91807633
42.81015383
42.71546968
42.16769536
42.22355508
41.23555977
39.72629365
38.54616187
36.56359618
0
0
0
0
0
0
0
0
0
0
0
0
0
0
0
0
0
0
0
0
0
0
0
0
0
0
74.85392052
74.85392052
74.85392052
74.85392052
74.85392052
74.85392052
74.85392052
74.85392052
74.85392052
74.85392052
74.85392052
74.85392052
74.85392052
74.85392052
74.85392052
74.85392052
74.85392052
74.85392052
74.85392052
74.85392052
74.85392052
74.85392052
74.85392052
74.85392052
74.85392052
74.85392052
74.85392052
74.85392052
74.85392052
74.85392052
74.85392052
74.85392052
74.85392052
74.85392052
54.63036111
53.94330891
51.94815811
50.6771082
50.09782343
47.87906463
46.72064737
48.35941757
51.35539805
54.80752468
58.73262223
61.19048951
64.28302824
64.36774087
65.51910941
65.12285857
64.50531398
64.90746766
63.1398039
62.83731973
59.97917057
61.03481196
60.8213244
60.81293845
60.88141062
62.20357588
64.32560531
65.51961627
66.6291172
66.99969056
67.77436084
68.45597601
67.37626958
65.48075339
64.4625751
61.95928514
60.23684192
58.56659202
55.99202332
52.3905973
49.57173532
48.07107213
49.54177357
51.39587657
53.13601887
55.49948456
55.98972847
56.98683599
58.50161804
59.05678544
61.17072663
63.45885676
61.75003274
61.06973555
63.77185375
64.63673903
64.92849212
66.7147139
67.91519745
70.97344559
74.85392052
74.85392052
74.85392052
74.85392052
74.85392052
74.85392052
74.85392052
74.85392052
74.85392052
74.85392052
74.85392052
74.85392052
74.85392052
74.85392052
74.85392052
74.85392052
74.85392052
74.85392052
74.85392052
74.85392052
74.85392052
74.85392052
74.85392052
74.85392052
74.85392052
74.85392052
74.85392052
74.85392052
74.85392052
74.85392052
74.85392052
74.85392052
74.85392052
74.85392052
74.85392052
74.85392052
74.85392052
74.85392052
74.85392052
74.85392052
74.85392052
74.85392052
74.85392052
74.85392052
74.85392052
74.85392052
74.85392052
74.85392052
74.85392052
74.85392052
74.85392052
74.85392052
74.85392052
74.85392052
74.85392052
74.85392052
74.85392052
74.85392052
74.85392052
74.85392052
74.85392052
74.85392052
74.85392052
74.85392052
74.85392052
74.85392052
74.85392052
74.85392052
74.85392052
74.85392052
74.85392052
74.85392052
74.85392052
74.85392052
74.85392052
74.85392052
74.85392052
74.85392052
74.85392052
74.85392052
74.85392052
74.85392052
74.85392052
74.85392052
74.85392052
74.85392052
74.85392052
74.85392052
74.85392052
74.85392052
74.85392052
74.85392052
74.85392052
74.85392052
74.85392052
74.85392052
74.85392052
74.85392052
74.85392052
74.85392052
74.85392052
74.85392052
74.85392052
74.85392052
74.85392052
74.85392052
74.85392052
74.85392052
74.85392052
74.85392052
74.85392052
74.85392052
74.85392052
74.85392052
74.85392052
74.85392052
74.85392052
74.85392052
74.85392052
74.85392052
74.85392052
74.85392052
74.85392052
74.85392052
74.85392052
74.85392052
74.85392052
74.85392052
74.85392052
74.85392052
74.85392052
74.85392052
74.85392052
74.85392052
74.85392052
74.85392052
74.85392052
74.85392052
74.85392052
74.85392052
74.85392052
74.85392052
74.85392052
74.85392052
74.85392052
74.85392052
74.85392052
74.85392052
74.85392052
74.85392052
74.85392052
74.85392052
74.85392052
74.85392052
74.85392052
74.85392052
74.85392052
74.85392052
74.85392052
74.85392052
74.85392052
74.85392052
74.85392052
74.85392052
74.85392052
74.85392052
74.85392052
74.85392052
74.85392052
74.85392052
74.85392052
74.85392052
74.85392052
74.85392052
52.86460554
51.82250664
51.30512024
50.97714836
49.56920674
48.28085626
47.55575369
43.22742441
42.4944434
42.57400296
43.11608826
43.84320685
42.21613701
39.2921554
38.92594985
41.15278493
45.36037213
48.04188261
49.52589307
50.13314748
53.20950234
56.39179608
57.16199027
59.4908619
61.85427928
63.30480076
63.3972122
64.12064271
66.64945712
68.53375137
65.23048472
63.27181395
62.05760488
61.55144856
60.96175389
57.05753984
57.59381321
57.96941535
58.12387795
56.7606573
53.90078666
53.60759335
52.90249891
51.6225434
50.58291605
48.70493717
49.2508426
49.93695146
49.56289224
49.68137707
50.01441162
49.20869495
48.56431975
47.72263286
46.3564497
45.4032059
45.3505246
43.87430841
42.13635878
40.91239463
39.85238218
39.91972297
39.86122958
39.0588012
38.9164198
37.94977277
36.85045812
0
0
0
0
0
0
0
0
0
0
0
0
0
0
0
0
0
0
0
0
0
0
0
0
0
0
0
0
0
0
0
0
0
0
0
0
0
0
0
0
0
0
0
0
0
0
0
0
0
0
0
0
0
0
0
0
0
0
0
0
0
0
0
0
0
0
0
0
0
0
0
0
0
0
0
0
0
0
0
0
0
0
0
0
0
0
0
0
0
0
0
0
0
0
0
0
0
0
0
0
0
0
0
0
0
0
0
0
0
0
0
0
0
0
0
0
0
0
0
0
0
0
0
0
0
0
0
0
0
0
0
0
0
0
0
0
0
0
0
0
0
0
0
0
0
0
0
0
0
0
0
0
0
0
0
0
0
0
0
0
0
0
0
0
0
0
0
0
0
0
0
0
0
0
0
0
0
0
0
0
0
0
0
0
0
0
0
0
0
0
0
0
0
0
0
0
0
0
0
0
0
0
0
0
0
0
0
0
0
0
0
0
0
0
0
0
0
0
0
0
0
0
0
0
0
0
0
0
0
0
0
0
0
0
0
0
0
0
0
0
0
0
0
0
0
0
0
0
0
0
0
0
0
0
0
0
0
0
0
0
0
0
0
0
0
0
0
0
0
0
0
0
0
0
0
0
0
0
0
0
0
0
0
0
0
0
0
0
0
0
0
0
0
0
0
0
0
0
0
0
0
0
0
0
0
0
0
0
0
0
0
0
0
0
0
0
0
0
0
0
0
0
0
0
0
0
0
0
0
0
0
0
0
0
0
0
0
0
0
0
0
0
0
0
0
0
0
0
0
0
0
0
0
0
0
0
0
0
0
0
0
0
0
0
0
0
0
0
0
0
0
0
0
0
0
0
0
0
0
0
0
0
0
0
0
0
0
0
0
0
0
0
0
0
0
0
0
0
0
0
0
0
0
0
0
0
0
0
0
0
0
0
0
0
0
0
0
0
0
0
0
0
0
0
0
0
0
0
0
0
0
0
0
0
0
0
0
0
0
0
0
0
0
0
0
0
0
0
0
0
0
0
0
0
0
0
0
0
0
0
0
0
0
0
0
0
0
0
0
0
0
0
0
0
0
0
0
0
0
0
0
0
0
0
0
0
0
0
0
0
0
0
0
0
0
0
0
0
74.85392052
74.85392052
74.85392052
74.85392052
74.85392052
74.85392052
74.85392052
74.85392052
74.85392052
74.85392052
74.85392052
74.85392052
74.85392052
74.85392052
74.85392052
74.85392052
74.85392052
74.85392052
74.85392052
74.85392052
74.85392052
74.85392052
74.85392052
74.85392052
74.85392052
74.85392052
74.85392052
74.85392052
74.85392052
74.85392052
74.85392052
74.85392052
74.85392052
74.85392052
74.85392052
74.85392052
74.85392052
74.85392052
74.85392052
74.85392052
74.85392052
74.85392052
74.85392052
74.85392052
74.85392052
74.85392052
74.85392052
74.85392052
74.85392052
74.85392052
74.85392052
74.85392052
74.85392052
74.85392052
74.85392052
74.85392052
74.85392052
74.85392052
74.85392052
74.85392052
74.85392052
74.85392052
74.85392052
74.85392052
74.85392052
74.85392052
74.85392052
74.85392052
74.85392052
74.85392052
74.85392052
74.85392052
74.85392052
74.85392052
74.85392052
74.85392052
74.85392052
74.85392052
74.85392052
74.85392052
74.85392052
74.85392052
74.85392052
74.85392052
74.85392052
74.85392052
74.85392052
74.85392052
74.85392052
74.85392052
74.85392052
74.85392052
74.85392052
74.85392052
74.85392052
74.85392052
74.85392052
74.85392052
74.85392052
74.85392052
74.85392052
74.85392052
74.85392052
74.85392052
74.85392052
74.85392052
74.85392052
74.85392052
74.85392052
74.85392052
74.85392052
74.85392052
74.85392052
74.85392052
74.85392052
74.85392052
74.85392052
74.85392052
74.85392052
74.85392052
74.85392052
74.85392052
74.85392052
74.85392052
74.85392052
74.85392052
74.85392052
74.85392052
74.85392052
74.85392052
74.85392052
74.85392052
74.85392052
74.85392052
74.85392052
74.85392052
74.85392052
74.85392052
74.85392052
74.85392052
74.85392052
74.85392052
74.85392052
74.85392052
74.85392052
74.85392052
74.85392052
74.85392052
74.85392052
74.85392052
74.85392052
51.13171764
48.54830474
46.3093566
44.22040889
41.57713946
39.65228216
37.32041374
0
0
0
0
0
0
0
0
0
0
0
0
0
0
0
0
0
0
0
0
0
0
0
0
0
0
0
0
0
0
0
0
0
0
0
0
0
0
0
0
0
0
0
0
0
0
0
0
0
0
0
0
0
0
0
0
0
0
0
0
0
0
0
0
0
0
0
0
0
0
0
0
0
0
0
0
0
0
0
0
0
0
0
0
0
0
0
0
0
0
0
0
0
0
0
0
0
0
0
0
0
0
0
0
0
0
0
0
0
0
0
0
0
0
0
0
0
0
0
0
0
0
0
0
0
0
0
0
0
0
0
0
0
0
0
0
0
0
0
0
0
0
0
0
0
0
0
0
0
0
0
0
0
0
0
0
0
0
0
0
0
0
0
0
0
0
0
0
0
0
0
0
0
0
0
0
0
0
0
0
0
0
0
0
0
0
0
0
0
0
0
0
0
0
0
0
0
0
0
0
0
0
0
0
0
0
0
0
0
0
0
0
0
0
0
0
0
0
0
0
0
0
0
0
0
0
0
0
0
0
0
0
0
0
0
0
0
0
0
0
0
0
0
0
0
0
0
0
0
0
0
0
0
0
0
0
0
0
0
0
0
0
0
0
0
0
0
0
0
0
0
0
0
0
0
0
0
0
0
0
0
0
0
0
0
0
0
0
0
0
0
0
0
0
0
0
0
0
0
0
0
0
0
0
0
0
0
0
0
0
0
0
0
0
0
0
0
0
0
0
0
0
0
0
0
0
0
0
0
0
0
0
0
0
0
0
0
0
0
0
0
0
0
0
0
0
0
0
0
0
0
0
0
0
0
0
0
0
0
0
0
0
0
0
0
0
0
0
0
0
0
0
0
0
0
0
0
0
0
0
0
0
0
0
0
0
0
0
0
0
0
0
0
0
0
0
0
0
0
0
0
0
0
0
0
0
0
0
0
0
0
0
0
0
0
0
0
0
0
0
0
0
0
0
0
0
0
0
0
0
0
0
0
0
0
0
0
0
0
0
0
0
0
0
0
0
0
0
0
0
0
0
0
0
0
0
0
0
0
0
0
0
0
0
0
0
0
0
0
0
0
0
0
0
0
0
0
0
0
0
0
0
0
0
0
0
0
0
0
0
0
0
0
0
0
0
0
0
0
0
0
0
0
0
0
0
0
0
0
0
0
0
0
0
0
0
0
0
0
0
0
0
0
0
0
0
0
0
0
0
0
0
0
0
0
0
0
0
0
0
0
0
0
0
0
0
0
0
0
0
0
0
0
0
0
0
0
0
0
0
0
0
0
0
0
0
0
0
0
0
0
0
0
0
0
0
0
0
0
0
0
0
0
0
0
0
0
0
0
0
0
0
0
0
0
0
0
0
0
0
0
0
0
0
0
0
0
0
0
0
0
0
0
0
0
0
0
0
0
0
0
0
0
0
0
0
0
0
0
0
0
0
0
0
0
0
0
0
0
0
0
0
0
74.85392052
74.85392052
74.85392052
74.85392052
74.85392052
74.85392052
74.85392052
74.85392052
74.85392052
74.85392052
74.85392052
74.85392052
74.85392052
74.85392052
74.85392052
74.85392052
74.85392052
74.85392052
74.85392052
74.85392052
74.85392052
74.85392052
74.85392052
74.85392052
74.85392052
74.85392052
74.85392052
74.85392052
74.85392052
74.85392052
74.85392052
74.85392052
74.85392052
74.85392052
74.85392052
74.85392052
74.85392052
74.85392052
74.85392052
74.85392052
74.85392052
74.85392052
74.85392052
74.85392052
74.85392052
74.85392052
74.85392052
74.85392052
74.85392052
74.85392052
74.85392052
74.85392052
74.85392052
74.85392052
74.85392052
74.85392052
74.85392052
74.85392052
74.85392052
74.85392052
74.85392052
74.85392052
74.85392052
74.85392052
74.85392052
74.85392052
74.85392052
74.85392052
74.85392052
74.85392052
45.93035783
36.63995316
0
0
0
0
0
0
0
0
0
0
0
0
0
0
0
0
0
0
0
0
0
0
0
0
0
0
0
0
0
0
0
0
0
0
0
0
0
0
0
0
0
0
0
0
0
0
0
0
0
0
0
0
0
0
0
0
0
0
0
0
0
0
0
0
0
0
0
0
0
0
0
0
0
0
0
0
0
0
0
0
0
74.85392052
74.85392052
74.85392052
74.85392052
74.85392052
74.85392052
74.85392052
74.85392052
74.85392052
74.85392052
74.85392052
74.85392052
74.85392052
74.85392052
74.85392052
41.35415036
0
0
0
0
0
0
0
0
0
0
0
0
0
0
0
0
0
0
0
0
0
0
0
0
0
0
0
0
0
0
0
0
0
0
0
0
0
0
0
0
0
0
0
0
0
0
0
0
0
0
0
0
0
0
0
0
0
0
0
0
0
0
0
0
0
0
0
0
0
0
0
0
0
0
0
0
0
0
0
0
0
0
0
0
0
0
0
0
0
0
0
0
0
0
0
0
0
0
0
0
0
0
0
0
0
0
0
0
0
0
0
0
0
0
0
0
0
0
0
0
0
0
0
0
0
0
0
0
0
0
0
0
0
0
0
0
0
0
0
0
0
0
0
0
0
0
0
0
0
0
0
0
0
0
0
0
0
0
0
0
0
0
0
0
0
0
0
0
0
0
0
0
0
0
0
0
0
0
0
0
0
0
0
0
0
0
0
0
0
0
0
0
0
0
0
0
0
0
0
0
0
0
0
0
0
0
0
0
0
0
0
0
0
0
0
0
0
0
0
0
74.85392052
74.85392052
74.85392052
74.85392052
74.85392052
74.85392052
74.85392052
74.85392052
74.85392052
74.85392052
74.85392052
74.85392052
74.85392052
74.85392052
74.85392052
74.85392052
74.85392052
74.85392052
74.85392052
74.85392052
74.85392052
74.85392052
74.85392052
74.85392052
74.85392052
74.85392052
74.85392052
74.85392052
74.85392052
74.85392052
74.85392052
74.85392052
74.85392052
74.85392052
74.85392052
74.85392052
74.85392052
74.85392052
74.85392052
74.85392052
74.85392052
74.85392052
74.85392052
74.85392052
74.85392052
74.85392052
74.85392052
74.85392052
74.85392052
74.85392052
74.85392052
74.85392052
74.85392052
74.85392052
74.85392052
74.85392052
74.85392052
74.85392052
74.85392052
74.85392052
74.85392052
74.85392052
74.85392052
74.85392052
74.85392052
74.85392052
74.85392052
74.85392052
74.85392052
74.85392052
74.85392052
74.85392052
74.85392052
74.85392052
74.85392052
74.85392052
74.85392052
74.85392052
74.85392052
74.85392052
74.85392052
74.85392052
74.85392052
74.85392052
74.85392052
74.85392052
74.85392052
74.85392052
74.85392052
74.85392052
74.85392052
74.85392052
74.85392052
74.85392052
74.85392052
74.85392052
74.85392052
74.85392052
74.85392052
74.85392052
74.85392052
74.85392052
74.85392052
74.85392052
74.85392052
74.85392052
74.85392052
74.85392052
74.85392052
74.85392052
74.85392052
74.85392052
74.85392052
74.85392052
74.85392052
74.85392052
74.85392052
74.85392052
74.85392052
74.85392052
74.85392052
74.85392052
74.85392052
74.85392052
74.85392052
74.85392052
74.85392052
74.85392052
74.85392052
74.85392052
74.85392052
74.85392052
74.85392052
74.85392052
74.85392052
74.85392052
74.85392052
74.85392052
74.85392052
74.85392052
74.85392052
74.85392052
74.85392052
74.85392052
74.85392052
74.85392052
74.85392052
74.85392052
74.85392052
74.85392052
74.85392052
74.85392052
74.85392052
74.85392052
74.85392052
74.85392052
74.85392052
74.85392052
74.85392052
74.85392052
74.85392052
74.85392052
74.85392052
74.85392052
50.8135587
46.86308903
43.37933119
41.38177342
38.14591308
36.46280529
0
0
0
0
0
0
0
0
0
0
0
0
0
0
0
0
0
0
0
0
0
0
0
0
0
0
0
0
0
0
0
0
0
0
0
0
0
0
0
0
0
0
0
0
0
0
0
0
0
0
0
0
0
0
0
0
0
0
0
0
0
0
0
0
0
0
0
0
0
0
0
0
0
0
0
0
0
0
0
0
0
0
0
0
0
0
0
0
0
0
0
0
0
0
0
0
0
0
0
0
0
0
0
0
0
0
0
0
0
0
0
0
0
0
0
0
0
0
0
0
0
0
0
0
0
0
0
0
0
0
0
0
0
0
0
0
0
0
0
0
0
0
0
0
0
0
0
0
0
0
0
0
0
0
0
0
0
0
0
0
0
0
0
0
0
0
0
0
0
0
0
0
0
0
0
0
0
0
0
0
0
0
0
0
0
0
0
0
0
0
0
0
0
0
0
0
0
0
0
0
0
0
0
0
0
0
0
0
0
0
0
0
0
0
0
0
0
0
0
0
0
0
0
0
0
0
0
0
0
0
0
0
0
0
0
0
0
0
0
0
0
0
0
0
0
0
0
0
0
0
0
0
0
0
0
0
0
0
0
0
0
0
0
0
0
0
0
0
0
0
0
0
0
0
0
0
0
0
0
0
0
0
0
0
0
0
0
0
0
0
0
0
0
0
0
0
0
0
0
0
0
0
0
0
0
0
0
0
0
0
0
0
0
0
0
0
0
0
0
0
0
0
0
0
0
0
0
0
0
0
0
0
0
0
0
0
0
0
0
0
0
0
0
0
0
0
0
0
0
0
0
0
0
0
0
0
0
0
0
0
0
0
0
0
0
0
0
0
0
0
0
0
0
0
0
0
0
0
0
0
0
0
0
0
0
0
0
0
0
0
0
0
0
0
0
0
0
0
0
0
0
0
0
0
0
0
0
0
0
0
0
0
0
0
0
0
0
0
0
0
0
0
0
0
0
0
0
0
0
0
0
0
0
0
0
0
0
0
0
0
0
0
0
0
0
0
0
0
0
0
0
0
0
0
0
0
0
0
0
0
0
0
0
0
0
0
0
0
0
0
0
0
0
0
0
0
0
0
0
0
0
0
0
0
0
0
0
0
0
0
0
0
0
0
0
0
0
0
0
0
74.85392052
74.85392052
74.85392052
74.85392052
74.85392052
74.85392052
74.85392052
74.85392052
74.85392052
74.85392052
74.85392052
74.85392052
74.85392052
74.85392052
74.85392052
74.85392052
74.85392052
74.85392052
74.85392052
74.85392052
74.85392052
74.85392052
74.85392052
74.85392052
74.85392052
74.85392052
74.85392052
74.85392052
74.85392052
74.85392052
74.85392052
74.85392052
74.85392052
74.85392052
74.85392052
74.85392052
74.85392052
74.85392052
74.85392052
74.85392052
74.85392052
74.85392052
74.85392052
74.85392052
74.85392052
74.85392052
74.85392052
74.85392052
74.85392052
74.85392052
74.85392052
74.85392052
74.85392052
74.85392052
74.85392052
74.85392052
74.85392052
74.85392052
74.85392052
74.85392052
74.85392052
74.85392052
74.85392052
74.85392052
74.85392052
74.85392052
74.85392052
74.85392052
74.85392052
74.85392052
74.85392052
48.85721764
45.37493637
44.11176032
44.86338104
45.93422469
46.04643225
44.58337444
44.18898844
43.54139559
43.77604715
44.84571862
44.95263387
43.25434151
43.32520283
43.1955226
42.99279761
42.80135876
41.44278572
38.82030998
0
0
0
0
0
0
0
0
0
0
0
0
0
0
0
0
0
0
0
0
0
0
0
0
0
0
0
0
0
0
0
0
0
0
0
0
0
0
0
0
0
0
0
0
0
0
0
0
0
0
0
0
0
0
0
0
0
0
0
0
0
0
0
0
0
0
0
0
0
0
0
0
0
0
0
0
0
0
0
0
0
0
0
0
0
0
0
0
0
0
0
0
0
0
0
0
0
0
0
0
0
0
0
0
0
0
0
0
0
0
0
0
0
0
0
0
0
0
0
0
0
0
0
0
0
0
0
0
0
0
0
0
0
0
0
0
0
0
0
0
0
0
0
0
0
0
0
0
0
0
0
0
0
0
0
0
0
0
0
0
0
0
0
0
0
0
0
0
0
0
0
0
0
0
0
0
0
0
0
0
0
0
0
0
0
0
0
0
0
0
0
0
0
0
0
0
0
0
0
0
0
0
0
0
0
0
0
0
0
0
0
0
0
0
0
0
0
0
0
0
0
0
0
0
0
0
0
0
0
0
0
0
0
0
0
0
0
0
0
0
0
0
0
0
0
0
0
0
0
0
0
0
0
0
0
0
0
0
0
0
0
0
0
0
0
0
0
0
0
0
0
0
0
0
0
0
0
0
0
0
0
0
0
0
0
0
0
0
0
0
0
0
0
0
0
0
0
0
0
0
0
0
0
0
0
0
0
0
0
0
0
0
0
0
0
0
0
0
0
0
0
0
0
0
0
0
0
0
0
0
0
0
0
0
0
0
0
0
0
0
0
0
0
0
0
0
0
74.85392052
74.85392052
74.85392052
74.85392052
74.85392052
74.85392052
74.85392052
74.85392052
74.85392052
74.85392052
74.85392052
74.85392052
74.85392052
74.85392052
74.85392052
74.85392052
74.85392052
74.85392052
74.85392052
53.17149424
54.35315647
55.81331783
58.20940698
62.45414822
64.35361674
67.13212968
69.78696056
72.45093894
74.85392052
74.85392052
74.85392052
74.85392052
74.85392052
74.85392052
74.85392052
74.85392052
74.85392052
74.85392052
74.85392052
74.85392052
74.85392052
74.85392052
74.85392052
74.85392052
74.85392052
74.85392052
74.85392052
74.85392052
74.85392052
74.85392052
74.85392052
74.85392052
74.85392052
74.85392052
74.85392052
74.85392052
74.85392052
74.85392052
74.85392052
74.85392052
74.85392052
74.85392052
74.85392052
74.85392052
74.85392052
74.85392052
74.85392052
74.85392052
74.85392052
74.85392052
74.85392052
74.85392052
74.85392052
74.85392052
74.85392052
74.85392052
74.85392052
74.85392052
74.85392052
74.85392052
74.85392052
74.85392052
74.85392052
74.85392052
74.85392052
74.85392052
74.85392052
74.85392052
74.85392052
74.85392052
74.85392052
74.85392052
74.85392052
74.85392052
74.85392052
74.85392052
74.85392052
74.85392052
74.85392052
74.85392052
74.85392052
74.85392052
74.85392052
74.85392052
74.85392052
74.85392052
74.85392052
74.85392052
74.85392052
74.85392052
74.85392052
74.85392052
74.85392052
74.85392052
74.85392052
74.85392052
74.85392052
53.59673222
53.89405481
54.58237136
53.29674931
52.8305959
53.09355159
53.27219864
53.47288661
54.6123937
55.15876832
53.84687739
53.0179691
51.39807344
51.22061433
50.72585961
51.79882247
52.82753906
54.11023393
53.68414466
54.51214068
54.58709577
54.66302959
54.48320538
54.5041669
56.35495507
59.1967424
62.30670512
65.30089502
68.05933504
70.51509744
71.08550261
70.28939368
70.62131809
71.77994908
72.17277437
72.08700077
72.64914272
74.85392052
74.85392052
74.85392052
74.85392052
74.85392052
74.85392052
74.85392052
74.85392052
74.85392052
74.85392052
74.85392052
74.85392052
74.85392052
74.85392052
74.85392052
74.85392052
74.85392052
74.85392052
74.85392052
74.85392052
74.85392052
74.85392052
74.85392052
74.85392052
74.85392052
74.85392052
74.85392052
74.85392052
74.85392052
74.85392052
74.85392052
74.85392052
74.85392052
74.85392052
74.85392052
74.85392052
74.85392052
74.85392052
74.85392052
74.85392052
74.85392052
74.85392052
74.85392052
74.85392052
74.85392052
74.85392052
74.85392052
74.85392052
74.85392052
74.85392052
74.85392052
74.85392052
74.85392052
44.48876589
0
0
0
0
0
0
0
0
0
0
0
0
0
0
0
0
0
0
0
0
0
0
0
0
0
0
0
0
0
0
0
0
0
0
0
0
0
0
0
0
0
0
0
0
0
0
0
0
0
0
0
0
0
0
0
0
0
0
0
0
0
0
0
0
0
0
0
0
0
0
0
0
0
0
0
0
0
0
0
0
0
0
0
0
0
0
0
0
0
0
0
0
0
0
0
0
0
0
0
0
0
0
0
0
0
0
0
0
0
0
0
0
0
0
0
0
0
0
0
0
0
0
0
0
0
0
0
0
0
0
0
0
0
0
0
0
0
0
0
0
0
0
0
0
0
0
0
0
0
0
0
0
0
0
0
0
0
0
0
0
0
0
0
0
0
0
0
0
0
0
0
0
0
0
0
0
0
0
0
0
0
0
0
0
0
0
0
0
0
0
0
0
0
0
0
0
0
0
0
0
0
0
0
0
0
0
0
0
0
0
0
0
0
0
0
0
0
0
0
0
0
0
0
0
0
0
0
0
0
0
0
0
0
0
0
0
0
0
0
0
0
0
0
0
0
0
0
0
0
0
0
0
0
0
0
0
0
0
0
0
0
0
0
0
0
0
0
0
0
0
0
0
0
0
0
0
0
74.85392052
74.85392052
74.85392052
74.85392052
74.85392052
74.85392052
74.85392052
74.85392052
74.85392052
74.85392052
74.85392052
74.85392052
74.85392052
74.85392052
74.85392052
74.85392052
74.85392052
74.85392052
74.85392052
74.85392052
74.85392052
74.85392052
74.85392052
74.85392052
74.85392052
74.85392052
74.85392052
74.85392052
74.85392052
74.85392052
74.85392052
74.85392052
74.85392052
74.85392052
74.85392052
74.85392052
74.85392052
74.85392052
74.85392052
74.85392052
74.85392052
74.85392052
74.85392052
74.85392052
74.85392052
74.85392052
74.85392052
74.85392052
74.85392052
74.85392052
74.85392052
74.85392052
74.85392052
74.85392052
74.85392052
74.85392052
74.85392052
74.85392052
74.85392052
74.85392052
74.85392052
74.85392052
74.85392052
74.85392052
74.85392052
74.85392052
74.85392052
74.85392052
74.85392052
74.85392052
74.85392052
74.85392052
74.85392052
74.85392052
74.85392052
74.85392052
74.85392052
74.85392052
74.85392052
74.85392052
74.85392052
74.85392052
74.85392052
74.85392052
74.85392052
74.85392052
74.85392052
74.85392052
74.85392052
74.85392052
74.85392052
74.85392052
74.85392052
74.85392052
74.85392052
74.85392052
74.85392052
74.85392052
74.85392052
52.281202
47.56343088
43.44526581
40.92187787
37.6888206
0
0
0
0
0
0
0
0
0
0
0
0
0
0
0
0
0
0
0
0
0
0
0
0
0
0
0
0
0
0
0
0
0
0
0
0
0
0
0
0
0
0
0
0
0
0
0
0
0
0
0
0
0
0
0
0
0
0
0
0
0
0
0
0
0
0
0
0
0
0
0
0
0
0
0
0
0
0
0
0
0
0
0
0
0
0
0
0
0
0
0
0
0
0
0
0
0
0
0
0
0
0
0
0
0
0
0
0
0
0
0
0
0
0
0
0
0
0
0
0
0
0
0
0
0
0
0
0
0
0
0
0
0
0
0
0
0
0
0
0
0
0
0
0
0
0
0
0
0
0
0
0
0
0
0
0
0
0
0
0
0
0
0
0
0
0
0
0
0
0
0
0
0
0
74.85392052
74.85392052
74.85392052
74.85392052
74.85392052
74.85392052
74.85392052
74.85392052
74.85392052
74.85392052
74.85392052
74.85392052
74.85392052
74.85392052
74.85392052
74.85392052
74.85392052
74.85392052
74.85392052
74.85392052
44.78157707
0
0
0
0
0
0
0
0
0
0
0
0
0
0
0
0
0
0
0
0
0
0
0
0
0
0
0
0
0
0
0
0
0
0
0
0
0
0
0
0
0
0
0
0
0
0
0
0
0
0
0
0
0
0
0
0
0
0
0
0
0
0
0
0
0
0
0
0
0
0
0
0
74.85392052
74.85392052
74.85392052
74.85392052
74.85392052
74.85392052
74.85392052
74.85392052
74.85392052
74.85392052
74.85392052
74.85392052
74.85392052
74.85392052
74.85392052
74.85392052
74.85392052
74.85392052
74.85392052
74.85392052
74.85392052
74.85392052
74.85392052
74.85392052
74.85392052
74.85392052
74.85392052
74.85392052
74.85392052
74.85392052
74.85392052
74.85392052
74.85392052
74.85392052
74.85392052
74.85392052
74.85392052
74.85392052
74.85392052
74.85392052
74.85392052
74.85392052
74.85392052
74.85392052
74.85392052
74.85392052
74.85392052
74.85392052
74.85392052
74.85392052
74.85392052
74.85392052
74.85392052
74.85392052
74.85392052
74.85392052
74.85392052
74.85392052
74.85392052
74.85392052
74.85392052
74.85392052
74.85392052
74.85392052
74.85392052
74.85392052
74.85392052
74.85392052
74.85392052
74.85392052
74.85392052
74.85392052
74.85392052
74.85392052
74.85392052
74.85392052
51.0213635
47.52335249
44.76203597
43.54094071
41.97545124
39.55506176
37.84284031
36.53972294
0
0
0
0
0
0
0
0
0
0
0
0
0
0
0
0
0
0
0
0
0
0
0
0
0
0
0
0
0
0
0
0
0
0
0
0
0
0
0
0
0
0
0
0
0
0
0
0
0
0
0
0
0
0
0
0
0
0
0
0
0
0
0
0
0
0
0
0
0
0
0
0
0
0
0
0
0
0
0
0
0
0
0
0
0
0
0
0
0
0
0
0
0
0
0
0
0
0
0
0
0
0
0
0
0
0
0
0
0
0
0
0
0
0
0
0
0
0
0
0
0
0
0
0
0
0
0
0
0
0
0
0
0
0
0
0
0
0
0
0
0
0
0
0
0
0
0
0
0
0
0
0
0
0
0
0
0
0
0
0
0
0
0
0
0
0
0
0
0
0
0
0
0
0
0
0
0
0
0
0
0
0
0
0
0
0
0
0
0
0
0
0
0
0
0
0
0
0
0
0
0
0
0
0
0
0
0
0
0
0
0
0
0
0
0
0
0
0
0
0
0
0
0
0
0
0
0
0
0
0
0
0
0
0
0
0
0
0
0
0
0
0
0
0
0
0
0
0
0
0
0
0
0
0
0
0
0
0
0
0
0
0
0
0
0
0
0
0
0
0
0
0
0
0
0
0
0
0
0
0
0
0
0
0
0
0
0
0
0
0
0
0
0
0
0
0
0
0
0
0
0
0
0
0
0
0
0
0
0
0
0
0
0
0
0
0
0
0
0
0
0
0
0
0
0
0
0
0
0
0
0
0
0
0
0
0
0
0
0
0
0
0
0
0
0
0
0
0
0
0
0
0
0
0
0
0
0
0
0
0
0
0
0
0
0
0
0
0
0
0
0
0
0
0
0
0
0
0
0
0
0
0
0
0
0
0
0
0
0
0
0
0
0
0
0
0
0
0
0
0
0
0
0
0
0
0
0
0
0
0
0
0
0
0
0
0
0
0
0
0
0
0
0
0
0
0
0
0
0
0
0
0
0
0
0
0
0
0
0
0
0
0
0
0
0
0
0
0
0
0
0
0
0
0
0
0
0
0
0
0
0
0
0
0
0
0
0
0
0
0
0
0
0
0
0
0
0
0
0
0
0
0
0
0
0
0
0
0
0
0
0
0
0
0
0
0
0
0
0
0
0
0
0
0
0
0
0
0
0
0
0
0
0
0
0
0
0
0
0
0
0
0
0
0
0
0
0
0
0
0
0
0
0
0
0
0
0
0
0
0
0
0
0
0
0
0
0
0
0
0
0
0
0
0
0
0
0
0
0
0
0
0
0
0
0
0
0
0
0
0
0
0
0
0
0
0
0
0
0
0
0
0
0
0
0
0
0
0
0
0
0
0
0
0
0
0
0
0
0
0
0
0
0
0
0
0
0
0
0
0
0
0
0
0
0
0
0
0
0
0
0
0
0
0
0
0
0
0
0
0
0
0
0
0
0
0
0
0
0
0
0
0
0
0
0
0
0
0
0
0
0
0
0
0
0
0
0
0
0
0
0
0
0
0
0
0
0
0
0
0
0
0
0
0
0
0
0
0
0
0
0
0
0
0
0
0
0
0
0
0
0
0
0
0
0
0
0
0
0
0
0
0
0
0
0
0
0
0
0
0
0
0
0
0
0
0
0
0
0
0
0
0
0
0
0
0
0
0
0
0
0
0
0
0
0
0
0
0
0
0
0
0
0
0
0
0
0
0
0
0
0
0
0
0
0
0
0
0
0
0
0
0
0
0
0
0
0
0
0
0
0
0
0
0
0
0
0
0
0
0
0
0
0
0
0
0
0
0
0
0
0
0
0
0
0
0
0
0
0
0
0
0
0
0
0
0
0
0
0
0
0
0
0
0
0
0
0
0
0
0
0
0
0
0
0
0
0
0
0
0
0
0
0
0
0
0
0
0
0
0
0
0
0
0
0
0
0
0
0
0
0
0
0
0
0
0
0
0
0
0
0
0
0
0
0
0
0
0
0
0
0
0
0
0
0
0
0
0
0
0
0
0
0
0
0
0
0
0
0
0
0
0
0
0
0
0
0
0
0
0
0
0
0
0
0
0
0
0
0
0
0
0
0
0
0
0
0
0
0
0
0
0
0
0
0
0
0
0
0
0
0
0
0
0
0
0
0
0
0
0
0
0
0
0
0
0
0
0
0
0
0
0
0
0
0
0
0
0
0
0
0
0
0
0
0
0
0
0
0
0
0
0
0
0
0
0
0
0
0
0
0
0
0
0
0
0
0
0
0
0
0
0
0
0
0
0
0
0
0
0
0
0
0
0
0
0
0
0
0
0
0
0
0
0
0
0
0
0
0
0
0
0
0
0
0
0
0
0
0
0
0
0
0
0
0
0
0
0
0
0
0
0
0
0
0
0
0
0
0
0
0
0
0
0
0
0
0
0
0
0
0
0
0
0
0
0
0
0
0
0
0
0
0
0
0
0
0
0
0
0
0
0
0
0
0
0
0
0
0
0
0
0
0
0
0
0
0
0
0
0
0
0
0
0
0
0
0
0
0
0
0
0
0
0
0
0
0
0
0
0
0
0
0
0
0
0
0
0
0
0
0
0
0
0
0
0
0
0
0
0
0
0
0
0
0
0
0
0
0
0
0
0
0
0
0
0
0
0
0
0
0
0
0
0
0
0
0
0
0
0
0
0
0
0
0
0
0
0
0
0
0
0
0
0
0
0
0
0
0
0
0
0
0
0
0
0
0
0
0
0
0
0
0
0
0
0
0
0
0
0
0
0
0
0
0
0
0
0
0
0
0
0
0
0
0
0
0
0
0
0
0
0
0
0
0
0
0
0
0
0
0
0
0
0
0
0
0
0
0
0
0
0
0
0
0
0
0
0
0
0
0
0
0
0
0
0
0
0
0
0
0
0
0
0
0
0
0
0
0
0
0
0
0
0
0
0
0
0
0
0
0
0
0
0
0
0
0
0
0
0
0
0
0
0
0
0
0
0
0
0
0
0
0
0
0
0
0
0
0
0
0
0
0
0
0
0
0
0
0
0
0
0
0
0
0
0
0
0
0
0
0
0
0
0
0
0
0
0
0
0
0
0
0
0
0
0
0
0
0
0
0
0
0
0
0
0
0
0
0
0
0
0
0
0
0
0
0
0
0
0
0
0
0
0
0
0
0
0
0
0
0
0
0
0
0
0
0
0
0
0
0
0
0
0
0
0
0
0
0
0
0
0
0
0
0
0
0
0
0
0
0
0
0
0
0
0
0
0
0
0
0
0
0
0
0
0
0
0
0
0
0
0
0
0
0
0
0
0
0
0
0
0
0
0
0
74.85392052
74.85392052
74.85392052
74.85392052
74.85392052
74.85392052
74.85392052
74.85392052
74.85392052
74.85392052
74.85392052
74.85392052
74.85392052
74.85392052
74.85392052
74.85392052
74.85392052
74.85392052
74.85392052
74.85392052
74.85392052
74.85392052
74.85392052
74.85392052
74.85392052
74.85392052
74.85392052
74.85392052
74.85392052
74.85392052
74.85392052
74.85392052
74.85392052
74.85392052
74.85392052
74.85392052
74.85392052
74.85392052
74.85392052
74.85392052
74.85392052
74.85392052
74.85392052
74.85392052
74.85392052
74.85392052
74.85392052
74.85392052
74.85392052
74.85392052
74.85392052
74.85392052
74.85392052
74.85392052
74.85392052
74.85392052
74.85392052
74.85392052
74.85392052
74.85392052
74.85392052
74.85392052
74.85392052
74.85392052
74.85392052
74.85392052
74.85392052
74.85392052
74.85392052
74.85392052
74.85392052
74.85392052
74.85392052
74.85392052
74.85392052
74.85392052
74.85392052
74.85392052
74.85392052
74.85392052
74.85392052
74.85392052
74.85392052
74.85392052
74.85392052
74.85392052
74.85392052
74.85392052
74.85392052
74.85392052
74.85392052
74.85392052
74.85392052
74.85392052
74.85392052
74.85392052
74.85392052
74.85392052
74.85392052
74.85392052
74.85392052
74.85392052
74.85392052
74.85392052
74.85392052
74.85392052
53.89728629
52.80810504
52.00086548
51.40508044
50.27965937
48.68355279
47.37834066
46.81435706
45.57115355
44.25273414
41.05067572
36.82783218
0
0
0
0
0
0
0
0
0
0
0
0
0
0
74.85392052
74.85392052
74.85392052
74.85392052
74.85392052
74.85392052
74.85392052
74.85392052
74.85392052
74.85392052
74.85392052
74.85392052
74.85392052
74.85392052
74.85392052
74.85392052
74.85392052
74.85392052
74.85392052
74.85392052
74.85392052
74.85392052
74.85392052
74.85392052
74.85392052
74.85392052
74.85392052
74.85392052
74.85392052
74.85392052
74.85392052
74.85392052
74.85392052
74.85392052
74.85392052
74.85392052
74.85392052
74.85392052
74.85392052
74.85392052
52.37653488
50.84677748
48.83140732
49.41400825
48.86478408
46.55574664
44.98239797
45.32724397
43.5475206
42.08793605
40.57367423
41.88768818
41.69951816
41.69696276
42.84631301
43.10981124
43.34473552
42.47621835
42.22160871
41.31154381
40.68235917
40.98617794
41.41793828
40.69265428
38.57290962
38.17237522
38.22673243
39.25161359
38.49879594
38.22206074
38.61874893
37.70627116
38.34223832
39.12239423
38.62447903
38.88372448
39.41972097
39.35573003
39.86026084
38.06677044
37.47047928
0
0
0
0
0
0
0
0
0
0
0
0
0
0
0
0
0
0
0
0
0
0
0
0
0
0
0
0
0
0
0
0
0
0
0
0
0
0
0
0
0
0
0
0
0
0
0
0
0
0
0
0
0
0
0
0
0
0
0
0
0
0
0
0
0
0
0
0
0
0
0
0
0
0
0
0
0
0
0
0
0
0
0
0
0
0
0
0
0
0
0
0
0
0
0
0
0
0
0
0
0
0
0
0
0
0
0
0
0
0
0
0
0
0
0
0
0
0
0
0
0
0
0
0
0
0
0
0
0
0
0
0
0
0
0
0
0
0
0
0
0
0
0
0
0
0
0
0
0
0
0
0
0
0
0
0
0
0
0
0
0
0
0
0
0
0
0
0
0
0
74.85392052
74.85392052
74.85392052
74.85392052
74.85392052
74.85392052
74.85392052
74.85392052
74.85392052
74.85392052
74.85392052
74.85392052
74.85392052
74.85392052
74.85392052
74.85392052
74.85392052
74.85392052
74.85392052
74.85392052
74.85392052
74.85392052
74.85392052
74.85392052
74.85392052
74.85392052
74.85392052
74.85392052
74.85392052
74.85392052
74.85392052
74.85392052
74.85392052
74.85392052
74.85392052
74.85392052
74.85392052
74.85392052
74.85392052
74.85392052
74.85392052
74.85392052
74.85392052
74.85392052
74.85392052
74.85392052
74.85392052
74.85392052
74.85392052
74.85392052
74.85392052
74.85392052
74.85392052
74.85392052
74.85392052
74.85392052
74.85392052
74.85392052
74.85392052
74.85392052
74.85392052
74.85392052
74.85392052
74.85392052
74.85392052
74.85392052
74.85392052
74.85392052
74.85392052
74.85392052
74.85392052
74.85392052
74.85392052
74.85392052
74.85392052
74.85392052
74.85392052
74.85392052
74.85392052
74.85392052
74.85392052
74.85392052
74.85392052
74.85392052
74.85392052
74.85392052
74.85392052
74.85392052
74.85392052
74.85392052
74.85392052
74.85392052
74.85392052
74.85392052
74.85392052
74.85392052
74.85392052
74.85392052
74.85392052
74.85392052
74.85392052
74.85392052
74.85392052
74.85392052
74.85392052
74.85392052
74.85392052
74.85392052
74.85392052
74.85392052
74.85392052
74.85392052
74.85392052
74.85392052
74.85392052
74.85392052
74.85392052
74.85392052
74.85392052
74.85392052
74.85392052
74.85392052
74.85392052
74.85392052
74.85392052
74.85392052
74.85392052
74.85392052
74.85392052
74.85392052
74.85392052
74.85392052
74.85392052
74.85392052
74.85392052
74.85392052
74.85392052
74.85392052
74.85392052
74.85392052
74.85392052
74.85392052
74.85392052
74.85392052
74.85392052
74.85392052
74.85392052
74.85392052
74.85392052
74.85392052
74.85392052
74.85392052
74.85392052
74.85392052
74.85392052
74.85392052
74.85392052
74.85392052
74.85392052
74.85392052
74.85392052
74.85392052
74.85392052
74.85392052
74.85392052
74.85392052
74.85392052
74.85392052
74.85392052
50.39623036
47.6637054
44.51930743
43.36961541
40.86254707
40.05473672
41.27924572
39.24031115
37.31248223
38.34652578
39.36386632
38.44448998
37.20406992
0
0
0
0
0
0
0
0
0
0
0
0
0
0
0
0
0
0
0
0
0
0
0
0
0
0
0
0
0
0
0
0
0
0
0
0
0
0
0
0
0
0
0
0
0
0
0
0
0
0
0
0
0
0
0
0
0
0
0
0
0
0
0
0
0
0
0
0
0
0
0
0
0
0
0
0
0
0
0
0
0
0
0
0
0
0
0
0
0
0
0
0
0
0
0
0
0
0
0
0
0
0
0
0
0
0
0
0
0
0
0
0
0
0
0
0
0
0
0
0
0
0
0
0
0
0
0
0
0
0
0
0
0
0
0
0
0
0
0
0
0
0
0
0
0
0
0
0
0
0
0
0
0
0
0
0
0
0
0
74.85392052
74.85392052
74.85392052
74.85392052
74.85392052
74.85392052
74.85392052
74.85392052
74.85392052
74.85392052
74.85392052
74.85392052
74.85392052
74.85392052
74.85392052
74.85392052
74.85392052
74.85392052
74.85392052
51.16750197
48.86103257
47.03708989
46.06346278
45.19370353
46.84377715
49.21820542
52.25588371
54.45394919
55.82128104
55.49489772
54.21103627
52.8791768
53.74017494
55.8399839
58.50360576
59.81827661
59.27290862
59.77402897
59.86348939
58.93784533
56.77128896
54.11932109
52.05206535
48.43647483
45.20903189
43.43443873
42.58479365
41.42557577
41.33256808
41.10147978
42.33307889
43.18675938
44.04272176
44.14923096
44.87847609
45.01473076
44.16284434
45.14148312
44.1053294
44.31285491
40.6414524
39.6501288
38.01921873
37.43801877
0
0
0
0
0
0
0
0
0
0
0
0
0
0
0
74.85392052
74.85392052
74.85392052
74.85392052
74.85392052
74.85392052
74.85392052
74.85392052
74.85392052
74.85392052
74.85392052
74.85392052
74.85392052
74.85392052
74.85392052
74.85392052
74.85392052
74.85392052
74.85392052
74.85392052
74.85392052
74.85392052
74.85392052
74.85392052
74.85392052
74.85392052
74.85392052
74.85392052
74.85392052
74.85392052
74.85392052
74.85392052
74.85392052
74.85392052
74.85392052
74.85392052
74.85392052
74.85392052
74.85392052
74.85392052
74.85392052
74.85392052
74.85392052
74.85392052
74.85392052
74.85392052
74.85392052
74.85392052
74.85392052
74.85392052
74.85392052
74.85392052
74.85392052
74.85392052
74.85392052
74.85392052
74.85392052
74.85392052
74.85392052
74.85392052
74.85392052
74.85392052
74.85392052
74.85392052
74.85392052
74.85392052
74.85392052
74.85392052
74.85392052
74.85392052
74.85392052
74.85392052
74.85392052
74.85392052
74.85392052
74.85392052
74.85392052
74.85392052
74.85392052
74.85392052
74.85392052
74.85392052
74.85392052
74.85392052
74.85392052
74.85392052
74.85392052
74.85392052
74.85392052
74.85392052
74.85392052
74.85392052
74.85392052
74.85392052
74.85392052
74.85392052
74.85392052
74.85392052
74.85392052
74.85392052
74.85392052
74.85392052
74.85392052
74.85392052
74.85392052
74.85392052
74.85392052
74.85392052
74.85392052
74.85392052
74.85392052
74.85392052
74.85392052
74.85392052
74.85392052
74.85392052
74.85392052
74.85392052
74.85392052
74.85392052
74.85392052
74.85392052
74.85392052
74.85392052
74.85392052
74.85392052
74.85392052
74.85392052
74.85392052
74.85392052
74.85392052
74.85392052
74.85392052
74.85392052
74.85392052
74.85392052
74.85392052
74.85392052
74.85392052
74.85392052
74.85392052
74.85392052
74.85392052
74.85392052
74.85392052
74.85392052
74.85392052
74.85392052
74.85392052
74.85392052
74.85392052
74.85392052
74.85392052
74.85392052
74.85392052
74.85392052
74.85392052
74.85392052
74.85392052
74.85392052
74.85392052
74.85392052
74.85392052
74.85392052
74.85392052
74.85392052
74.85392052
74.85392052
74.85392052
74.85392052
74.85392052
74.85392052
74.85392052
74.85392052
74.85392052
74.85392052
74.85392052
74.85392052
74.85392052
74.85392052
74.85392052
74.85392052
74.85392052
74.85392052
74.85392052
74.85392052
74.85392052
74.85392052
74.85392052
74.85392052
74.85392052
74.85392052
74.85392052
74.85392052
54.08068472
53.49261709
54.27031541
55.33669589
56.50707824
56.39819217
57.56411708
57.45234542
58.41767272
58.45303468
58.48897722
58.14218425
58.41501725
57.7962954
56.99756918
56.01458799
54.66064457
52.65642785
49.27559905
45.87510461
43.93243185
41.99425416
40.1041887
38.92517206
36.43578413
0
0
0
0
0
0
0
0
0
0
0
0
0
0
0
0
0
0
0
0
0
0
0
0
0
0
0
0
0
0
0
0
0
0
0
0
0
0
0
0
0
0
0
0
0
0
0
0
0
0
0
0
0
0
0
0
0
0
0
0
0
0
0
0
0
0
0
0
0
0
0
0
0
0
0
74.85392052
74.85392052
74.85392052
74.85392052
74.85392052
74.85392052
74.85392052
74.85392052
74.85392052
74.85392052
74.85392052
74.85392052
74.85392052
74.85392052
74.85392052
74.85392052
74.85392052
74.85392052
74.85392052
74.85392052
74.85392052
74.85392052
74.85392052
74.85392052
74.85392052
74.85392052
74.85392052
74.85392052
74.85392052
74.85392052
74.85392052
74.85392052
74.85392052
74.85392052
74.85392052
74.85392052
74.85392052
74.85392052
74.85392052
74.85392052
74.85392052
74.85392052
74.85392052
74.85392052
74.85392052
74.85392052
74.85392052
74.85392052
74.85392052
74.85392052
74.85392052
74.85392052
74.85392052
74.85392052
74.85392052
74.85392052
74.85392052
74.85392052
74.85392052
74.85392052
74.85392052
74.85392052
74.85392052
74.85392052
74.85392052
74.85392052
74.85392052
74.85392052
74.85392052
74.85392052
74.85392052
74.85392052
74.85392052
74.85392052
74.85392052
74.85392052
74.85392052
74.85392052
74.85392052
74.85392052
74.85392052
74.85392052
74.85392052
74.85392052
74.85392052
74.85392052
74.85392052
74.85392052
74.85392052
74.85392052
74.85392052
74.85392052
74.85392052
74.85392052
74.85392052
74.85392052
74.85392052
74.85392052
74.85392052
74.85392052
74.85392052
74.85392052
74.85392052
74.85392052
74.85392052
74.85392052
74.85392052
74.85392052
74.85392052
74.85392052
74.85392052
74.85392052
74.85392052
74.85392052
74.85392052
74.85392052
74.85392052
74.85392052
74.85392052
74.85392052
74.85392052
74.85392052
74.85392052
74.85392052
74.85392052
74.85392052
74.85392052
74.85392052
74.85392052
74.85392052
74.85392052
74.85392052
74.85392052
74.85392052
74.85392052
74.85392052
74.85392052
74.85392052
74.85392052
74.85392052
74.85392052
74.85392052
74.85392052
74.85392052
74.85392052
74.85392052
74.85392052
74.85392052
74.85392052
74.85392052
74.85392052
74.85392052
74.85392052
74.85392052
74.85392052
74.85392052
74.85392052
74.85392052
74.85392052
74.85392052
74.85392052
74.85392052
74.85392052
74.85392052
74.85392052
74.85392052
74.85392052
74.85392052
74.85392052
74.85392052
74.85392052
74.85392052
74.85392052
74.85392052
74.85392052
74.85392052
74.85392052
74.85392052
74.85392052
74.85392052
74.85392052
74.85392052
74.85392052
74.85392052
74.85392052
74.85392052
74.85392052
74.85392052
74.85392052
74.85392052
74.85392052
74.85392052
74.85392052
74.85392052
74.85392052
74.85392052
74.85392052
74.85392052
74.85392052
74.85392052
74.85392052
74.85392052
74.85392052
74.85392052
74.85392052
74.85392052
74.85392052
74.85392052
74.85392052
74.85392052
74.85392052
74.85392052
74.85392052
74.85392052
74.85392052
74.85392052
74.85392052
74.85392052
74.85392052
74.85392052
74.85392052
74.85392052
74.85392052
74.85392052
74.85392052
74.85392052
74.85392052
74.85392052
74.85392052
74.85392052
74.85392052
74.85392052
74.85392052
74.85392052
74.85392052
74.85392052
74.85392052
74.85392052
74.85392052
74.85392052
74.85392052
74.85392052
74.85392052
74.85392052
74.85392052
74.85392052
74.85392052
74.85392052
74.85392052
74.85392052
74.85392052
74.85392052
74.85392052
74.85392052
74.85392052
74.85392052
74.85392052
74.85392052
74.85392052
74.85392052
74.85392052
74.85392052
74.85392052
74.85392052
74.85392052
74.85392052
74.85392052
74.85392052
74.85392052
74.85392052
74.85392052
74.85392052
74.85392052
74.85392052
74.85392052
74.85392052
74.85392052
74.85392052
74.85392052
74.85392052
74.85392052
74.85392052
74.85392052
74.85392052
74.85392052
74.85392052
74.85392052
74.85392052
74.85392052
74.85392052
74.85392052
74.85392052
74.85392052
74.85392052
74.85392052
74.85392052
74.85392052
74.85392052
74.85392052
74.85392052
74.85392052
74.85392052
74.85392052
74.85392052
74.85392052
74.85392052
74.85392052
74.85392052
74.85392052
74.85392052
74.85392052
74.85392052
74.85392052
74.85392052
74.85392052
74.85392052
74.85392052
74.85392052
74.85392052
74.85392052
74.85392052
74.85392052
74.85392052
74.85392052
74.85392052
74.85392052
74.85392052
74.85392052
74.85392052
74.85392052
74.85392052
74.85392052
74.85392052
74.85392052
74.85392052
74.85392052
74.85392052
74.85392052
74.85392052
74.85392052
74.85392052
74.85392052
74.85392052
74.85392052
74.85392052
0
0
0
0
0
0
0
0
0
0
0
0
0
0
0
0
0
74.85392052
74.85392052
74.85392052
74.85392052
74.85392052
74.85392052
74.85392052
74.85392052
74.85392052
74.85392052
74.85392052
74.85392052
74.85392052
74.85392052
74.85392052
74.85392052
74.85392052
74.85392052
74.85392052
74.85392052
74.85392052
74.85392052
74.85392052
74.85392052
74.85392052
74.85392052
74.85392052
74.85392052
74.85392052
74.85392052
74.85392052
74.85392052
74.85392052
74.85392052
74.85392052
74.85392052
74.85392052
74.85392052
74.85392052
74.85392052
74.85392052
74.85392052
74.85392052
74.85392052
74.85392052
74.85392052
74.85392052
74.85392052
74.85392052
74.85392052
74.85392052
74.85392052
74.85392052
74.85392052
74.85392052
74.85392052
74.85392052
74.85392052
74.85392052
74.85392052
74.85392052
74.85392052
74.85392052
74.85392052
74.85392052
74.85392052
74.85392052
74.85392052
74.85392052
74.85392052
54.39226265
52.14032815
0
0
0
0
0
0
0
0
0
0
0
0
0
0
0
0
0
0
0
0
0
0
0
0
0
0
0
0
0
0
0
0
0
0
0
0
0
0
0
0
0
0
0
0
0
0
0
74.85392052
74.85392052
74.85392052
74.85392052
74.85392052
74.85392052
74.85392052
74.85392052
74.85392052
74.85392052
74.85392052
74.85392052
74.85392052
74.85392052
74.85392052
74.85392052
74.85392052
74.85392052
74.85392052
74.85392052
74.85392052
74.85392052
74.85392052
74.85392052
74.85392052
74.85392052
74.85392052
74.85392052
74.85392052
74.85392052
74.85392052
74.85392052
74.85392052
74.85392052
74.85392052
74.85392052
74.85392052
74.85392052
74.85392052
74.85392052
74.85392052
74.85392052
74.85392052
74.85392052
74.85392052
74.85392052
74.85392052
74.85392052
74.85392052
74.85392052
74.85392052
74.85392052
74.85392052
74.85392052
74.85392052
74.85392052
74.85392052
74.85392052
74.85392052
74.85392052
74.85392052
74.85392052
74.85392052
74.85392052
74.85392052
74.85392052
74.85392052
74.85392052
74.85392052
74.85392052
74.85392052
74.85392052
74.85392052
74.85392052
74.85392052
74.85392052
74.85392052
74.85392052
74.85392052
74.85392052
74.85392052
74.85392052
74.85392052
74.85392052
74.85392052
74.85392052
74.85392052
74.85392052
74.85392052
74.85392052
74.85392052
74.85392052
74.85392052
74.85392052
74.85392052
74.85392052
74.85392052
74.85392052
74.85392052
74.85392052
74.85392052
74.85392052
74.85392052
74.85392052
74.85392052
74.85392052
74.85392052
74.85392052
74.85392052
74.85392052
74.85392052
74.85392052
74.85392052
74.85392052
74.85392052
74.85392052
74.85392052
74.85392052
74.85392052
74.85392052
74.85392052
74.85392052
74.85392052
74.85392052
74.85392052
74.85392052
74.85392052
74.85392052
74.85392052
74.85392052
74.85392052
74.85392052
74.85392052
74.85392052
74.85392052
74.85392052
74.85392052
74.85392052
74.85392052
74.85392052
74.85392052
74.85392052
74.85392052
74.85392052
74.85392052
74.85392052
74.85392052
74.85392052
74.85392052
74.85392052
74.85392052
74.85392052
74.85392052
74.85392052
74.85392052
74.85392052
74.85392052
74.85392052
74.85392052
74.85392052
74.85392052
74.85392052
74.85392052
74.85392052
74.85392052
74.85392052
74.85392052
74.85392052
74.85392052
74.85392052
74.85392052
74.85392052
74.85392052
74.85392052
74.85392052
74.85392052
74.85392052
74.85392052
74.85392052
74.85392052
74.85392052
74.85392052
74.85392052
74.85392052
74.85392052
74.85392052
74.85392052
74.85392052
74.85392052
74.85392052
74.85392052
74.85392052
74.85392052
74.85392052
74.85392052
74.85392052
74.85392052
74.85392052
74.85392052
74.85392052
74.85392052
74.85392052
74.85392052
74.85392052
74.85392052
74.85392052
74.85392052
74.85392052
74.85392052
74.85392052
74.85392052
74.85392052
74.85392052
74.85392052
74.85392052
74.85392052
74.85392052
74.85392052
74.85392052
74.85392052
74.85392052
74.85392052
74.85392052
74.85392052
74.85392052
74.85392052
74.85392052
74.85392052
74.85392052
74.85392052
74.85392052
74.85392052
74.85392052
74.85392052
74.85392052
74.85392052
74.85392052
74.85392052
74.85392052
74.85392052
74.85392052
74.85392052
74.85392052
74.85392052
74.85392052
74.85392052
74.85392052
74.85392052
74.85392052
74.85392052
74.85392052
74.85392052
74.85392052
74.85392052
74.85392052
74.85392052
74.85392052
74.85392052
74.85392052
74.85392052
74.85392052
74.85392052
74.85392052
74.85392052
74.85392052
74.85392052
74.85392052
74.85392052
74.85392052
74.85392052
74.85392052
74.85392052
74.85392052
74.85392052
74.85392052
0
0
0
0
0
0
0
0
0
0
0
0
0
0
0
74.85392052
74.85392052
74.85392052
74.85392052
74.85392052
74.85392052
74.85392052
74.85392052
74.85392052
74.85392052
74.85392052
74.85392052
74.85392052
74.85392052
74.85392052
74.85392052
74.85392052
74.85392052
74.85392052
74.85392052
74.85392052
74.85392052
74.85392052
74.85392052
74.85392052
74.85392052
74.85392052
74.85392052
74.85392052
74.85392052
74.85392052
74.85392052
50.89174077
49.69523909
49.66586178
49.58006385
50.40368247
51.70362371
52.7878464
52.39361606
50.98967796
51.05569177
50.4696283
51.20463692
52.52824331
52.85621669
52.05456762
51.87175735
50.78076549
49.51644889
48.58519701
46.72257081
44.69053106
42.93191923
40.67192774
39.54332243
37.54375023
0
0
0
0
0
0
0
0
0
0
0
0
0
0
0
0
0
0
0
0
0
0
0
0
0
0
0
0
0
0
0
0
0
0
0
0
0
0
0
0
0
0
0
0
0
0
0
0
0
0
74.85392052
74.85392052
74.85392052
74.85392052
74.85392052
74.85392052
74.85392052
74.85392052
74.85392052
74.85392052
74.85392052
74.85392052
74.85392052
74.85392052
74.85392052
74.85392052
74.85392052
74.85392052
74.85392052
74.85392052
74.85392052
74.85392052
74.85392052
74.85392052
74.85392052
74.85392052
74.85392052
74.85392052
74.85392052
74.85392052
74.85392052
74.85392052
74.85392052
74.85392052
74.85392052
74.85392052
53.92859058
56.72898241
55.84392748
57.94286597
58.72687733
57.76529408
55.41427373
58.34571584
59.26070996
63.16963574
64.15634019
64.76555433
65.67894126
67.86870029
66.62068386
69.6991129
71.15418497
72.26614303
73.00921016
72.49154863
74.85392052
74.59901306
71.84645087
73.40730611
73.89938801
74.26541292
74.1881423
74.27950955
74.85392052
74.85392052
74.77241572
74.56080176
72.86049777
71.22097145
69.04553679
69.10111884
70.53789742
72.93175435
74.65210059
74.85392052
74.85392052
74.85392052
74.85392052
74.85392052
74.85392052
74.85392052
74.85392052
74.85392052
74.85392052
74.85392052
74.85392052
74.85392052
74.85392052
74.85392052
74.85392052
74.85392052
74.85392052
74.85392052
74.85392052
74.85392052
74.85392052
74.85392052
74.85392052
74.85392052
74.85392052
74.85392052
74.85392052
74.85392052
74.85392052
74.85392052
74.85392052
74.85392052
74.85392052
74.85392052
74.85392052
74.85392052
74.85392052
74.85392052
74.85392052
74.85392052
74.85392052
74.85392052
74.85392052
74.85392052
74.85392052
74.85392052
74.85392052
74.85392052
74.85392052
74.85392052
74.85392052
74.85392052
74.85392052
74.85392052
74.85392052
74.85392052
74.85392052
74.85392052
74.85392052
74.85392052
74.85392052
74.85392052
74.85392052
74.85392052
74.85392052
74.85392052
74.85392052
74.85392052
74.85392052
74.85392052
74.85392052
74.85392052
74.85392052
74.85392052
74.85392052
74.85392052
74.85392052
74.85392052
74.85392052
74.85392052
74.85392052
74.85392052
74.85392052
74.85392052
74.85392052
74.85392052
74.85392052
74.85392052
74.85392052
74.85392052
74.85392052
74.85392052
74.85392052
74.85392052
74.85392052
74.85392052
74.85392052
74.85392052
74.85392052
74.85392052
74.85392052
74.85392052
74.85392052
74.85392052
74.85392052
74.85392052
74.85392052
74.85392052
74.85392052
74.85392052
74.85392052
74.85392052
74.85392052
74.85392052
74.85392052
74.85392052
74.85392052
74.85392052
74.85392052
74.85392052
74.85392052
74.85392052
74.85392052
74.85392052
74.85392052
74.85392052
74.85392052
74.85392052
74.85392052
74.85392052
74.85392052
74.85392052
74.85392052
74.85392052
51.0821464
48.62193639
47.12308776
46.73997873
48.75026894
50.57153364
51.45346338
53.16518691
54.7723775
55.29038205
58.80563146
63.86466616
68.20646685
69.19225556
69.99432368
70.13817476
70.63087753
71.71194258
71.31257549
71.73479987
71.22759108
70.74762829
70.70049592
69.14535919
68.02342695
67.20352163
66.71979011
66.28664413
67.14276496
66.81754037
67.51187676
68.97721194
69.47118927
69.18515511
68.74960917
68.68328351
68.43265339
67.6423329
66.7870855
66.05535634
65.18200553
64.08929107
64.26209589
63.4362142
62.1961272
59.72678294
57.91730884
53.90185423
48.01976135
40.9712489
0
0
0
0
0
0
0
0
0
0
0
0
0
0
0
0
0
0
0
0
0
0
0
0
0
0
0
0
0
0
0
0
0
0
0
0
0
0
0
0
0
0
0
0
0
0
0
0
0
0
0
0
0
0
0
0
0
0
0
0
0
0
0
0
0
0
0
0
0
0
0
0
0
0
0
0
0
0
0
0
0
0
0
0
0
0
0
0
0
0
0
0
0
0
0
0
0
0
0
0
0
0
0
0
0
0
0
0
0
0
0
0
0
0
0
0
0
0
0
0
0
0
0
0
0
0
0
0
0
0
0
0
0
0
0
0
0
0
0
0
0
0
0
0
0
0
0
0
0
0
0
0
0
0
0
0
0
0
0
0
0
0
0
0
0
0
0
0
0
0
0
0
0
0
0
0
0
0
0
0
0
0
0
0
0
0
0
0
0
0
0
0
0
0
0
0
0
0
0
0
0
74.85392052
74.85392052
74.85392052
74.85392052
74.85392052
74.85392052
74.85392052
74.85392052
74.85392052
74.85392052
74.85392052
74.85392052
74.85392052
74.85392052
74.85392052
74.85392052
74.85392052
74.85392052
74.85392052
74.85392052
74.85392052
74.85392052
74.85392052
74.85392052
74.85392052
74.85392052
74.85392052
74.85392052
74.85392052
74.85392052
74.85392052
74.85392052
74.85392052
74.85392052
74.85392052
74.85392052
74.85392052
74.85392052
74.85392052
74.85392052
74.85392052
74.85392052
74.85392052
74.85392052
74.85392052
74.85392052
74.85392052
74.85392052
74.85392052
74.85392052
74.85392052
74.85392052
74.85392052
74.85392052
74.85392052
74.85392052
74.85392052
74.85392052
74.85392052
74.85392052
74.85392052
74.85392052
74.85392052
74.85392052
74.85392052
74.85392052
74.85392052
74.85392052
74.85392052
74.85392052
74.85392052
74.85392052
74.85392052
74.85392052
74.85392052
74.85392052
74.85392052
74.85392052
74.85392052
74.85392052
74.85392052
74.85392052
74.85392052
74.85392052
74.85392052
74.85392052
74.85392052
74.85392052
74.85392052
74.85392052
74.85392052
74.85392052
74.85392052
74.85392052
74.85392052
74.85392052
74.85392052
74.85392052
74.85392052
74.85392052
74.85392052
74.85392052
74.85392052
74.85392052
74.85392052
74.85392052
74.85392052
74.85392052
74.85392052
74.85392052
74.85392052
74.85392052
74.85392052
74.85392052
74.85392052
74.85392052
74.85392052
74.85392052
74.85392052
74.85392052
74.85392052
74.85392052
74.85392052
74.85392052
74.85392052
74.85392052
74.85392052
74.85392052
74.85392052
74.85392052
74.85392052
74.85392052
74.85392052
74.85392052
74.85392052
74.85392052
0
0
74.85392052
74.85392052
74.85392052
74.85392052
74.85392052
74.85392052
74.85392052
74.85392052
74.85392052
74.85392052
74.85392052
74.85392052
74.85392052
74.85392052
74.85392052
74.85392052
74.85392052
74.85392052
74.85392052
74.85392052
74.85392052
74.85392052
74.85392052
74.85392052
74.85392052
74.85392052
74.85392052
74.85392052
74.85392052
74.85392052
74.85392052
74.85392052
74.85392052
74.85392052
74.85392052
74.85392052
74.85392052
62.81418901
59.65905791
59.58214478
61.43956779
63.30615956
65.81482965
67.06440575
65.16153159
67.00957925
69.22106199
70.90785216
68.72166265
66.9524712
66.22691475
68.50028473
67.84797951
68.11743025
68.90938207
69.45784521
72.0437784
74.85392052
74.85392052
74.85392052
74.85392052
74.85392052
74.85392052
74.85392052
74.85392052
74.85392052
74.85392052
74.85392052
74.85392052
74.85392052
74.85392052
74.85392052
74.85392052
74.85392052
74.85392052
74.85392052
74.85392052
74.85392052
74.85392052
74.85392052
74.85392052
50.66921159
48.18825696
47.77369331
47.30880304
47.67518444
44.71206785
41.82198567
37.76648926
0
0
0
0
0
0
0
0
0
0
0
0
0
0
0
0
0
0
0
0
0
0
0
0
0
0
0
0
0
0
0
0
0
0
0
0
0
0
0
0
0
0
0
0
0
0
0
0
0
0
0
0
0
0
0
0
0
0
0
0
0
0
0
0
0
0
0
0
0
0
0
0
74.85392052
74.85392052
74.85392052
74.85392052
74.85392052
74.85392052
74.85392052
74.85392052
74.85392052
74.85392052
74.85392052
74.85392052
74.85392052
74.85392052
74.85392052
74.85392052
74.85392052
74.85392052
74.85392052
74.85392052
74.85392052
74.85392052
74.85392052
74.85392052
74.85392052
74.85392052
74.85392052
74.85392052
74.85392052
53.28928711
52.71352297
51.37612464
49.52117077
49.68350776
51.05005191
53.4963273
55.5490278
58.03812502
61.59587159
61.77302421
62.0261286
60.63952964
59.29414746
58.87281893
57.78194708
55.45730012
52.61339113
50.33760496
49.89585147
48.39284113
47.03013782
45.05728304
42.13773929
39.80698881
0
0
0
0
0
0
0
0
0
0
0
0
0
0
0
0
0
0
0
0
0
0
0
0
0
0
0
0
0
0
0
0
0
0
0
0
0
0
0
0
0
0
0
0
0
0
0
0
0
0
0
0
0
0
0
0
0
0
0
0
0
0
0
0
0
0
0
0
0
0
0
0
0
0
0
0
0
0
0
0
0
0
0
0
0
0
0
0
0
0
0
0
0
0
0
0
0
0
0
0
0
0
0
0
0
0
0
0
0
0
0
0
0
0
0
0
0
0
0
0
0
0
0
0
0
0
0
0
0
0
0
0
0
0
0
0
0
0
0
74.85392052
74.85392052
74.85392052
74.85392052
74.85392052
74.85392052
74.85392052
74.85392052
74.85392052
74.85392052
74.85392052
74.85392052
74.85392052
74.85392052
74.85392052
74.85392052
74.85392052
74.85392052
74.85392052
74.85392052
74.85392052
74.85392052
74.85392052
74.85392052
74.85392052
74.85392052
74.85392052
74.85392052
74.85392052
74.85392052
74.85392052
74.85392052
74.85392052
74.85392052
74.85392052
74.85392052
74.85392052
74.85392052
74.85392052
74.85392052
74.85392052
74.85392052
74.85392052
74.85392052
74.85392052
74.85392052
74.85392052
74.85392052
74.85392052
74.85392052
74.85392052
74.85392052
74.85392052
74.85392052
74.85392052
74.85392052
74.85392052
74.85392052
0
0
0
0
0
0
0
0
0
0
0
0
0
0
0
0
0
0
0
0
0
0
0
0
0
0
0
0
0
0
0
0
0
0
0
0
0
0
0
0
74.85392052
74.85392052
74.85392052
74.85392052
74.85392052
74.85392052
74.85392052
74.85392052
74.85392052
74.85392052
74.85392052
74.85392052
74.85392052
74.85392052
74.85392052
74.85392052
74.85392052
74.85392052
74.85392052
50.40129233
46.55109336
43.44629328
40.62209426
38.67478664
37.08489437
0
0
0
0
0
0
0
0
0
0
0
0
0
0
0
0
0
0
0
0
0
0
0
0
0
0
0
0
0
0
0
0
0
0
0
0
0
0
0
0
0
0
0
0
0
0
0
0
0
0
0
0
0
0
0
0
0
0
0
0
74.85392052
74.85392052
74.85392052
74.85392052
74.85392052
74.85392052
74.85392052
74.85392052
74.85392052
74.85392052
74.85392052
74.85392052
74.85392052
74.85392052
74.85392052
74.85392052
74.85392052
74.85392052
74.85392052
74.85392052
74.85392052
74.85392052
74.85392052
74.85392052
74.85392052
74.85392052
74.85392052
51.20391603
47.75647668
44.90931502
43.14505586
42.13201948
40.63814209
38.4510378
37.67664368
39.83856409
40.29068003
40.35466836
40.36043485
37.94224534
0
0
0
0
0
0
0
0
0
0
0
0
0
0
0
0
0
0
0
0
0
0
0
0
0
0
0
0
0
0
0
0
0
0
0
0
0
0
0
0
0
0
0
0
0
0
0
0
0
0
0
0
0
0
0
0
0
0
0
0
0
0
0
0
0
0
0
74.85392052
74.85392052
74.85392052
74.85392052
74.85392052
74.85392052
74.85392052
74.85392052
74.85392052
74.85392052
74.85392052
74.85392052
74.85392052
74.85392052
74.85392052
74.85392052
74.85392052
74.85392052
74.85392052
74.85392052
74.85392052
74.85392052
74.85392052
74.85392052
74.85392052
74.85392052
74.85392052
74.85392052
74.85392052
74.85392052
74.85392052
74.85392052
74.85392052
74.85392052
74.85392052
74.85392052
74.85392052
74.85392052
74.85392052
74.85392052
74.85392052
74.85392052
74.85392052
74.85392052
74.85392052
74.85392052
74.85392052
74.85392052
74.85392052
74.85392052
74.85392052
74.85392052
74.85392052
74.85392052
74.85392052
74.85392052
74.85392052
74.85392052
74.85392052
74.85392052
74.85392052
74.85392052
74.85392052
74.85392052
74.85392052
74.85392052
74.85392052
74.85392052
74.85392052
74.85392052
74.85392052
74.85392052
74.85392052
74.85392052
74.85392052
74.85392052
74.85392052
74.85392052
74.85392052
74.85392052
74.85392052
74.85392052
74.85392052
74.85392052
74.85392052
74.85392052
74.85392052
74.85392052
74.85392052
74.85392052
74.85392052
74.85392052
74.85392052
74.85392052
74.85392052
74.85392052
74.85392052
74.85392052
74.85392052
74.85392052
74.85392052
74.85392052
74.85392052
74.85392052
74.85392052
74.85392052
74.85392052
74.85392052
74.85392052
74.85392052
74.85392052
74.85392052
74.85392052
74.85392052
74.85392052
74.85392052
74.85392052
74.85392052
74.85392052
74.85392052
74.85392052
74.85392052
74.85392052
74.85392052
74.85392052
74.85392052
74.85392052
74.85392052
74.85392052
74.85392052
74.85392052
74.85392052
74.85392052
74.85392052
74.85392052
74.85392052
74.85392052
74.85392052
74.85392052
74.85392052
74.85392052
74.85392052
74.85392052
53.41644441
53.41102549
52.07373089
50.828216
49.65389417
47.28386313
46.17180573
44.53576103
43.82286735
44.95147593
42.57392185
40.96885531
38.69363229
37.05407488
0
0
0
0
0
0
0
0
0
0
0
0
0
0
0
0
0
0
0
0
0
0
0
0
0
0
0
74.85392052
74.85392052
74.85392052
74.85392052
74.85392052
74.85392052
74.85392052
74.85392052
74.85392052
74.85392052
74.85392052
74.85392052
74.85392052
74.85392052
74.85392052
74.85392052
74.85392052
74.85392052
74.85392052
74.85392052
74.85392052
74.85392052
74.85392052
74.85392052
74.85392052
74.85392052
74.85392052
74.85392052
74.85392052
74.85392052
74.85392052
74.85392052
74.85392052
74.85392052
74.85392052
74.85392052
74.85392052
74.85392052
74.85392052
74.85392052
74.85392052
74.85392052
74.85392052
74.85392052
74.85392052
74.85392052
74.85392052
74.85392052
74.85392052
74.85392052
74.85392052
74.85392052
74.85392052
74.85392052
74.85392052
74.85392052
74.85392052
74.85392052
74.85392052
74.85392052
74.85392052
74.85392052
74.85392052
74.85392052
74.85392052
74.85392052
74.85392052
74.85392052
74.85392052
74.85392052
74.85392052
74.85392052
74.85392052
74.85392052
74.85392052
74.85392052
74.85392052
74.85392052
74.85392052
51.00407259
46.64602745
42.13144539
38.50298251
0
0
0
0
0
0
0
0
0
0
0
0
0
0
0
0
0
0
0
0
0
0
0
0
0
0
0
0
0
0
0
0
0
0
0
0
0
0
0
0
0
0
0
0
0
0
0
0
0
0
0
0
0
0
0
0
0
0
0
0
0
0
0
0
0
0
0
0
0
0
0
0
0
0
0
0
0
0
0
0
0
0
0
0
0
0
0
0
0
0
0
0
0
0
0
0
0
0
0
0
0
0
0
0
0
0
0
0
0
0
0
0
0
74.85392052
74.85392052
74.85392052
74.85392052
74.85392052
74.85392052
74.85392052
74.85392052
74.85392052
74.85392052
74.85392052
74.85392052
74.85392052
74.85392052
74.85392052
74.85392052
74.85392052
74.85392052
74.85392052
74.85392052
74.85392052
74.85392052
74.85392052
74.85392052
74.85392052
74.85392052
74.85392052
74.85392052
74.85392052
74.85392052
74.85392052
74.85392052
74.85392052
74.85392052
74.85392052
74.85392052
74.85392052
74.85392052
74.85392052
74.85392052
74.85392052
74.85392052
74.85392052
74.85392052
74.85392052
74.85392052
74.85392052
74.85392052
74.85392052
74.85392052
74.85392052
74.85392052
74.85392052
74.85392052
74.85392052
74.85392052
74.85392052
74.85392052
74.85392052
74.85392052
74.85392052
74.85392052
74.85392052
74.85392052
74.85392052
74.85392052
74.85392052
74.85392052
74.85392052
74.85392052
74.85392052
74.85392052
74.85392052
74.85392052
74.85392052
74.85392052
74.85392052
74.85392052
74.85392052
74.85392052
74.85392052
74.85392052
74.85392052
74.85392052
74.85392052
74.85392052
74.85392052
74.85392052
74.85392052
74.85392052
74.85392052
74.85392052
74.85392052
74.85392052
74.85392052
74.85392052
74.85392052
74.85392052
74.85392052
74.85392052
74.85392052
74.85392052
74.85392052
74.85392052
74.85392052
74.85392052
74.85392052
74.85392052
74.85392052
74.85392052
74.85392052
74.85392052
74.85392052
74.85392052
74.85392052
74.85392052
74.85392052
74.85392052
74.85392052
74.85392052
74.85392052
74.85392052
74.85392052
74.85392052
74.85392052
74.85392052
74.85392052
74.85392052
74.85392052
74.85392052
74.85392052
74.85392052
51.08855031
53.27442275
59.87887467
67.08280362
72.0614528
74.85392052
74.85392052
74.85392052
74.73064896
74.85392052
74.85392052
74.08912188
74.17199106
73.30613436
73.3405769
73.69867117
74.47902729
74.85392052
74.85392052
74.85392052
74.85392052
74.85392052
74.85392052
74.85392052
74.85392052
74.85392052
74.85392052
74.85392052
74.85392052
74.85392052
74.85392052
74.85392052
74.85392052
74.85392052
74.85392052
74.85392052
74.85392052
74.85392052
74.85392052
74.85392052
74.85392052
74.85392052
53.06179284
51.98386568
49.61742091
46.64228133
44.53738972
0
0
0
0
0
0
0
0
0
0
0
0
0
0
0
0
0
0
0
0
0
0
0
0
0
0
0
0
0
0
0
0
0
0
0
0
0
0
0
0
0
0
0
0
0
0
0
0
0
0
0
0
0
0
0
0
0
0
0
0
0
0
0
0
0
0
0
0
0
0
0
0
0
0
0
0
0
0
0
0
0
0
0
0
0
0
0
0
0
0
0
0
0
0
0
0
0
0
0
0
0
0
0
0
0
0
0
0
0
0
0
74.85392052
74.85392052
74.85392052
74.85392052
74.85392052
74.85392052
74.85392052
74.85392052
74.85392052
74.85392052
74.85392052
74.85392052
74.85392052
74.85392052
74.85392052
74.85392052
74.85392052
74.85392052
74.85392052
74.85392052
74.85392052
74.85392052
74.85392052
74.85392052
74.85392052
74.85392052
74.85392052
74.85392052
74.85392052
74.85392052
74.85392052
74.85392052
74.85392052
74.85392052
74.85392052
74.85392052
74.85392052
74.85392052
74.85392052
74.85392052
74.85392052
74.85392052
74.85392052
74.85392052
74.85392052
74.85392052
74.85392052
74.85392052
74.85392052
74.85392052
74.85392052
0
0
0
0
0
0
0
0
0
0
0
0
0
0
74.85392052
74.85392052
74.85392052
74.85392052
74.85392052
74.85392052
74.85392052
74.85392052
74.85392052
74.85392052
74.85392052
74.85392052
74.85392052
74.85392052
74.85392052
74.85392052
74.85392052
74.85392052
74.85392052
74.85392052
74.85392052
74.85392052
74.85392052
74.85392052
74.85392052
74.85392052
74.85392052
74.85392052
74.85392052
74.85392052
74.85392052
74.85392052
74.85392052
74.85392052
74.85392052
74.85392052
74.85392052
74.85392052
74.85392052
74.85392052
74.85392052
74.85392052
74.85392052
74.85392052
74.85392052
74.85392052
74.85392052
74.85392052
74.85392052
74.85392052
74.85392052
74.85392052
74.85392052
74.85392052
74.85392052
74.85392052
74.85392052
74.85392052
74.85392052
74.85392052
74.85392052
74.85392052
74.85392052
74.85392052
74.85392052
74.85392052
74.85392052
74.85392052
74.85392052
74.85392052
74.85392052
74.85392052
74.85392052
74.85392052
74.85392052
74.85392052
74.85392052
74.85392052
74.85392052
74.85392052
74.85392052
74.85392052
74.85392052
74.85392052
74.85392052
74.85392052
74.85392052
74.85392052
74.85392052
74.85392052
74.85392052
74.85392052
74.85392052
74.85392052
74.85392052
74.85392052
74.85392052
74.85392052
74.85392052
74.85392052
74.85392052
74.85392052
74.85392052
74.85392052
74.85392052
74.85392052
74.85392052
74.85392052
74.85392052
74.85392052
74.85392052
74.85392052
74.85392052
74.85392052
74.85392052
74.85392052
74.85392052
74.85392052
74.85392052
74.85392052
74.85392052
74.85392052
74.85392052
74.85392052
74.85392052
74.85392052
74.85392052
74.85392052
74.85392052
74.85392052
74.85392052
74.85392052
74.85392052
74.85392052
74.85392052
74.85392052
74.85392052
74.85392052
74.85392052
74.85392052
74.85392052
74.85392052
74.85392052
74.85392052
74.85392052
74.85392052
74.85392052
74.85392052
74.85392052
74.85392052
74.85392052
74.85392052
74.85392052
74.85392052
74.85392052
74.85392052
74.85392052
74.85392052
74.85392052
74.85392052
74.85392052
74.85392052
74.85392052
74.85392052
74.85392052
74.85392052
74.85392052
74.85392052
74.85392052
49.40402004
46.98113911
45.69943397
45.37653559
43.4171191
43.34166245
42.60660674
42.96314924
41.97995296
41.88983109
42.98054084
43.39083259
43.82262324
44.31123967
44.20396715
43.17638023
42.90231789
41.80492519
40.4855337
38.45622403
38.24957144
37.83156656
36.83624241
36.84197003
37.10731458
36.73294848
36.43341069
0
0
0
0
0
0
0
0
0
0
0
0
0
0
0
0
0
0
0
0
0
0
0
0
0
0
0
0
0
0
0
0
0
0
0
0
0
0
0
0
0
0
0
0
0
0
0
0
0
0
0
0
0
0
0
0
0
0
0
0
0
0
0
0
0
0
0
0
0
0
0
0
0
0
0
0
0
0
0
0
0
0
0
0
0
0
0
0
0
0
0
0
0
0
0
0
0
0
0
0
0
0
0
0
0
0
0
0
0
0
0
0
0
0
0
0
0
0
0
0
0
0
0
0
0
74.85392052
74.85392052
74.85392052
74.85392052
74.85392052
74.85392052
74.85392052
74.85392052
74.85392052
74.85392052
74.85392052
74.85392052
74.85392052
74.85392052
74.85392052
74.85392052
74.85392052
74.85392052
74.85392052
74.85392052
74.85392052
74.85392052
74.85392052
74.85392052
74.85392052
74.85392052
74.85392052
74.85392052
74.85392052
74.85392052
74.85392052
74.85392052
74.85392052
74.85392052
74.85392052
74.85392052
74.85392052
74.85392052
74.85392052
74.85392052
74.85392052
74.85392052
74.85392052
74.85392052
74.85392052
74.85392052
74.85392052
74.85392052
74.85392052
53.12064735
51.75555472
50.22417629
49.09900604
47.9715986
46.7727048
46.39085361
45.76481293
46.34661296
45.53875415
44.92376708
40.84132695
0
0
0
0
0
0
0
0
0
0
0
0
0
0
0
0
0
0
0
0
0
0
0
0
0
0
0
0
0
0
0
0
0
0
0
0
0
0
0
0
0
0
0
0
0
0
0
0
0
0
0
0
0
0
0
0
0
0
0
0
0
0
0
0
0
0
0
0
0
0
0
0
0
0
0
0
0
0
0
0
0
0
0
0
0
0
0
0
0
0
0
0
0
0
0
0
0
0
0
0
0
0
0
0
0
0
0
0
0
0
0
0
0
0
0
0
0
0
0
0
0
0
0
0
0
0
0
0
0
0
0
0
74.85392052
74.85392052
74.85392052
74.85392052
74.85392052
74.85392052
74.85392052
74.85392052
74.85392052
74.85392052
74.85392052
74.85392052
74.85392052
74.85392052
74.85392052
74.85392052
74.85392052
74.85392052
74.85392052
74.85392052
74.85392052
74.85392052
74.85392052
74.85392052
74.85392052
74.85392052
74.85392052
74.85392052
74.85392052
74.85392052
74.85392052
74.85392052
74.85392052
74.85392052
74.85392052
74.85392052
74.85392052
74.85392052
74.85392052
74.85392052
74.85392052
74.85392052
74.85392052
74.85392052
74.85392052
74.85392052
74.85392052
51.05212701
47.65527616
43.89637629
41.69838062
39.88350924
38.96723637
38.02396651
37.51945877
36.76904668
0
0
0
0
0
0
0
0
0
0
0
0
0
0
0
0
0
0
0
0
0
0
0
0
0
0
0
0
0
0
0
0
0
0
0
0
0
0
0
0
0
0
0
74.85392052
74.85392052
74.85392052
74.85392052
74.85392052
74.85392052
74.85392052
74.85392052
74.85392052
74.85392052
74.85392052
74.85392052
74.85392052
74.85392052
74.85392052
74.85392052
74.85392052
74.85392052
74.85392052
74.85392052
74.85392052
74.85392052
74.85392052
74.85392052
74.85392052
74.85392052
54.35357214
55.51654294
57.02572119
57.73893335
56.80511368
59.28128901
57.73306632
58.33635632
55.8590531
55.85204563
55.50807948
53.43885979
51.09531361
48.142964
45.25191028
44.78983823
42.40845089
42.6724445
41.15900371
39.84782351
37.85756625
36.83677397
0
0
0
0
0
0
0
0
0
0
0
0
0
0
0
0
0
0
0
0
0
0
0
0
0
0
0
0
0
0
0
0
0
0
0
0
0
0
0
0
0
0
0
0
0
0
0
0
0
0
0
0
0
0
0
0
0
0
0
0
0
0
0
0
0
0
0
0
0
0
0
0
0
0
0
0
0
0
0
0
0
0
0
0
0
0
0
0
0
0
0
0
0
0
0
0
0
0
0
0
0
0
0
0
0
0
0
0
0
0
0
0
0
0
0
0
0
0
0
0
0
0
0
0
0
0
0
0
0
0
0
0
0
0
0
0
0
0
0
0
0
0
0
0
0
0
0
0
0
0
0
0
0
0
0
0
0
0
0
0
0
0
0
0
0
0
0
0
0
0
0
0
0
0
0
0
0
0
0
0
0
0
0
0
0
0
0
0
0
0
0
0
0
0
0
0
0
0
0
0
0
0
0
0
0
0
0
0
0
0
0
0
0
0
0
0
0
0
0
0
0
0
0
0
0
0
0
0
0
0
0
0
0
0
0
0
0
0
0
0
0
0
0
0
0
0
0
0
0
0
0
0
0
0
0
0
0
0
0
0
0
0
0
0
0
0
0
0
0
0
0
0
0
0
0
0
0
0
0
0
0
0
0
0
0
0
0
0
0
0
0
0
0
0
0
0
0
0
0
0
0
0
0
0
0
0
0
0
0
0
0
0
0
0
0
0
0
0
0
0
0
0
0
0
0
0
0
0
0
0
0
0
0
0
0
0
0
0
0
0
0
0
0
0
0
0
0
0
0
0
0
0
0
0
0
0
0
0
0
0
0
0
0
0
0
0
0
0
0
0
0
0
0
0
0
0
0
0
0
0
0
0
0
0
0
0
0
0
0
0
0
0
0
0
0
0
0
0
0
0
0
0
0
0
0
0
0
0
0
0
0
0
0
0
0
0
0
0
0
0
74.85392052
74.85392052
74.85392052
74.85392052
74.85392052
74.85392052
74.85392052
74.85392052
74.85392052
74.85392052
74.85392052
74.85392052
74.85392052
74.85392052
74.85392052
74.85392052
74.85392052
74.85392052
74.85392052
74.85392052
74.85392052
74.85392052
74.85392052
74.85392052
74.85392052
74.85392052
74.85392052
74.85392052
74.85392052
74.85392052
74.85392052
74.85392052
74.85392052
74.85392052
74.85392052
74.85392052
74.85392052
74.85392052
74.85392052
74.85392052
74.85392052
74.85392052
74.85392052
74.85392052
74.85392052
74.85392052
74.85392052
74.85392052
74.85392052
74.85392052
74.85392052
74.85392052
74.85392052
74.85392052
74.85392052
74.85392052
74.85392052
74.85392052
54.19009252
53.15520475
53.80386679
54.42640824
52.20050306
51.02339453
53.41022092
53.4160603
52.90625143
52.83756565
50.19197156
48.74237439
45.09369085
42.79571815
40.64510533
38.85672642
37.75446482
37.17265331
0
0
0
0
0
0
0
0
0
0
0
0
0
0
0
0
0
0
0
0
0
0
0
0
0
0
0
0
0
0
0
0
0
0
0
0
0
0
0
0
0
0
0
0
0
0
0
0
0
0
0
0
0
0
0
0
0
0
0
0
0
0
0
0
0
0
0
0
0
0
0
0
0
0
0
0
0
0
0
0
0
0
0
0
0
0
0
0
0
0
0
0
0
0
0
0
0
0
0
0
0
0
0
0
0
0
0
0
0
0
0
0
0
0
0
0
0
0
0
0
0
0
0
0
0
0
0
0
0
0
0
0
0
0
0
0
0
0
0
0
0
0
0
0
0
0
0
0
0
0
0
0
0
0
0
0
0
0
0
0
0
0
0
0
0
0
0
0
0
0
0
0
0
0
0
0
0
0
0
0
0
0
0
0
0
0
0
0
0
0
0
0
0
0
0
0
0
0
0
0
0
0
0
0
0
0
0
0
0
0
0
0
0
0
0
0
0
0
74.85392052
74.85392052
74.85392052
74.85392052
74.85392052
74.85392052
74.85392052
74.85392052
74.85392052
74.85392052
74.85392052
74.85392052
74.85392052
74.85392052
74.85392052
74.85392052
74.85392052
74.85392052
74.85392052
74.85392052
74.85392052
74.85392052
74.85392052
74.85392052
74.85392052
74.85392052
74.85392052
74.85392052
74.85392052
74.85392052
74.85392052
74.85392052
74.85392052
74.85392052
74.85392052
74.85392052
74.85392052
74.85392052
74.85392052
74.85392052
74.85392052
74.85392052
74.85392052
74.85392052
74.85392052
74.85392052
74.85392052
74.85392052
74.85392052
74.85392052
74.85392052
55.47362435
55.20291536
55.29533504
55.46712261
55.2728254
54.51598604
54.25681023
54.44359376
52.01272435
51.39005657
49.64353052
49.79013752
50.083038
49.22601637
48.27257601
47.7832919
47.67193414
47.22257902
48.25697403
48.35507327
48.18326702
46.76876687
46.49954779
45.82881857
45.5119135
42.78905021
39.97630342
0
0
0
0
0
0
0
0
0
0
0
0
0
0
0
0
0
0
0
0
0
0
0
0
0
0
0
0
0
0
0
0
0
0
0
0
0
0
0
0
0
0
0
0
0
0
0
0
0
0
0
0
0
0
0
0
0
0
0
0
0
0
0
0
0
0
0
0
0
0
0
0
0
0
0
0
0
0
0
0
0
0
0
0
0
0
0
0
0
0
0
0
0
0
0
0
0
0
0
0
0
0
0
0
0
0
0
0
0
0
0
0
0
0
0
0
0
0
0
0
0
0
0
0
0
0
0
0
0
0
0
0
0
0
0
0
0
0
0
0
0
0
0
0
0
0
0
0
0
0
0
0
0
0
0
0
0
0
0
0
0
0
0
0
0
0
0
0
0
0
0
0
0
0
0
0
0
0
0
0
0
0
0
0
0
0
0
0
0
0
0
0
0
0
0
0
0
0
0
0
0
0
0
0
0
74.85392052
74.85392052
74.85392052
74.85392052
74.85392052
74.85392052
74.85392052
74.85392052
74.85392052
74.85392052
74.85392052
74.85392052
74.85392052
74.85392052
74.85392052
74.85392052
74.85392052
74.85392052
74.85392052
74.85392052
74.85392052
74.85392052
74.85392052
74.85392052
74.85392052
74.85392052
74.85392052
74.85392052
74.85392052
74.85392052
74.85392052
74.85392052
74.85392052
74.85392052
74.85392052
74.85392052
74.85392052
74.85392052
74.85392052
74.85392052
74.85392052
74.85392052
74.85392052
74.85392052
74.85392052
74.85392052
74.85392052
74.85392052
74.85392052
74.85392052
74.85392052
74.85392052
74.85392052
74.85392052
74.85392052
74.85392052
74.85392052
74.85392052
74.85392052
74.85392052
74.85392052
74.85392052
74.85392052
74.85392052
74.85392052
74.85392052
74.85392052
74.85392052
74.85392052
74.85392052
74.85392052
74.85392052
74.85392052
74.85392052
74.85392052
74.85392052
74.85392052
74.85392052
74.85392052
74.85392052
74.85392052
74.85392052
74.85392052
74.85392052
74.85392052
74.85392052
74.85392052
74.85392052
74.85392052
74.85392052
74.85392052
74.85392052
74.85392052
74.85392052
74.85392052
74.85392052
74.85392052
74.85392052
74.85392052
74.85392052
74.85392052
74.85392052
74.85392052
74.85392052
74.85392052
74.85392052
74.85392052
74.85392052
74.85392052
74.85392052
74.85392052
74.85392052
74.85392052
74.85392052
74.85392052
74.85392052
74.85392052
74.85392052
74.85392052
74.85392052
74.85392052
74.85392052
74.85392052
74.85392052
74.85392052
74.85392052
74.85392052
74.85392052
74.85392052
74.85392052
74.85392052
54.50197553
53.58505335
53.08360059
54.9349285
59.0468382
59.01267287
57.1081841
54.3108442
50.98393195
49.96198775
49.43434134
48.59090813
48.08679291
46.04635994
44.45168177
43.88591076
45.13684066
44.59290311
43.16855845
42.41269368
40.86153817
39.63603337
37.98232523
0
0
0
0
0
0
0
0
0
0
0
0
0
0
0
0
0
0
0
0
0
0
0
0
0
0
0
0
0
0
0
0
0
0
0
0
0
0
0
0
74.85392052
74.85392052
74.85392052
74.85392052
74.85392052
74.85392052
74.85392052
74.85392052
74.85392052
74.85392052
74.85392052
74.85392052
74.85392052
74.85392052
74.85392052
74.85392052
74.85392052
74.85392052
74.85392052
74.85392052
74.85392052
74.85392052
74.85392052
74.85392052
74.85392052
74.85392052
74.85392052
74.85392052
74.85392052
74.85392052
74.85392052
74.85392052
74.85392052
74.85392052
74.85392052
74.85392052
74.85392052
74.85392052
74.85392052
74.85392052
74.85392052
74.85392052
74.85392052
74.85392052
74.85392052
74.85392052
74.85392052
74.85392052
74.85392052
74.85392052
74.85392052
74.85392052
74.85392052
74.85392052
74.85392052
74.85392052
74.85392052
74.85392052
74.85392052
74.85392052
74.85392052
74.85392052
74.85392052
74.85392052
74.85392052
74.85392052
74.85392052
74.85392052
74.85392052
74.85392052
74.85392052
74.85392052
74.85392052
74.85392052
74.85392052
74.85392052
74.85392052
74.85392052
74.85392052
74.85392052
74.85392052
74.85392052
74.85392052
74.85392052
74.85392052
74.85392052
74.85392052
74.85392052
74.85392052
74.85392052
74.85392052
74.85392052
74.85392052
74.85392052
74.85392052
74.85392052
74.85392052
74.85392052
74.85392052
74.85392052
74.85392052
74.85392052
74.85392052
74.85392052
74.85392052
74.85392052
74.85392052
74.85392052
74.85392052
74.85392052
74.85392052
74.85392052
74.85392052
74.85392052
74.85392052
74.85392052
74.85392052
74.85392052
74.85392052
74.85392052
74.85392052
74.85392052
74.85392052
74.85392052
74.85392052
74.85392052
74.85392052
74.85392052
74.85392052
74.85392052
74.85392052
74.85392052
74.85392052
74.85392052
74.85392052
74.85392052
74.85392052
74.85392052
74.85392052
74.85392052
74.85392052
74.85392052
74.85392052
74.85392052
74.85392052
74.85392052
74.85392052
74.85392052
74.85392052
74.85392052
74.85392052
74.85392052
74.85392052
74.85392052
74.85392052
74.85392052
74.85392052
74.85392052
74.85392052
74.85392052
74.85392052
74.85392052
74.85392052
74.85392052
74.85392052
74.85392052
74.85392052
74.85392052
74.85392052
74.85392052
74.85392052
74.85392052
74.85392052
74.85392052
74.85392052
74.85392052
74.85392052
74.85392052
74.85392052
74.85392052
74.85392052
74.85392052
74.85392052
74.85392052
74.85392052
74.85392052
74.85392052
74.85392052
74.85392052
74.85392052
74.85392052
74.85392052
74.85392052
74.85392052
74.85392052
74.85392052
74.85392052
74.85392052
74.85392052
74.85392052
74.85392052
74.85392052
74.85392052
74.85392052
74.85392052
74.85392052
74.85392052
74.85392052
74.85392052
74.85392052
74.85392052
74.85392052
74.85392052
74.85392052
74.85392052
74.85392052
74.85392052
74.85392052
74.85392052
74.85392052
74.85392052
74.85392052
74.85392052
74.85392052
74.85392052
74.85392052
74.85392052
74.85392052
74.85392052
74.85392052
74.85392052
74.85392052
74.85392052
74.85392052
74.85392052
74.85392052
74.85392052
74.85392052
74.85392052
74.85392052
74.85392052
74.85392052
74.85392052
74.85392052
74.85392052
74.85392052
74.85392052
74.85392052
74.85392052
53.75613454
52.52455978
52.62605635
52.85958683
54.80078562
57.07440485
59.13485472
63.80838912
65.02487398
65.05357805
65.74822691
66.29582907
66.69189706
65.98844817
66.19031399
67.16967794
65.82344514
68.12995089
67.76138533
67.97157581
66.72374419
66.31127025
65.42214978
61.41724334
59.01456182
58.87031418
58.27333233
55.10469334
0
0
0
0
0
0
0
0
0
0
0
0
0
0
0
0
0
0
0
0
0
0
0
0
0
0
0
0
0
0
0
0
0
0
0
0
0
0
0
0
0
0
0
0
0
0
0
0
0
0
0
0
0
0
0
0
0
0
0
0
0
0
0
0
0
0
0
0
0
0
0
0
0
0
0
0
0
0
0
0
0
0
0
0
0
0
0
0
0
0
0
0
0
0
0
0
0
0
0
0
0
0
0
0
0
0
0
0
0
0
0
0
74.85392052
74.85392052
74.85392052
74.85392052
74.85392052
74.85392052
74.85392052
74.85392052
74.85392052
74.85392052
74.85392052
74.85392052
74.85392052
74.85392052
74.85392052
74.85392052
74.85392052
74.85392052
74.85392052
74.85392052
74.85392052
74.85392052
74.85392052
74.85392052
74.85392052
74.85392052
53.92848008
54.03408396
53.48061039
52.46183051
51.52415621
51.11384826
51.47918052
54.65039038
56.68871367
54.9252878
53.62611485
54.67974187
53.79625425
52.64374284
0
0
0
0
0
0
0
0
0
0
0
0
0
0
0
0
0
0
0
0
0
0
0
0
0
0
0
0
0
0
0
0
0
0
0
0
0
0
0
0
0
0
0
0
0
0
0
0
0
0
0
0
0
0
0
0
0
0
0
0
0
0
0
0
0
0
0
0
0
0
0
0
0
0
0
0
0
0
0
0
0
0
0
0
0
0
0
0
0
0
0
0
0
0
0
0
0
0
0
0
0
0
0
0
0
0
0
0
0
0
0
0
0
0
0
0
0
0
0
0
0
0
0
0
0
0
0
0
0
0
0
0
0
0
0
0
0
0
0
0
0
0
0
0
0
0
0
0
0
0
0
0
0
0
0
0
0
0
0
0
0
0
0
0
0
0
0
0
0
0
0
0
0
0
0
0
0
0
0
0
0
0
0
0
0
0
0
0
0
0
0
0
0
0
0
0
0
0
0
0
0
0
0
0
0
0
0
0
0
0
0
0
0
0
0
0
0
0
0
0
0
0
0
0
0
0
0
0
0
0
0
0
0
0
0
0
0
0
0
0
0
0
0
0
0
0
0
0
0
0
0
0
0
0
0
0
0
0
0
0
0
0
0
0
0
0
0
0
0
0
0
0
0
0
0
0
0
0
0
0
0
0
0
0
0
0
0
0
0
0
0
0
0
0
0
0
0
0
0
0
0
0
0
0
0
0
0
0
0
0
0
0
0
0
0
0
0
0
0
0
0
0
0
0
0
0
0
0
0
0
0
0
0
0
0
0
0
0
0
0
74.85392052
74.85392052
74.85392052
74.85392052
74.85392052
74.85392052
74.85392052
74.85392052
74.85392052
74.85392052
74.85392052
74.85392052
74.85392052
74.85392052
74.85392052
74.85392052
74.85392052
74.85392052
74.85392052
74.85392052
74.85392052
74.85392052
74.85392052
74.85392052
74.85392052
74.85392052
74.85392052
74.85392052
74.85392052
74.85392052
74.85392052
53.03558177
51.93565315
52.23109403
53.75328707
53.97947932
53.58172383
53.36557627
52.58111292
52.31955737
51.80670259
51.07120434
50.60703482
50.13727492
49.24198083
48.04680636
47.49033017
47.0392228
45.84517554
45.30148712
43.69948719
42.74278041
41.67877915
40.0859992
39.20639097
38.47983188
37.06135411
0
0
0
0
0
0
0
0
0
0
0
0
0
0
0
0
0
0
0
0
0
0
0
0
0
0
0
0
0
0
0
0
0
0
0
0
0
0
0
0
0
0
0
74.85392052
74.85392052
74.85392052
74.85392052
74.85392052
74.85392052
74.85392052
74.85392052
74.85392052
74.85392052
74.85392052
74.85392052
74.85392052
74.85392052
74.85392052
74.85392052
74.85392052
74.85392052
74.85392052
74.85392052
74.85392052
74.85392052
74.85392052
74.85392052
53.52603665
52.35397659
53.86350082
53.17282701
51.17699799
50.98148949
52.02607186
52.59007438
52.54303089
50.43646283
49.36655285
48.62234286
47.87407044
47.52613434
47.6469561
48.28872329
49.99122935
50.07364751
50.46093891
50.3557703
50.3112403
50.403563
51.18907718
51.28497067
50.97387285
50.21814162
48.60762817
47.23623612
44.96005455
44.42745673
43.8308466
42.36912995
40.17008543
38.47748325
0
0
0
0
0
0
0
0
0
0
0
0
0
0
0
0
0
0
0
0
0
0
0
0
0
0
0
0
0
0
0
0
0
0
0
0
0
0
0
0
0
0
0
0
0
0
0
0
0
0
0
0
0
0
0
0
0
0
0
0
0
0
0
0
0
0
0
0
0
0
0
0
0
0
0
0
0
0
0
0
0
0
0
0
0
0
0
0
0
0
0
0
0
0
0
0
0
0
0
0
0
0
0
0
0
0
0
0
0
0
0
0
0
0
0
0
0
0
0
0
0
0
0
0
0
0
0
0
0
0
0
74.85392052
74.85392052
74.85392052
74.85392052
74.85392052
74.85392052
74.85392052
74.85392052
74.85392052
74.85392052
74.85392052
74.85392052
74.85392052
74.85392052
74.85392052
74.85392052
74.85392052
74.85392052
74.85392052
74.85392052
74.85392052
54.72088907
54.13199503
52.97002828
49.60925996
46.78997744
44.74457747
43.06355116
40.3519045
39.68028893
39.60361203
38.85733582
37.95225609
37.22537046
37.61965518
38.32860473
38.56598441
39.14952059
38.86581556
37.46298178
36.53586123
0
0
0
0
0
0
0
0
0
0
0
0
0
0
0
0
0
0
0
0
0
0
0
0
0
0
0
0
0
0
0
0
0
0
0
0
0
0
0
0
0
0
0
0
0
0
0
0
0
0
0
0
0
0
0
0
0
0
0
74.85392052
74.85392052
74.85392052
74.85392052
74.85392052
74.85392052
74.85392052
74.85392052
74.85392052
74.85392052
74.85392052
74.85392052
74.85392052
74.85392052
74.85392052
74.85392052
74.85392052
74.85392052
74.85392052
74.85392052
74.85392052
74.85392052
74.85392052
74.85392052
74.85392052
74.85392052
74.85392052
74.85392052
74.85392052
55.15373082
54.14280156
53.59089899
53.4580777
55.55089665
57.36888186
57.58387526
56.66366847
56.23206386
54.77042055
54.31636321
53.15240381
52.37388181
51.27710818
50.27744082
49.72925379
49.25624349
48.26114879
48.11273608
50.80930934
53.00307369
51.96551199
51.57562345
51.16520323
50.54962175
50.50183001
51.1338037
50.742725
50.7473923
50.46666736
50.67755522
51.03082245
50.65263013
51.03164908
51.78985923
53.4344847
54.46428305
55.55971889
55.33325928
54.95770257
56.83247296
57.01184807
57.05773512
58.75078025
59.01868513
60.28100558
59.95731816
62.2788893
61.68774784
62.36947601
61.73016434
62.86373698
63.83572746
66.00893447
68.39953619
70.84420301
72.41534758
72.86574293
73.19022337
74.54087341
74.85392052
74.85392052
74.85392052
74.85392052
74.85392052
74.85392052
74.85392052
74.85392052
74.85392052
74.85392052
74.85392052
74.85392052
74.85392052
74.85392052
74.85392052
74.85392052
74.85392052
74.85392052
74.85392052
74.85392052
74.85392052
74.85392052
74.85392052
74.85392052
74.85392052
74.85392052
74.85392052
74.85392052
74.85392052
74.85392052
74.85392052
74.85392052
74.85392052
74.85392052
74.85392052
74.85392052
74.85392052
74.85392052
74.85392052
74.85392052
74.85392052
74.85392052
74.85392052
74.85392052
74.85392052
74.85392052
74.85392052
74.85392052
74.85392052
74.85392052
74.85392052
74.85392052
74.85392052
74.85392052
74.85392052
74.85392052
74.85392052
74.85392052
74.85392052
74.85392052
74.85392052
74.85392052
74.85392052
74.85392052
74.85392052
74.85392052
74.85392052
74.85392052
74.85392052
74.85392052
74.85392052
74.85392052
74.85392052
74.85392052
74.85392052
74.85392052
74.85392052
74.85392052
74.85392052
74.85392052
74.85392052
74.85392052
74.85392052
74.85392052
74.85392052
74.85392052
74.85392052
74.85392052
74.85392052
74.85392052
74.85392052
74.85392052
74.85392052
74.85392052
74.85392052
74.85392052
74.85392052
74.85392052
74.85392052
74.85392052
74.85392052
74.85392052
74.85392052
74.85392052
74.85392052
74.85392052
74.85392052
74.85392052
74.85392052
74.85392052
74.85392052
74.85392052
74.85392052
74.85392052
74.85392052
74.85392052
74.85392052
74.85392052
74.85392052
74.85392052
74.85392052
74.85392052
74.85392052
74.85392052
74.85392052
74.85392052
74.85392052
74.85392052
74.85392052
74.85392052
74.85392052
74.85392052
74.85392052
74.85392052
74.85392052
74.85392052
74.85392052
74.85392052
74.85392052
74.85392052
74.85392052
74.85392052
74.85392052
74.85392052
74.85392052
74.85392052
74.85392052
74.85392052
74.85392052
74.85392052
51.3549191
48.373862
46.24238877
42.82055877
39.88067929
37.88321725
0
0
0
0
0
0
0
0
0
0
0
0
0
0
0
0
0
0
0
0
0
0
0
0
0
0
0
0
0
0
0
0
0
0
0
0
0
0
0
0
0
0
74.85392052
74.85392052
74.85392052
74.85392052
74.85392052
74.85392052
74.85392052
74.85392052
74.85392052
74.85392052
74.85392052
74.85392052
74.85392052
74.85392052
74.85392052
74.85392052
74.85392052
53.07623903
51.34143841
48.20422539
44.34480195
39.51698644
0
0
0
0
0
0
0
0
0
0
0
0
0
0
0
0
0
0
0
0
0
0
0
0
0
0
0
0
0
0
0
0
0
0
0
0
0
0
0
0
0
0
0
0
0
0
0
0
0
0
0
0
0
0
0
0
0
0
0
0
0
0
0
0
0
0
0
0
0
0
0
0
0
0
0
0
0
0
0
0
0
0
0
0
0
0
0
0
0
0
0
0
0
0
0
0
0
0
0
0
0
0
0
0
0
0
0
0
0
0
0
0
0
0
0
0
0
0
0
0
0
0
0
0
0
0
0
0
0
0
0
0
0
0
0
0
0
0
0
0
0
0
0
0
0
0
0
0
0
0
0
0
0
0
0
0
0
0
0
0
0
0
0
0
0
0
0
0
0
0
0
0
0
0
0
0
0
0
0
0
0
0
0
0
0
0
0
0
0
0
0
0
0
0
0
0
0
0
0
0
0
0
0
0
0
0
0
0
0
0
0
0
0
0
0
0
0
0
0
0
0
0
0
0
0
0
0
0
0
0
0
0
0
0
0
0
0
0
0
0
0
0
0
0
0
0
0
0
0
0
0
0
0
0
0
0
0
0
0
0
0
0
0
0
0
0
0
0
0
0
0
0
0
0
0
0
0
0
0
0
0
0
0
0
0
0
0
0
0
0
0
0
0
0
0
0
0
0
0
0
0
0
0
0
0
0
0
0
0
0
0
0
0
0
0
0
0
0
0
0
0
0
0
0
0
0
0
0
0
0
0
0
0
0
0
0
0
0
0
0
0
0
0
0
0
0
0
0
0
0
0
0
0
0
0
0
0
0
0
0
0
0
0
0
0
0
0
0
0
74.85392052
74.85392052
74.85392052
74.85392052
74.85392052
74.85392052
74.85392052
74.85392052
74.85392052
74.85392052
74.85392052
74.85392052
74.85392052
74.85392052
74.85392052
74.85392052
50.86513712
48.50106492
47.17379901
46.89356486
48.1326798
49.8935535
51.6101767
52.35176225
56.04132933
60.01124562
62.91577691
66.41697986
67.21148927
69.85643194
71.03451332
71.1402447
70.17209332
68.32314997
67.52823651
67.2672412
66.21698996
65.73979769
65.25290358
64.09121303
63.79614212
62.7943238
61.29894421
59.60314634
58.05245634
57.65369776
57.25071458
56.98089495
57.48483236
57.68091707
58.66791463
58.05471985
58.88146042
59.03896094
60.04233476
60.13228607
60.25731438
60.30994002
59.95984475
61.64351746
62.94542227
64.50015858
65.46813284
67.27649373
67.53770099
69.46744118
70.18691986
71.34666042
71.38668208
72.40493661
72.93479779
72.41337532
71.76492825
70.89297808
70.21553586
73.12806458
74.85392052
74.85392052
74.85392052
74.85392052
74.85392052
74.85392052
74.85392052
74.85392052
74.85392052
74.85392052
74.85392052
74.85392052
74.85392052
74.85392052
74.85392052
74.85392052
74.85392052
74.85392052
74.85392052
74.85392052
74.85392052
74.85392052
74.85392052
74.85392052
74.85392052
74.85392052
74.85392052
74.85392052
74.85392052
74.85392052
74.85392052
74.85392052
74.85392052
74.85392052
74.85392052
74.85392052
74.85392052
74.85392052
74.85392052
74.85392052
74.85392052
74.85392052
74.85392052
74.85392052
74.85392052
74.85392052
74.85392052
74.85392052
74.85392052
74.85392052
74.85392052
74.85392052
74.85392052
74.85392052
74.85392052
74.85392052
74.85392052
74.85392052
74.85392052
74.85392052
74.85392052
74.85392052
74.85392052
74.85392052
74.85392052
74.85392052
74.85392052
74.85392052
74.85392052
74.85392052
74.85392052
74.85392052
74.85392052
74.85392052
74.85392052
74.85392052
74.85392052
74.85392052
74.85392052
74.85392052
74.85392052
74.85392052
74.85392052
74.85392052
74.85392052
74.85392052
74.85392052
74.85392052
74.85392052
74.85392052
74.85392052
74.85392052
74.85392052
74.85392052
74.85392052
74.85392052
74.85392052
74.85392052
74.85392052
74.85392052
74.85392052
74.85392052
74.85392052
74.85392052
74.85392052
74.85392052
74.85392052
74.85392052
74.85392052
74.85392052
74.85392052
74.85392052
74.85392052
74.85392052
74.85392052
74.85392052
74.85392052
74.85392052
74.85392052
74.85392052
74.85392052
74.85392052
50.88043277
48.92750083
47.02040884
44.57136455
43.81474502
43.80494952
41.58665012
38.43225253
0
0
0
0
0
0
0
0
0
0
0
0
0
0
0
0
0
0
0
0
0
0
0
0
0
0
0
0
0
0
0
0
0
0
0
0
0
0
0
0
0
0
0
0
0
0
0
0
0
0
0
0
0
0
0
0
0
0
0
0
0
0
0
0
0
0
0
0
74.85392052
74.85392052
74.85392052
74.85392052
74.85392052
74.85392052
74.85392052
74.85392052
74.85392052
74.85392052
74.85392052
74.85392052
74.85392052
74.85392052
74.85392052
74.85392052
74.85392052
74.85392052
74.85392052
74.85392052
74.85392052
74.85392052
74.85392052
74.85392052
74.85392052
74.85392052
52.07053254
47.81100861
46.61968807
44.68657473
42.30625081
40.54191126
39.73536684
39.12695607
40.47759718
41.29595245
43.59553318
47.42912273
50.49931254
53.23550659
53.81799583
52.06907459
52.4344754
53.57701111
52.24562084
51.21427557
50.32506332
47.91325094
46.2074446
45.78102516
44.7042519
44.34182972
43.43671267
43.31990859
43.90857901
42.69424871
40.34691007
39.36644727
37.90885173
37.51601662
37.44658033
37.25396473
37.87623664
37.44839842
37.28176752
37.09208523
37.98289357
37.89963965
37.26435181
37.87758625
39.20910196
40.89940361
41.90167808
43.24554746
45.01743495
45.26386825
47.97153035
49.7786034
52.26509518
53.00728773
51.00141373
50.10271697
52.8316822
49.96618621
49.82012312
48.33595159
47.37965279
47.21999123
46.77901592
48.91213198
48.63573833
50.81985608
55.79606479
59.57211017
60.79320087
61.94648565
64.46485792
66.24189571
68.29137975
69.11154382
69.96210748
69.77112289
70.3905594
69.06700071
65.91579972
64.63497668
64.73343047
64.57538795
64.87287454
64.20833626
60.65614498
57.7311804
52.2325852
50.95121002
50.57310929
49.21592946
49.57540081
51.60131661
55.20887501
57.7267134
58.85005731
57.9421818
56.74775848
53.18803608
48.14404748
45.32222412
46.7893561
50.96904206
54.95846604
56.92100451
60.01639436
62.11922698
63.09244927
64.7845886
65.33290193
65.04267342
65.75043102
66.42993431
67.06830539
62.35296107
60.70265182
57.96016977
57.32766074
55.11208096
53.8288276
51.87132896
50.6472791
50.72913676
50.76669326
50.9821837
50.52297035
50.92745823
49.79489268
48.08800603
45.69516228
44.92697776
44.75586757
43.01917935
40.96396726
40.75634328
39.6879344
38.23629825
36.49056818
0
0
0
0
0
0
0
0
0
0
0
0
0
0
0
0
0
0
0
0
0
0
0
0
0
0
0
0
0
0
0
0
0
0
0
0
0
0
0
0
0
0
0
0
0
0
0
0
0
0
0
0
0
0
0
0
0
0
0
0
0
0
0
0
0
0
0
0
0
0
0
0
0
0
0
0
0
0
0
0
0
0
0
0
0
0
0
0
0
0
0
0
0
0
0
0
0
0
0
0
0
0
0
0
0
0
0
0
0
0
0
0
0
0
0
0
0
0
0
0
0
0
0
0
0
0
0
0
0
0
0
0
0
0
0
0
0
0
0
0
0
0
0
0
0
0
0
0
0
0
0
0
0
0
0
0
0
0
0
0
0
0
0
0
0
0
0
0
0
0
0
0
0
0
0
0
0
0
0
0
0
0
0
0
0
0
0
0
0
0
0
0
0
0
0
0
0
0
0
0
0
0
0
0
0
0
0
0
0
0
0
0
0
0
0
0
0
0
0
0
0
0
0
0
0
0
0
0
0
74.85392052
74.85392052
74.85392052
74.85392052
74.85392052
74.85392052
74.85392052
74.85392052
74.85392052
74.85392052
74.85392052
74.85392052
74.85392052
74.85392052
74.85392052
74.85392052
74.85392052
74.85392052
74.85392052
74.85392052
74.85392052
74.85392052
74.85392052
74.85392052
74.85392052
74.85392052
74.85392052
74.85392052
74.85392052
74.85392052
74.85392052
74.85392052
74.85392052
74.85392052
74.85392052
74.85392052
74.85392052
53.35794463
52.12255159
51.96339715
50.38346291
50.11742052
49.3647353
49.17206283
48.10785742
47.7272611
47.13012114
46.91087917
46.65811726
45.50596277
44.65999371
44.30896838
43.94671337
43.39330615
43.40036031
43.47798803
43.4685647
43.74894688
43.99582966
44.06986968
43.79389406
0
0
0
0
0
0
0
0
0
0
0
0
0
0
0
0
0
0
0
0
0
0
0
0
0
0
0
0
0
0
0
0
0
0
0
0
0
0
0
0
0
0
0
0
0
0
0
0
0
0
0
0
0
0
0
0
0
0
0
0
0
0
0
0
0
0
0
0
0
0
0
0
0
0
0
0
0
0
0
0
0
0
0
0
0
0
0
0
0
0
0
0
0
0
0
0
0
0
0
0
0
0
0
0
0
0
0
0
0
0
0
0
0
0
0
0
0
0
0
0
0
0
0
0
0
0
0
0
0
0
0
0
0
0
0
0
0
0
0
0
0
0
0
0
0
0
0
0
0
0
0
0
0
0
0
0
0
0
0
0
0
0
0
0
0
0
0
0
0
0
0
0
0
0
0
0
0
0
0
0
0
0
0
0
0
0
0
0
0
0
0
0
0
0
0
0
0
0
0
0
0
0
0
0
0
0
0
0
0
0
0
0
0
0
0
0
0
0
0
74.85392052
74.85392052
74.85392052
74.85392052
74.85392052
74.85392052
74.85392052
74.85392052
74.85392052
74.85392052
74.85392052
74.85392052
74.85392052
74.85392052
74.85392052
74.85392052
74.85392052
74.85392052
74.85392052
74.85392052
74.85392052
74.85392052
74.85392052
74.85392052
74.85392052
74.85392052
74.85392052
51.2972736
49.49785377
45.97208569
43.21143898
41.0975388
38.8438212
37.15181861
0
0
0
0
0
0
0
0
0
0
0
0
0
0
0
0
0
0
0
0
0
0
0
0
0
0
0
0
0
0
0
0
0
0
0
0
0
0
0
0
0
0
0
0
0
0
0
0
0
0
0
0
0
0
0
0
0
0
0
0
0
0
0
0
0
0
0
0
0
0
0
0
0
0
0
0
0
0
0
0
0
0
0
0
0
0
0
0
0
0
0
0
0
0
0
0
0
0
0
0
0
0
0
0
0
0
0
0
0
0
0
0
0
0
0
0
0
0
0
0
0
0
0
0
0
0
0
0
0
0
0
0
0
0
0
0
0
0
0
0
0
0
0
0
0
0
0
0
0
0
0
0
0
0
0
0
0
0
0
0
0
0
0
0
0
0
0
0
0
0
0
0
0
0
74.85392052
74.85392052
74.85392052
74.85392052
74.85392052
74.85392052
74.85392052
74.85392052
74.85392052
74.85392052
74.85392052
74.85392052
74.85392052
74.85392052
74.85392052
52.38527197
51.10519892
50.68845072
51.05552346
50.85273531
51.13524706
50.07403757
50.44904117
52.58268361
52.83797489
52.80912398
51.85114652
50.76550736
48.88633944
46.31188024
45.90692776
45.21460886
44.98324416
43.33261154
41.92119588
41.1547378
40.41594613
39.21021875
38.08348759
37.90699498
38.10385336
38.21312628
37.99224839
38.89394801
39.57812047
39.60417343
40.76670844
40.83566694
42.25653158
42.28299098
41.7837529
42.9241222
42.7487882
42.39597714
42.84283225
42.86268019
43.19085177
44.32198844
44.83877465
43.74650535
45.66691763
45.68828461
46.86916082
46.70942977
47.87961387
48.59328249
48.1585523
47.38315058
46.91026308
46.8356217
47.30455671
48.38400136
49.37041652
50.77392988
52.15595686
52.93653069
53.90081788
55.16947718
57.38662062
59.17136951
60.56590644
61.71907329
62.81636976
62.62061254
62.41557686
62.77132074
64.70489064
66.25236958
66.83683932
65.79960485
66.74528631
66.47847756
65.98791191
65.44058863
65.49781782
65.54688016
66.12414197
68.11346077
70.86382228
73.49249583
74.44083756
72.17326275
72.62031879
71.39727232
69.89606175
68.53265302
65.58109128
62.55768476
58.47779756
56.06383201
53.51793278
50.33225539
49.25912085
49.23415279
51.42457401
53.5982957
56.16562117
59.44847069
62.93874619
65.36810411
65.49945729
65.54494674
65.48565804
64.40103058
62.79890956
61.49965179
59.50146673
58.07712208
55.99632546
54.87841469
53.60155595
51.72696107
48.92789165
44.23837581
41.05611457
37.03861767
0
0
0
0
0
0
0
0
0
0
0
0
0
0
0
0
0
0
0
0
0
0
0
0
0
0
0
0
0
0
0
0
0
0
0
0
0
0
0
0
0
0
0
0
0
0
0
0
0
0
0
0
0
0
0
0
0
0
0
0
0
0
0
0
0
0
0
0
0
0
0
0
0
0
0
0
0
0
0
0
0
0
0
0
0
0
0
0
0
0
0
0
0
0
0
0
0
0
0
0
0
0
0
0
0
0
0
0
0
0
0
0
0
0
0
0
0
0
0
0
0
0
0
0
0
0
0
0
0
0
0
0
0
0
0
0
0
0
0
0
0
0
0
0
0
0
0
0
0
0
0
0
0
0
0
0
0
0
0
0
0
0
0
0
0
0
0
0
0
0
0
0
0
0
0
0
0
0
0
0
0
0
0
0
0
0
0
0
0
0
0
0
0
0
0
0
0
0
0
0
0
0
0
0
0
0
0
0
0
0
0
0
0
0
0
0
0
0
0
0
0
0
0
0
0
0
0
0
0
0
0
0
0
0
0
0
0
0
0
0
0
0
0
0
0
0
0
0
0
0
0
0
0
0
0
0
0
0
0
0
0
0
0
0
0
0
0
0
0
0
0
0
0
0
0
0
0
0
0
0
0
0
0
0
0
0
0
0
0
0
0
0
0
0
0
0
0
0
0
0
0
0
0
0
0
0
0
0
0
0
0
0
0
0
0
0
0
0
0
0
0
0
0
0
0
0
0
0
0
0
0
0
0
0
0
0
74.85392052
74.85392052
74.85392052
74.85392052
74.85392052
74.85392052
74.85392052
74.85392052
74.85392052
74.85392052
74.85392052
74.85392052
74.85392052
74.85392052
74.85392052
51.24073301
48.66878105
48.51112123
46.28452365
44.95480047
41.81345233
40.10508814
39.95353945
40.7193777
40.72045406
42.23420371
44.10679623
44.86957694
45.76383959
46.57229244
47.23295278
49.07608683
48.85262569
48.28578667
47.92256781
47.23528731
44.41241251
40.79561574
38.27241837
36.96805115
37.28145516
38.26054447
39.55276234
38.75234942
41.07204486
42.87889862
43.69720948
40.99896619
42.2704666
41.40029123
39.9413598
37.10369848
0
0
0
0
0
0
0
0
0
0
0
0
0
0
0
0
0
0
0
0
0
0
0
0
0
0
0
0
0
0
0
0
0
0
0
0
0
0
0
0
0
0
0
0
0
0
0
0
0
0
0
0
0
0
0
0
0
0
0
0
0
0
0
0
0
0
0
0
0
0
0
0
0
0
0
0
0
0
0
0
0
0
0
0
0
0
0
0
0
0
0
0
0
0
0
0
0
0
0
0
0
0
0
0
0
0
0
0
0
0
0
0
0
0
0
0
0
0
0
0
0
0
0
0
0
0
0
0
0
0
0
0
0
0
0
0
0
0
0
0
0
0
0
0
0
0
0
0
0
0
0
0
0
0
0
0
0
0
0
0
0
0
0
0
0
0
0
0
0
0
0
0
0
0
0
0
0
0
0
0
0
0
0
0
0
0
0
0
0
0
0
0
0
0
0
0
0
0
0
0
0
0
0
0
0
0
0
0
0
0
0
0
0
0
0
0
0
0
0
0
0
0
0
0
0
0
0
0
0
0
0
0
0
0
0
0
0
0
0
0
0
0
0
0
0
0
0
0
0
0
0
0
0
0
0
0
0
0
0
0
0
0
0
0
0
0
0
0
0
0
0
0
0
0
0
0
0
0
0
0
0
0
0
0
0
0
0
0
0
0
0
0
0
0
0
0
0
0
0
0
0
0
0
0
0
0
0
0
0
0
0
0
0
0
0
0
0
0
0
0
0
0
0
0
0
0
0
0
0
0
0
0
0
0
0
0
0
0
0
0
0
0
0
0
0
0
0
0
0
0
0
0
0
0
0
0
0
0
0
0
0
0
0
0
0
0
0
0
0
0
0
0
0
0
0
0
0
0
0
0
0
0
0
0
0
0
0
0
0
0
0
0
0
0
0
0
0
0
0
0
0
0
0
0
0
0
0
0
0
0
0
0
0
0
0
0
0
0
0
0
0
0
0
0
0
0
0
0
0
0
0
0
0
0
0
0
0
0
0
0
0
0
0
0
0
0
0
0
0
0
0
0
0
0
0
0
0
0
0
0
0
0
0
0
0
0
0
0
0
0
0
0
0
0
0
0
0
0
0
0
0
0
0
0
0
0
0
0
0
0
0
0
0
0
0
0
0
0
0
0
0
0
0
0
0
0
0
0
0
0
0
0
0
0
0
0
0
0
0
0
0
0
0
0
0
0
0
0
0
0
0
0
0
0
0
0
0
0
0
0
0
0
0
0
0
0
0
0
0
0
0
0
0
0
0
0
0
0
0
0
0
0
0
0
0
0
0
0
0
0
0
0
0
0
0
0
0
0
0
0
0
0
0
0
0
0
0
0
0
0
0
0
0
0
0
0
0
0
0
0
0
0
0
0
0
0
0
0
0
0
0
0
0
0
0
0
0
0
0
0
0
0
0
0
0
0
0
0
0
0
0
0
0
0
0
0
0
0
0
0
0
0
0
0
0
0
0
0
0
0
0
0
0
0
0
0
0
0
0
0
0
0
0
0
0
0
0
0
0
0
0
0
0
0
0
0
0
0
0
0
0
0
0
0
0
0
0
0
0
0
0
0
0
0
0
0
0
0
0
0
0
0
0
0
0
0
0
0
0
0
0
0
0
0
0
0
0
0
0
0
0
0
0
0
0
0
0
0
0
0
0
0
0
0
0
0
0
0
0
0
0
0
0
0
0
0
0
0
0
0
0
0
0
0
0
0
0
0
0
0
0
0
0
0
0
0
0
0
0
0
0
0
0
0
0
0
0
0
0
0
0
0
0
0
0
0
0
0
0
0
0
0
0
0
0
0
0
0
0
0
0
0
0
0
0
0
0
0
0
0
0
0
0
0
0
0
0
0
0
0
0
0
0
0
0
0
0
0
0
0
0
0
0
0
0
0
0
0
0
0
0
0
0
0
0
0
0
0
0
0
0
0
0
0
0
0
0
0
0
0
0
0
0
0
0
0
0
0
0
0
0
0
0
0
0
0
0
0
0
0
0
0
0
0
0
0
0
0
0
0
0
0
0
0
0
0
0
0
0
0
0
0
0
0
0
0
0
0
0
0
0
0
0
0
0
0
0
0
0
0
0
0
0
0
0
0
0
0
0
0
0
0
0
0
0
0
0
0
0
0
0
0
0
0
0
0
0
0
0
0
0
0
0
0
0
0
0
0
0
0
0
0
0
0
0
0
0
0
0
0
0
0
0
0
0
0
0
0
0
0
0
0
0
0
0
0
0
0
0
0
0
0
0
0
0
0
0
0
0
0
0
0
0
0
0
0
0
0
0
0
0
0
0
0
0
0
0
0
0
0
0
0
0
0
0
0
0
0
0
0
0
0
0
0
0
0
0
0
0
0
0
0
0
0
0
0
0
0
0
0
0
0
0
0
0
0
0
0
0
0
0
0
0
0
0
0
0
0
0
0
0
0
0
0
0
0
0
0
0
0
0
0
0
0
0
0
0
0
0
0
0
0
0
0
0
0
0
0
0
0
0
0
0
0
0
0
0
0
0
0
0
0
0
0
0
0
0
0
0
0
0
0
0
0
0
0
0
0
0
0
0
0
0
0
0
0
0
0
0
0
0
0
0
0
0
0
0
0
0
0
0
0
0
0
0
0
0
0
0
0
0
0
0
0
0
0
0
0
0
0
0
0
0
0
0
0
0
0
0
0
0
0
0
0
0
0
0
0
0
0
0
0
0
0
0
0
0
0
0
0
0
0
0
0
0
0
0
0
0
0
0
0
0
0
0
0
0
0
0
0
0
0
0
0
0
0
0
0
0
0
0
0
0
0
0
0
0
0
0
0
0
0
0
0
0
0
0
0
0
0
0
0
0
0
0
0
0
0
0
0
0
0
0
0
0
0
0
0
0
0
0
0
0
0
0
0
0
0
0
0
0
0
0
0
0
0
0
0
0
0
0
0
0
0
0
0
0
0
0
0
0
0
0
0
0
0
0
0
0
0
0
0
0
0
0
0
0
0
0
0
0
0
0
0
0
0
0
0
0
0
0
0
0
0
0
0
0
0
0
0
0
0
0
0
0
0
0
0
0
0
0
0
0
0
0
0
0
0
0
0
0
0
0
0
0
0
0
0
0
0
0
0
0
0
0
0
0
0
0
0
0
0
0
0
0
0
0
0
0
0
0
0
0
0
0
0
0
0
0
0
0
0
0
0
0
0
0
0
0
0
0
0
0
0
0
0
0
0
0
0
0
0
0
0
0
0
0
0
0
0
0
0
0
0
0
0
0
0
0
0
0
0
0
0
0
0
0
0
0
0
0
0
0
0
0
0
0
0
0
0
0
0
0
0
0
0
0
0
0
0
0
0
0
0
0
0
0
0
0
0
0
0
0
0
0
0
0
0
0
0
0
0
0
0
0
0
0
0
0
0
0
0
0
0
0
0
0
0
0
0
0
0
0
0
0
0
0
0
0
0
0
0
0
0
0
0
0
0
0
0
0
0
0
0
0
0
0
0
0
0
0
0
0
0
0
0
0
0
0
0
0
0
0
0
0
0
0
0
0
0
0
0
0
0
0
0
0
0
0
0
0
0
0
0
0
0
0
0
0
0
0
0
0
0
0
0
0
0
0
0
0
0
0
0
0
0
0
0
0
0
0
0
0
0
0
0
0
0
0
0
0
0
0
0
0
0
0
0
0
0
0
0
0
0
0
0
0
0
0
0
0
0
0
0
0
0
0
0
0
0
0
0
0
0
0
0
0
0
0
0
0
0
0
0
0
0
0
0
0
0
0
0
0
0
0
0
0
0
0
0
0
0
0
0
0
0
0
0
0
0
0
0
0
0
0
0
0
0
0
0
0
0
0
0
0
0
0
0
0
0
0
0
0
0
0
0
0
0
0
0
0
0
0
0
0
0
0
0
0
0
0
0
0
0
0
0
0
0
0
0
0
0
0
0
0
0
0
0
0
0
0
0
0
0
0
0
0
0
0
0
0
0
0
0
0
0
0
0
0
0
0
0
0
0
0
0
0
0
0
0
0
0
0
0
0
0
0
0
0
0
0
0
0
0
0
0
0
0
0
0
0
0
0
0
0
0
0
0
0
0
0
0
0
0
0
0
0
0
0
0
0
0
0
0
0
0
0
0
0
0
0
0
0
0
0
0
0
0
0
0
0
0
0
0
0
0
0
0
0
0
0
0
0
0
0
0
0
0
0
0
0
0
0
0
0
0
0
0
0
0
0
0
0
0
0
0
0
0
0
0
0
0
0
0
0
0
0
0
0
0
0
0
0
0
0
0
0
0
0
0
0
0
0
0
0
0
0
0
0
0
0
0
0
0
0
0
0
0
0
0
0
0
0
0
0
0
0
0
0
0
0
0
0
0
0
0
0
0
0
0
0
0
0
0
0
0
0
0
0
0
0
0
0
0
0
0
0
0
0
0
0
0
0
0
0
0
0
0
0
0
0
0
0
0
0
0
0
0
0
0
0
0
0
0
0
0
0
0
0
0
0
0
0
0
0
0
0
0
0
0
0
0
0
0
0
0
0
0
0
0
0
0
0
0
0
0
0
0
0
0
0
0
0
0
0
0
0
0
0
0
0
0
0
0
0
0
0
0
0
0
0
0
0
0
0
0
0
0
0
0
0
0
0
0
0
0
0
0
0
0
0
0
0
0
0
0
0
0
0
0
0
0
0
0
0
0
0
0
0
0
0
0
0
0
0
0
0
0
0
0
0
0
0
0
0
0
0
0
0
0
0
0
0
0
0
0
0
0
0
0
0
0
0
0
0
0
0
0
0
0
0
0
0
0
0
0
0
0
0
0
0
0
0
0
0
0
0
0
0
0
0
0
0
0
0
0
0
0
0
0
0
0
0
0
0
0
0
0
0
0
0
0
0
0
0
0
0
0
0
0
0
0
0
0
0
0
0
0
0
0
0
0
0
0
0
0
0
0
0
0
0
0
0
0
0
0
0
0
0
0
0
0
0
0
0
0
0
0
0
0
0
0
0
0
0
0
0
0
0
0
0
0
0
0
0
0
0
0
0
0
0
0
0
0
0
0
0
0
0
0
0
0
0
0
0
0
0
0
0
0
0
0
0
0
0
0
0
0
0
0
0
0
0
0
0
0
0
0
0
0
0
0
0
0
0
0
0
0
0
0
0
0
0
0
0
0
0
0
0
0
0
0
0
0
0
0
0
0
0
0
0
0
0
0
0
0
0
0
0
0
0
0
0
0
0
0
0
0
0
0
0
0
0
0
0
0
0
0
0
0
0
0
0
0
0
0
0
0
0
0
0
0
0
0
0
0
0
0
0
0
0
0
0
0
0
0
0
0
0
0
0
0
0
0
0
0
0
0
0
0
0
0
0
0
0
0
0
0
0
0
0
0
0
0
0
0
0
0
0
0
0
0
0
0
0
0
0
0
0
0
0
0
0
0
0
0
0
0
0
0
0
0
0
0
0
0
0
0
0
0
0
0
0
0
0
0
0
0
0
0
0
0
0
0
0
0
0
0
0
0
0
0
0
0
0
0
0
0
0
0
0
0
0
0
0
0
0
0
0
0
0
0
0
0
0
0
0
0
0
0
0
0
0
0
0
0
0
0
0
0
0
0
0
0
0
0
0
0
0
0
0
0
0
0
0
0
0
0
0
0
0
0
0
0
0
0
0
0
0
0
0
0
0
0
0
0
0
0
0
0
0
0
0
0
0
0
0
0
0
0
0
0
0
0
0
0
0
0
0
0
0
0
0
0
0
0
0
0
0
0
0
0
0
0
0
0
0
0
0
0
0
0
0
0
0
0
0
0
0
0
0
0
0
0
0
0
0
0
0
0
0
0
0
0
0
0
0
0
0
0
0
0
0
0
0
0
0
0
0
0
0
0
0
0
0
0
0
0
0
0
0
0
0
0
0
0
0
0
0
0
0
0
0
0
0
0
0
0
0
0
0
0
0
0
0
0
0
0
0
0
0
0
0
0
0
0
0
0
0
0
0
0
0
0
0
0
0
0
0
0
0
0
0
0
0
0
0
0
0
0
0
0
0
0
0
0
0
0
0
0
0
0
0
0
0
0
0
0
0
0
0
0
0
0
0
0
0
0
0
0
0
0
0
0
0
0
0
0
0
0
0
0
0
0
0
0
0
0
0
0
0
0
0
0
0
0
0
0
0
0
0
0
0
0
0
0
0
0
0
0
0
0
0
0
0
0
0
0
0
0
0
0
0
0
0
0
0
0
0
0
0
0
0
0
0
0
0
0
0
0
0
0
0
0
0
0
0
0
0
0
0
0
0
0
0
0
0
0
0
0
0
0
0
0
0
0
0
0
0
0
0
0
0
0
0
0
0
0
0
0
0
0
0
0
0
0
0
0
0
0
0
0
0
0
0
0
0
0
0
0
0
0
0
0
0
0
0
0
0
0
0
0
0
0
0
0
0
0
0
0
0
0
0
0
0
0
0
0
0
0
0
0
0
0
0
0
0
0
0
0
0
0
0
0
0
0
0
0
0
0
0
0
0
0
0
0
0
0
0
0
0
0
0
0
0
0
0
0
0
0
0
0
0
0
0
0
0
0
0
0
0
0
0
0
0
0
0
0
0
0
0
0
0
0
0
0
0
0
0
0
0
0
0
0
0
0
0
0
0
0
0
0
0
0
0
0
0
0
0
0
0
0
0
0
0
0
0
0
0
0
0
0
0
0
0
0
0
0
0
0
0
0
0
0
0
0
0
0
0
0
0
0
0
0
0
0
0
0
0
0
0
0
0
0
0
0
0
0
0
0
0
0
0
0
0
0
0
0
0
0
0
0
0
0
0
0
0
0
0
0
0
0
0
0
0
0
0
0
0
0
0
0
0
0
0
0
0
0
0
0
0
0
0
0
0
0
0
0
0
0
0
0
0
0
0
0
0
0
0
0
0
0
0
0
0
0
0
0
0
0
0
0
0
0
0
0
0
0
0
0
0
0
0
0
0
0
0
0
0
0
0
0
0
0
0
0
0
0
0
0
0
0
0
0
0
0
0
0
0
0
0
0
0
0
0
0
0
0
0
0
0
0
0
0
0
0
0
0
0
0
0
0
0
0
0
0
0
0
0
0
0
0
0
0
0
0
0
0
0
0
0
0
0
0
0
0
0
0
0
0
0
0
0
0
0
0
0
0
0
0
0
0
0
0
0
0
0
0
0
0
0
0
0
0
0
0
0
0
0
0
0
0
0
0
0
0
0
0
0
0
0
0
0
0
0
0
0
0
0
0
0
0
0
0
0
0
0
0
0
0
0
0
0
0
0
0
0
0
0
0
0
0
0
0
0
0
0
0
0
0
0
0
0
0
0
0
0
0
0
0
0
0
0
0
0
0
0
0
0
0
0
0
0
0
0
0
0
0
0
0
0
0
0
0
0
0
0
0
0
0
0
0
0
0
0
0
0
0
0
0
0
0
0
0
0
0
0
0
0
0
0
0
0
0
0
0
0
0
0
0
0
0
0
0
0
0
0
0
0
0
0
0
0
0
0
0
0
0
0
0
0
0
0
0
0
0
0
0
0
0
0
0
0
0
0
0
0
0
0
0
0
0
0
0
0
0
0
0
0
0
0
0
0
0
0
0
0
0
0
0
0
0
0
0
0
0
0
0
0
0
0
0
0
0
0
0
0
0
0
0
0
0
0
0
0
0
0
0
0
0
0
0
0
0
0
0
0
0
0
0
0
0
0
0
0
0
0
0
0
0
0
0
0
0
0
0
0
0
0
0
0
0
0
0
0
0
0
0
0
0
0
0
0
0
0
0
0
0
0
0
0
0
0
0
0
0
0
0
0
0
0
0
0
0
0
0
0
0
0
0
0
0
0
0
0
0
0
0
0
0
0
0
0
0
0
0
0
0
0
0
0
0
0
0
0
0
0
0
0
0
0
0
0
0
0
0
0
0
0
0
0
0
0
0
0
0
0
0
0
0
0
0
0
0
0
0
0
0
0
0
0
0
0
0
0
0
0
0
0
0
0
0
0
0
0
0
0
0
0
0
0
0
0
0
0
0
0
0
0
0
0
0
0
0
0
0
0
0
0
0
0
0
0
0
0
0
0
0
0
0
0
0
0
0
0
0
0
0
0
0
0
0
0
0
0
0
0
0
0
0
0
0
0
0
0
0
0
0
0
0
0
0
0
0
0
0
0
0
0
0
0
0
0
0
0
0
0
0
0
0
0
0
0
0
0
0
0
0
0
0
0
0
0
0
0
0
0
0
0
0
0
0
0
0
0
0
0
0
0
0
0
0
0
0
0
0
0
0
0
0
0
0
0
0
0
0
0
0
0
0
0
0
0
0
0
0
0
0
0
0
0
0
0
0
0
0
0
0
0
0
0
0
0
0
0
0
0
0
0
0
0
0
0
0
0
0
0
0
0
0
0
0
0
0
0
0
0
0
0
0
0
0
0
0
0
0
0
0
0
0
0
0
0
0
0
0
0
0
0
0
0
0
0
0
0
0
0
0
0
0
0
0
0
0
0
0
0
0
0
0
0
0
0
0
0
0
0
0
0
0
0
0
0
0
0
0
0
0
0
0
0
0
0
0
0
0
0
0
0
0
0
0
0
0
0
0
0
0
0
0
0
0
0
0
0
0
0
0
0
0
0
0
0
0
0
0
0
0
0
0
0
0
0
0
0
0
0
0
0
0
0
0
0
0
0
0
0
0
0
0
0
0
0
0
0
0
0
0
0
0
0
0
0
0
0
0
0
0
0
0
0
0
0
0
0
0
0
0
0
0
0
0
0
0
0
0
0
0
0
0
0
0
0
0
0
0
0
0
0
0
0
0
0
0
0
0
0
0
0
0
0
0
0
0
0
0
0
0
0
0
0
0
0
0
0
0
0
0
0
0
0
0
0
0
0
0
0
0
0
0
0
0
0
0
0
0
0
0
0
0
0
0
0
0
0
0
0
0
0
0
0
0
0
0
0
0
0
0
0
0
0
0
0
0
0
0
0
0
0
0
0
0
0
0
0
0
0
0
0
0
0
0
0
0
0
0
0
0
0
0
0
0
0
0
0
0
0
0
0
0
0
0
0
0
0
0
0
0
0
0
0
0
0
0
0
0
0
0
0
0
0
0
0
0
0
0
0
0
0
0
0
0
0
0
0
0
0
0
0
0
0
0
0
0
0
0
0
0
0
0
0
0
0
0
0
0
0
0
0
0
0
0
0
0
0
0
0
0
0
0
0
0
0
0
0
0
0
0
0
0
0
0
0
0
0
0
0
0
0
0
0
0
0
0
0
0
0
0
0
0
0
0
0
0
0
0
0
0
0
0
0
0
0
0
0
0
0
0
0
0
0
0
0
0
0
0
0
0
0
0
0
0
0
0
0
0
0
0
0
0
0
0
0
0
0
0
0
0
0
0
0
0
0
0
0
0
0
0
0
0
0
0
0
0
0
0
0
0
0
0
0
0
0
0
0
0
0
0
0
0
0
0
0
0
0
0
0
0
0
0
0
0
0
0
0
0
0
0
0
0
0
0
0
0
0
0
0
0
0
0
0
0
0
0
0
0
0
0
0
0
0
0
0
0
0
0
0
0
0
0
0
0
0
0
0
0
0
0
0
0
0
0
0
0
0
0
0
0
0
0
0
0
0
0
0
0
0
0
0
0
0
0
0
0
0
0
0
0
0
0
0
0
0
0
0
0
0
0
0
0
0
0
0
0
0
0
0
0
0
0
0
0
0
0
0
0
0
0
0
0
0
0
0
0
0
0
0
0
0
0
0
0
0
0
0
0
0
0
0
0
0
0
0
0
0
0
0
0
0
0
0
0
0
0
0
0
0
0
0
0
0
0
0
0
0
0
0
0
0
0
0
0
0
0
0
0
0
0
0
0
0
0
0
0
0
0
0
0
0
0
0
0
0
0
0
0
0
0
0
0
0
0
0
0
0
0
0
0
0
0
0
0
0
0
0
0
0
0
0
0
0
0
0
0
0
0
0
0
0
0
0
0
0
0
0
0
0
0
0
0
0
0
0
0
0
0
0
0
0
0
0
0
0
0
0
0
0
0
0
0
0
0
0
0
0
0
0
0
0
0
0
0
0
0
0
0
0
0
0
0
0
0
0
0
0
0
0
0
0
0
0
0
0
0
0
0
0
0
0
0
0
0
0
0
0
0
0
0
0
0
0
0
0
0
0
0
0
0
0
0
0
0
0
0
0
0
0
0
0
0
0
0
0
0
0
0
0
0
0
0
0
0
0
0
0
0
0
0
0
0
0
0
0
0
0
0
0
0
0
0
0
0
0
0
0
0
0
0
0
0
0
0
0
0
0
0
0
0
0
0
0
0
0
0
0
0
0
0
0
0
0
0
0
0
0
0
0
0
0
0
0
0
0
0
0
0
0
0
0
0
0
0
0
0
0
0
0
0
0
0
0
0
0
0
0
0
0
0
0
0
0
0
0
0
0
0
0
0
0
0
0
0
0
0
0
0
0
0
0
0
0
0
0
0
0
0
0
0
0
0
0
0
0
0
0
0
0
0
0
0
0
0
0
0
0
0
0
0
0
0
0
0
0
0
0
0
0
0
0
0
0
0
0
0
0
0
0
0
0
0
0
0
0
0
0
0
0
0
0
0
0
0
0
0
0
0
0
0
0
0
0
0
0
0
0
0
0
0
0
0
0
0
0
0
0
0
0
0
0
0
0
0
0
0
0
0
0
0
0
0
0
0
0
0
0
0
0
0
0
0
0
0
0
0
0
0
0
0
0
0
0
0
0
0
0
0
0
0
0
0
0
0
0
0
0
0
0
0
0
0
0
0
0
0
0
0
0
0
0
0
0
0
0
0
0
0
0
0
0
0
0
0
0
0
0
0
0
0
0
0
0
0
0
0
0
0
0
0
0
0
0
0
0
0
0
0
0
0
0
0
0
0
0
0
0
0
0
0
0
0
0
0
0
0
0
0
0
0
0
0
0
0
0
0
0
0
0
0
0
0
0
0
0
0
0
0
0
0
0
0
0
0
0
0
0
0
0
0
0
0
0
0
0
0
0
0
0
0
0
0
0
0
0
0
0
0
0
0
0
0
0
0
0
0
0
0
0
0
0
0
0
0
0
0
0
0
0
0
0
0
0
0
0
0
0
0
0
0
0
0
0
0
0
0
0
0
0
0
0
0
0
0
0
0
0
0
0
0
0
0
0
0
0
0
0
0
0
0
0
0
0
0
0
0
0
0
0
0
0
0
0
0
0
0
0
0
0
0
0
0
0
0
0
0
0
0
0
0
0
0
0
0
0
0
0
0
0
0
0
0
0
0
0
0
0
0
0
0
0
0
0
0
0
0
0
0
0
0
0
0
0
0
0
0
0
0
0
0
0
0
0
0
0
0
0
0
0
0
0
0
0
0
0
0
0
0
0
0
0
0
0
0
0
0
0
0
0
0
0
0
0
0
0
0
0
0
0
0
0
0
0
0
0
0
0
0
0
0
0
0
0
0
0
0
0
0
0
0
0
0
0
0
0
0
0
0
0
0
0
0
0
0
0
0
0
0
0
0
0
0
0
0
0
0
0
0
0
0
0
0
0
0
0
0
0
0
0
0
0
0
0
0
0
0
0
0
0
0
0
0
0
0
0
0
0
0
0
0
0
0
0
0
0
0
0
0
0
0
0
0
0
0
0
0
0
0
0
0
0
0
0
0
0
0
0
0
0
0
0
0
0
0
0
0
0
0
0
0
0
0
0
0
0
0
0
0
0
0
0
0
0
0
0
0
0
0
0
0
0
0
0
0
0
0
0
0
0
0
0
0
0
0
0
0
0
0
0
0
0
0
0
0
0
0
0
0
0
0
0
0
0
0
0
0
0
0
0
0
0
0
0
0
0
0
0
0
0
0
0
0
0
0
0
0
0
0
0
0
0
0
0
0
0
0
0
0
0
0
0
0
0
0
0
0
0
0
0
0
0
0
0
0
0
0
0
0
0
0
0
0
0
0
0
0
0
0
0
0
0
0
0
0
0
0
0
0
0
0
0
0
0
0
0
0
0
0
0
0
0
0
0
0
0
0
0
0
0
0
0
0
0
0
0
0
0
0
0
0
0
0
0
0
0
0
0
0
0
0
0
0
0
0
0
0
0
0
0
0
0
0
0
0
0
0
0
0
0
0
0
0
0
0
0
0
0
0
0
0
0
0
0
0
0
0
0
0
0
0
0
0
0
0
0
0
0
0
0
0
0
0
0
0
0
0
0
0
0
0
0
0
0
0
0
0
0
0
0
0
0
0
0
0
0
0
0
0
0
0
0
0
0
0
0
0
0
0
0
0
0
0
0
0
0
0
0
0
0
0
0
0
0
0
0
0
0
0
0
0
0
0
0
0
0
0
0
0
0
0
0
0
0
0
0
0
0
0
0
0
0
0
0
0
0
0
0
0
0
0
0
0
0
0
0
0
0
0
0
0
0
0
0
0
0
0
0
0
0
0
0
0
0
0
0
0
0
0
0
0
0
0
0
0
0
0
0
0
0
0
0
0
0
0
0
0
0
0
0
0
0
0
0
0
0
0
0
0
0
0
0
0
0
0
0
0
0
0
0
0
0
0
0
0
0
0
0
0
0
0
0
0
0
0
0
0
0
0
0
0
0
0
0
0
0
0
0
0
0
0
0
0
0
0
0
0
0
0
0
0
0
0
0
0
0
0
0
0
0
0
0
0
0
0
0
0
0
0
0
0
0
0
0
0
0
0
0
0
0
0
0
0
0
0
0
0
0
0
0
0
0
0
0
0
0
0
0
0
0
0
0
0
0
0
0
0
0
0
0
0
0
0
0
0
0
0
0
0
0
0
0
0
0
0
0
0
0
0
0
0
0
0
0
0
0
0
0
0
0
0
0
0
0
0
0
0
0
0
0
0
0
0
0
0
0
0
0
0
0
0
0
0
0
0
0
0
0
0
0
0
0
0
0
0
0
0
0
0
0
0
0
0
0
0
0
0
0
0
0
0
0
0
0
0
0
0
0
0
0
0
0
0
0
0
0
0
0
0
0
0
0
0
0
0
0
0
0
0
0
0
0
0
0
0
0
0
0
0
0
0
0
0
0
0
0
0
0
0
0
0
0
0
0
0
0
0
0
0
0
0
0
0
0
0
0
0
0
0
0
0
0
0
0
0
0
0
0
0
0
0
0
0
0
0
0
0
0
0
0
0
0
0
0
0
0
0
0
0
0
0
0
0
0
0
0
0
0
0
0
0
0
0
0
0
0
0
0
0
0
0
0
0
0
0
0
0
0
0
0
0
0
0
0
0
0
0
0
0
0
0
0
0
0
0
0
0
0
0
0
0
0
0
0
0
0
0
0
0
0
0
0
0
0
0
0
0
0
0
0
0
0
0
0
0
0
0
0
0
0
0
0
0
0
0
0
0
0
0
0
0
0
0
0
0
0
0
0
0
0
0
0
0
0
0
0
0
0
0
0
0
0
0
0
0
0
0
0
0
0
0
0
0
0
0
0
0
0
0
0
0
0
0
0
0
0
0
0
0
0
0
0
0
0
0
0
0
0
0
0
0
0
0
0
0
0
0
0
0
0
0
0
0
0
0
0
0
0
0
0
0
0
0
0
0
0
0
0
0
0
0
0
0
0
0
0
0
0
0
0
0
0
0
0
0
0
0
0
0
0
0
0
0
0
0
0
0
0
0
0
0
0
0
0
0
0
0
0
0
0
0
0
0
0
0
0
0
0
0
0
0
0
0
0
0
0
0
0
0
0
0
0
0
0
0
0
0
0
0
0
0
0
0
0
0
0
0
0
0
0
0
0
0
0
0
0
0
0
0
0
0
0
0
0
0
0
0
0
0
0
0
0
0
0
0
0
0
0
0
0
0
0
0
0
0
0
0
0
0
0
0
0
0
0
0
0
0
0
0
0
0
0
0
0
0
0
0
0
0
0
0
0
0
0
0
0
0
0
0
0
0
0
0
0
0
0
0
0
0
0
0
0
0
0
0
0
0
0
0
0
0
0
0
0
0
0
0
0
0
0
0
0
0
0
0
0
0
0
0
0
0
0
0
0
0
0
0
0
0
0
0
0
0
0
0
0
0
0
0
0
0
0
0
0
0
0
0
0
0
0
0
0
0
0
0
0
0
0
0
0
0
0
0
0
0
0
0
0
0
0
0
0
0
0
0
0
0
0
0
0
0
0
0
0
0
0
0
0
0
0
0
0
0
0
0
0
0
0
0
0
0
0
0
0
0
0
0
0
0
0
0
0
0
0
0
0
0
0
0
0
0
0
0
0
0
0
0
0
0
0
0
0
0
0
0
0
0
0
0
0
0
0
0
0
0
0
0
0
0
0
0
0
0
0
0
0
0
0
0
0
0
0
0
0
0
0
0
0
0
0
0
0
0
0
0
0
0
0
0
0
0
0
0
0
0
0
0
0
0
0
0
0
0
0
0
0
0
0
0
0
0
0
0
0
0
0
0
0
0
0
0
0
0
0
0
0
0
0
0
0
0
0
0
0
0
0
0
0
0
0
0
0
0
0
0
0
0
0
0
0
0
0
0
0
0
0
0
0
0
0
0
0
0
0
0
0
0
0
0
0
0
0
0
0
0
0
0
0
0
0
0
0
0
0
0
0
0
0
0
0
0
0
0
0
0
0
0
0
0
0
0
0
0
0
0
0
0
0
0
0
0
0
0
0
0
0
0
0
0
0
0
0
0
0
0
0
0
0
0
0
0
0
0
0
0
0
0
0
0
0
0
0
0
0
0
0
0
0
0
0
0
0
0
0
0
0
0
0
0
0
0
0
0
0
0
0
0
0
0
0
0
0
0
0
0
0
0
0
0
0
0
0
0
0
0
0
0
0
0
0
0
0
0
0
0
0
0
0
0
0
0
0
0
0
74.85392052
74.85392052
74.85392052
74.85392052
74.85392052
74.85392052
74.85392052
74.85392052
74.85392052
74.85392052
74.85392052
74.85392052
74.85392052
74.85392052
74.85392052
74.85392052
74.85392052
74.85392052
74.85392052
74.85392052
74.85392052
74.85392052
74.85392052
74.85392052
74.85392052
74.85392052
74.85392052
74.85392052
74.85392052
74.85392052
74.85392052
74.85392052
74.85392052
74.85392052
52.48578439
49.71185803
46.8353189
44.11947684
41.76016149
39.74098516
38.20597942
36.55432982
0
0
0
0
0
0
0
0
0
0
0
0
0
0
0
0
0
0
0
0
0
0
0
0
0
0
0
0
0
0
0
0
0
0
0
0
0
0
0
0
0
0
0
0
0
0
0
0
0
0
0
0
0
0
0
0
0
0
0
0
0
0
0
0
0
0
0
0
0
0
0
0
0
0
0
0
0
0
0
0
0
0
0
0
0
0
0
0
0
0
0
0
0
0
0
0
0
0
0
0
0
0
0
0
0
0
0
0
0
0
0
0
0
0
0
0
0
0
0
0
0
0
0
0
0
0
0
0
0
0
0
0
0
0
0
0
0
0
0
0
0
0
0
0
0
0
0
0
0
0
0
0
0
0
0
0
0
0
0
0
0
0
0
0
0
0
0
0
0
0
0
0
0
0
0
0
0
0
0
0
0
0
0
0
0
0
0
0
0
0
0
0
0
0
0
0
0
0
0
0
0
0
0
0
0
0
0
0
0
0
0
0
0
0
0
0
0
0
0
0
0
0
0
0
0
0
0
0
0
0
0
0
0
0
0
0
0
0
0
0
0
0
0
0
0
0
0
0
0
0
0
0
0
0
0
0
0
0
0
0
0
0
0
0
0
0
0
0
0
0
0
0
0
0
0
0
0
0
0
0
0
0
0
0
0
0
0
0
0
0
0
0
0
0
0
0
0
0
0
0
0
0
0
0
0
0
0
0
0
0
0
0
0
0
0
0
0
0
0
0
0
0
0
0
0
0
0
0
0
0
0
0
0
0
0
0
0
0
0
0
0
0
0
0
0
0
0
0
0
0
0
0
0
0
0
0
0
0
0
0
0
0
0
0
0
0
0
0
0
0
0
0
0
0
0
0
0
0
0
0
0
0
0
0
0
0
0
0
0
0
0
0
0
0
0
0
0
0
0
0
0
0
0
0
0
0
0
0
0
0
0
0
0
0
0
0
0
0
0
0
0
0
0
0
0
0
0
0
0
0
0
0
0
0
0
0
0
0
0
0
0
0
0
0
0
0
0
0
0
0
0
0
0
0
0
0
0
0
0
0
0
0
0
0
0
0
0
0
0
0
0
0
0
0
0
0
0
0
0
0
0
0
0
0
0
0
0
0
0
0
0
0
0
0
0
0
0
0
0
0
0
0
0
0
0
0
0
0
0
0
0
0
0
0
0
0
0
0
0
0
0
0
0
0
0
0
0
0
0
0
0
0
0
0
0
0
0
0
0
0
0
0
0
0
0
0
0
0
0
0
0
0
0
0
0
0
0
0
0
0
0
0
0
0
0
0
0
0
0
0
0
0
0
0
0
0
0
0
0
0
0
0
0
0
0
0
0
0
0
0
0
0
0
0
0
0
0
0
0
0
0
0
0
0
0
0
0
0
0
0
0
0
0
0
0
0
0
0
0
0
0
0
0
0
0
0
0
0
0
0
0
0
0
0
0
0
0
0
0
0
0
0
0
0
0
0
0
0
0
0
0
0
0
0
0
0
0
0
0
0
0
0
0
0
0
0
0
0
0
0
0
0
0
0
0
0
0
0
0
0
0
0
0
0
0
0
0
0
0
0
0
0
0
0
0
0
0
0
0
0
0
0
0
0
0
0
0
0
0
0
0
0
0
0
0
0
0
0
0
0
0
0
0
0
0
0
0
0
0
0
0
0
0
0
0
0
0
0
0
0
0
0
0
0
0
0
0
0
0
0
0
0
0
0
0
0
0
0
0
0
0
0
0
0
0
0
0
0
0
0
0
0
0
0
0
0
0
0
0
0
0
0
0
0
0
0
0
0
0
0
0
0
0
0
0
0
0
0
0
0
0
0
0
0
0
0
0
0
0
0
0
0
0
0
0
0
0
0
0
0
0
0
0
0
0
0
0
0
0
0
0
0
0
0
0
0
0
0
0
0
0
0
0
0
0
0
0
0
0
0
0
0
0
0
0
0
0
0
0
0
0
0
0
0
0
0
0
0
0
0
0
0
0
0
0
0
0
0
0
0
0
0
0
0
0
0
0
0
0
0
0
0
0
0
0
0
0
0
0
0
0
0
0
0
0
0
0
0
0
0
0
0
0
0
0
0
0
0
0
0
0
0
0
0
0
0
0
0
0
0
0
0
0
0
0
0
0
0
0
0
0
0
0
0
0
0
0
0
0
0
0
0
0
0
0
0
0
0
0
0
0
0
0
0
0
0
0
0
0
0
0
0
0
0
0
0
0
0
0
0
0
0
0
0
0
0
0
0
0
0
0
0
0
0
0
0
0
0
0
0
0
0
0
0
0
0
0
0
0
0
0
0
0
0
0
0
0
0
0
0
0
0
0
0
0
0
0
0
0
0
0
0
0
0
0
0
0
0
0
0
0
0
0
0
0
0
0
0
0
0
0
0
0
0
0
0
0
0
0
0
0
0
0
0
0
0
0
0
0
0
0
0
0
0
0
0
0
0
0
0
0
0
0
0
0
0
0
0
0
0
0
0
0
0
0
0
0
0
0
0
0
0
0
0
0
0
0
0
0
0
0
0
0
0
0
0
0
0
0
0
0
0
0
0
0
0
0
0
0
0
0
0
0
0
0
0
0
0
0
0
0
0
0
0
0
0
0
0
0
0
0
0
0
0
0
0
0
0
0
0
0
0
0
0
0
0
0
0
0
0
0
0
0
0
0
0
0
0
0
0
0
0
0
0
0
0
0
0
0
0
0
0
0
0
0
0
0
0
0
0
0
0
0
0
0
0
0
0
0
0
0
0
0
0
0
0
0
0
0
0
0
0
0
0
0
0
0
0
0
0
0
0
0
0
0
0
0
0
0
0
0
0
0
0
0
0
0
0
0
0
0
0
0
0
0
0
0
0
0
0
0
0
0
0
0
0
0
0
0
0
0
0
0
0
0
0
0
0
0
0
0
0
0
0
0
0
0
0
0
0
0
0
0
0
0
0
0
0
0
0
0
0
0
0
0
0
0
0
0
0
0
0
0
0
0
0
0
0
0
0
0
0
0
0
0
0
0
0
0
0
0
0
0
0
0
0
0
0
0
0
0
0
0
0
0
0
0
0
0
0
0
0
0
0
0
0
0
0
0
0
0
0
0
0
0
0
0
0
0
0
0
0
0
0
0
0
0
0
0
0
0
0
0
0
0
0
0
0
0
0
0
0
0
0
0
0
0
0
0
0
0
0
0
0
0
0
0
0
0
0
0
0
0
0
0
0
0
0
0
0
0
0
0
0
0
0
0
0
0
0
0
0
0
0
0
0
0
0
0
0
0
0
0
0
0
0
0
0
0
0
0
0
0
0
0
0
0
0
0
0
0
0
0
0
0
0
0
0
0
0
0
0
0
0
0
0
0
0
0
0
0
0
0
0
0
0
0
0
0
0
0
0
0
0
0
0
0
0
0
0
0
0
0
0
0
0
0
0
0
0
0
0
0
0
0
0
0
0
0
0
0
0
0
0
0
0
0
0
0
0
0
0
0
0
0
0
0
0
0
0
0
0
0
0
0
0
0
0
0
0
0
0
0
0
0
0
0
0
0
0
0
0
0
0
0
0
0
0
0
0
0
0
0
0
0
0
0
0
0
0
0
0
0
0
0
0
0
0
0
0
0
0
0
0
0
0
0
0
0
0
0
0
0
0
0
0
0
0
0
0
0
0
0
0
0
0
0
0
0
0
0
0
0
0
0
0
0
0
0
0
0
0
0
0
0
0
0
0
0
0
0
0
0
0
0
0
0
0
0
0
0
0
0
0
0
0
0
0
0
0
0
0
0
0
0
0
0
0
0
0
0
0
0
0
0
0
0
0
0
0
0
0
0
0
0
0
0
0
0
0
0
0
0
0
0
0
0
0
0
0
0
0
0
0
0
0
0
0
0
0
0
0
0
0
0
0
0
0
0
0
0
0
0
0
0
0
0
0
0
0
0
0
0
0
0
0
0
0
0
0
0
0
0
0
0
0
0
0
0
0
0
0
0
0
0
0
0
0
0
0
0
0
0
0
0
0
0
0
0
0
0
0
0
0
0
0
0
0
0
0
0
0
0
0
0
0
0
0
0
0
0
0
0
0
0
0
0
0
0
0
0
0
0
0
0
0
0
0
0
0
0
0
0
0
0
0
0
0
0
0
0
0
0
0
0
0
0
0
0
0
0
0
0
0
0
0
0
0
0
0
0
0
0
0
0
0
0
0
0
0
0
0
0
0
0
0
0
0
0
0
0
0
0
0
0
0
0
0
0
0
0
0
0
0
0
0
0
0
0
0
0
0
0
0
0
0
0
0
0
0
0
0
0
0
0
0
0
0
0
0
0
0
0
0
0
0
0
0
0
0
0
0
0
0
0
0
0
0
0
0
0
0
0
0
0
0
0
0
0
0
0
0
0
0
0
0
0
0
0
0
0
0
0
0
0
0
0
0
0
0
0
0
0
0
0
0
0
0
0
0
0
0
0
0
0
0
0
0
0
0
0
0
0
0
0
0
0
0
0
0
0
0
0
0
0
0
0
0
0
0
0
0
0
0
0
0
0
0
0
0
0
0
0
0
0
0
0
0
0
0
0
0
0
0
0
0
0
0
0
0
0
0
0
0
0
0
0
0
0
0
0
0
0
0
0
0
0
0
0
0
0
0
0
0
0
0
0
0
0
0
0
0
0
0
0
0
0
0
0
0
0
0
0
0
0
0
0
0
0
0
0
0
0
0
0
0
0
0
0
0
0
0
0
0
0
0
0
0
0
0
0
0
0
0
0
0
0
0
0
0
0
0
0
0
0
0
0
0
0
0
0
0
0
0
0
0
0
0
0
0
0
0
0
0
0
0
0
0
0
0
0
0
0
0
0
0
0
0
0
0
0
0
0
0
0
0
0
0
0
0
0
0
0
0
0
0
0
0
0
0
0
0
0
0
0
0
0
0
0
0
0
0
0
0
0
0
0
0
0
0
0
0
0
0
0
0
0
0
0
0
0
0
0
0
0
0
0
0
0
0
0
0
0
0
0
0
0
0
0
0
0
0
0
0
0
0
0
0
0
0
0
0
0
0
0
0
0
0
0
0
0
0
0
0
0
0
0
0
0
0
0
0
0
0
0
0
0
0
0
0
0
0
0
0
0
0
0
0
0
0
0
0
0
0
0
0
0
0
0
0
0
0
0
0
0
0
0
0
0
0
0
0
0
0
0
0
0
0
0
0
0
0
0
0
0
0
0
0
0
0
0
0
0
0
0
0
0
0
0
0
0
0
0
0
0
0
0
0
0
0
0
0
0
0
0
0
0
0
0
0
0
0
0
0
0
0
0
0
0
0
0
0
0
0
0
0
0
0
0
0
0
0
0
0
0
0
0
0
0
0
0
0
0
0
0
0
0
0
0
0
0
0
0
0
0
0
0
0
0
0
0
0
0
0
0
0
0
0
0
0
0
0
0
0
0
0
0
0
0
0
0
0
0
0
0
0
0
0
0
0
0
0
0
0
0
0
0
0
0
0
0
0
0
0
0
0
0
0
0
0
0
0
0
0
0
0
0
0
0
0
0
0
0
0
0
0
0
0
0
0
0
0
0
0
0
0
0
0
0
0
0
0
0
0
0
0
0
0
0
0
0
0
0
0
0
0
0
0
0
0
0
0
0
0
0
0
0
0
0
0
0
0
0
0
0
0
0
0
0
0
0
0
0
0
0
0
0
0
0
0
0
0
0
0
0
0
0
0
0
0
0
0
0
0
0
0
0
0
0
0
0
0
0
0
0
0
0
0
0
0
0
0
0
0
0
0
0
0
0
0
0
0
0
0
0
0
0
0
0
0
0
0
0
0
0
0
0
0
0
0
0
0
0
0
0
0
0
0
0
0
0
0
0
0
0
0
0
0
0
0
0
0
0
0
0
0
0
0
0
0
0
0
0
0
0
0
0
0
0
0
0
0
0
0
0
0
0
0
0
0
0
0
0
0
0
0
0
0
0
0
0
0
0
0
0
0
0
0
0
0
0
0
0
0
0
0
0
0
0
0
0
0
0
0
0
0
0
0
0
0
0
0
0
0
0
0
0
0
0
0
0
0
0
0
0
0
0
0
0
0
0
0
0
0
0
0
0
0
0
0
0
0
0
0
0
0
0
0
0
0
0
0
0
0
0
0
0
0
0
0
0
0
0
0
0
0
0
0
0
0
0
0
0
0
0
0
0
0
0
0
0
0
0
0
0
0
0
0
0
0
0
0
0
0
0
0
0
0
0
0
0
0
0
0
0
0
0
0
0
0
0
0
0
0
0
0
0
0
0
0
0
0
0
0
0
0
0
0
0
0
0
0
0
0
0
0
0
0
0
0
0
0
0
0
0
0
0
0
0
0
0
0
0
0
0
0
0
0
0
0
0
0
0
0
0
0
0
0
0
0
0
0
0
0
0
0
0
0
0
0
0
0
0
0
0
0
0
0
0
0
0
0
0
0
0
0
0
0
0
0
0
0
0
0
0
0
0
0
0
0
0
0
0
0
0
0
0
0
0
0
0
0
0
0
0
0
0
0
0
0
0
0
0
0
0
0
0
0
0
0
0
0
0
0
0
0
0
0
0
0
0
0
0
0
0
0
0
0
0
0
0
0
0
0
0
0
0
0
0
0
0
0
0
0
0
0
0
0
0
0
0
0
0
0
0
0
0
0
0
0
0
0
0
0
0
0
0
0
0
0
0
0
0
0
0
0
0
0
0
0
0
0
0
0
0
0
0
0
0
0
0
0
0
0
0
0
0
0
0
0
0
0
0
0
0
0
0
0
0
0
0
0
0
0
0
0
0
0
0
0
0
0
0
0
0
0
0
0
0
0
0
0
0
0
0
0
0
0
0
0
0
0
0
0
0
0
0
0
0
0
0
0
0
0
0
0
0
0
0
0
0
0
0
0
0
0
0
0
0
0
0
0
0
0
0
0
0
0
0
0
0
0
0
0
0
0
0
0
0
0
0
0
0
0
0
0
0
0
0
0
0
0
0
0
0
0
0
0
0
0
0
0
0
0
0
0
0
0
0
0
0
0
0
0
0
0
0
0
0
0
0
0
0
0
0
0
0
0
0
0
0
0
0
0
0
0
0
0
0
0
0
0
0
0
0
0
0
0
0
0
0
0
0
0
0
0
0
0
0
0
0
0
0
0
0
0
0
0
0
0
0
0
0
0
0
0
0
0
0
0
0
0
0
0
0
0
0
0
0
0
0
0
0
0
0
0
0
0
0
0
0
0
0
0
0
0
0
0
0
0
0
0
0
0
0
0
0
0
0
0
0
0
0
0
74.85392052
74.85392052
74.85392052
74.85392052
74.85392052
74.85392052
74.85392052
74.85392052
74.85392052
74.85392052
74.85392052
74.85392052
74.85392052
74.85392052
74.85392052
74.85392052
74.85392052
74.85392052
74.85392052
74.85392052
74.85392052
74.85392052
74.85392052
74.85392052
74.85392052
74.85392052
74.85392052
74.85392052
55.16633795
54.96004699
52.09629454
48.64645971
44.34772419
41.30274099
40.68281843
40.11932013
39.05768352
37.45354037
0
0
0
0
0
0
0
0
0
0
0
0
0
0
0
0
0
0
0
0
0
0
0
0
0
0
0
0
0
0
0
0
0
0
0
0
0
0
0
0
0
0
0
0
0
0
0
0
0
0
0
0
0
0
0
0
0
0
0
0
0
0
0
0
0
0
0
0
0
0
0
0
0
0
0
0
0
0
0
0
0
0
0
0
0
0
0
0
0
0
0
0
0
0
0
0
0
0
0
0
0
0
0
0
0
0
0
0
0
0
0
0
0
0
0
0
0
0
0
0
0
0
0
0
0
0
0
0
0
0
0
0
0
0
0
0
0
0
0
0
0
0
0
0
0
0
0
0
0
0
0
0
0
0
0
0
0
0
0
0
0
0
0
0
0
0
0
0
0
0
0
0
0
0
0
0
0
0
0
0
0
0
0
0
0
0
0
0
0
0
0
0
0
0
0
0
0
0
0
0
0
0
0
0
0
0
0
0
0
0
0
0
0
0
0
0
0
0
0
0
0
0
0
0
0
0
0
0
0
0
0
0
0
0
0
0
0
0
0
0
0
0
0
0
0
0
0
0
0
0
0
0
0
0
0
0
0
0
0
0
0
0
0
0
0
0
0
0
0
0
0
0
0
0
0
0
0
0
0
0
0
0
0
0
0
0
0
0
0
0
0
0
0
0
0
0
0
0
0
0
0
0
0
0
0
0
0
0
0
0
0
0
0
0
0
0
0
0
0
0
0
0
0
0
0
0
0
0
0
0
0
0
0
0
0
0
0
0
0
0
0
0
0
0
0
0
0
0
0
0
0
0
0
0
0
0
0
0
0
0
0
0
0
0
0
0
0
0
0
0
0
0
0
0
0
0
0
0
0
0
0
0
0
0
0
0
0
0
0
0
0
0
0
0
0
0
0
0
0
0
0
0
0
0
0
0
0
0
0
0
0
0
0
0
0
0
0
0
0
0
0
0
0
0
0
0
0
0
0
0
0
0
0
0
0
0
0
0
0
0
0
0
0
0
0
0
0
0
0
0
0
0
0
0
0
0
0
0
0
0
0
0
0
0
0
0
0
0
0
0
0
0
0
0
0
0
0
0
0
0
0
0
0
0
0
0
0
0
0
0
0
0
0
0
0
0
0
0
0
0
0
0
0
0
0
0
0
0
0
0
0
0
0
0
0
0
0
0
0
0
0
0
0
0
0
0
0
0
0
0
0
0
0
0
0
0
0
0
0
0
0
0
0
0
0
0
0
0
0
0
0
0
0
0
0
0
0
0
0
0
0
0
0
0
0
0
0
0
0
0
0
0
0
0
0
0
0
0
0
0
0
0
0
0
0
0
0
0
0
0
0
0
0
0
0
0
0
0
0
0
0
0
0
0
0
0
0
0
0
0
0
0
0
0
0
0
0
0
0
0
0
0
0
0
0
0
0
0
0
0
0
0
0
0
0
0
0
0
0
0
0
0
0
0
0
0
0
0
0
0
0
0
0
0
0
0
0
0
0
0
0
0
0
0
0
0
0
0
0
0
0
0
0
0
0
0
0
0
0
0
0
0
0
0
0
0
0
0
0
0
0
0
0
0
0
0
0
0
0
0
0
0
0
0
0
0
0
0
0
0
0
0
0
0
0
0
0
0
0
0
0
0
0
0
0
0
0
0
0
0
0
0
0
0
0
0
0
0
0
0
0
0
0
0
0
0
0
0
0
0
0
0
0
0
0
0
0
0
0
0
0
0
0
0
0
0
0
0
0
0
0
0
0
0
0
0
0
0
0
0
0
0
0
0
0
0
0
0
0
0
0
0
0
0
0
0
0
0
0
0
0
0
0
0
0
0
0
0
0
0
0
0
0
0
0
0
0
0
0
0
0
0
0
0
0
0
0
0
0
0
0
0
0
0
0
0
0
0
0
0
0
0
0
0
0
0
0
0
0
0
0
0
0
0
0
0
0
0
0
0
0
0
0
0
0
0
0
0
0
0
0
0
0
0
0
0
0
0
0
0
0
0
0
0
0
0
0
0
0
0
0
0
0
0
0
0
0
0
0
0
0
0
0
0
0
0
0
0
0
0
0
0
0
0
0
0
0
0
0
0
0
0
0
0
0
0
0
0
0
0
0
0
0
0
0
0
0
0
0
0
0
0
0
0
0
0
0
0
0
0
0
0
0
0
0
0
0
0
0
0
0
0
0
0
0
0
0
0
0
0
0
0
0
0
0
0
0
0
0
0
0
0
0
0
0
0
0
0
0
0
0
0
0
0
0
0
0
0
0
0
0
0
0
0
0
0
0
0
0
0
0
0
0
0
0
0
0
0
0
0
0
0
0
0
0
0
0
0
0
0
0
0
0
0
0
0
0
0
0
0
0
0
0
0
0
0
0
0
0
0
0
0
0
0
0
0
0
0
0
0
0
0
0
0
0
0
0
0
0
0
0
0
0
0
0
0
0
0
0
0
0
0
0
0
0
0
0
0
0
0
0
0
0
0
0
0
0
0
0
0
0
0
0
0
0
0
0
0
0
0
0
0
0
0
0
0
0
0
0
0
0
0
0
0
0
0
0
0
0
0
0
0
0
0
0
0
0
0
0
0
0
0
0
0
0
0
0
0
0
0
0
0
0
0
0
0
0
0
0
0
0
0
0
0
0
0
0
0
0
0
0
0
0
0
0
0
0
0
0
0
0
0
0
0
0
0
0
0
0
0
0
0
0
0
0
0
0
0
0
0
0
0
74.85392052
74.85392052
74.85392052
74.85392052
74.85392052
74.85392052
74.85392052
74.85392052
74.85392052
74.85392052
74.85392052
74.85392052
74.85392052
74.85392052
74.85392052
74.85392052
74.85392052
74.85392052
74.85392052
74.85392052
74.85392052
74.85392052
74.85392052
74.85392052
74.85392052
74.85392052
74.85392052
74.85392052
74.85392052
74.85392052
74.85392052
74.85392052
74.85392052
74.85392052
74.85392052
74.85392052
74.85392052
74.85392052
74.85392052
46.73264658
43.2955969
42.36074839
41.06670505
40.98277603
40.47936004
39.59315155
37.51813448
36.5485189
0
0
0
0
0
0
0
0
0
0
0
0
0
0
0
0
0
0
0
0
0
0
0
0
0
0
0
0
0
0
0
0
0
0
0
0
0
0
0
0
0
0
0
0
0
0
0
0
0
0
0
0
0
0
0
0
0
0
0
0
0
0
0
0
0
0
0
0
0
0
0
0
0
0
0
0
0
0
0
0
0
0
0
0
0
0
0
0
0
0
0
0
0
0
0
0
0
0
0
0
0
0
0
0
0
0
0
0
0
0
0
0
0
0
0
0
0
0
0
0
0
0
0
0
0
0
0
0
0
0
0
0
0
0
0
0
0
0
0
0
0
0
0
0
0
0
0
0
0
0
0
0
0
0
0
0
0
0
0
0
0
0
0
0
0
0
0
0
0
0
0
0
0
0
0
0
0
0
0
0
0
0
0
0
0
0
0
0
0
0
0
0
0
0
0
0
0
0
0
0
0
0
0
0
0
0
0
0
0
0
0
0
0
0
0
0
0
0
0
0
0
0
0
0
0
0
0
0
0
0
0
0
0
0
0
0
0
0
0
0
0
0
0
0
74.85392052
74.85392052
74.85392052
74.85392052
74.85392052
74.85392052
74.85392052
74.85392052
74.85392052
74.85392052
74.85392052
74.85392052
74.85392052
74.85392052
74.85392052
74.85392052
74.85392052
74.85392052
74.85392052
74.85392052
74.85392052
74.85392052
74.85392052
48.85395683
45.73222051
42.99431492
41.24199033
38.88334564
36.8202494
36.452208
0
0
0
0
0
0
0
0
0
0
0
0
0
0
0
0
0
0
0
0
0
0
0
0
0
0
0
0
0
0
0
0
0
0
0
0
0
0
0
0
0
0
0
0
0
0
0
0
0
0
0
0
0
0
0
0
0
0
0
0
0
0
0
0
0
0
0
0
0
0
0
0
0
0
0
0
0
0
0
0
0
0
0
0
0
0
0
0
0
0
0
0
0
0
0
0
0
0
0
0
0
0
0
0
0
0
0
0
0
0
0
0
0
0
0
0
0
0
0
0
0
0
0
0
0
0
0
0
0
0
0
0
0
0
0
0
0
0
0
0
0
0
0
0
0
0
0
0
0
0
0
0
0
0
0
0
0
0
0
0
0
0
0
0
0
0
0
0
0
0
0
0
0
0
0
0
0
0
0
0
0
0
0
0
0
0
0
0
0
0
0
0
0
0
0
0
0
0
0
0
0
0
0
0
0
0
0
0
0
0
0
0
0
0
0
0
0
0
0
0
0
0
0
0
0
0
0
0
0
0
0
0
0
0
0
0
0
0
0
0
0
0
0
0
0
0
0
0
0
0
0
0
0
0
0
0
0
0
0
0
0
0
0
0
0
0
0
0
0
0
0
0
0
0
0
0
0
0
0
0
0
0
0
0
0
0
0
0
0
0
0
0
0
0
0
0
0
0
0
0
0
0
0
0
0
0
0
0
0
0
0
0
0
0
0
0
0
0
0
0
0
0
0
0
0
0
0
0
0
0
0
0
0
0
0
0
0
0
0
0
0
0
0
0
0
0
0
0
0
0
0
0
0
0
0
0
0
0
0
0
0
0
0
0
0
0
0
0
0
0
0
0
0
0
0
0
0
0
0
0
0
0
0
0
0
0
0
0
0
0
0
0
0
0
0
0
0
0
0
0
0
0
0
0
0
0
0
0
0
0
0
0
0
0
0
0
0
0
0
0
0
0
0
0
0
0
0
0
0
0
0
0
0
0
0
0
0
0
0
0
0
0
0
0
0
0
0
0
0
0
0
0
0
0
0
0
0
0
0
0
0
0
0
0
0
0
0
0
0
0
0
0
0
0
0
0
0
0
0
0
0
0
0
0
0
0
0
0
0
0
0
0
0
0
0
0
0
0
0
0
0
0
0
0
0
0
0
0
0
0
0
0
0
0
0
0
0
0
0
0
0
0
0
0
0
0
0
0
0
0
0
0
0
0
0
0
0
0
0
0
0
0
0
0
0
0
0
0
0
0
0
0
0
0
0
0
0
0
0
0
0
0
0
0
0
0
0
0
0
0
0
0
0
0
0
0
0
0
0
0
0
0
0
0
0
0
0
0
0
0
0
0
0
0
0
0
0
0
0
0
0
0
0
0
0
0
0
0
0
0
0
0
0
0
0
0
0
0
0
0
0
0
0
0
0
0
0
0
0
0
0
0
0
0
0
0
0
0
0
0
0
0
0
0
0
0
0
0
0
0
0
0
0
0
0
0
0
0
0
0
0
0
0
0
0
0
0
0
0
0
0
0
0
0
0
0
0
0
0
0
0
0
0
0
0
0
0
0
0
0
0
0
0
0
0
0
0
0
0
0
0
0
0
0
0
0
0
0
0
0
0
0
0
0
0
0
0
0
0
0
0
0
0
0
0
0
0
0
0
0
0
0
0
0
0
0
0
0
0
0
0
0
0
0
0
0
0
0
0
0
0
0
0
0
0
0
0
0
0
0
0
0
0
0
0
0
0
0
0
0
0
0
0
0
0
0
0
0
0
0
0
0
0
0
0
0
0
0
0
0
0
0
0
0
0
0
0
0
0
0
0
0
0
0
0
0
0
0
0
0
0
0
0
0
0
0
0
0
0
0
0
0
0
0
0
0
0
0
0
0
0
0
0
0
0
0
0
0
0
0
0
0
0
0
0
0
0
0
0
0
0
0
0
0
0
0
0
0
0
0
0
0
0
0
0
0
0
0
0
0
0
0
0
0
0
0
0
0
0
0
0
0
0
0
0
0
0
0
0
0
0
0
0
0
0
0
0
0
0
0
0
0
0
0
0
0
0
0
0
0
0
0
0
0
0
0
0
0
0
0
0
0
0
0
0
0
0
0
0
0
0
0
0
0
0
0
0
0
0
0
0
0
0
0
0
0
0
0
0
0
0
0
0
0
0
0
0
0
0
0
0
0
0
0
0
0
0
0
0
0
0
0
0
0
0
0
0
0
0
0
0
0
0
0
0
0
0
0
0
0
0
0
0
0
0
0
0
0
0
0
0
0
0
0
0
0
0
0
0
0
0
0
0
0
0
0
0
0
0
0
0
0
0
0
0
0
0
0
0
0
0
0
0
0
0
74.85392052
74.85392052
74.85392052
74.85392052
74.85392052
74.85392052
74.85392052
74.85392052
74.85392052
74.85392052
74.85392052
74.85392052
74.85392052
74.85392052
74.85392052
74.85392052
74.85392052
74.85392052
74.85392052
74.85392052
74.85392052
74.85392052
74.85392052
74.85392052
74.85392052
74.85392052
74.85392052
53.78339688
52.65834643
51.3004011
50.76524064
49.21081675
47.41826331
46.05283705
43.64363085
42.04781115
40.17840772
39.07411947
37.40166107
0
0
0
0
0
0
0
0
0
0
0
0
0
0
0
0
0
0
0
0
0
0
0
0
0
0
0
0
0
0
0
0
0
0
0
0
0
0
0
0
0
0
0
0
0
0
0
0
0
0
0
0
0
0
0
0
0
0
0
0
0
0
0
0
0
0
0
0
0
0
0
0
0
0
0
0
0
0
0
0
0
0
0
0
0
0
0
0
0
0
0
0
0
0
0
0
0
0
0
0
0
0
0
0
0
0
0
0
0
0
0
0
0
0
0
0
0
0
0
0
0
0
0
0
0
0
0
0
0
0
0
0
0
0
0
0
0
0
0
0
0
0
0
0
0
0
0
0
0
74.85392052
74.85392052
74.85392052
74.85392052
74.85392052
74.85392052
74.85392052
74.85392052
74.85392052
74.85392052
74.85392052
74.85392052
74.85392052
74.85392052
74.85392052
74.85392052
74.85392052
74.85392052
74.85392052
74.85392052
74.85392052
74.85392052
74.85392052
74.85392052
74.85392052
74.85392052
74.85392052
74.85392052
74.85392052
74.85392052
74.85392052
74.85392052
74.85392052
74.85392052
74.85392052
74.85392052
74.85392052
74.85392052
74.85392052
74.85392052
74.85392052
74.85392052
74.85392052
54.29902763
53.29144713
51.99657668
50.96279092
50.01035219
49.88286877
48.87959587
48.30771101
47.41136947
46.44918708
45.81466276
44.8122991
44.21523201
43.80969534
43.92119414
42.97949298
42.66490097
42.89082924
42.8874631
41.98862676
42.74785768
42.22046558
42.07176888
42.39486342
42.95315168
42.96259028
42.40922696
42.71072159
43.4150298
42.88380516
42.61361943
43.08028552
43.65085589
44.16440071
44.47775675
45.50968238
46.81718595
48.39914923
50.04699909
52.68050993
54.21304761
53.58985537
54.22852327
55.58131342
55.94518711
56.63382657
58.0300988
59.48707217
59.08067281
59.04618304
58.86110583
58.1663043
56.64887244
55.79217552
54.92517459
54.00343057
51.85885761
48.41903058
45.3743013
40.32838088
38.52456103
0
0
0
0
0
0
0
0
0
0
0
0
0
0
0
0
0
0
0
0
0
0
0
0
0
0
0
0
0
0
0
0
0
0
0
0
0
0
0
0
0
0
0
0
0
0
0
0
0
0
0
0
0
0
0
0
0
0
0
0
0
0
0
0
0
0
0
0
0
0
0
0
0
0
0
0
0
0
0
0
0
0
0
0
0
0
0
0
74.85392052
74.85392052
74.85392052
74.85392052
74.85392052
74.85392052
74.85392052
74.85392052
74.85392052
74.85392052
74.85392052
74.85392052
74.85392052
74.85392052
74.85392052
74.85392052
74.85392052
74.85392052
74.85392052
0
0
0
0
0
0
0
0
0
0
0
0
0
0
0
0
0
0
0
0
0
0
0
0
0
0
0
0
0
0
0
0
0
0
0
0
0
0
0
0
0
0
0
0
0
0
0
0
0
0
0
0
0
0
0
0
0
0
0
0
0
0
0
0
0
0
0
0
0
0
0
0
0
0
0
0
0
0
0
0
0
0
0
0
0
0
0
0
0
0
0
0
0
0
0
0
0
0
0
0
0
0
0
0
0
0
0
0
0
0
0
0
0
0
0
0
0
0
0
0
0
0
0
0
0
0
0
0
0
0
0
0
0
0
0
0
0
0
0
0
0
0
0
0
0
0
0
0
0
0
0
0
0
0
0
0
0
0
0
0
0
0
0
0
0
0
0
0
0
0
0
0
0
0
0
0
0
0
0
0
0
0
0
0
0
0
0
0
0
0
0
0
0
0
0
0
0
0
0
0
0
0
0
0
0
0
0
0
0
0
0
0
0
0
0
0
0
0
0
0
0
0
0
0
0
0
0
0
0
0
0
0
0
0
0
0
0
0
0
0
0
0
0
0
0
0
0
0
0
0
0
0
0
0
0
0
0
0
0
0
0
0
0
0
0
0
0
0
0
0
0
0
0
0
0
0
0
0
0
0
0
0
0
0
0
0
0
0
0
0
0
0
0
0
0
0
0
0
0
0
0
0
0
0
0
0
0
0
0
0
0
0
0
0
0
0
0
0
0
0
0
0
0
0
0
0
0
0
0
0
0
0
0
0
0
0
0
0
0
0
0
0
0
0
0
0
0
0
0
0
0
0
0
0
0
0
0
0
0
0
0
0
0
0
0
0
0
0
0
0
0
0
0
0
0
0
0
0
0
0
0
0
0
0
0
0
0
0
0
0
0
0
0
0
0
0
0
0
0
0
0
0
0
0
0
0
0
0
0
0
0
0
0
0
0
0
0
0
0
0
0
0
0
0
0
0
0
0
0
0
0
0
0
0
0
0
0
0
0
0
0
0
0
0
0
0
0
0
0
0
0
0
0
0
0
0
0
0
0
0
0
0
0
0
0
0
0
0
0
0
0
0
0
0
0
0
0
0
0
0
0
0
0
0
0
0
0
0
0
0
0
0
0
0
0
0
0
0
0
0
0
0
0
0
0
0
0
0
0
0
0
0
0
0
0
0
0
0
0
0
0
0
0
0
0
0
0
0
0
0
0
0
0
0
0
0
0
0
0
0
0
0
0
0
0
0
0
0
0
0
74.85392052
74.85392052
74.85392052
74.85392052
74.85392052
74.85392052
74.85392052
74.85392052
74.85392052
74.85392052
74.85392052
74.85392052
74.85392052
74.85392052
74.85392052
74.85392052
74.85392052
74.85392052
74.85392052
74.85392052
74.85392052
74.85392052
74.85392052
74.85392052
74.85392052
74.85392052
53.32855147
50.66997367
48.61555038
46.24283644
45.55623101
46.72593606
49.03985299
51.21409142
53.11943708
53.89043425
52.60768327
51.73113526
50.32683039
50.29529523
51.23576073
54.33093911
55.40789855
57.61632926
59.61441474
60.00204203
60.41162748
59.96179032
58.41961876
58.47910307
57.75830692
56.62155122
57.30273591
56.72364515
56.62414086
55.57761446
55.42539951
54.47556826
54.26494757
54.17307856
54.0055588
53.8529397
52.80699049
53.11570511
52.52987123
52.55044365
52.88205261
52.46223466
52.14982911
52.02427367
52.09358785
50.92803605
51.02666673
49.19256563
48.88475512
47.43034848
46.46497075
47.39139017
49.15205578
52.0335894
54.89001813
57.3830345
58.86270949
61.14281627
62.63331279
63.80064692
65.03033438
65.92900914
67.04467146
68.68581526
70.62578578
72.4629567
73.3570156
74.85392052
74.85392052
74.85392052
74.85392052
74.85392052
74.85392052
74.85392052
74.85392052
74.85392052
74.85392052
74.85392052
74.85392052
74.85392052
74.85392052
74.85392052
74.85392052
74.85392052
74.85392052
74.85392052
74.85392052
74.85392052
74.85392052
74.85392052
74.85392052
74.85392052
74.85392052
74.85392052
74.85392052
74.85392052
74.85392052
74.85392052
74.85392052
74.85392052
74.85392052
74.85392052
74.85392052
74.85392052
74.85392052
74.85392052
74.85392052
74.85392052
74.85392052
74.85392052
74.85392052
74.85392052
74.85392052
74.85392052
74.85392052
74.85392052
74.85392052
74.85392052
74.85392052
74.85392052
74.85392052
54.63975819
53.41618288
52.07787177
51.33368668
51.6874782
51.32066573
51.84484236
51.81321604
51.16966103
51.1863132
50.94640893
50.6566479
50.1445096
50.26522492
49.4561541
49.35526497
49.47340795
49.08474182
48.92583228
48.48022542
48.28012858
49.03775642
48.33165856
47.39391184
44.34772226
43.09741391
41.91618299
42.22389862
43.51535633
45.45820429
47.53225213
49.94860031
52.2969658
54.45495323
56.84978335
58.07724699
59.5019138
61.24001092
63.26044617
65.30419091
65.86986331
66.6627282
68.18923182
70.39945523
71.77204574
72.56670627
73.39642686
74.85392052
74.85392052
74.5291135
74.22000412
74.08583406
74.85392052
74.85392052
74.85392052
74.25454194
73.9651486
73.23597685
72.87024111
71.15200118
69.96788394
68.30016467
65.03834313
62.92921217
60.03750372
56.40879978
52.14136411
48.79788444
47.19717882
44.44178053
39.51812009
0
0
0
0
0
0
0
0
0
0
0
0
0
0
0
0
0
0
0
0
0
0
0
0
0
0
0
0
0
0
0
0
0
0
0
0
0
0
0
0
0
0
0
0
0
0
0
0
0
0
0
0
0
0
0
0
0
0
0
0
0
0
0
0
0
0
0
0
0
0
0
0
0
0
0
0
0
0
0
0
0
0
0
0
0
0
0
0
0
0
0
0
0
0
0
0
0
0
0
0
0
0
0
0
0
0
0
0
0
0
0
0
0
0
0
0
0
0
0
0
0
0
0
0
0
0
0
0
0
0
0
0
0
0
0
0
0
0
0
0
0
0
0
0
0
0
0
0
0
0
0
0
0
0
0
0
0
0
0
0
0
0
0
0
0
0
0
0
0
0
0
0
0
0
0
0
0
0
0
0
0
0
0
0
0
0
0
0
0
0
0
0
0
0
0
0
0
0
0
0
0
0
0
0
0
0
0
0
0
0
0
0
0
0
0
0
0
0
0
0
0
0
0
0
0
0
0
0
0
0
0
0
0
0
0
0
0
0
0
0
0
0
0
0
0
0
0
0
0
0
0
0
0
0
0
0
0
0
0
0
0
0
0
0
0
0
0
0
0
0
0
0
0
0
0
0
0
0
0
0
0
0
0
0
0
0
0
0
0
0
0
0
0
0
0
0
0
0
0
0
0
0
0
0
0
0
0
0
0
0
0
0
0
0
0
0
0
0
0
0
0
0
0
0
0
0
0
0
0
0
0
0
0
0
0
0
0
0
0
0
0
0
0
0
0
0
0
0
0
0
0
0
0
0
0
0
0
0
0
0
0
0
0
0
0
0
0
0
0
0
0
0
0
0
0
0
0
0
0
0
0
0
0
0
0
0
0
0
0
0
0
0
0
0
0
0
0
0
0
0
0
0
0
0
0
0
0
0
0
0
0
0
0
0
0
0
0
0
0
0
0
0
0
0
0
0
0
0
0
0
0
0
0
0
0
0
0
0
0
0
0
0
0
0
0
0
0
0
0
0
0
0
0
0
0
0
0
0
0
0
0
0
0
0
0
0
0
0
0
0
0
0
0
0
0
0
0
0
0
0
0
0
0
0
0
0
0
0
0
0
0
0
0
0
0
0
0
0
0
0
0
0
0
0
0
0
0
0
0
0
0
0
0
0
0
0
0
0
0
0
0
0
0
0
0
0
0
0
0
0
0
0
0
0
0
0
0
0
0
0
0
0
0
0
0
0
0
0
0
0
0
0
0
0
0
0
0
0
0
0
0
0
0
0
0
0
0
0
0
0
0
0
0
0
0
0
0
0
0
0
0
0
0
0
0
0
0
0
0
0
0
0
0
0
0
0
0
0
0
0
0
0
0
0
0
0
0
0
0
0
0
0
0
0
0
0
0
0
0
0
0
0
0
0
0
0
0
0
0
0
0
0
0
0
0
0
0
0
0
0
0
0
0
0
0
0
0
0
0
0
0
0
0
0
0
0
0
0
0
0
0
0
0
0
0
0
0
0
74.85392052
74.85392052
74.85392052
74.85392052
74.85392052
74.85392052
74.85392052
74.85392052
74.85392052
74.85392052
74.85392052
74.85392052
74.85392052
74.85392052
74.85392052
74.85392052
74.85392052
74.85392052
74.85392052
74.85392052
74.85392052
74.85392052
74.85392052
74.85392052
74.85392052
74.85392052
74.85392052
74.85392052
74.85392052
74.85392052
74.85392052
74.85392052
74.85392052
74.85392052
74.85392052
74.85392052
74.85392052
74.85392052
74.85392052
74.85392052
74.85392052
74.85392052
74.85392052
74.85392052
74.85392052
74.85392052
74.85392052
74.85392052
74.85392052
74.85392052
74.85392052
74.85392052
74.85392052
74.85392052
74.85392052
0
0
0
0
0
0
0
0
0
0
0
0
0
0
0
0
0
0
0
0
0
0
0
0
0
0
0
0
0
74.85392052
74.85392052
74.85392052
74.85392052
74.85392052
74.85392052
74.85392052
74.85392052
74.85392052
74.85392052
74.85392052
74.85392052
74.85392052
74.85392052
74.85392052
74.85392052
74.85392052
74.85392052
74.85392052
74.85392052
74.85392052
74.85392052
74.85392052
74.85392052
74.85392052
74.85392052
74.85392052
74.85392052
74.85392052
74.85392052
74.85392052
74.85392052
74.85392052
74.85392052
74.85392052
74.85392052
74.85392052
74.85392052
74.85392052
74.85392052
74.85392052
74.85392052
74.85392052
74.85392052
74.85392052
74.85392052
74.85392052
74.85392052
74.85392052
74.85392052
74.85392052
74.85392052
74.85392052
74.85392052
74.85392052
74.85392052
74.85392052
74.85392052
74.85392052
74.85392052
74.85392052
74.85392052
74.85392052
74.85392052
74.85392052
74.85392052
74.85392052
0
0
0
0
0
0
0
0
0
0
0
0
0
0
0
0
0
74.85392052
74.85392052
74.85392052
74.85392052
74.85392052
74.85392052
74.85392052
74.85392052
74.85392052
74.85392052
74.85392052
74.85392052
74.85392052
74.85392052
74.85392052
74.85392052
74.85392052
74.85392052
74.85392052
74.85392052
74.85392052
74.85392052
74.85392052
74.85392052
74.85392052
74.85392052
74.85392052
74.85392052
74.85392052
74.85392052
74.85392052
74.85392052
74.85392052
74.85392052
74.85392052
74.85392052
74.85392052
74.85392052
74.85392052
74.85392052
74.85392052
74.85392052
74.85392052
74.85392052
74.85392052
74.85392052
74.85392052
74.85392052
74.85392052
74.85392052
74.85392052
74.85392052
74.85392052
74.85392052
74.85392052
74.85392052
74.85392052
74.85392052
74.85392052
74.85392052
74.85392052
74.85392052
74.85392052
74.85392052
74.85392052
74.85392052
74.85392052
74.85392052
74.85392052
74.85392052
74.85392052
74.85392052
74.85392052
74.85392052
40.26796727
0
0
0
0
0
0
0
0
0
0
0
0
0
0
0
0
0
0
0
0
0
0
0
0
0
0
0
0
0
0
0
0
0
0
0
0
0
0
0
0
0
0
0
0
0
0
0
0
0
0
0
0
0
0
0
0
0
0
0
0
0
0
0
0
0
0
0
0
0
0
0
0
0
0
0
0
0
0
0
0
0
0
0
0
0
0
0
0
0
0
0
0
0
0
0
0
0
0
0
0
0
0
0
0
0
0
0
0
0
0
0
0
0
0
0
0
0
0
0
0
0
0
0
0
0
0
0
0
0
0
0
0
0
0
0
0
0
0
0
0
0
0
0
0
0
0
0
0
0
0
0
0
0
0
0
0
0
0
0
0
0
0
0
0
0
0
0
0
0
0
0
0
0
0
0
0
0
0
0
0
0
0
0
0
0
0
0
0
0
0
0
0
0
0
0
0
0
0
0
0
0
0
0
0
0
0
0
0
0
0
0
0
0
0
0
0
0
0
0
0
0
0
0
0
0
0
0
0
0
0
0
0
0
0
0
0
0
0
0
0
0
0
0
0
0
0
0
0
0
0
0
0
0
0
0
0
0
0
0
0
0
0
0
0
0
0
0
0
0
0
0
0
0
0
0
0
0
0
0
0
0
0
0
0
0
0
0
0
0
0
0
0
0
0
0
0
0
0
0
0
0
0
0
0
0
0
0
0
0
0
0
0
0
0
0
0
0
0
0
0
0
0
0
0
0
0
0
0
0
0
0
0
0
0
0
0
0
0
0
0
0
0
0
0
0
0
0
0
0
0
0
0
0
0
0
0
0
0
0
0
0
0
0
0
0
0
0
0
0
0
0
0
0
0
0
0
0
0
0
0
0
0
0
0
0
0
0
0
0
0
0
0
0
0
0
0
0
0
0
0
0
0
0
0
0
0
0
0
0
0
0
0
0
0
0
0
0
0
0
0
0
0
0
0
0
0
0
0
0
0
0
0
0
0
0
0
0
0
0
0
0
0
0
0
0
0
0
0
0
0
0
0
0
0
0
0
0
0
0
0
0
0
0
0
0
0
0
0
0
0
0
0
0
0
0
0
0
0
0
0
0
0
0
0
0
0
0
0
0
0
0
0
0
0
0
0
0
0
0
0
0
0
0
0
0
0
0
0
0
0
0
0
0
0
0
0
0
0
0
0
0
0
0
0
0
0
0
0
0
0
0
0
0
0
0
0
0
0
0
0
0
0
0
0
0
0
0
0
0
0
0
0
0
0
0
0
0
0
0
0
0
0
0
0
0
0
0
0
0
0
0
0
0
0
0
0
0
0
0
0
0
0
0
0
0
0
0
0
0
0
0
0
0
0
0
0
0
0
0
0
0
0
0
0
0
0
0
0
0
0
0
0
0
0
0
0
0
0
0
0
0
0
0
0
0
0
0
0
0
0
0
0
0
0
0
0
0
0
0
0
0
0
0
0
0
0
0
0
0
0
0
0
0
0
0
0
0
0
0
0
0
0
0
0
0
0
0
0
0
0
0
0
0
0
0
0
0
0
0
0
0
0
0
0
0
0
0
0
0
0
0
0
0
0
0
0
0
0
0
0
0
0
0
0
0
0
0
0
0
0
0
0
0
0
0
0
0
0
0
0
0
0
0
0
0
0
0
0
0
0
0
0
0
0
0
0
0
0
0
0
0
0
0
0
0
0
0
0
0
0
0
0
0
0
0
0
0
0
0
0
0
0
0
0
0
0
0
0
0
0
0
0
0
0
0
0
0
0
0
0
0
0
0
0
0
0
0
0
0
0
74.85392052
74.85392052
74.85392052
74.85392052
74.85392052
74.85392052
74.85392052
74.85392052
74.85392052
74.85392052
74.85392052
74.85392052
74.85392052
74.85392052
74.85392052
74.85392052
74.85392052
74.85392052
74.85392052
74.85392052
74.85392052
74.85392052
74.85392052
74.85392052
74.85392052
74.85392052
74.85392052
74.85392052
74.85392052
74.85392052
74.85392052
74.85392052
74.85392052
74.85392052
74.85392052
74.85392052
74.85392052
74.85392052
74.85392052
74.85392052
74.85392052
74.85392052
74.85392052
74.85392052
74.85392052
74.85392052
74.85392052
74.85392052
74.85392052
74.85392052
74.85392052
74.85392052
74.85392052
74.85392052
74.85392052
74.85392052
74.85392052
74.85392052
74.85392052
74.85392052
74.85392052
74.85392052
74.85392052
74.85392052
74.85392052
74.85392052
74.85392052
74.85392052
74.85392052
74.85392052
47.72255401
42.71531391
0
0
0
0
0
0
0
0
0
0
0
0
0
0
0
74.85392052
74.85392052
74.85392052
74.85392052
74.85392052
74.85392052
74.85392052
74.85392052
74.85392052
74.85392052
74.85392052
74.85392052
74.85392052
74.85392052
74.85392052
74.85392052
74.85392052
74.85392052
74.85392052
74.85392052
74.85392052
74.85392052
74.85392052
74.85392052
74.85392052
74.85392052
74.85392052
74.85392052
74.85392052
74.85392052
74.85392052
74.85392052
74.85392052
74.85392052
74.85392052
74.85392052
74.85392052
74.85392052
74.85392052
74.85392052
74.85392052
74.85392052
74.85392052
74.85392052
74.85392052
74.85392052
74.85392052
74.85392052
74.85392052
74.85392052
74.85392052
74.85392052
74.85392052
74.85392052
74.85392052
74.85392052
74.85392052
74.85392052
74.85392052
74.85392052
74.85392052
74.85392052
74.85392052
74.85392052
74.85392052
74.85392052
74.85392052
74.85392052
74.85392052
74.85392052
74.85392052
55.12151173
54.73734553
54.52161012
54.48342393
53.02848277
49.98019759
0
0
0
0
0
0
0
0
0
0
0
0
0
0
0
0
0
0
0
74.85392052
74.85392052
74.85392052
74.85392052
74.85392052
74.85392052
74.85392052
74.85392052
74.85392052
74.85392052
74.85392052
74.85392052
74.85392052
74.85392052
74.85392052
74.85392052
74.85392052
74.85392052
74.85392052
74.85392052
74.85392052
74.85392052
74.85392052
74.85392052
74.85392052
74.85392052
74.85392052
74.85392052
74.85392052
74.85392052
74.85392052
74.85392052
74.85392052
74.85392052
74.85392052
50.94014602
46.63027368
44.64784676
41.74443552
39.51391835
0
0
0
0
0
0
0
0
0
0
0
0
0
0
0
0
0
0
0
0
0
0
0
0
0
0
0
0
0
0
0
0
0
0
0
0
0
0
0
0
0
0
0
0
0
0
0
0
0
0
0
0
0
0
0
0
0
0
0
0
0
0
0
74.85392052
74.85392052
74.85392052
74.85392052
74.85392052
74.85392052
74.85392052
74.85392052
74.85392052
74.85392052
74.85392052
74.85392052
74.85392052
74.85392052
74.85392052
74.85392052
74.85392052
74.85392052
74.85392052
74.85392052
74.85392052
74.85392052
74.85392052
74.85392052
74.85392052
74.85392052
74.85392052
74.85392052
74.85392052
74.85392052
74.85392052
74.85392052
74.85392052
74.85392052
74.85392052
74.85392052
74.85392052
74.85392052
74.85392052
74.85392052
74.85392052
74.85392052
74.85392052
74.85392052
74.85392052
74.85392052
74.85392052
74.85392052
74.85392052
74.85392052
74.85392052
74.85392052
74.85392052
74.85392052
74.85392052
74.85392052
74.85392052
74.85392052
74.85392052
74.85392052
74.85392052
74.85392052
74.85392052
74.85392052
74.85392052
74.85392052
74.85392052
74.85392052
74.85392052
74.85392052
74.85392052
74.85392052
49.52224014
44.71786802
0
0
0
0
0
0
0
0
0
0
0
0
0
0
0
0
0
0
0
0
0
0
0
0
0
0
0
0
0
0
0
0
0
0
0
0
0
0
0
0
0
0
0
0
0
0
0
0
0
0
0
0
0
0
0
0
0
0
0
0
0
0
0
0
0
0
0
0
0
0
0
0
0
0
0
0
0
0
0
0
0
0
0
0
0
0
0
0
0
0
0
0
0
0
0
0
0
0
0
0
0
0
0
0
0
0
0
0
0
0
0
0
0
0
0
0
0
0
0
0
0
0
74.85392052
74.85392052
74.85392052
74.85392052
74.85392052
74.85392052
74.85392052
74.85392052
74.85392052
74.85392052
74.85392052
74.85392052
74.85392052
74.85392052
74.85392052
74.85392052
74.85392052
74.85392052
74.85392052
74.85392052
74.85392052
74.85392052
74.85392052
74.85392052
74.85392052
74.85392052
74.85392052
49.46572415
46.42547652
43.72121611
44.50271769
47.67053057
50.76845781
51.8962655
52.0869852
52.76810373
52.510691
53.4008196
55.05527117
56.0516938
56.32017072
55.00973611
55.11355552
57.15546914
60.11129124
61.29953276
62.20314431
61.82249248
62.22988289
61.91680482
60.79035185
60.08702561
60.08327202
60.47603318
59.88337463
58.67642015
57.74859775
56.57262256
54.43581775
53.453459
51.40016468
48.76484119
45.75833532
42.42308704
38.24845228
0
0
0
0
0
0
0
0
0
0
0
0
0
0
0
0
0
0
0
0
0
0
0
0
0
0
0
0
0
0
0
0
0
0
0
0
0
0
0
0
0
0
0
0
0
0
0
0
0
0
0
0
0
0
0
0
0
0
0
0
0
0
0
0
0
0
0
0
0
0
0
0
0
0
0
0
0
0
0
0
0
0
0
0
0
0
0
0
0
0
0
0
0
0
0
0
0
0
0
0
0
0
0
0
0
0
0
0
0
0
0
0
0
0
0
0
0
74.85392052
74.85392052
74.85392052
74.85392052
74.85392052
74.85392052
74.85392052
74.85392052
74.85392052
74.85392052
74.85392052
74.85392052
74.85392052
74.85392052
74.85392052
74.85392052
74.85392052
74.85392052
74.85392052
74.85392052
74.85392052
74.85392052
74.85392052
74.85392052
59.23863188
57.11630773
56.20293595
56.0240102
53.41690585
0
0
0
0
0
0
0
0
0
0
0
0
0
0
0
0
0
0
0
0
0
0
0
0
0
0
0
0
0
0
0
0
0
0
0
0
0
0
0
0
0
0
0
0
0
0
0
0
0
0
0
0
0
0
0
0
0
0
0
0
0
0
0
0
0
0
0
0
0
0
0
0
0
0
0
0
0
0
0
0
0
0
0
0
0
0
0
0
0
0
0
0
0
0
0
0
0
0
0
0
0
0
0
0
0
0
0
0
0
0
0
0
0
0
0
0
0
0
0
0
0
0
0
0
0
0
0
0
0
0
0
0
0
0
0
0
0
0
0
0
0
0
0
0
0
0
0
0
0
0
0
0
0
0
0
0
0
0
0
0
0
0
0
74.85392052
74.85392052
74.85392052
74.85392052
74.85392052
74.85392052
74.85392052
74.85392052
74.85392052
74.85392052
74.85392052
74.85392052
74.85392052
74.85392052
74.85392052
74.85392052
74.85392052
74.85392052
74.85392052
74.85392052
74.85392052
74.85392052
74.85392052
74.85392052
74.85392052
74.85392052
74.85392052
74.85392052
74.85392052
74.85392052
74.85392052
74.85392052
74.85392052
74.85392052
74.85392052
74.85392052
74.85392052
74.85392052
74.85392052
74.85392052
74.85392052
74.85392052
74.85392052
74.85392052
74.85392052
74.85392052
74.85392052
74.85392052
74.85392052
74.85392052
74.85392052
74.85392052
74.85392052
74.85392052
74.85392052
74.85392052
74.85392052
74.85392052
74.85392052
74.85392052
74.85392052
74.85392052
74.85392052
74.85392052
74.85392052
74.85392052
74.85392052
74.85392052
74.85392052
74.85392052
74.85392052
74.85392052
74.85392052
74.85392052
74.85392052
74.85392052
74.85392052
74.85392052
74.85392052
74.85392052
0
0
0
0
74.85392052
74.85392052
74.85392052
74.85392052
74.85392052
74.85392052
74.85392052
74.85392052
74.85392052
74.85392052
74.85392052
74.85392052
74.85392052
74.85392052
74.85392052
74.85392052
74.85392052
74.85392052
74.85392052
74.85392052
74.85392052
74.85392052
74.85392052
74.85392052
74.85392052
74.85392052
74.85392052
74.85392052
74.85392052
74.85392052
74.85392052
74.85392052
74.85392052
74.85392052
74.85392052
74.85392052
74.85392052
74.85392052
74.85392052
74.85392052
74.85392052
74.85392052
74.85392052
74.85392052
74.85392052
74.85392052
74.85392052
74.85392052
74.85392052
74.85392052
74.85392052
74.85392052
74.85392052
74.85392052
74.85392052
74.85392052
74.85392052
74.85392052
74.85392052
74.85392052
74.85392052
74.85392052
74.85392052
74.85392052
74.85392052
74.85392052
74.85392052
74.85392052
74.85392052
74.85392052
74.85392052
74.85392052
74.85392052
74.85392052
74.85392052
74.85392052
74.85392052
74.85392052
74.85392052
74.85392052
74.85392052
74.85392052
74.85392052
74.85392052
74.85392052
74.85392052
74.85392052
74.85392052
74.85392052
74.85392052
74.85392052
74.85392052
74.85392052
74.85392052
74.85392052
74.85392052
74.85392052
74.85392052
74.85392052
74.85392052
74.85392052
74.85392052
74.85392052
74.85392052
74.85392052
74.85392052
74.85392052
74.85392052
74.85392052
74.85392052
74.85392052
74.85392052
0
0
74.85392052
74.85392052
74.85392052
74.85392052
74.85392052
74.85392052
74.85392052
74.85392052
74.85392052
74.85392052
74.85392052
74.85392052
74.85392052
74.85392052
74.85392052
74.85392052
74.85392052
74.85392052
74.85392052
74.85392052
74.85392052
74.85392052
74.85392052
74.85392052
74.85392052
74.85392052
74.85392052
74.85392052
74.85392052
74.85392052
74.85392052
74.85392052
74.85392052
55.63170427
56.78960491
57.38988699
57.54658986
58.23733296
59.72968373
62.92591955
67.79658817
72.22184491
74.85392052
74.85392052
74.85392052
74.85392052
74.85392052
74.85392052
74.85392052
74.85392052
74.85392052
74.85392052
74.85392052
74.85392052
74.85392052
74.85392052
74.85392052
74.85392052
74.85392052
74.85392052
74.85392052
74.85392052
74.85392052
74.85392052
74.85392052
74.85392052
53.21617644
50.53253034
48.45155014
43.66793761
36.6455069
0
0
0
0
0
0
0
0
0
0
0
0
0
0
0
0
0
0
0
0
0
0
0
0
0
0
0
0
0
0
0
0
0
0
0
0
0
0
0
0
0
0
0
0
0
0
0
0
0
0
0
0
0
0
0
0
0
0
0
0
0
0
0
0
0
0
0
0
0
0
0
0
0
0
0
0
0
0
0
0
0
0
0
0
0
0
0
0
74.85392052
74.85392052
74.85392052
74.85392052
74.85392052
74.85392052
74.85392052
74.85392052
74.85392052
74.85392052
74.85392052
74.85392052
74.85392052
74.85392052
74.85392052
74.85392052
74.85392052
74.85392052
74.85392052
74.85392052
74.85392052
74.85392052
74.85392052
74.85392052
74.85392052
74.85392052
74.85392052
74.85392052
74.85392052
74.85392052
74.85392052
74.85392052
74.85392052
74.85392052
74.85392052
74.85392052
74.85392052
74.85392052
74.85392052
74.85392052
74.85392052
74.85392052
74.85392052
74.85392052
74.85392052
74.85392052
74.85392052
74.85392052
74.85392052
74.85392052
74.85392052
74.85392052
74.85392052
74.85392052
74.85392052
74.85392052
74.85392052
74.85392052
74.85392052
74.85392052
74.85392052
74.85392052
74.85392052
74.85392052
74.85392052
74.85392052
74.85392052
74.85392052
74.85392052
74.85392052
74.85392052
74.85392052
74.85392052
74.85392052
74.85392052
74.85392052
74.85392052
74.85392052
0
0
0
0
0
0
0
0
0
0
0
0
0
0
0
0
0
0
0
0
0
0
0
0
0
0
0
0
0
0
0
0
0
0
0
0
0
0
0
0
74.85392052
74.85392052
74.85392052
74.85392052
74.85392052
74.85392052
74.85392052
74.85392052
74.85392052
74.85392052
74.85392052
74.85392052
74.85392052
74.85392052
74.85392052
74.85392052
74.85392052
74.85392052
74.85392052
74.85392052
74.85392052
74.85392052
74.85392052
74.85392052
74.85392052
74.85392052
74.85392052
74.85392052
74.85392052
74.85392052
74.85392052
74.85392052
74.85392052
74.85392052
74.85392052
74.85392052
74.85392052
74.85392052
74.85392052
74.85392052
74.85392052
74.85392052
74.85392052
74.85392052
74.85392052
74.85392052
74.85392052
74.85392052
74.85392052
74.85392052
74.85392052
74.85392052
74.85392052
74.85392052
74.85392052
74.85392052
74.85392052
74.85392052
74.85392052
74.85392052
74.85392052
74.85392052
74.85392052
74.85392052
74.85392052
74.85392052
74.85392052
74.85392052
74.85392052
74.85392052
74.85392052
74.85392052
74.85392052
74.85392052
74.85392052
74.85392052
74.85392052
74.85392052
74.85392052
74.85392052
74.85392052
74.85392052
74.85392052
49.8873634
42.94075283
0
0
0
0
0
0
0
0
0
0
0
0
0
0
0
0
0
0
0
0
0
0
0
0
0
0
0
0
0
0
0
0
0
0
0
0
0
0
0
0
0
0
0
0
0
0
0
0
0
0
0
0
0
0
0
0
0
0
0
0
0
0
0
0
0
0
0
0
0
0
0
0
0
0
0
0
0
0
0
0
0
0
0
0
0
0
0
0
0
0
0
0
0
0
0
0
0
0
0
0
0
0
0
0
0
0
0
0
0
0
0
0
0
0
0
0
0
0
0
0
0
0
0
0
0
0
0
0
0
0
74.85392052
74.85392052
74.85392052
74.85392052
74.85392052
74.85392052
74.85392052
74.85392052
74.85392052
74.85392052
74.85392052
74.85392052
74.85392052
74.85392052
74.85392052
74.85392052
74.85392052
74.85392052
74.85392052
74.85392052
74.85392052
74.85392052
74.85392052
74.85392052
74.85392052
74.85392052
74.85392052
74.85392052
74.85392052
74.85392052
74.85392052
74.85392052
74.85392052
74.85392052
74.85392052
74.85392052
74.85392052
74.85392052
74.85392052
74.85392052
74.85392052
74.85392052
74.85392052
74.85392052
74.85392052
74.85392052
74.85392052
74.85392052
74.85392052
74.85392052
74.85392052
74.85392052
74.85392052
74.85392052
74.85392052
74.85392052
74.85392052
74.85392052
74.85392052
74.85392052
74.85392052
74.85392052
74.85392052
74.85392052
74.85392052
74.85392052
74.85392052
74.85392052
74.85392052
74.85392052
74.85392052
74.85392052
74.85392052
74.85392052
74.85392052
74.85392052
74.85392052
74.85392052
74.85392052
74.85392052
74.85392052
74.85392052
74.85392052
74.85392052
74.85392052
74.85392052
74.85392052
74.85392052
74.85392052
74.85392052
74.85392052
74.85392052
74.85392052
74.85392052
74.85392052
74.85392052
74.85392052
74.85392052
74.85392052
74.85392052
74.85392052
74.85392052
74.85392052
74.85392052
74.85392052
74.85392052
74.85392052
74.85392052
74.85392052
74.85392052
74.85392052
74.85392052
74.85392052
74.85392052
74.85392052
74.85392052
74.85392052
74.85392052
74.85392052
74.85392052
74.85392052
74.85392052
74.85392052
74.85392052
74.85392052
74.85392052
74.85392052
74.85392052
74.85392052
74.85392052
74.85392052
74.85392052
74.85392052
74.85392052
74.85392052
74.85392052
74.85392052
74.85392052
74.85392052
74.85392052
74.85392052
74.85392052
74.85392052
74.85392052
74.85392052
74.85392052
74.85392052
74.85392052
53.43968049
53.45326433
53.74009121
51.79515054
50.57011028
47.47555692
45.60550701
43.00696973
40.85610548
0
0
0
0
0
0
0
0
0
0
0
0
0
0
0
0
0
0
0
0
0
0
74.85392052
74.85392052
74.85392052
74.85392052
74.85392052
74.85392052
74.85392052
74.85392052
74.85392052
74.85392052
74.85392052
74.85392052
74.85392052
74.85392052
74.85392052
74.85392052
74.85392052
74.85392052
74.85392052
74.85392052
74.85392052
74.85392052
74.85392052
74.85392052
74.85392052
74.85392052
74.85392052
74.85392052
74.85392052
74.85392052
74.85392052
74.85392052
74.85392052
74.85392052
74.85392052
74.85392052
74.85392052
74.85392052
74.85392052
74.85392052
74.85392052
74.85392052
74.85392052
74.85392052
74.85392052
74.85392052
74.85392052
74.85392052
74.85392052
74.85392052
74.85392052
74.85392052
74.85392052
74.85392052
74.85392052
74.85392052
74.85392052
74.85392052
74.85392052
74.85392052
74.85392052
74.85392052
74.85392052
74.85392052
74.85392052
74.85392052
74.85392052
74.85392052
74.85392052
74.85392052
74.85392052
74.85392052
74.85392052
46.7961387
37.99514609
0
0
0
0
0
0
0
0
0
0
0
0
0
0
0
0
0
0
0
0
0
0
0
0
0
0
0
0
0
0
0
0
0
0
0
0
0
0
0
0
0
0
0
0
0
0
0
0
0
0
0
0
0
0
0
0
0
0
0
0
0
0
0
0
0
0
0
0
0
0
0
0
0
0
0
0
0
0
0
0
0
0
0
0
0
0
0
0
0
0
0
0
0
0
0
0
0
0
0
0
0
0
0
0
0
0
0
0
0
0
0
0
0
0
0
0
0
0
0
0
0
0
0
0
0
0
0
0
0
0
0
0
0
0
0
0
0
0
0
0
0
0
0
0
0
0
0
0
0
0
0
0
0
0
0
0
0
0
0
0
0
0
0
0
0
0
0
0
0
0
0
0
0
0
0
0
0
0
0
0
0
0
0
0
0
0
0
0
0
0
0
0
0
0
0
0
0
0
0
0
0
0
0
0
0
0
0
0
0
0
0
0
0
0
0
0
0
0
0
0
0
0
0
0
0
0
0
0
0
0
0
0
0
0
0
0
0
0
0
0
0
0
0
0
0
0
0
0
0
0
0
0
0
0
0
0
0
0
0
0
0
0
0
0
0
0
0
0
0
0
0
0
0
0
0
0
0
0
0
0
0
0
0
0
0
0
0
0
0
0
0
0
0
0
0
0
0
0
0
0
0
0
0
0
0
0
0
0
0
0
0
0
0
0
0
0
0
0
0
0
0
0
0
0
0
0
0
0
0
0
0
0
0
0
0
0
0
0
0
0
0
0
0
0
0
0
0
0
0
0
0
0
0
0
0
0
0
0
0
0
0
0
0
0
0
0
0
0
0
0
0
0
0
0
0
0
0
0
0
0
0
0
0
0
0
0
0
0
0
0
0
0
0
0
0
0
0
0
0
74.85392052
74.85392052
74.85392052
74.85392052
74.85392052
74.85392052
74.85392052
74.85392052
74.85392052
74.85392052
74.85392052
74.85392052
74.85392052
74.85392052
74.85392052
74.85392052
74.85392052
74.85392052
74.85392052
74.85392052
74.85392052
74.85392052
74.85392052
74.85392052
74.85392052
74.85392052
74.85392052
74.85392052
74.85392052
74.85392052
74.85392052
74.85392052
74.85392052
63.59634032
59.44687381
56.10746409
51.47328908
48.07881935
46.29703952
44.07161842
42.33346043
42.30548591
44.04874805
46.30251134
47.15089489
49.9189985
50.4397575
46.76341225
43.95768696
41.65764813
40.69472301
38.86950383
39.78328796
40.22660617
41.35415008
43.1690662
44.20890008
44.68385648
44.09537521
45.16367421
45.13516571
44.44082162
44.71352725
44.7566884
45.71165468
47.26176861
49.09190201
51.1225504
52.24807553
52.94059862
53.30151578
53.41942764
51.59320581
49.27230715
45.20746552
41.81525567
0
0
0
0
0
0
0
0
0
0
0
0
0
0
0
0
0
0
0
0
0
0
0
0
0
0
0
0
0
0
0
0
0
0
0
74.85392052
74.85392052
74.85392052
74.85392052
74.85392052
74.85392052
74.85392052
74.85392052
74.85392052
74.85392052
74.85392052
74.85392052
74.85392052
74.85392052
51.99122748
49.36677893
46.36311533
43.84952879
41.32117793
38.12058934
0
0
0
0
0
0
0
0
0
0
0
0
0
0
0
0
0
0
0
0
0
0
0
0
0
0
0
0
0
0
0
0
0
0
0
0
0
0
0
0
0
0
0
0
0
0
0
0
0
0
0
0
0
0
0
0
0
0
0
0
0
0
0
0
0
0
0
0
0
0
0
0
0
0
0
0
0
0
0
0
0
0
0
0
0
0
0
0
0
0
0
0
0
0
0
0
0
0
0
0
0
0
0
0
0
0
0
0
0
0
0
0
0
0
0
0
0
0
0
0
0
0
0
0
0
0
0
0
0
0
0
0
0
0
0
0
0
0
0
0
0
0
0
0
0
0
0
0
0
0
0
0
0
0
0
0
0
0
0
74.85392052
74.85392052
74.85392052
74.85392052
74.85392052
74.85392052
74.85392052
74.85392052
74.85392052
74.85392052
74.85392052
74.85392052
74.85392052
74.85392052
74.85392052
74.85392052
74.85392052
74.85392052
74.85392052
74.85392052
74.85392052
74.85392052
74.85392052
74.85392052
74.85392052
74.85392052
74.85392052
74.85392052
74.85392052
74.85392052
74.85392052
74.85392052
74.85392052
74.85392052
74.85392052
74.85392052
74.85392052
51.8806865
50.4845648
51.22785815
50.93174382
50.66358165
52.25534732
52.77816847
51.82174771
49.63596607
45.62532759
42.61913115
41.08536844
39.77091644
38.52729532
37.11428786
36.98211661
36.98687544
0
0
0
0
0
0
0
0
0
0
0
0
0
0
0
0
0
0
0
0
0
0
0
0
0
0
0
0
0
0
0
0
0
0
0
0
0
0
0
0
0
0
0
0
0
0
0
0
0
0
0
0
0
0
0
0
0
0
0
0
0
0
0
0
0
0
0
0
0
0
0
0
0
0
0
0
0
0
0
0
0
0
0
0
0
0
0
0
0
0
0
0
0
0
0
0
0
0
0
0
0
0
0
0
0
0
0
0
0
0
0
0
0
0
0
0
0
0
0
0
0
0
0
0
0
0
0
0
0
0
0
0
0
0
0
0
0
0
0
0
0
0
0
0
0
0
0
0
0
0
0
0
0
0
0
0
74.85392052
74.85392052
74.85392052
74.85392052
74.85392052
74.85392052
74.85392052
74.85392052
74.85392052
74.85392052
74.85392052
74.85392052
74.85392052
74.85392052
74.85392052
74.85392052
74.85392052
74.85392052
74.85392052
74.85392052
74.85392052
74.85392052
74.85392052
74.85392052
74.85392052
74.85392052
74.85392052
74.85392052
74.85392052
74.85392052
74.85392052
74.85392052
74.85392052
74.85392052
74.85392052
74.85392052
74.85392052
74.85392052
74.85392052
74.85392052
74.85392052
74.85392052
74.85392052
74.85392052
74.85392052
74.85392052
74.85392052
74.85392052
74.85392052
74.85392052
74.85392052
74.85392052
74.85392052
74.85392052
74.85392052
74.85392052
74.85392052
74.85392052
74.85392052
74.85392052
74.85392052
74.85392052
74.85392052
74.85392052
74.85392052
74.85392052
74.85392052
74.85392052
74.85392052
74.85392052
74.85392052
74.85392052
74.85392052
74.85392052
74.85392052
74.85392052
74.85392052
74.85392052
74.85392052
74.85392052
74.85392052
74.85392052
74.85392052
74.85392052
74.85392052
74.85392052
74.85392052
74.85392052
74.85392052
74.85392052
74.85392052
74.85392052
74.85392052
74.85392052
74.85392052
74.85392052
74.85392052
74.85392052
74.85392052
74.85392052
74.85392052
74.85392052
74.85392052
74.85392052
74.85392052
74.85392052
74.85392052
74.85392052
74.85392052
74.85392052
74.85392052
74.85392052
74.85392052
74.85392052
74.85392052
74.85392052
74.85392052
74.85392052
74.85392052
74.85392052
74.85392052
74.85392052
74.85392052
74.85392052
74.85392052
74.85392052
74.85392052
74.85392052
74.85392052
74.85392052
74.85392052
74.85392052
74.85392052
74.85392052
74.85392052
74.85392052
74.85392052
74.85392052
74.85392052
74.85392052
52.03709119
53.63555177
54.41556567
55.06219994
55.30282382
54.96053958
54.93430572
54.18527931
53.18206774
50.52186714
48.45315885
45.06772613
41.36652098
36.56416834
0
0
0
0
0
0
0
0
0
0
0
0
0
0
0
0
0
0
0
0
0
0
0
0
0
0
0
0
0
0
0
0
0
0
0
0
0
0
0
0
0
0
0
0
0
0
0
0
0
0
0
0
0
0
0
0
0
0
0
0
0
0
0
0
0
0
0
0
0
0
0
0
0
0
0
0
0
0
0
0
0
0
0
0
0
0
0
0
0
0
0
0
0
0
0
0
0
0
0
0
0
0
0
0
0
0
0
0
0
0
0
0
0
0
0
0
0
0
0
0
0
0
0
0
0
0
0
0
0
0
0
0
0
0
0
0
0
0
0
0
0
0
0
0
0
0
0
0
0
0
0
0
0
0
0
0
0
0
0
0
0
0
0
0
0
0
0
0
0
0
0
0
0
0
0
0
0
0
0
0
0
0
0
0
0
0
0
0
0
0
0
0
0
0
0
0
0
0
0
0
0
0
0
0
0
0
0
0
0
0
0
0
0
74.85392052
74.85392052
74.85392052
74.85392052
74.85392052
74.85392052
74.85392052
74.85392052
74.85392052
74.85392052
74.85392052
74.85392052
74.85392052
74.85392052
74.85392052
74.85392052
74.85392052
74.85392052
74.85392052
74.85392052
74.85392052
74.85392052
74.85392052
74.85392052
74.85392052
74.85392052
74.85392052
74.85392052
74.85392052
74.85392052
74.85392052
74.85392052
74.85392052
74.85392052
74.85392052
0
0
0
0
0
0
0
0
0
0
0
0
0
0
0
0
0
0
0
0
0
0
0
0
0
0
0
0
0
0
0
0
0
0
0
0
0
0
0
0
0
0
0
0
0
0
0
0
0
0
0
0
0
0
0
0
0
0
0
74.85392052
74.85392052
74.85392052
74.85392052
74.85392052
74.85392052
74.85392052
74.85392052
74.85392052
74.85392052
74.85392052
74.85392052
74.85392052
74.85392052
74.85392052
74.85392052
74.85392052
74.85392052
74.85392052
74.85392052
74.85392052
74.85392052
74.85392052
74.85392052
74.85392052
74.85392052
74.85392052
74.85392052
74.85392052
74.85392052
74.85392052
74.85392052
74.85392052
74.85392052
74.85392052
74.85392052
74.85392052
74.85392052
74.85392052
74.85392052
74.85392052
74.85392052
74.85392052
74.85392052
74.85392052
74.85392052
74.85392052
74.85392052
74.85392052
74.85392052
74.85392052
74.85392052
74.85392052
74.85392052
74.85392052
74.85392052
74.85392052
74.85392052
74.85392052
74.85392052
74.85392052
74.85392052
74.85392052
74.85392052
74.85392052
74.85392052
74.85392052
74.85392052
74.85392052
74.85392052
74.85392052
74.85392052
74.85392052
74.85392052
74.85392052
74.85392052
74.85392052
74.85392052
74.85392052
74.85392052
74.85392052
74.85392052
74.85392052
74.85392052
74.85392052
74.85392052
74.85392052
74.85392052
74.85392052
74.85392052
74.85392052
74.85392052
74.85392052
74.85392052
74.85392052
74.85392052
74.85392052
74.85392052
74.85392052
74.85392052
74.85392052
74.85392052
74.85392052
74.85392052
74.85392052
74.85392052
74.85392052
74.85392052
74.85392052
74.85392052
74.85392052
74.85392052
74.85392052
74.85392052
74.85392052
74.85392052
74.85392052
74.85392052
74.85392052
74.85392052
74.85392052
74.85392052
74.85392052
74.85392052
74.85392052
74.85392052
74.85392052
74.85392052
74.85392052
74.85392052
74.85392052
74.85392052
74.85392052
74.85392052
74.85392052
74.85392052
53.61447647
51.10786369
49.69104124
47.79332385
45.08970411
43.40010613
42.75748358
44.03835507
46.47090721
50.23461155
53.07805648
52.26054551
51.2317517
51.2081802
49.38130897
48.85407348
47.87979528
46.45827761
45.17482262
43.18233419
42.5413868
41.6437067
40.98558823
40.92134555
40.44006762
40.58733099
41.57971293
42.09234146
42.64085378
42.49864007
42.47009581
43.04773725
43.16824949
42.57102209
40.50492606
37.07627202
0
0
0
0
0
0
0
0
0
0
0
0
0
0
0
0
0
0
0
0
0
0
0
0
0
0
0
0
0
0
0
0
0
0
74.85392052
74.85392052
74.85392052
74.85392052
74.85392052
74.85392052
74.85392052
74.85392052
74.85392052
74.85392052
74.85392052
74.85392052
74.85392052
74.85392052
74.85392052
74.85392052
74.85392052
74.85392052
74.85392052
74.85392052
74.85392052
74.85392052
74.85392052
74.85392052
74.85392052
74.85392052
74.85392052
74.85392052
74.85392052
74.85392052
74.85392052
74.85392052
74.85392052
74.85392052
74.85392052
74.85392052
74.85392052
74.85392052
74.85392052
74.85392052
74.85392052
74.85392052
74.85392052
74.85392052
74.85392052
74.85392052
74.85392052
74.85392052
74.85392052
74.85392052
74.85392052
74.85392052
74.85392052
74.85392052
74.85392052
74.85392052
74.85392052
74.85392052
74.85392052
74.85392052
74.85392052
74.85392052
74.85392052
74.85392052
74.85392052
74.85392052
51.91727265
52.84652262
56.20609615
60.50613743
62.75880814
64.22074003
65.57833156
66.40449845
66.49404506
66.08618555
66.04218684
66.31111062
66.1643798
66.38901275
66.62832378
66.83149234
67.57006792
68.59955064
69.32619603
70.25299047
70.87522414
71.35341031
72.0531564
73.44543962
74.43459338
74.85392052
74.85392052
74.85392052
74.85392052
74.85392052
74.85392052
74.85392052
74.85392052
74.85392052
74.85392052
74.85392052
74.85392052
74.85392052
74.85392052
74.85392052
74.85392052
74.85392052
74.85392052
74.85392052
74.85392052
74.85392052
74.85392052
74.85392052
74.85392052
74.85392052
74.85392052
74.85392052
74.85392052
51.28872962
50.02299115
49.34444545
49.40532367
49.12600037
49.67303703
51.52990369
53.49376243
53.57400943
50.98299721
47.70247053
45.43995793
43.71735111
43.2931146
42.55549617
41.74947715
41.30013747
41.21819634
41.43703747
42.21100123
42.87231443
45.28008824
48.21446719
50.07690404
51.53331314
52.06174332
53.48674477
54.78564344
55.99926611
56.11904343
55.66974806
56.78184989
55.82703896
57.05524069
57.3718232
56.54687581
55.39378467
54.32265685
53.17441035
47.47616702
42.20168456
39.10213058
37.95338988
38.47296676
39.57697472
42.51897294
44.79488674
46.46168833
48.50927261
50.89216768
53.61741308
55.34755695
56.98037566
57.97109932
58.76762677
59.53754868
60.41422607
61.72393635
63.88270118
65.87510855
66.80520451
68.61368577
70.45488979
71.60786039
72.93533374
74.26324603
74.84594665
74.85392052
74.85392052
74.85392052
74.85392052
74.85392052
74.85392052
74.85392052
74.85392052
74.85392052
74.85392052
74.85392052
74.85392052
74.85392052
74.85392052
74.85392052
74.85392052
74.85392052
74.85392052
74.85392052
74.85392052
74.85392052
74.85392052
74.85392052
74.85392052
74.85392052
74.85392052
74.85392052
74.85392052
74.85392052
74.85392052
74.85392052
74.85392052
74.85392052
74.85392052
74.85392052
74.85392052
74.85392052
74.85392052
74.85392052
74.85392052
74.85392052
74.85392052
74.85392052
74.85392052
74.85392052
74.85392052
74.85392052
74.85392052
74.85392052
74.85392052
74.85392052
74.85392052
74.85392052
74.85392052
74.85392052
74.85392052
74.85392052
74.85392052
74.85392052
74.85392052
74.85392052
74.85392052
74.85392052
74.85392052
74.85392052
74.85392052
74.85392052
74.85392052
74.85392052
74.85392052
74.85392052
74.85392052
74.85392052
74.85392052
74.85392052
74.85392052
74.85392052
74.85392052
74.85392052
74.85392052
74.85392052
74.85392052
74.85392052
74.85392052
74.85392052
74.85392052
74.85392052
74.85392052
74.85392052
74.85392052
74.85392052
74.85392052
74.85392052
74.85392052
74.85392052
74.85392052
74.85392052
74.85392052
74.85392052
74.85392052
74.85392052
74.85392052
74.85392052
74.85392052
74.85392052
74.85392052
74.85392052
74.85392052
74.85392052
74.85392052
74.85392052
74.85392052
74.85392052
74.85392052
74.85392052
74.85392052
74.85392052
74.85392052
74.85392052
74.85392052
74.85392052
74.85392052
74.85392052
74.85392052
74.85392052
74.85392052
74.85392052
74.85392052
74.85392052
74.85392052
74.85392052
74.85392052
74.85392052
74.85392052
74.85392052
74.85392052
74.85392052
74.85392052
74.85392052
74.85392052
74.85392052
74.85392052
74.85392052
74.85392052
74.85392052
74.85392052
74.85392052
74.85392052
74.85392052
74.85392052
74.85392052
74.85392052
74.85392052
74.85392052
74.85392052
74.85392052
74.85392052
74.85392052
74.85392052
74.85392052
74.85392052
74.85392052
74.85392052
74.85392052
74.85392052
74.85392052
74.85392052
74.85392052
74.85392052
74.85392052
74.85392052
74.85392052
74.85392052
74.85392052
74.85392052
74.85392052
74.85392052
74.85392052
74.85392052
74.85392052
74.85392052
74.85392052
74.85392052
74.85392052
74.85392052
74.85392052
74.85392052
74.85392052
74.85392052
74.85392052
74.85392052
74.85392052
74.85392052
74.85392052
74.85392052
74.85392052
74.85392052
74.85392052
74.85392052
74.85392052
74.85392052
74.85392052
74.85392052
74.85392052
74.85392052
74.85392052
74.85392052
74.85392052
74.85392052
74.85392052
50.73738637
49.52134626
48.2778735
45.75639358
46.69341885
47.66428529
47.70570759
45.37014165
42.62298046
41.7217786
40.06998947
39.08098615
37.00573345
0
0
0
0
0
0
0
0
0
0
0
0
0
0
0
0
0
0
0
0
0
0
0
0
0
0
0
0
0
0
0
0
0
0
0
0
0
0
0
0
0
0
0
0
0
0
0
0
0
0
0
0
0
0
0
0
0
0
0
0
0
0
0
0
0
0
0
0
0
0
0
0
0
0
0
0
0
0
0
0
0
0
0
0
0
0
0
0
0
0
0
0
0
0
0
0
0
0
0
0
0
0
0
0
0
0
0
0
0
0
0
0
0
0
0
0
0
0
0
0
0
0
0
0
0
0
0
0
0
0
0
0
0
0
0
0
0
0
0
0
0
0
0
0
0
0
0
0
0
0
0
0
0
0
0
0
0
0
0
0
0
0
0
0
0
0
0
0
0
0
0
74.85392052
74.85392052
74.85392052
74.85392052
74.85392052
74.85392052
74.85392052
74.85392052
74.85392052
74.85392052
74.85392052
74.85392052
74.85392052
74.85392052
74.85392052
74.85392052
74.85392052
74.85392052
74.85392052
74.85392052
74.85392052
74.85392052
74.85392052
74.85392052
74.85392052
74.85392052
74.85392052
74.85392052
74.85392052
74.85392052
74.85392052
74.85392052
74.85392052
74.85392052
74.85392052
74.85392052
74.85392052
74.85392052
74.85392052
74.85392052
74.85392052
74.85392052
74.85392052
74.85392052
74.85392052
74.85392052
74.85392052
74.85392052
74.85392052
74.85392052
74.85392052
74.85392052
74.85392052
74.85392052
74.85392052
74.85392052
74.85392052
74.85392052
74.85392052
74.85392052
74.85392052
74.85392052
74.85392052
74.85392052
74.85392052
74.85392052
74.85392052
74.85392052
74.85392052
74.85392052
74.85392052
74.85392052
74.85392052
74.85392052
74.85392052
74.85392052
74.85392052
74.85392052
74.85392052
74.85392052
74.85392052
74.85392052
74.85392052
51.90456515
50.35386737
46.76077026
45.90947398
44.41520837
42.89511613
39.23116458
37.9597038
37.64105858
38.3878053
39.92580567
37.35187484
0
0
0
0
0
0
0
0
0
0
0
0
0
0
0
0
0
0
0
0
0
0
0
0
0
0
0
0
0
0
0
0
0
0
0
0
0
0
0
0
0
0
0
0
0
0
0
0
0
0
0
0
0
0
0
0
0
0
0
0
0
0
0
0
0
0
0
0
0
0
0
0
0
0
0
0
0
0
0
0
0
0
0
0
0
0
0
0
0
0
0
0
0
0
0
0
0
0
0
0
0
0
0
0
0
0
0
0
0
0
0
0
0
0
0
0
0
0
0
0
0
0
0
0
0
0
0
0
0
0
0
0
0
0
0
0
0
0
0
0
0
0
0
0
0
0
0
0
0
0
0
0
0
0
0
0
0
0
0
0
0
0
0
0
0
0
0
0
0
0
0
0
0
0
0
0
0
0
0
0
0
0
0
0
0
0
0
0
0
0
0
0
0
0
0
0
0
0
0
0
0
0
0
0
0
0
0
0
0
0
0
0
0
0
0
0
0
0
0
0
0
0
0
0
0
0
0
0
0
0
0
0
0
0
0
0
0
0
0
0
0
0
0
0
0
0
0
0
0
0
0
0
0
0
0
0
0
0
0
0
0
0
0
0
0
0
0
0
0
0
0
0
0
0
0
0
0
0
0
0
0
0
0
0
0
0
0
0
0
0
0
0
0
0
0
0
0
0
0
0
0
0
0
0
0
0
0
0
0
0
0
0
0
0
0
0
0
0
0
0
0
0
0
0
0
0
0
0
0
0
0
0
0
0
0
0
0
0
0
0
0
0
0
0
0
0
0
0
0
0
0
0
0
0
0
0
0
0
0
0
0
0
0
0
0
0
0
0
0
0
0
0
0
0
0
0
74.85392052
74.85392052
74.85392052
74.85392052
74.85392052
74.85392052
74.85392052
74.85392052
74.85392052
74.85392052
74.85392052
74.85392052
74.85392052
74.85392052
74.85392052
74.85392052
74.85392052
74.85392052
74.85392052
74.85392052
74.85392052
74.85392052
74.85392052
74.85392052
74.85392052
74.85392052
74.85392052
74.85392052
74.85392052
74.85392052
74.85392052
74.85392052
74.85392052
74.85392052
74.85392052
74.85392052
74.85392052
74.85392052
74.85392052
74.85392052
74.85392052
74.85392052
74.85392052
74.85392052
74.85392052
74.85392052
74.85392052
74.85392052
74.85392052
74.85392052
74.85392052
74.85392052
74.85392052
74.85392052
74.85392052
74.85392052
74.85392052
74.85392052
74.85392052
74.85392052
74.85392052
74.85392052
74.85392052
74.85392052
74.85392052
74.85392052
74.85392052
74.85392052
74.85392052
74.85392052
74.85392052
74.85392052
74.85392052
74.85392052
74.85392052
74.85392052
74.85392052
74.85392052
74.85392052
74.85392052
74.85392052
74.85392052
74.85392052
74.85392052
74.85392052
74.85392052
74.85392052
74.85392052
74.85392052
74.85392052
74.85392052
74.85392052
74.85392052
74.85392052
74.85392052
74.85392052
74.85392052
74.85392052
74.85392052
74.85392052
74.85392052
74.85392052
74.85392052
74.85392052
74.85392052
74.85392052
74.85392052
74.85392052
74.85392052
74.85392052
74.85392052
74.85392052
74.85392052
74.85392052
74.85392052
74.85392052
74.85392052
74.85392052
74.85392052
74.85392052
74.85392052
74.85392052
74.85392052
74.85392052
74.85392052
74.85392052
74.85392052
74.85392052
74.85392052
74.85392052
74.85392052
74.85392052
74.85392052
74.85392052
74.85392052
74.85392052
74.85392052
74.85392052
74.85392052
74.85392052
74.85392052
74.85392052
74.85392052
74.85392052
74.85392052
74.85392052
74.85392052
74.85392052
74.85392052
74.85392052
74.85392052
74.85392052
74.85392052
74.85392052
74.85392052
74.85392052
74.85392052
74.85392052
74.85392052
74.85392052
74.85392052
74.85392052
74.85392052
74.85392052
74.85392052
74.85392052
74.85392052
74.85392052
74.85392052
74.85392052
74.85392052
74.85392052
74.85392052
74.85392052
74.85392052
74.85392052
74.85392052
74.85392052
74.85392052
74.85392052
74.85392052
74.85392052
74.85392052
74.85392052
74.85392052
74.85392052
74.85392052
74.85392052
74.85392052
74.85392052
74.85392052
74.85392052
74.85392052
74.85392052
74.85392052
74.85392052
74.85392052
74.85392052
74.85392052
74.85392052
74.85392052
74.85392052
74.85392052
74.85392052
74.85392052
74.85392052
74.85392052
74.85392052
74.85392052
74.85392052
74.85392052
74.85392052
74.85392052
74.85392052
74.85392052
74.85392052
74.85392052
74.85392052
74.85392052
74.85392052
74.85392052
74.85392052
74.85392052
74.85392052
74.85392052
74.85392052
54.23218981
55.26811739
53.83074967
54.45598055
53.2342717
51.17091398
50.53606109
47.46279453
47.0125892
45.81096028
43.91434504
0
0
0
0
0
0
0
0
0
0
0
0
0
0
0
0
0
0
0
0
0
0
0
0
0
0
0
0
0
0
0
0
0
0
0
0
0
0
0
0
0
0
0
0
0
0
0
0
0
0
0
0
0
0
0
0
74.85392052
74.85392052
74.85392052
74.85392052
74.85392052
74.85392052
74.85392052
74.85392052
74.85392052
74.85392052
74.85392052
74.85392052
74.85392052
74.85392052
74.85392052
74.85392052
74.85392052
74.85392052
74.85392052
74.85392052
74.85392052
74.85392052
74.85392052
74.85392052
74.85392052
74.85392052
74.85392052
74.85392052
74.85392052
74.85392052
74.85392052
74.85392052
74.85392052
74.85392052
74.85392052
74.85392052
74.85392052
74.85392052
74.85392052
74.85392052
74.85392052
74.85392052
74.85392052
74.85392052
74.85392052
74.85392052
74.85392052
74.85392052
74.85392052
74.85392052
74.85392052
74.85392052
74.85392052
74.85392052
74.85392052
74.85392052
74.85392052
74.85392052
74.85392052
74.85392052
74.85392052
74.85392052
74.85392052
74.85392052
74.85392052
74.85392052
74.85392052
74.85392052
74.85392052
74.85392052
74.85392052
74.85392052
74.85392052
74.85392052
74.85392052
74.85392052
74.85392052
74.85392052
74.85392052
74.85392052
74.85392052
74.85392052
74.85392052
74.85392052
74.85392052
74.85392052
74.85392052
74.85392052
74.85392052
74.85392052
74.85392052
74.85392052
74.85392052
74.85392052
74.85392052
74.85392052
74.85392052
74.85392052
74.85392052
74.85392052
74.85392052
74.85392052
74.85392052
74.85392052
74.85392052
74.85392052
74.85392052
74.85392052
74.85392052
74.85392052
74.85392052
74.85392052
74.85392052
74.85392052
74.85392052
50.28866261
47.52767344
43.39877776
38.85926825
0
0
0
0
0
0
0
0
0
0
0
0
0
0
0
0
0
0
0
0
0
0
0
0
0
0
0
0
0
0
0
0
0
0
0
0
0
0
0
0
0
0
0
0
0
0
0
0
0
0
0
0
0
0
0
0
0
0
0
0
0
0
0
0
0
74.85392052
74.85392052
74.85392052
74.85392052
74.85392052
74.85392052
74.85392052
74.85392052
74.85392052
74.85392052
74.85392052
74.85392052
74.85392052
74.85392052
74.85392052
74.85392052
74.85392052
74.85392052
74.85392052
74.85392052
74.85392052
74.85392052
74.85392052
74.85392052
74.85392052
74.85392052
74.85392052
74.85392052
74.85392052
74.85392052
74.85392052
74.85392052
74.85392052
74.85392052
74.85392052
74.85392052
74.85392052
74.85392052
74.85392052
74.85392052
74.85392052
74.85392052
74.85392052
74.85392052
74.85392052
74.85392052
74.85392052
74.85392052
74.85392052
74.85392052
74.85392052
74.85392052
74.85392052
74.85392052
74.85392052
74.85392052
74.85392052
74.85392052
74.85392052
74.85392052
74.85392052
74.85392052
74.85392052
74.85392052
74.85392052
74.85392052
74.85392052
74.85392052
74.85392052
47.59855735
40.82893541
0
0
0
0
0
0
0
0
0
0
0
0
0
0
0
0
0
0
0
0
0
0
0
0
0
0
0
0
0
0
0
0
0
0
0
0
0
0
0
0
0
0
0
0
0
0
0
0
0
0
0
0
0
0
0
0
0
0
0
0
0
0
0
0
0
0
0
0
0
0
0
0
0
0
0
0
0
0
0
0
0
0
0
0
0
0
0
0
0
0
0
0
0
0
0
0
0
0
0
0
0
0
0
0
0
0
0
0
0
0
0
0
0
0
0
0
0
0
0
0
0
0
0
0
0
0
0
0
0
0
0
0
0
0
0
0
0
0
0
0
0
0
0
0
0
0
0
0
0
0
0
0
0
0
0
0
0
0
0
0
0
0
0
0
0
0
0
0
0
0
0
0
0
0
0
0
0
0
0
0
0
0
0
0
0
0
0
0
0
0
0
0
0
0
0
0
0
0
0
0
0
0
0
0
0
0
0
0
0
0
0
0
0
0
0
0
0
0
0
0
0
0
74.85392052
74.85392052
74.85392052
74.85392052
74.85392052
74.85392052
74.85392052
74.85392052
74.85392052
74.85392052
74.85392052
74.85392052
74.85392052
74.85392052
74.85392052
74.85392052
74.85392052
74.85392052
74.85392052
74.85392052
74.85392052
74.85392052
74.85392052
74.85392052
74.85392052
53.79877849
51.66171737
48.23473145
46.35498892
46.35130104
45.04809144
42.87405725
41.46086855
40.63142815
40.42408545
40.40028741
41.42620671
42.38975593
44.17444752
45.29912812
44.51323408
44.64572811
43.92369281
44.26338274
43.84641653
44.23604854
45.62138164
47.39273117
47.93541149
46.7985601
44.6093698
43.112964
44.52299352
43.52087493
41.76773232
41.00315027
40.70238786
40.3504117
41.44375461
41.34206332
40.11722236
39.98090278
39.24632021
39.88828735
41.33437287
43.41187258
45.30997955
46.99683909
49.60356841
51.11530753
52.24007208
53.96987691
56.10445451
58.63985416
61.16696556
61.39421799
59.12326808
56.52726675
54.5239083
52.00212598
49.54416056
47.94030722
47.03417787
47.60609877
47.3371486
46.16417318
0
0
0
0
0
0
0
0
0
0
0
0
0
0
0
0
0
0
0
0
0
0
0
74.85392052
74.85392052
74.85392052
74.85392052
74.85392052
74.85392052
74.85392052
74.85392052
74.85392052
74.85392052
74.85392052
74.85392052
74.85392052
74.85392052
74.85392052
74.85392052
74.85392052
74.85392052
74.85392052
74.85392052
74.85392052
74.85392052
74.85392052
74.85392052
74.85392052
74.85392052
74.85392052
74.85392052
74.85392052
74.85392052
74.85392052
74.85392052
74.85392052
74.85392052
74.85392052
74.85392052
74.85392052
74.85392052
74.85392052
74.85392052
74.85392052
74.85392052
74.85392052
74.85392052
74.85392052
74.85392052
74.85392052
74.85392052
74.85392052
74.85392052
74.85392052
74.85392052
74.85392052
74.85392052
74.85392052
74.85392052
74.85392052
74.85392052
74.85392052
74.85392052
74.85392052
74.85392052
74.85392052
74.85392052
74.85392052
74.85392052
74.85392052
74.85392052
74.85392052
74.85392052
74.85392052
74.85392052
74.85392052
74.85392052
74.85392052
74.85392052
74.85392052
74.85392052
74.85392052
74.85392052
74.85392052
74.85392052
74.85392052
74.85392052
74.85392052
74.85392052
74.85392052
74.85392052
74.85392052
74.85392052
74.85392052
74.85392052
74.85392052
74.85392052
74.85392052
74.85392052
74.85392052
74.85392052
74.85392052
74.85392052
74.85392052
74.85392052
74.85392052
74.85392052
74.85392052
74.85392052
74.85392052
74.85392052
74.85392052
74.85392052
74.85392052
74.85392052
53.17691582
51.61458718
51.06704157
50.85964436
52.23952069
55.10616035
57.26559031
56.96910816
55.41560048
53.99051576
52.02828335
49.74824734
47.31138529
44.40669484
42.4667757
41.62751288
40.71890223
40.5230351
41.77035485
42.63914646
43.33257798
43.45788015
43.47712049
43.64803265
43.78887983
43.90880055
43.83935825
43.66919969
43.67045324
43.86011226
43.33256814
42.78506386
41.27770972
39.38914601
0
0
0
0
0
0
0
0
0
0
0
0
0
0
0
0
0
0
0
0
0
0
0
0
0
0
0
0
0
0
0
0
0
0
0
0
0
0
0
0
0
0
0
0
0
0
0
0
0
0
0
0
0
0
0
0
0
0
0
0
0
0
0
0
0
0
0
0
0
0
0
0
0
0
0
0
0
0
0
0
0
0
0
0
0
0
0
0
0
0
0
0
0
0
0
0
0
0
0
0
0
0
0
0
0
0
0
0
0
0
0
0
0
0
0
0
0
0
0
0
0
0
0
0
0
0
0
0
0
0
0
0
0
0
0
0
0
0
0
0
0
0
0
0
0
0
0
0
0
0
0
0
0
0
0
0
0
0
0
0
0
0
0
0
0
0
0
0
0
0
0
0
0
0
0
0
74.85392052
74.85392052
74.85392052
74.85392052
74.85392052
74.85392052
74.85392052
74.85392052
74.85392052
74.85392052
74.85392052
74.85392052
74.85392052
74.85392052
74.85392052
74.85392052
74.85392052
74.85392052
74.85392052
74.85392052
74.85392052
74.85392052
45.76254063
42.24042886
42.05300674
43.27463248
46.5782948
50.26207847
53.46326678
55.13431793
57.56243608
59.22149408
59.86602196
59.97215306
60.10675954
60.44458657
60.57886945
62.05718076
63.21991839
64.87443269
66.56410672
67.23799984
66.3920199
64.96144567
65.21146607
65.1279147
64.15669291
64.10488021
64.05217398
64.0576768
62.62757629
62.37620273
62.57438642
62.89974648
63.0866819
61.73313789
60.61188137
61.14323079
62.12307367
64.19477993
67.22327896
69.09538826
69.78552134
69.7397352
70.01605698
70.21505389
69.56786394
68.79069124
67.36413347
66.70498864
64.21837542
62.63583927
61.11988768
58.61282007
56.67923828
56.6642312
55.72971724
55.46058068
54.74658436
53.97279793
55.16048129
57.5686263
61.52203673
63.93293814
65.33124857
66.8544322
67.41965033
66.65275011
65.3948768
63.36897899
59.29947942
55.71509857
51.85829996
48.6923127
46.56742343
43.54024513
40.36798195
37.17023321
0
0
0
0
0
0
0
0
0
0
0
0
0
0
0
0
0
0
0
0
0
0
0
0
0
0
0
0
0
0
0
0
0
0
0
0
0
0
0
0
0
0
0
0
0
0
0
0
0
0
0
0
0
0
0
0
0
0
0
0
0
0
0
0
0
0
0
0
0
0
0
0
0
0
0
0
0
0
0
0
0
0
0
0
0
0
0
0
0
0
0
0
0
0
0
0
0
0
0
0
0
0
0
0
0
0
0
0
0
0
0
0
0
0
0
0
0
0
0
0
0
0
0
0
0
0
0
0
0
0
0
0
0
0
0
0
0
0
0
0
0
0
0
0
0
0
0
0
0
0
0
0
0
0
0
0
0
0
0
0
0
0
0
0
0
0
0
0
0
0
0
0
0
0
0
0
0
0
0
0
0
0
0
0
0
0
0
0
0
0
0
0
0
0
0
0
0
0
0
0
0
0
0
0
0
0
0
0
0
0
0
0
0
0
0
0
0
0
0
0
0
0
0
0
0
0
0
0
0
0
0
0
0
0
0
0
0
0
0
0
0
0
0
0
0
74.85392052
74.85392052
74.85392052
74.85392052
74.85392052
74.85392052
74.85392052
74.85392052
74.85392052
74.85392052
74.85392052
74.85392052
74.85392052
74.85392052
74.85392052
74.85392052
74.85392052
74.85392052
74.85392052
74.85392052
74.85392052
74.85392052
74.85392052
74.85392052
74.85392052
74.85392052
74.85392052
74.85392052
74.85392052
74.85392052
74.85392052
74.85392052
74.85392052
74.85392052
74.85392052
74.85392052
74.85392052
74.85392052
74.85392052
74.85392052
74.85392052
74.85392052
74.85392052
74.85392052
74.85392052
74.85392052
74.85392052
74.85392052
74.85392052
74.85392052
74.85392052
74.85392052
74.85392052
74.85392052
74.85392052
74.85392052
74.85392052
74.85392052
74.85392052
74.85392052
74.85392052
74.85392052
47.34697562
43.67661145
0
0
0
0
0
0
0
0
0
0
0
0
0
0
0
0
0
74.85392052
74.85392052
74.85392052
74.85392052
74.85392052
74.85392052
74.85392052
74.85392052
74.85392052
74.85392052
74.85392052
74.85392052
74.85392052
74.85392052
74.85392052
74.85392052
74.85392052
74.85392052
74.85392052
74.85392052
74.85392052
74.85392052
74.85392052
74.85392052
74.85392052
74.85392052
74.85392052
74.85392052
74.85392052
74.85392052
74.85392052
74.85392052
74.85392052
74.85392052
74.85392052
74.85392052
74.85392052
74.85392052
74.85392052
74.85392052
74.85392052
74.85392052
74.85392052
74.85392052
74.85392052
74.85392052
74.85392052
74.85392052
74.85392052
74.85392052
74.85392052
74.85392052
74.85392052
74.85392052
74.85392052
74.85392052
74.85392052
74.85392052
74.85392052
74.85392052
74.85392052
74.85392052
74.85392052
74.85392052
74.85392052
74.85392052
74.85392052
74.85392052
74.85392052
74.85392052
74.85392052
74.85392052
74.85392052
74.85392052
74.85392052
74.85392052
74.85392052
74.85392052
74.85392052
50.0581978
47.8740789
47.84728957
48.30395071
49.55013379
51.19313572
52.20649612
51.50958073
51.8573771
52.29944238
51.94298095
52.25920134
52.7230271
54.70815557
57.899765
59.11732942
58.26523223
57.29971267
57.2265744
56.22564367
55.71248755
56.29431097
56.25646271
56.51658834
56.71565155
56.91732935
55.93526136
55.90631337
55.56148397
54.68138685
54.55362706
54.91777753
55.75997226
53.09435899
52.51506939
53.28159287
52.3294119
51.97599229
52.11944006
49.54538586
47.02378222
42.95195185
38.70369499
0
0
0
0
0
0
0
0
0
0
0
0
0
0
0
0
0
0
0
0
0
0
0
0
0
0
0
0
0
0
0
0
0
0
0
0
0
0
0
0
0
0
0
0
0
0
0
0
0
0
0
0
0
0
0
0
0
0
0
0
0
0
0
0
0
0
0
0
0
0
0
0
0
0
0
0
0
0
0
0
0
0
0
0
0
0
0
0
0
0
0
0
0
0
0
0
0
0
0
0
0
0
0
0
0
0
0
0
0
0
0
0
0
0
0
0
0
0
0
0
0
0
0
0
0
0
0
0
0
0
0
0
0
0
0
0
0
0
0
0
0
0
0
0
0
0
0
0
0
0
0
0
0
0
0
0
0
0
0
0
0
0
0
0
0
0
0
0
0
0
0
0
0
0
0
0
0
0
0
0
0
0
0
0
0
0
0
0
0
0
0
0
0
0
0
0
0
0
0
0
0
0
0
0
0
0
0
0
0
0
0
0
0
0
0
0
0
0
0
0
0
0
0
0
0
0
0
0
0
0
0
0
0
0
0
0
0
0
0
0
0
0
0
0
0
0
0
0
0
0
0
0
0
0
0
0
0
0
0
0
0
0
0
0
0
0
0
0
0
0
0
0
0
0
0
0
0
0
0
0
0
0
0
0
0
0
0
0
0
0
0
0
0
0
0
0
0
0
0
0
0
0
0
0
0
0
0
0
0
0
0
0
0
0
0
0
0
0
0
0
0
0
0
0
0
0
0
0
0
0
0
0
0
0
0
0
0
0
0
0
0
0
0
0
0
0
0
0
0
0
0
0
0
0
0
0
0
0
0
0
0
0
0
0
0
0
0
0
0
0
0
0
0
0
0
0
0
0
0
0
0
0
0
0
0
0
0
0
0
0
0
0
0
0
0
0
0
0
0
0
0
0
0
0
0
0
0
0
0
0
0
74.85392052
74.85392052
74.85392052
74.85392052
74.85392052
74.85392052
74.85392052
74.85392052
74.85392052
74.85392052
74.85392052
74.85392052
74.85392052
74.85392052
74.85392052
74.85392052
74.85392052
74.85392052
74.85392052
74.85392052
74.85392052
74.85392052
74.85392052
74.85392052
74.85392052
74.85392052
74.85392052
74.85392052
74.85392052
74.85392052
74.85392052
74.85392052
74.85392052
74.85392052
74.85392052
74.85392052
74.85392052
74.85392052
74.85392052
74.85392052
74.85392052
74.85392052
74.85392052
74.85392052
74.85392052
74.85392052
74.85392052
74.85392052
74.85392052
74.85392052
74.85392052
74.85392052
74.85392052
74.85392052
74.85392052
74.85392052
74.85392052
74.85392052
74.85392052
74.85392052
74.85392052
74.85392052
74.85392052
74.85392052
74.85392052
74.85392052
74.85392052
74.85392052
74.85392052
74.85392052
74.85392052
74.85392052
74.85392052
74.85392052
74.85392052
74.85392052
74.85392052
74.85392052
74.85392052
74.85392052
74.85392052
74.85392052
74.85392052
74.85392052
74.85392052
74.85392052
74.85392052
74.85392052
74.85392052
74.85392052
74.85392052
74.85392052
74.85392052
74.85392052
74.85392052
74.85392052
74.85392052
74.85392052
74.85392052
74.85392052
74.85392052
74.85392052
74.85392052
74.85392052
74.85392052
74.85392052
74.85392052
74.85392052
74.85392052
74.85392052
74.85392052
74.85392052
74.85392052
74.85392052
74.85392052
74.85392052
74.85392052
74.85392052
74.85392052
74.85392052
74.85392052
74.85392052
74.85392052
74.85392052
74.85392052
50.17885791
47.85524767
46.37632708
44.93990318
0
0
0
0
0
0
0
0
0
0
0
0
0
0
0
0
0
0
0
0
0
0
0
0
0
0
0
0
0
0
0
0
0
0
0
0
0
0
0
0
0
0
0
0
0
0
0
0
0
0
0
0
0
0
0
0
0
0
0
0
0
0
0
0
0
0
0
0
0
0
0
0
0
0
0
0
0
0
0
0
0
0
0
0
0
0
0
0
0
0
0
0
0
0
0
0
0
0
0
0
0
0
0
0
0
0
0
0
0
0
0
0
0
0
0
0
0
0
0
0
0
0
0
0
0
0
0
0
0
0
0
0
0
0
0
0
0
0
0
0
0
0
0
0
0
0
0
0
0
0
0
0
0
0
0
0
0
0
0
0
0
0
0
0
0
0
0
0
0
0
0
0
0
0
0
0
0
0
0
0
0
0
0
0
0
0
0
0
0
0
0
0
0
0
0
0
0
0
0
0
0
0
0
74.85392052
74.85392052
74.85392052
74.85392052
74.85392052
74.85392052
74.85392052
74.85392052
74.85392052
74.85392052
74.85392052
74.85392052
74.85392052
74.85392052
74.85392052
74.85392052
74.85392052
74.85392052
74.85392052
74.85392052
74.85392052
74.85392052
74.85392052
74.85392052
74.85392052
74.85392052
74.85392052
74.85392052
74.85392052
74.85392052
74.85392052
74.85392052
74.85392052
74.85392052
74.85392052
74.85392052
74.85392052
74.85392052
74.85392052
74.85392052
74.85392052
74.85392052
74.85392052
74.85392052
74.85392052
74.85392052
74.85392052
74.85392052
74.85392052
74.85392052
74.85392052
74.85392052
74.85392052
74.85392052
74.85392052
74.85392052
74.85392052
74.85392052
74.85392052
74.85392052
74.85392052
74.85392052
74.85392052
74.85392052
74.85392052
74.85392052
74.85392052
74.85392052
74.85392052
74.85392052
74.85392052
74.85392052
74.85392052
74.85392052
74.85392052
74.85392052
74.85392052
74.85392052
74.85392052
52.60935861
50.27488613
50.78808651
51.95884212
53.5012011
55.40792272
56.72887859
58.98380165
60.65345224
63.71704647
66.91126951
71.78680736
74.36800499
74.81038584
72.3481701
73.25415164
74.85392052
74.85392052
74.85392052
74.85392052
74.85392052
74.85392052
74.85392052
74.85392052
74.85392052
74.85392052
74.85392052
74.85392052
74.85392052
74.85392052
74.85392052
74.85392052
74.85392052
74.85392052
74.85392052
74.85392052
74.85392052
74.85392052
74.85392052
74.85392052
74.85392052
74.85392052
74.85392052
74.85392052
74.85392052
74.85392052
74.85392052
74.85392052
74.85392052
74.85392052
74.85392052
74.85392052
74.85392052
74.85392052
74.85392052
74.85392052
74.85392052
74.85392052
74.85392052
74.85392052
74.85392052
74.85392052
74.85392052
74.85392052
74.85392052
74.85392052
74.85392052
74.85392052
74.85392052
74.85392052
74.85392052
74.85392052
74.85392052
74.85392052
74.85392052
74.85392052
74.85392052
74.85392052
74.85392052
74.85392052
74.85392052
74.85392052
74.85392052
74.85392052
74.85392052
74.85392052
74.85392052
74.85392052
74.85392052
74.85392052
74.85392052
74.85392052
74.85392052
74.85392052
74.85392052
74.85392052
74.85392052
74.85392052
74.85392052
74.85392052
74.85392052
74.85392052
74.85392052
74.85392052
74.85392052
74.85392052
74.85392052
74.85392052
74.85392052
74.85392052
74.85392052
74.85392052
74.85392052
74.85392052
74.85392052
74.85392052
74.85392052
74.85392052
74.85392052
74.85392052
74.85392052
74.85392052
74.85392052
74.85392052
74.85392052
74.85392052
74.85392052
74.85392052
74.85392052
74.85392052
74.85392052
74.85392052
74.85392052
74.85392052
74.85392052
74.85392052
74.85392052
74.85392052
74.85392052
74.85392052
74.85392052
74.85392052
74.85392052
74.85392052
74.85392052
74.85392052
74.85392052
74.85392052
53.3790999
52.22731899
50.98502183
49.73761002
48.71568261
48.02272781
47.67018653
47.39701678
46.94364344
45.37629795
43.25866064
43.26864063
43.40913465
43.44736607
43.11591069
43.95816807
43.6358282
43.56452624
43.89485555
44.45663285
44.48025345
44.07058053
43.69289217
43.25810856
42.80965578
42.62023216
42.53783937
41.88071509
40.66945932
40.23028203
40.06691756
39.82433498
39.0041446
37.38537916
0
0
0
0
0
0
0
0
0
0
0
0
0
0
0
0
0
0
0
0
0
0
0
0
0
0
0
0
0
0
0
0
0
0
0
0
0
0
0
0
0
0
0
0
0
0
0
0
0
0
0
0
0
0
0
0
0
0
0
0
0
0
0
0
0
0
0
0
0
0
0
0
0
0
0
0
0
0
0
0
0
0
0
0
0
0
0
0
0
0
0
0
0
0
0
0
0
0
0
0
0
0
0
0
0
0
0
0
0
0
0
0
0
0
0
0
0
0
0
0
0
0
0
0
0
0
0
0
0
0
0
0
0
0
0
0
0
0
0
0
0
0
0
0
0
0
0
0
0
0
0
0
0
0
0
0
0
0
0
0
0
0
0
0
0
0
0
0
0
0
0
0
0
0
0
0
0
0
0
0
0
0
0
0
0
0
0
0
0
0
0
0
0
0
0
0
0
0
0
0
0
0
0
0
0
0
0
0
0
0
0
0
0
0
0
0
0
0
0
0
0
0
0
0
0
0
0
0
0
0
0
0
0
0
0
0
0
0
0
0
0
0
0
0
0
0
0
0
0
0
0
0
0
0
0
0
0
0
0
0
0
0
0
0
0
0
0
0
0
0
0
0
0
0
0
0
0
0
0
0
0
0
0
0
0
0
0
0
0
0
0
0
0
0
0
0
0
0
0
0
0
0
0
0
0
0
0
0
0
0
0
0
0
0
0
0
0
0
0
0
0
0
0
0
0
0
0
0
0
0
0
0
0
0
0
0
0
0
0
0
0
0
0
0
0
0
0
0
0
0
0
0
0
0
0
0
0
0
0
0
0
0
0
0
0
0
0
0
0
0
0
0
0
0
0
0
0
0
0
0
0
0
0
0
0
0
0
0
0
0
0
0
0
0
0
0
0
0
0
0
0
0
0
0
0
0
0
0
0
0
0
0
0
0
0
0
0
0
0
0
0
0
0
0
0
0
0
0
0
0
0
0
0
0
0
0
0
0
0
0
0
0
0
0
0
0
0
0
0
0
0
0
0
0
0
0
0
0
0
0
0
0
0
0
0
0
0
0
0
0
0
0
0
0
0
0
0
0
0
0
0
0
0
0
0
0
0
0
0
0
0
0
0
0
0
0
0
0
0
0
0
0
0
0
0
0
0
0
0
0
0
0
0
0
0
0
0
0
0
0
0
0
0
0
0
0
0
0
0
0
0
0
0
0
0
0
0
0
0
0
0
0
0
0
0
0
0
0
0
0
0
0
0
0
0
0
0
0
0
0
0
0
0
0
0
0
0
0
0
0
0
0
0
0
0
0
0
0
0
0
0
0
0
0
0
0
0
0
0
0
0
0
0
0
0
0
0
0
0
0
0
0
0
0
0
0
0
0
0
0
0
0
0
0
0
0
0
0
0
0
0
0
0
0
0
0
0
0
0
0
0
0
0
0
0
0
0
0
0
0
0
0
0
0
0
0
0
0
0
0
0
0
0
0
0
0
0
0
0
0
0
0
0
0
0
0
0
0
0
0
0
0
0
0
0
0
0
0
0
0
0
0
0
0
0
0
0
0
0
0
0
0
0
0
0
0
0
0
0
0
0
0
0
0
0
0
0
0
0
0
0
0
0
0
0
0
0
0
0
0
0
0
0
0
0
0
0
0
0
0
0
0
0
0
0
0
0
0
0
0
0
0
0
0
0
0
0
0
0
0
0
0
0
0
0
0
0
0
0
0
0
0
0
0
0
0
0
0
0
0
0
0
0
0
0
0
0
0
0
0
0
0
0
0
0
0
0
0
0
0
0
0
0
0
0
0
0
0
0
0
0
0
0
0
0
0
0
0
0
0
0
0
0
0
0
0
0
0
0
0
0
0
0
0
0
0
0
0
0
0
0
0
0
0
0
0
0
0
0
0
0
0
0
0
0
0
0
0
0
0
0
0
0
0
0
0
0
0
0
0
0
0
0
0
0
0
0
0
0
0
0
0
0
0
0
0
0
0
0
0
0
0
0
0
0
0
0
0
0
0
0
0
0
0
0
0
0
0
0
0
0
0
0
0
0
0
0
0
0
0
0
0
0
0
0
0
0
0
0
0
0
0
0
0
0
0
0
0
0
0
0
0
0
0
0
0
0
0
0
0
0
0
0
0
0
0
0
0
0
0
0
0
0
0
0
0
0
0
0
0
0
0
0
0
0
0
0
0
0
0
0
0
0
0
0
0
0
0
0
0
0
0
0
0
0
0
0
0
0
0
0
0
0
0
0
0
0
0
0
0
0
0
0
0
0
0
0
0
0
0
0
0
0
0
0
0
0
0
0
0
0
0
0
0
0
0
0
0
0
0
0
0
0
0
0
0
0
0
0
0
0
0
0
0
0
0
0
0
0
0
0
0
0
0
0
0
0
0
0
0
0
0
0
0
0
0
0
0
0
0
0
0
0
0
0
0
0
0
0
0
0
0
0
0
0
0
0
0
0
0
0
0
0
0
0
0
0
0
0
0
0
0
0
0
0
0
0
0
0
0
0
0
0
0
0
0
0
0
0
0
0
0
0
0
0
0
0
0
0
0
0
0
0
0
0
0
0
0
0
0
0
0
0
0
0
0
0
0
0
0
0
0
0
0
0
0
0
0
0
0
0
0
0
0
0
0
0
0
0
0
0
0
0
0
0
0
0
0
0
0
0
0
0
0
0
0
0
0
0
0
0
0
0
0
0
0
0
0
0
0
0
0
0
0
0
0
0
0
0
0
0
0
0
0
0
0
0
0
0
0
0
0
0
0
0
0
0
0
0
0
0
0
0
0
0
0
0
0
0
0
0
0
0
0
0
0
0
0
0
0
0
0
0
0
0
0
0
0
0
0
0
0
0
0
0
0
0
0
0
0
0
0
0
0
0
0
0
0
0
0
0
0
0
0
0
0
0
0
0
0
0
0
0
0
0
0
0
0
0
0
0
0
0
0
0
0
0
0
0
0
0
0
0
0
0
0
0
0
0
0
0
0
0
0
0
0
0
0
0
0
0
0
0
0
0
0
0
0
0
0
0
0
0
0
0
0
0
0
0
0
0
0
0
0
0
0
0
0
0
0
0
0
0
0
0
0
0
0
0
0
0
0
0
0
0
0
0
0
0
0
0
0
0
0
0
0
0
0
0
0
0
0
0
0
0
0
0
0
0
0
0
0
0
0
0
0
0
0
0
0
0
0
0
0
0
0
0
0
0
0
0
0
0
0
0
0
0
0
0
0
0
0
0
0
0
0
0
0
0
0
0
0
0
0
0
0
0
0
0
0
0
0
0
0
0
0
0
0
0
0
0
0
0
0
0
0
0
0
0
0
0
0
0
0
0
0
0
0
0
0
0
0
0
0
0
0
0
0
0
0
0
0
0
0
0
0
0
0
0
0
0
0
0
0
0
0
0
0
0
0
0
0
0
0
0
0
0
0
0
0
0
0
0
0
0
0
0
0
0
0
0
0
0
0
0
0
0
0
0
0
0
0
0
0
0
0
0
0
0
0
0
0
0
0
0
0
0
0
0
0
0
0
0
0
0
0
0
0
0
0
0
0
0
0
0
0
0
0
0
0
0
0
0
0
0
0
0
0
0
0
0
0
0
0
0
0
0
0
0
0
0
0
0
0
0
0
0
0
0
0
0
0
0
0
0
0
0
0
0
0
0
0
0
0
0
0
0
0
0
0
0
0
0
0
0
0
0
0
0
0
0
0
0
0
0
0
0
0
0
0
0
0
0
0
0
0
0
0
0
0
0
0
0
0
0
0
0
0
0
0
0
0
0
0
0
0
0
0
0
0
0
0
0
0
0
0
0
0
0
0
0
0
0
0
0
0
0
0
0
0
0
0
0
0
0
0
0
0
0
0
0
0
0
0
0
0
0
0
0
0
0
0
0
0
0
0
0
0
0
0
0
0
0
0
0
0
0
0
0
0
0
0
0
0
0
0
0
0
0
0
0
0
0
0
0
0
0
0
0
0
0
0
0
0
0
0
0
0
0
0
0
0
0
0
0
0
0
0
0
0
0
0
0
0
0
0
0
0
0
0
0
0
0
0
0
0
0
0
0
0
0
0
0
0
0
0
0
0
0
0
0
0
0
0
0
0
0
0
0
0
0
0
0
0
0
0
74.85392052
74.85392052
74.85392052
74.85392052
74.85392052
74.85392052
74.85392052
38.87481336
0
0
0
0
0
0
0
0
0
0
0
0
0
0
0
0
0
0
0
0
0
0
0
0
0
0
0
0
0
0
0
0
0
0
0
0
0
0
0
0
0
0
0
0
0
0
0
0
0
0
0
0
0
0
0
0
0
0
0
0
0
0
0
0
0
0
0
0
0
0
0
0
0
0
0
0
0
0
0
0
0
0
0
0
0
0
0
0
0
0
0
0
0
0
0
0
0
0
0
0
0
0
0
0
0
0
0
0
0
0
0
0
0
0
0
0
0
0
0
0
0
0
0
0
0
0
0
0
0
0
0
0
0
0
0
0
0
0
0
0
0
0
0
0
0
0
0
0
0
0
0
0
0
0
0
0
0
0
0
0
0
0
0
0
0
0
0
0
0
0
0
0
0
0
0
0
0
0
0
0
0
0
0
0
0
0
0
0
0
0
0
0
0
0
0
0
0
0
0
0
0
0
0
0
0
0
0
0
0
0
0
0
0
0
0
0
0
0
0
74.85392052
74.85392052
74.85392052
74.85392052
74.85392052
74.85392052
74.85392052
74.85392052
74.85392052
74.85392052
74.85392052
74.85392052
74.85392052
74.85392052
74.85392052
74.85392052
74.85392052
74.85392052
74.85392052
74.85392052
74.85392052
74.85392052
74.85392052
74.85392052
74.85392052
74.85392052
74.85392052
74.85392052
74.85392052
74.85392052
74.85392052
74.85392052
74.85392052
74.85392052
74.85392052
74.85392052
74.85392052
74.85392052
74.85392052
74.85392052
74.85392052
74.85392052
74.85392052
74.85392052
74.85392052
74.85392052
74.85392052
74.85392052
74.85392052
74.85392052
74.85392052
74.85392052
74.85392052
74.85392052
74.85392052
74.85392052
74.85392052
74.85392052
74.85392052
74.85392052
74.85392052
74.85392052
74.85392052
74.85392052
74.85392052
74.85392052
74.85392052
74.85392052
74.85392052
74.85392052
74.85392052
74.85392052
74.85392052
74.85392052
74.85392052
74.85392052
74.85392052
74.85392052
74.85392052
74.85392052
74.85392052
74.85392052
74.85392052
74.85392052
74.85392052
74.85392052
74.85392052
74.85392052
74.85392052
74.85392052
74.85392052
74.85392052
74.85392052
74.85392052
74.85392052
74.85392052
74.85392052
74.85392052
74.85392052
74.85392052
74.85392052
74.85392052
74.85392052
74.85392052
74.85392052
74.85392052
74.85392052
74.85392052
74.85392052
74.85392052
74.85392052
74.85392052
74.85392052
74.85392052
74.85392052
74.85392052
74.85392052
74.85392052
74.85392052
74.85392052
74.85392052
74.85392052
74.85392052
74.85392052
74.85392052
74.85392052
74.85392052
74.85392052
74.85392052
74.85392052
74.85392052
74.85392052
74.85392052
74.85392052
74.85392052
74.85392052
74.85392052
74.85392052
74.85392052
74.85392052
74.85392052
74.85392052
74.85392052
74.85392052
74.85392052
74.85392052
74.85392052
74.85392052
74.85392052
74.85392052
74.85392052
74.85392052
74.85392052
74.85392052
74.85392052
74.85392052
74.85392052
74.85392052
74.85392052
74.85392052
49.26943153
44.59907483
37.00256097
0
0
0
0
0
0
0
0
0
0
0
0
0
0
0
0
0
0
0
0
0
0
0
0
0
0
0
0
0
0
0
0
0
0
0
0
0
0
0
0
0
0
0
0
0
0
0
0
0
0
0
0
0
0
0
0
0
0
0
0
0
0
0
0
0
0
0
0
0
0
0
0
0
0
0
0
0
0
0
0
0
0
0
0
0
0
0
0
0
0
0
0
0
0
0
0
0
0
0
0
0
0
0
0
0
0
0
0
0
0
0
0
0
0
0
0
0
0
0
0
0
74.85392052
74.85392052
74.85392052
74.85392052
74.85392052
74.85392052
74.85392052
74.85392052
74.85392052
74.85392052
74.85392052
74.85392052
74.85392052
74.85392052
74.85392052
74.85392052
74.85392052
74.85392052
74.85392052
74.85392052
74.85392052
74.85392052
74.85392052
74.85392052
74.85392052
49.47209638
46.25908222
43.67431809
41.93381303
40.26150999
38.92876506
39.75889011
42.21938414
46.35968811
51.28223115
54.11647585
54.38658209
53.00236327
51.23593784
50.74055056
50.86164502
50.76291173
52.12890389
52.94606469
54.08227791
55.17129676
55.62905697
56.39505033
58.02518139
59.12453693
59.9371753
60.71598473
62.55459898
64.52682969
67.41510953
69.7477788
71.40216818
72.98604621
74.85392052
74.85392052
74.85392052
74.85392052
74.85392052
74.85392052
74.85392052
74.85392052
74.85392052
74.85392052
74.85392052
74.85392052
74.85392052
74.85392052
74.85392052
74.85392052
50.27497082
53.09658355
56.40310225
61.71949551
67.90257071
74.62445827
74.85392052
74.85392052
74.85392052
74.85392052
74.85392052
74.85392052
74.85392052
74.85392052
74.85392052
74.85392052
74.85392052
74.85392052
74.85392052
74.85392052
74.85392052
74.85392052
74.85392052
74.85392052
74.85392052
74.85392052
74.85392052
74.85392052
74.85392052
74.85392052
74.85392052
74.85392052
74.85392052
74.85392052
74.85392052
74.85392052
74.85392052
74.85392052
74.85392052
74.85392052
74.85392052
74.85392052
74.85392052
74.85392052
74.85392052
74.85392052
74.85392052
74.85392052
74.85392052
74.85392052
74.85392052
74.85392052
74.85392052
74.85392052
74.85392052
74.85392052
74.85392052
74.85392052
74.85392052
74.85392052
74.85392052
74.85392052
74.85392052
74.85392052
74.85392052
74.85392052
74.85392052
74.85392052
74.85392052
74.85392052
74.85392052
74.85392052
74.85392052
74.85392052
74.85392052
74.85392052
74.85392052
74.85392052
74.85392052
74.85392052
74.85392052
74.85392052
74.85392052
74.85392052
74.85392052
74.85392052
74.85392052
74.85392052
74.85392052
74.85392052
74.85392052
74.85392052
74.85392052
74.85392052
74.85392052
74.85392052
74.85392052
74.85392052
74.85392052
74.85392052
74.85392052
74.85392052
74.85392052
74.85392052
74.85392052
74.85392052
74.85392052
74.85392052
74.85392052
74.85392052
74.85392052
74.85392052
74.85392052
74.85392052
74.85392052
74.85392052
74.85392052
74.85392052
74.85392052
74.85392052
74.85392052
74.85392052
74.85392052
74.85392052
74.85392052
74.85392052
74.85392052
74.85392052
74.85392052
74.85392052
74.85392052
74.85392052
74.85392052
74.85392052
74.85392052
74.85392052
74.85392052
74.85392052
74.85392052
74.85392052
74.85392052
74.85392052
74.85392052
74.85392052
74.85392052
74.85392052
74.85392052
74.85392052
74.85392052
74.85392052
74.85392052
74.85392052
74.85392052
74.85392052
74.85392052
74.85392052
74.85392052
74.85392052
74.85392052
74.85392052
74.85392052
74.85392052
74.85392052
74.85392052
74.85392052
74.85392052
74.85392052
74.85392052
74.85392052
74.85392052
74.85392052
74.85392052
74.85392052
74.85392052
74.85392052
74.85392052
74.85392052
74.85392052
74.85392052
74.85392052
74.85392052
74.85392052
74.85392052
74.85392052
74.85392052
74.85392052
74.85392052
74.85392052
74.85392052
74.85392052
74.85392052
74.85392052
74.85392052
74.85392052
74.85392052
74.85392052
74.85392052
74.85392052
74.85392052
74.85392052
74.85392052
74.85392052
74.85392052
74.85392052
74.85392052
74.85392052
74.85392052
74.85392052
74.85392052
74.85392052
74.85392052
74.85392052
74.85392052
74.85392052
74.85392052
74.85392052
74.85392052
74.85392052
74.85392052
74.85392052
74.85392052
74.85392052
74.85392052
74.85392052
74.85392052
74.85392052
74.85392052
74.85392052
74.85392052
74.85392052
74.85392052
74.85392052
74.85392052
74.85392052
74.85392052
74.85392052
74.85392052
74.85392052
74.85392052
74.85392052
74.85392052
74.85392052
74.85392052
74.85392052
74.85392052
74.85392052
74.85392052
74.85392052
74.85392052
74.85392052
74.85392052
74.85392052
74.85392052
74.85392052
74.85392052
74.85392052
74.85392052
74.85392052
74.85392052
74.85392052
74.85392052
74.85392052
74.85392052
74.85392052
74.85392052
74.85392052
74.85392052
74.85392052
74.85392052
74.85392052
74.85392052
74.85392052
74.85392052
74.85392052
74.85392052
74.85392052
74.85392052
74.85392052
74.85392052
74.85392052
74.85392052
74.85392052
74.85392052
74.85392052
74.85392052
74.85392052
74.85392052
41.96844128
0
0
0
0
0
0
0
0
0
0
0
0
0
0
0
0
0
0
0
0
0
0
0
0
0
0
0
0
0
0
0
0
0
0
0
0
0
0
0
0
0
0
0
0
0
0
0
0
0
0
0
0
0
0
0
0
0
0
0
0
0
0
0
0
0
0
0
0
0
0
0
0
0
0
0
0
0
0
0
0
0
0
0
0
0
0
0
0
0
0
0
0
0
0
0
0
0
0
0
0
0
0
0
0
0
0
0
0
0
0
0
0
0
0
0
0
0
0
0
0
0
0
0
0
0
0
0
0
0
0
0
0
0
0
0
0
0
0
0
0
0
0
0
0
0
0
0
0
0
0
0
0
0
0
0
0
0
0
0
0
0
0
0
0
0
0
0
0
0
0
0
0
0
0
0
0
0
0
0
74.85392052
74.85392052
74.85392052
74.85392052
74.85392052
74.85392052
74.85392052
74.85392052
74.85392052
74.85392052
74.85392052
74.85392052
47.73854112
43.26483281
43.34276781
46.08851364
50.61618331
57.65015673
63.88419218
69.27397353
73.30464125
74.85392052
74.85392052
74.85392052
74.85392052
74.85392052
74.85392052
74.85392052
74.85392052
74.85392052
74.85392052
74.85392052
74.85392052
74.85392052
74.85392052
74.85392052
74.85392052
74.85392052
74.85392052
74.85392052
74.85392052
74.85392052
74.85392052
74.85392052
74.85392052
74.85392052
74.85392052
74.85392052
74.85392052
74.85392052
74.85392052
74.85392052
74.85392052
74.85392052
74.85392052
74.85392052
74.85392052
74.85392052
74.85392052
74.85392052
74.85392052
74.85392052
74.85392052
74.85392052
74.85392052
74.85392052
74.85392052
74.85392052
74.85392052
74.85392052
74.85392052
74.85392052
74.85392052
74.85392052
74.85392052
74.85392052
74.85392052
74.85392052
74.85392052
74.85392052
74.85392052
74.85392052
74.85392052
74.85392052
74.85392052
74.85392052
74.85392052
74.85392052
74.85392052
74.85392052
74.85392052
74.85392052
74.85392052
74.85392052
74.85392052
74.85392052
74.85392052
74.85392052
74.85392052
74.85392052
74.85392052
74.85392052
74.85392052
74.85392052
74.85392052
74.85392052
74.85392052
74.85392052
74.85392052
74.85392052
74.85392052
74.85392052
74.85392052
74.85392052
74.85392052
74.85392052
74.85392052
74.85392052
74.85392052
74.85392052
74.85392052
74.85392052
74.85392052
74.85392052
74.85392052
74.85392052
74.85392052
74.85392052
74.85392052
74.85392052
74.85392052
74.85392052
74.85392052
74.85392052
74.85392052
74.85392052
74.85392052
74.85392052
74.85392052
74.85392052
74.85392052
74.85392052
74.85392052
74.85392052
74.85392052
74.85392052
74.85392052
74.85392052
74.85392052
74.85392052
74.85392052
74.85392052
74.85392052
74.85392052
74.85392052
74.85392052
74.85392052
74.85392052
74.85392052
74.85392052
74.85392052
74.85392052
74.85392052
74.85392052
74.85392052
74.85392052
74.85392052
74.85392052
74.85392052
74.85392052
74.85392052
74.85392052
74.85392052
74.85392052
74.85392052
74.85392052
74.85392052
74.85392052
74.85392052
74.85392052
74.85392052
74.85392052
74.85392052
74.85392052
74.85392052
74.85392052
74.85392052
74.85392052
74.85392052
74.85392052
74.85392052
74.85392052
74.85392052
74.85392052
74.85392052
74.85392052
74.85392052
74.85392052
74.85392052
74.85392052
74.85392052
74.85392052
74.85392052
74.85392052
69.21805888
68.16143164
69.82710445
69.98180096
68.57670488
68.48579627
70.62974566
73.5388813
74.25116605
74.85392052
74.85392052
74.85392052
74.85392052
74.85392052
74.85392052
74.85392052
74.85392052
74.85392052
74.85392052
74.85392052
74.85392052
74.85392052
74.85392052
74.85392052
74.85392052
74.85392052
74.85392052
74.85392052
74.85392052
74.85392052
74.85392052
74.85392052
74.85392052
74.85392052
74.85392052
74.85392052
74.85392052
74.85392052
74.85392052
74.85392052
74.85392052
74.85392052
74.85392052
74.85392052
74.85392052
74.85392052
74.85392052
74.85392052
74.85392052
74.85392052
74.85392052
74.85392052
74.85392052
74.85392052
74.85392052
74.85392052
74.85392052
74.85392052
74.85392052
74.85392052
74.85392052
74.85392052
74.85392052
74.85392052
74.85392052
74.85392052
74.85392052
74.85392052
74.85392052
74.85392052
74.85392052
74.85392052
74.85392052
74.85392052
74.85392052
74.85392052
74.85392052
74.85392052
74.85392052
74.85392052
74.85392052
74.85392052
74.85392052
74.85392052
74.85392052
74.85392052
74.85392052
74.85392052
74.85392052
74.85392052
74.85392052
74.85392052
74.85392052
74.85392052
74.85392052
74.85392052
74.85392052
74.85392052
74.85392052
74.85392052
74.85392052
74.85392052
74.85392052
74.85392052
74.85392052
74.85392052
74.85392052
74.85392052
74.85392052
74.85392052
74.85392052
74.85392052
74.85392052
74.85392052
74.85392052
74.85392052
74.85392052
74.85392052
74.85392052
74.85392052
74.85392052
74.85392052
74.85392052
74.85392052
74.85392052
74.85392052
74.85392052
74.85392052
74.85392052
74.85392052
74.85392052
74.85392052
74.85392052
74.85392052
74.85392052
74.85392052
74.85392052
74.85392052
74.85392052
74.85392052
74.85392052
74.85392052
74.85392052
74.85392052
74.85392052
74.85392052
74.85392052
74.85392052
74.85392052
49.45970667
47.14109509
45.15123751
43.16816548
40.93982038
40.0829948
38.89058654
38.10585206
36.6912038
0
0
0
0
0
0
0
0
0
0
0
0
0
0
0
0
0
0
0
0
0
0
0
0
0
0
0
0
0
0
0
0
0
0
0
0
0
0
0
0
0
0
0
0
0
0
0
0
0
0
0
0
0
0
0
0
0
0
0
0
0
0
0
0
0
0
0
0
0
0
0
0
0
0
0
0
0
0
0
0
0
0
0
0
0
0
0
0
0
0
0
0
0
0
0
0
0
0
0
0
0
0
0
0
0
0
0
0
0
0
0
0
0
0
0
0
0
0
0
0
0
0
0
0
0
0
0
0
0
0
0
0
0
0
0
0
0
0
0
0
0
0
0
0
0
0
0
0
0
0
0
0
0
0
0
0
0
0
0
0
0
0
0
0
0
0
0
0
0
0
0
0
0
0
0
0
0
0
0
0
0
0
0
0
0
0
0
0
0
0
0
0
0
0
0
0
0
0
0
0
0
0
0
0
0
0
0
0
0
0
0
0
0
0
0
0
0
0
0
0
0
0
0
0
0
0
0
0
0
0
0
0
0
0
0
0
0
0
0
0
0
0
0
0
0
0
0
0
0
0
0
0
0
0
0
0
0
0
0
0
0
0
0
0
0
0
0
0
0
0
0
0
0
0
0
0
0
0
0
0
0
0
0
0
0
0
0
0
0
0
0
0
0
0
0
0
0
0
0
0
0
0
0
0
0
0
0
0
0
0
0
0
0
0
0
0
0
0
0
0
0
0
0
0
0
0
0
0
0
0
0
0
0
0
0
0
0
0
0
0
0
0
0
0
0
0
0
0
0
0
0
0
0
0
0
0
0
0
0
0
0
0
0
0
0
0
0
0
0
0
0
0
0
0
0
0
0
0
0
0
0
0
0
0
0
0
0
0
0
0
0
0
0
0
0
0
0
0
0
0
0
0
0
0
0
0
0
0
0
0
0
0
0
0
0
0
0
0
0
0
0
0
0
0
0
0
0
0
0
0
0
0
0
0
0
0
0
0
0
0
0
0
0
0
0
0
0
0
0
0
0
0
0
0
0
0
0
0
0
0
0
0
0
0
0
0
0
0
0
0
0
0
0
0
0
0
0
0
0
0
0
0
0
0
0
0
0
0
0
0
0
0
0
0
0
0
0
0
0
0
0
0
0
0
0
0
0
0
0
0
0
0
0
0
0
0
0
0
0
0
0
0
0
0
0
0
0
0
0
0
0
0
0
0
0
0
0
0
0
0
0
0
0
0
0
0
0
0
0
0
0
0
0
0
0
0
0
0
0
0
0
0
0
0
0
0
0
0
0
0
0
0
0
0
0
0
0
0
0
0
0
0
0
0
0
0
0
0
0
0
0
0
0
0
0
0
0
0
0
0
0
0
0
0
0
0
0
0
0
0
0
0
0
0
0
0
0
0
0
0
0
0
0
0
0
0
0
0
0
0
0
0
0
0
0
0
0
0
0
0
0
0
0
0
0
0
0
0
0
0
0
0
0
0
0
0
0
0
0
0
0
0
0
0
0
0
0
0
0
0
0
0
0
0
0
0
0
0
0
0
0
0
0
0
0
0
0
0
0
0
0
0
0
0
0
0
0
0
0
0
0
0
0
0
0
0
0
0
0
0
0
0
0
0
0
0
0
0
0
0
0
0
0
0
0
0
0
0
0
0
0
0
0
0
0
0
0
0
0
0
0
0
0
0
0
0
0
0
0
0
0
0
0
0
0
0
0
0
0
0
0
0
0
0
0
0
0
0
0
0
0
0
0
0
0
0
0
0
0
0
0
0
0
0
0
0
0
0
0
0
0
0
0
0
0
0
0
0
0
0
0
0
0
0
0
0
0
0
0
0
0
0
0
0
0
0
0
0
74.85392052
74.85392052
74.85392052
74.85392052
74.85392052
74.85392052
74.85392052
74.85392052
74.85392052
74.85392052
74.85392052
74.85392052
74.85392052
74.85392052
74.85392052
74.85392052
74.85392052
74.85392052
74.85392052
74.85392052
74.85392052
74.85392052
74.85392052
74.85392052
74.85392052
74.85392052
74.85392052
74.85392052
74.85392052
74.85392052
74.85392052
74.85392052
74.85392052
74.85392052
74.85392052
74.85392052
74.85392052
74.85392052
74.85392052
74.85392052
74.85392052
74.85392052
74.85392052
74.85392052
74.85392052
74.85392052
74.85392052
74.85392052
74.85392052
74.85392052
74.85392052
74.85392052
74.85392052
74.85392052
74.85392052
74.85392052
74.85392052
74.85392052
74.85392052
74.85392052
74.85392052
74.85392052
74.85392052
74.85392052
74.85392052
74.85392052
74.85392052
74.85392052
74.85392052
74.85392052
74.85392052
74.85392052
74.85392052
74.85392052
74.85392052
74.85392052
74.85392052
74.85392052
74.85392052
74.85392052
74.85392052
74.85392052
74.85392052
74.85392052
74.85392052
74.85392052
74.85392052
74.85392052
74.85392052
74.85392052
74.85392052
74.85392052
74.85392052
74.85392052
74.85392052
74.85392052
74.85392052
74.85392052
74.85392052
74.85392052
74.85392052
74.85392052
74.85392052
74.85392052
74.85392052
74.85392052
74.85392052
74.85392052
74.85392052
74.85392052
74.85392052
74.85392052
74.85392052
74.85392052
74.85392052
74.85392052
74.85392052
74.85392052
74.85392052
74.85392052
74.85392052
74.85392052
74.85392052
74.85392052
74.85392052
74.85392052
74.85392052
74.85392052
74.85392052
74.85392052
74.85392052
74.85392052
74.85392052
74.85392052
74.85392052
74.85392052
74.85392052
74.85392052
74.85392052
74.85392052
74.85392052
74.85392052
74.85392052
74.85392052
74.85392052
74.85392052
74.85392052
74.85392052
74.85392052
74.85392052
74.85392052
74.85392052
74.85392052
74.85392052
74.85392052
74.85392052
74.85392052
74.85392052
74.85392052
74.85392052
74.85392052
74.85392052
74.85392052
74.85392052
74.85392052
74.85392052
74.85392052
74.85392052
74.85392052
74.85392052
74.85392052
74.85392052
74.85392052
74.85392052
74.85392052
74.85392052
74.85392052
74.85392052
0
0
0
0
0
0
0
0
0
0
0
0
0
0
0
0
0
0
0
0
74.85392052
74.85392052
74.85392052
74.85392052
74.85392052
74.85392052
74.85392052
74.85392052
74.85392052
74.85392052
74.85392052
74.85392052
74.85392052
74.85392052
74.85392052
74.85392052
74.85392052
74.85392052
74.85392052
74.85392052
74.85392052
74.85392052
74.85392052
74.85392052
74.85392052
74.85392052
74.85392052
74.85392052
74.85392052
74.85392052
74.85392052
74.85392052
74.85392052
74.85392052
74.85392052
74.85392052
74.85392052
74.85392052
74.85392052
74.85392052
74.85392052
74.85392052
74.85392052
74.85392052
74.85392052
74.85392052
74.85392052
74.85392052
74.85392052
74.85392052
74.85392052
74.85392052
74.85392052
74.85392052
74.85392052
74.85392052
74.85392052
74.85392052
74.85392052
74.85392052
74.85392052
74.85392052
74.85392052
74.85392052
74.85392052
74.85392052
74.85392052
74.85392052
74.85392052
74.85392052
74.85392052
74.85392052
74.85392052
74.85392052
74.85392052
74.85392052
74.85392052
74.85392052
74.85392052
74.85392052
74.85392052
74.85392052
74.85392052
74.85392052
74.85392052
74.85392052
74.85392052
74.85392052
74.85392052
74.85392052
74.85392052
74.85392052
74.85392052
74.85392052
74.85392052
74.85392052
74.85392052
74.85392052
74.85392052
74.85392052
74.85392052
74.85392052
74.85392052
74.85392052
74.85392052
74.85392052
74.85392052
74.85392052
74.85392052
74.85392052
74.85392052
74.85392052
74.85392052
74.85392052
74.85392052
74.85392052
74.85392052
74.85392052
74.85392052
74.85392052
74.85392052
74.85392052
74.85392052
74.85392052
74.85392052
74.85392052
74.85392052
74.85392052
74.85392052
74.85392052
74.85392052
74.85392052
74.85392052
74.85392052
74.85392052
74.85392052
74.85392052
74.85392052
74.85392052
74.85392052
74.85392052
74.85392052
74.85392052
74.85392052
74.85392052
74.85392052
74.85392052
74.85392052
74.85392052
74.85392052
74.85392052
74.85392052
74.85392052
74.85392052
74.85392052
74.85392052
54.80448086
55.70656729
54.91469142
53.85207966
51.69280016
53.24580578
50.59328818
48.68604806
49.22980462
45.12793348
44.57288827
40.54797863
0
0
0
0
0
0
0
0
0
0
0
0
0
0
0
0
0
0
0
0
0
0
0
0
0
0
0
0
0
0
0
0
0
0
0
0
0
0
0
0
0
0
0
0
0
0
0
0
0
0
0
0
0
0
0
0
0
0
0
0
0
0
0
0
0
0
0
0
0
0
0
0
0
0
0
0
0
0
0
0
0
0
0
0
0
0
0
0
0
0
0
0
0
0
0
0
0
0
0
0
0
0
0
0
0
0
0
0
0
0
0
0
0
0
0
0
0
0
0
0
0
0
0
0
0
0
0
0
0
0
0
0
0
0
0
0
0
0
0
0
0
0
0
0
0
0
0
0
0
0
0
0
0
0
0
0
0
0
0
0
0
0
0
0
0
0
0
0
0
0
0
0
0
0
0
0
0
0
0
0
0
0
0
0
0
0
0
0
0
0
0
0
0
0
0
0
0
0
0
0
0
0
0
0
0
0
0
0
0
0
0
0
0
0
0
0
0
0
0
0
0
0
0
0
0
0
0
0
0
0
0
0
0
0
0
0
0
0
0
0
0
0
0
0
0
0
0
0
0
0
0
0
0
0
0
0
0
0
0
0
0
0
0
0
0
0
0
0
0
0
0
0
0
0
0
0
0
0
0
0
0
0
0
0
0
0
0
0
0
0
0
0
0
0
0
0
0
0
0
0
0
0
0
0
0
0
0
0
0
74.85392052
74.85392052
74.85392052
74.85392052
74.85392052
74.85392052
74.85392052
74.85392052
74.85392052
74.85392052
74.85392052
74.85392052
74.85392052
74.85392052
74.85392052
74.85392052
74.85392052
74.85392052
74.85392052
74.85392052
74.85392052
74.85392052
74.85392052
74.85392052
74.85392052
74.85392052
74.85392052
74.85392052
74.85392052
74.85392052
74.85392052
74.85392052
74.85392052
74.85392052
74.85392052
74.85392052
74.85392052
74.85392052
74.85392052
74.85392052
74.85392052
74.85392052
74.85392052
74.85392052
74.85392052
74.85392052
74.85392052
74.85392052
74.85392052
74.85392052
74.85392052
74.85392052
74.85392052
74.85392052
74.85392052
74.85392052
74.85392052
74.85392052
74.85392052
74.85392052
74.85392052
74.85392052
74.85392052
74.85392052
74.85392052
74.85392052
74.85392052
74.85392052
74.85392052
74.85392052
74.85392052
74.85392052
74.85392052
74.85392052
74.85392052
74.85392052
74.85392052
45.30863012
36.7110603
0
0
0
0
0
0
0
0
0
0
0
0
0
0
0
0
0
0
0
0
0
0
0
0
0
0
0
0
0
0
0
0
0
0
0
0
0
0
0
0
0
0
0
0
0
0
0
0
0
0
0
0
0
0
0
0
0
0
0
0
0
0
0
0
0
0
0
0
0
0
0
0
0
74.85392052
74.85392052
74.85392052
74.85392052
74.85392052
74.85392052
74.85392052
74.85392052
74.85392052
74.85392052
74.85392052
74.85392052
74.85392052
74.85392052
74.85392052
74.85392052
74.85392052
74.85392052
74.85392052
74.85392052
74.85392052
74.85392052
74.85392052
48.82795945
48.22234609
51.69299038
57.25565859
63.23014543
69.53157631
74.15740881
74.85392052
74.85392052
74.85392052
74.85392052
74.85392052
74.85392052
74.85392052
74.85392052
74.85392052
74.85392052
74.85392052
74.85392052
74.85392052
74.85392052
74.85392052
74.85392052
74.85392052
74.85392052
74.85392052
74.85392052
74.85392052
74.85392052
74.85392052
74.85392052
74.85392052
74.85392052
74.85392052
74.85392052
74.85392052
74.85392052
74.85392052
74.85392052
74.85392052
74.85392052
74.85392052
74.85392052
74.85392052
74.85392052
74.85392052
74.85392052
74.85392052
74.85392052
74.85392052
74.85392052
74.85392052
74.85392052
74.85392052
74.85392052
74.85392052
74.85392052
74.85392052
74.85392052
74.85392052
74.85392052
74.85392052
74.85392052
74.85392052
74.85392052
74.85392052
74.85392052
74.85392052
74.85392052
74.85392052
74.85392052
74.85392052
74.85392052
74.85392052
74.85392052
74.85392052
74.85392052
74.85392052
74.85392052
74.85392052
74.85392052
74.85392052
74.85392052
74.85392052
74.85392052
74.85392052
74.85392052
74.85392052
74.85392052
74.85392052
74.85392052
74.85392052
74.85392052
74.85392052
74.85392052
74.85392052
74.85392052
74.85392052
74.85392052
74.85392052
74.85392052
74.85392052
74.85392052
74.85392052
74.85392052
74.85392052
74.85392052
74.85392052
74.85392052
74.85392052
74.85392052
74.85392052
74.85392052
74.85392052
74.85392052
74.85392052
74.85392052
74.85392052
74.85392052
74.85392052
74.85392052
74.85392052
74.85392052
74.85392052
74.85392052
74.85392052
74.85392052
74.85392052
74.85392052
74.85392052
74.85392052
74.85392052
74.85392052
74.85392052
74.85392052
74.85392052
74.85392052
74.85392052
74.85392052
74.85392052
74.85392052
74.85392052
74.85392052
74.85392052
74.85392052
74.85392052
74.85392052
74.85392052
74.85392052
74.85392052
74.85392052
74.85392052
74.85392052
74.85392052
74.85392052
74.85392052
74.85392052
74.85392052
74.85392052
74.85392052
74.85392052
74.85392052
74.85392052
74.85392052
74.85392052
74.85392052
74.85392052
74.85392052
74.85392052
74.85392052
74.85392052
74.85392052
74.85392052
74.85392052
74.85392052
74.85392052
74.85392052
74.85392052
74.85392052
74.85392052
74.85392052
74.85392052
74.85392052
74.85392052
74.85392052
74.85392052
74.85392052
74.85392052
74.85392052
74.85392052
74.85392052
74.85392052
74.85392052
74.85392052
74.85392052
74.85392052
74.85392052
74.85392052
74.85392052
74.85392052
74.85392052
74.85392052
74.85392052
74.85392052
74.85392052
74.85392052
74.85392052
74.85392052
74.85392052
74.85392052
74.85392052
74.85392052
74.85392052
74.85392052
74.85392052
74.85392052
74.85392052
74.85392052
74.85392052
74.85392052
74.85392052
74.85392052
74.85392052
74.85392052
74.85392052
74.85392052
74.85392052
74.85392052
74.85392052
74.85392052
74.85392052
74.85392052
74.85392052
74.85392052
74.85392052
74.85392052
74.85392052
74.85392052
74.85392052
74.85392052
74.85392052
74.85392052
74.85392052
74.85392052
74.85392052
74.85392052
74.85392052
74.85392052
74.85392052
74.85392052
74.85392052
74.85392052
74.85392052
74.85392052
74.85392052
74.85392052
74.85392052
74.85392052
74.85392052
74.85392052
74.85392052
74.85392052
74.85392052
74.85392052
74.85392052
74.85392052
74.85392052
74.85392052
74.85392052
74.85392052
74.85392052
74.85392052
74.85392052
74.85392052
74.85392052
74.85392052
74.85392052
74.85392052
53.7930316
53.14830571
52.11879754
49.68547425
49.00839923
47.58899104
44.76946839
42.0997226
39.83679423
0
0
0
0
0
0
0
0
0
0
0
0
0
0
0
0
0
0
0
0
0
0
0
0
0
0
0
0
74.85392052
74.85392052
74.85392052
74.85392052
74.85392052
74.85392052
74.85392052
74.85392052
74.85392052
74.85392052
74.85392052
74.85392052
74.85392052
74.85392052
74.85392052
74.85392052
74.85392052
74.85392052
74.85392052
74.85392052
74.85392052
74.85392052
74.85392052
74.85392052
74.85392052
74.85392052
74.85392052
74.85392052
74.85392052
74.85392052
74.85392052
74.85392052
74.85392052
74.85392052
74.85392052
74.85392052
74.85392052
74.85392052
74.85392052
74.85392052
74.85392052
74.85392052
74.85392052
74.85392052
74.85392052
74.85392052
74.85392052
74.85392052
74.85392052
74.85392052
74.85392052
74.85392052
74.85392052
74.85392052
74.85392052
74.85392052
74.85392052
74.85392052
74.85392052
74.85392052
74.85392052
74.85392052
74.85392052
74.85392052
74.85392052
74.85392052
74.85392052
74.85392052
74.85392052
74.85392052
74.85392052
74.85392052
74.85392052
68.50286598
0
0
0
74.85392052
74.85392052
74.85392052
74.85392052
74.85392052
74.85392052
74.85392052
74.85392052
74.85392052
74.85392052
74.85392052
74.85392052
74.85392052
74.85392052
74.85392052
74.85392052
74.85392052
74.85392052
74.85392052
74.85392052
74.85392052
74.85392052
74.85392052
74.85392052
74.85392052
74.85392052
74.85392052
74.85392052
74.85392052
74.85392052
74.85392052
74.85392052
74.85392052
74.85392052
74.85392052
74.85392052
74.85392052
74.85392052
74.85392052
74.85392052
74.85392052
74.85392052
74.85392052
74.85392052
74.85392052
74.85392052
74.85392052
74.85392052
74.85392052
74.85392052
74.85392052
74.85392052
74.85392052
74.85392052
74.85392052
74.85392052
74.85392052
74.85392052
74.85392052
74.85392052
74.85392052
74.85392052
74.85392052
74.85392052
74.85392052
74.85392052
74.85392052
74.85392052
74.85392052
74.85392052
74.85392052
74.85392052
74.85392052
74.85392052
74.85392052
74.85392052
74.85392052
74.85392052
74.85392052
74.85392052
74.85392052
74.85392052
74.85392052
74.85392052
74.85392052
74.85392052
74.85392052
74.85392052
74.85392052
74.85392052
74.85392052
74.85392052
74.85392052
74.85392052
74.85392052
74.85392052
74.85392052
74.85392052
74.85392052
74.85392052
74.85392052
74.85392052
74.85392052
74.85392052
74.85392052
74.85392052
74.85392052
74.85392052
74.85392052
74.85392052
74.85392052
74.85392052
74.85392052
74.85392052
74.85392052
74.85392052
74.85392052
74.85392052
74.85392052
74.85392052
74.85392052
74.85392052
74.85392052
74.85392052
74.85392052
74.85392052
74.85392052
74.85392052
74.85392052
74.85392052
74.85392052
74.85392052
74.85392052
74.85392052
74.85392052
74.85392052
74.85392052
74.85392052
74.85392052
74.85392052
74.85392052
74.85392052
74.85392052
74.85392052
74.85392052
74.85392052
74.85392052
74.85392052
74.85392052
74.85392052
74.85392052
74.85392052
74.85392052
74.85392052
74.85392052
74.85392052
74.85392052
74.85392052
74.85392052
74.85392052
74.85392052
74.85392052
74.85392052
74.85392052
74.85392052
74.85392052
74.85392052
74.85392052
74.85392052
74.85392052
74.85392052
74.85392052
74.85392052
74.85392052
74.85392052
74.85392052
74.85392052
74.85392052
74.85392052
74.85392052
74.85392052
47.64547895
42.80929385
0
0
0
0
0
0
0
0
0
0
0
0
0
0
0
0
0
0
0
0
0
0
0
0
0
0
0
0
0
0
0
0
0
0
0
0
0
0
0
0
0
0
0
0
0
0
0
0
0
0
0
0
0
0
0
0
0
0
0
0
0
0
0
74.85392052
74.85392052
74.85392052
74.85392052
74.85392052
74.85392052
74.85392052
74.85392052
74.85392052
74.85392052
74.85392052
74.85392052
74.85392052
74.85392052
74.85392052
74.85392052
74.85392052
74.85392052
74.85392052
74.85392052
74.85392052
74.85392052
74.85392052
74.85392052
74.85392052
74.85392052
74.85392052
74.85392052
74.85392052
74.85392052
74.85392052
74.85392052
74.85392052
74.85392052
48.64255764
41.55253172
0
0
0
0
0
0
0
0
0
0
0
0
0
0
74.85392052
74.85392052
74.85392052
74.85392052
74.85392052
74.85392052
74.85392052
74.85392052
74.85392052
74.85392052
74.85392052
74.85392052
74.85392052
74.85392052
74.85392052
74.85392052
74.85392052
74.85392052
74.85392052
74.85392052
74.85392052
74.85392052
74.85392052
74.85392052
74.85392052
74.85392052
74.85392052
74.85392052
74.85392052
74.85392052
74.85392052
74.85392052
74.85392052
74.85392052
74.85392052
74.85392052
74.85392052
74.85392052
74.85392052
74.85392052
74.85392052
74.85392052
74.85392052
74.85392052
74.85392052
74.85392052
74.85392052
74.85392052
74.85392052
74.85392052
74.85392052
74.85392052
74.85392052
74.85392052
74.85392052
74.85392052
74.85392052
74.85392052
74.85392052
74.85392052
74.85392052
74.85392052
74.85392052
74.85392052
74.85392052
74.85392052
74.85392052
74.85392052
74.85392052
74.85392052
74.85392052
74.85392052
74.85392052
74.85392052
74.85392052
74.85392052
74.85392052
74.85392052
74.85392052
74.85392052
74.85392052
74.85392052
74.85392052
74.85392052
74.85392052
74.85392052
74.85392052
74.85392052
74.85392052
74.85392052
74.85392052
74.85392052
74.85392052
74.85392052
74.85392052
74.85392052
74.85392052
74.85392052
74.85392052
74.85392052
74.85392052
74.85392052
74.85392052
74.85392052
74.85392052
74.85392052
74.85392052
74.85392052
74.85392052
74.85392052
74.85392052
74.85392052
74.85392052
74.85392052
74.85392052
74.85392052
74.85392052
74.85392052
74.85392052
74.85392052
74.85392052
74.85392052
74.85392052
74.85392052
74.85392052
74.85392052
74.85392052
74.85392052
74.85392052
74.85392052
74.85392052
74.85392052
74.85392052
74.85392052
74.85392052
74.85392052
74.85392052
74.85392052
74.85392052
74.85392052
74.85392052
74.85392052
74.85392052
74.85392052
74.85392052
74.85392052
74.85392052
74.85392052
74.85392052
74.85392052
74.85392052
74.85392052
74.85392052
74.85392052
74.85392052
74.85392052
74.85392052
74.85392052
0
0
74.85392052
74.85392052
74.85392052
74.85392052
74.85392052
74.85392052
74.85392052
74.85392052
74.85392052
74.85392052
74.85392052
74.85392052
74.85392052
74.85392052
74.85392052
74.85392052
74.85392052
74.85392052
74.85392052
74.85392052
74.85392052
74.85392052
74.85392052
74.85392052
74.85392052
74.85392052
74.85392052
74.85392052
74.85392052
74.85392052
74.85392052
74.85392052
74.85392052
74.85392052
74.85392052
74.85392052
74.85392052
74.85392052
74.85392052
0
0
0
0
0
74.85392052
74.85392052
74.85392052
74.85392052
74.85392052
74.85392052
74.85392052
74.85392052
74.85392052
74.85392052
74.85392052
74.85392052
74.85392052
74.85392052
74.85392052
74.85392052
74.85392052
74.85392052
74.85392052
74.85392052
74.85392052
74.85392052
74.85392052
74.85392052
74.85392052
74.85392052
74.85392052
74.85392052
74.85392052
74.85392052
74.85392052
74.85392052
74.85392052
74.85392052
74.85392052
74.85392052
74.85392052
74.85392052
74.85392052
74.85392052
74.85392052
74.85392052
74.85392052
74.85392052
74.85392052
74.85392052
74.85392052
74.85392052
74.85392052
74.85392052
74.85392052
74.85392052
74.85392052
74.85392052
74.85392052
74.85392052
74.85392052
74.85392052
74.85392052
74.85392052
74.85392052
74.85392052
74.85392052
74.85392052
74.85392052
74.85392052
74.85392052
74.85392052
74.85392052
74.85392052
74.85392052
74.85392052
74.85392052
74.85392052
74.85392052
74.85392052
74.85392052
74.85392052
74.85392052
74.85392052
74.85392052
74.85392052
74.85392052
74.85392052
74.85392052
74.85392052
74.85392052
74.85392052
74.85392052
74.85392052
74.85392052
74.85392052
74.85392052
74.85392052
74.85392052
74.85392052
74.85392052
74.85392052
74.85392052
74.85392052
74.85392052
74.85392052
74.85392052
74.85392052
74.85392052
74.85392052
74.85392052
74.85392052
74.85392052
74.85392052
74.85392052
74.85392052
74.85392052
74.85392052
74.85392052
74.85392052
74.85392052
74.85392052
74.85392052
74.85392052
74.85392052
74.85392052
74.85392052
74.85392052
74.85392052
74.85392052
74.85392052
74.85392052
74.85392052
74.85392052
74.85392052
74.85392052
74.85392052
74.85392052
74.85392052
74.85392052
74.85392052
74.85392052
74.85392052
74.85392052
74.85392052
74.85392052
74.85392052
74.85392052
74.85392052
74.85392052
74.85392052
74.85392052
74.85392052
74.85392052
74.85392052
74.85392052
74.85392052
74.85392052
74.85392052
74.85392052
74.85392052
74.85392052
74.85392052
74.85392052
74.85392052
74.85392052
74.85392052
74.85392052
74.85392052
74.85392052
74.85392052
74.85392052
74.85392052
46.07922785
0
0
0
0
0
0
0
0
0
0
0
0
0
0
0
0
0
0
0
0
0
0
0
0
0
0
0
0
0
0
0
0
0
0
0
0
0
0
0
0
0
0
0
0
0
0
0
0
0
0
0
0
0
0
0
0
0
0
0
0
0
0
74.85392052
74.85392052
74.85392052
74.85392052
74.85392052
74.85392052
74.85392052
74.85392052
74.85392052
74.85392052
74.85392052
74.85392052
74.85392052
74.85392052
74.85392052
74.85392052
74.85392052
74.85392052
74.85392052
74.85392052
74.85392052
74.85392052
74.85392052
74.85392052
74.85392052
74.85392052
74.85392052
74.85392052
74.85392052
0
0
0
0
0
0
0
0
0
0
0
0
0
0
0
0
0
0
0
0
0
0
0
0
0
0
0
0
0
0
0
0
0
0
0
0
0
0
0
0
0
0
0
0
0
0
0
0
0
0
0
0
0
0
0
0
0
0
0
0
0
0
0
0
0
0
0
0
0
0
0
0
0
0
0
0
0
0
0
0
0
0
0
0
0
0
0
0
0
0
0
0
0
0
0
0
0
0
0
0
0
0
0
0
0
0
0
0
0
0
0
0
0
0
74.85392052
74.85392052
74.85392052
74.85392052
74.85392052
74.85392052
74.85392052
74.85392052
74.85392052
74.85392052
74.85392052
74.85392052
74.85392052
74.85392052
74.85392052
74.85392052
74.85392052
74.85392052
74.85392052
0
0
0
0
0
0
0
0
0
0
0
0
0
0
0
0
0
0
0
0
0
0
0
0
0
0
0
0
0
0
0
0
0
0
0
0
0
0
0
0
0
0
0
0
0
0
0
0
0
0
0
0
0
0
0
0
0
0
0
0
0
0
0
0
0
0
0
0
0
0
0
0
0
0
0
0
0
74.85392052
74.85392052
74.85392052
74.85392052
74.85392052
74.85392052
74.85392052
74.85392052
74.85392052
74.85392052
74.85392052
74.85392052
74.85392052
74.85392052
74.85392052
74.85392052
74.85392052
74.85392052
74.85392052
74.85392052
74.85392052
74.85392052
74.85392052
74.85392052
74.85392052
74.85392052
74.85392052
74.85392052
74.85392052
74.85392052
74.85392052
74.85392052
74.85392052
74.85392052
74.85392052
74.85392052
74.85392052
74.85392052
74.85392052
74.85392052
74.85392052
74.85392052
74.85392052
74.85392052
74.85392052
74.85392052
74.85392052
74.85392052
74.85392052
74.85392052
74.85392052
74.85392052
74.85392052
74.85392052
74.85392052
74.85392052
74.85392052
74.85392052
74.85392052
74.85392052
74.85392052
74.85392052
74.85392052
74.85392052
74.85392052
74.85392052
74.85392052
74.85392052
74.85392052
74.85392052
74.85392052
74.85392052
74.85392052
74.85392052
74.85392052
74.85392052
74.85392052
74.85392052
74.85392052
74.85392052
74.85392052
54.71782075
55.42081481
59.16867585
63.48211912
69.45959633
74.49440164
74.85392052
74.85392052
74.85392052
74.85392052
74.85392052
74.85392052
74.85392052
74.85392052
74.85392052
74.85392052
74.85392052
74.85392052
74.85392052
74.85392052
74.85392052
74.85392052
74.85392052
74.85392052
74.85392052
74.85392052
74.85392052
74.85392052
74.85392052
74.85392052
74.85392052
74.85392052
74.85392052
74.85392052
74.85392052
74.85392052
74.85392052
74.85392052
74.85392052
74.85392052
74.85392052
74.85392052
74.85392052
74.85392052
74.85392052
0
0
0
0
0
0
74.85392052
74.85392052
74.85392052
74.85392052
74.85392052
74.85392052
74.85392052
74.85392052
74.85392052
74.85392052
74.85392052
74.85392052
74.85392052
74.85392052
74.85392052
74.85392052
74.85392052
74.85392052
74.85392052
74.85392052
74.85392052
74.85392052
74.85392052
74.85392052
74.85392052
74.85392052
74.85392052
74.85392052
74.85392052
74.85392052
74.85392052
74.85392052
74.85392052
74.85392052
74.85392052
74.85392052
74.85392052
74.85392052
74.85392052
74.85392052
74.85392052
74.85392052
74.85392052
74.85392052
74.85392052
0
0
0
0
0
0
0
74.85392052
74.85392052
74.85392052
74.85392052
74.85392052
74.85392052
74.85392052
74.85392052
74.85392052
74.85392052
74.85392052
74.85392052
74.85392052
74.85392052
74.85392052
74.85392052
74.85392052
74.85392052
74.85392052
74.85392052
74.85392052
74.85392052
74.85392052
74.85392052
74.85392052
74.85392052
74.85392052
74.85392052
74.85392052
74.85392052
74.85392052
74.85392052
74.85392052
74.85392052
74.85392052
74.85392052
74.85392052
74.85392052
74.85392052
74.85392052
74.85392052
74.85392052
74.85392052
74.85392052
74.85392052
74.85392052
74.85392052
74.85392052
74.85392052
74.85392052
74.85392052
74.85392052
74.85392052
74.85392052
74.85392052
74.85392052
74.85392052
74.85392052
74.85392052
74.85392052
74.85392052
74.85392052
74.85392052
74.85392052
74.85392052
74.85392052
74.85392052
74.85392052
74.85392052
74.85392052
74.85392052
74.85392052
74.85392052
74.85392052
74.85392052
74.85392052
74.85392052
74.85392052
74.85392052
74.85392052
74.85392052
74.85392052
74.85392052
74.85392052
74.85392052
74.85392052
74.85392052
74.85392052
74.85392052
74.85392052
74.85392052
74.85392052
74.85392052
74.85392052
74.85392052
74.85392052
74.85392052
74.85392052
74.85392052
74.85392052
74.85392052
74.85392052
74.85392052
74.85392052
0
0
0
0
0
0
0
0
0
0
0
0
0
74.85392052
74.85392052
74.85392052
74.85392052
74.85392052
74.85392052
74.85392052
74.85392052
74.85392052
74.85392052
74.85392052
74.85392052
74.85392052
74.85392052
74.85392052
74.85392052
74.85392052
0
0
0
74.85392052
74.85392052
74.85392052
74.85392052
74.85392052
74.85392052
74.85392052
74.85392052
74.85392052
74.85392052
74.85392052
74.85392052
74.85392052
74.85392052
74.85392052
74.85392052
74.85392052
74.85392052
74.85392052
74.85392052
74.85392052
74.85392052
74.85392052
74.85392052
74.85392052
74.85392052
74.85392052
74.85392052
74.85392052
74.85392052
74.85392052
74.85392052
74.85392052
74.85392052
74.85392052
74.85392052
74.85392052
74.85392052
74.85392052
74.85392052
74.85392052
74.85392052
74.85392052
74.85392052
74.85392052
40.84315459
0
0
0
0
0
0
0
0
0
0
0
0
0
0
0
0
0
0
0
0
0
0
0
0
0
0
0
0
0
0
0
0
0
0
0
0
0
0
0
0
0
0
0
0
0
0
0
0
0
0
0
0
0
0
0
0
0
0
0
0
0
0
0
0
0
0
0
0
0
0
0
0
0
0
0
0
0
0
0
0
0
0
0
0
0
0
0
0
0
0
0
0
0
0
0
0
0
0
0
0
0
0
0
0
0
0
0
0
0
0
0
0
0
0
0
0
0
0
0
0
0
0
74.85392052
74.85392052
74.85392052
74.85392052
74.85392052
74.85392052
74.85392052
74.85392052
74.85392052
74.85392052
74.85392052
74.85392052
74.85392052
74.85392052
74.85392052
74.85392052
74.85392052
74.85392052
74.85392052
74.85392052
74.85392052
0
0
0
0
0
0
0
0
0
0
74.85392052
74.85392052
74.85392052
74.85392052
74.85392052
74.85392052
74.85392052
74.85392052
74.85392052
74.85392052
74.85392052
74.85392052
74.85392052
74.85392052
74.85392052
74.85392052
74.85392052
74.85392052
74.85392052
74.85392052
74.85392052
74.85392052
74.85392052
74.85392052
74.85392052
74.85392052
74.85392052
74.85392052
74.85392052
74.85392052
74.85392052
74.85392052
74.85392052
74.85392052
74.85392052
74.85392052
74.85392052
74.85392052
74.85392052
74.85392052
74.85392052
74.85392052
74.85392052
74.85392052
74.85392052
74.85392052
74.85392052
74.85392052
74.85392052
74.85392052
74.85392052
74.85392052
74.85392052
74.85392052
74.85392052
74.85392052
74.85392052
74.85392052
74.85392052
54.08636221
52.55151979
55.16328104
53.63537262
50.48070351
47.93679207
46.05305659
45.05465834
45.07735882
44.7959089
45.41741389
45.41765064
45.12690361
44.85220494
44.88009284
44.80221105
45.14865444
45.65254717
45.75236064
45.40753407
42.8357902
39.38964621
0
0
0
0
0
0
0
0
0
0
0
0
0
0
0
0
0
0
0
0
0
0
0
0
0
0
0
0
0
0
0
0
0
0
0
0
0
0
0
0
0
0
0
0
0
0
0
0
0
0
0
0
0
0
0
0
0
0
0
0
0
0
0
0
0
0
0
0
0
0
0
0
74.85392052
74.85392052
74.85392052
74.85392052
74.85392052
74.85392052
74.85392052
74.85392052
74.85392052
74.85392052
74.85392052
74.85392052
74.85392052
74.85392052
74.85392052
74.85392052
74.85392052
74.85392052
74.85392052
74.85392052
74.85392052
74.85392052
74.85392052
74.85392052
74.85392052
74.85392052
74.85392052
74.85392052
74.85392052
74.85392052
74.85392052
74.85392052
74.85392052
74.85392052
74.85392052
74.85392052
74.85392052
74.85392052
74.85392052
74.85392052
74.85392052
74.85392052
74.85392052
74.85392052
74.85392052
74.85392052
74.85392052
74.85392052
74.85392052
74.85392052
74.85392052
74.85392052
74.85392052
74.85392052
74.85392052
74.85392052
74.85392052
74.85392052
74.85392052
74.85392052
74.85392052
74.85392052
74.85392052
74.85392052
74.85392052
74.85392052
74.85392052
74.85392052
74.85392052
74.85392052
74.85392052
74.85392052
74.85392052
74.85392052
74.85392052
74.85392052
74.85392052
74.85392052
74.85392052
74.85392052
74.85392052
74.85392052
74.85392052
74.85392052
74.85392052
74.85392052
74.85392052
74.85392052
74.85392052
74.85392052
74.85392052
74.85392052
74.85392052
74.85392052
74.85392052
74.85392052
74.85392052
74.85392052
74.85392052
74.85392052
74.85392052
74.85392052
74.85392052
74.85392052
74.85392052
74.85392052
74.85392052
74.85392052
74.85392052
74.85392052
74.85392052
74.85392052
74.85392052
74.85392052
74.85392052
74.85392052
74.85392052
74.85392052
74.85392052
74.85392052
74.85392052
74.85392052
74.85392052
50.29287392
48.74224847
46.05190357
42.23432014
38.53314531
0
0
0
0
0
0
0
0
0
0
0
0
0
0
0
0
0
0
0
0
0
0
0
0
0
0
0
0
0
0
0
0
0
0
0
0
0
0
0
0
0
0
0
0
0
0
0
0
0
0
0
0
0
0
0
0
0
0
0
0
0
0
0
0
0
0
0
0
0
0
0
0
0
0
0
0
0
0
0
0
0
0
0
0
0
0
0
0
0
0
0
0
0
0
0
0
0
0
0
0
0
0
0
0
0
0
0
0
0
0
0
0
0
0
0
0
0
0
0
0
0
0
0
0
0
0
0
0
0
0
0
0
0
0
0
0
0
0
0
0
0
0
0
0
0
0
0
0
0
0
0
0
0
0
0
0
0
0
0
0
0
0
0
0
0
74.85392052
74.85392052
74.85392052
74.85392052
74.85392052
74.85392052
74.85392052
74.85392052
74.85392052
74.85392052
74.85392052
74.85392052
74.85392052
74.85392052
74.85392052
74.85392052
74.85392052
74.85392052
74.85392052
74.85392052
74.85392052
74.85392052
74.85392052
74.85392052
74.85392052
74.85392052
74.85392052
74.85392052
74.85392052
74.85392052
74.85392052
74.85392052
74.85392052
74.85392052
74.85392052
74.85392052
74.85392052
74.85392052
74.85392052
74.85392052
74.85392052
74.85392052
74.85392052
74.85392052
74.85392052
74.85392052
74.85392052
74.85392052
74.85392052
74.85392052
74.85392052
74.85392052
74.85392052
74.85392052
74.85392052
74.85392052
74.85392052
74.85392052
74.85392052
74.85392052
74.85392052
74.85392052
74.85392052
74.85392052
74.85392052
74.85392052
74.85392052
74.85392052
74.85392052
74.85392052
74.85392052
74.85392052
74.85392052
74.85392052
74.85392052
74.85392052
47.22879434
0
0
0
0
0
0
0
0
0
0
0
0
0
74.85392052
74.85392052
74.85392052
74.85392052
74.85392052
74.85392052
74.85392052
74.85392052
74.85392052
74.85392052
74.85392052
74.85392052
74.85392052
74.85392052
74.85392052
74.85392052
74.85392052
74.85392052
74.85392052
74.85392052
74.85392052
74.85392052
74.85392052
74.85392052
74.85392052
74.85392052
74.85392052
74.85392052
74.85392052
74.85392052
74.85392052
74.85392052
74.85392052
74.85392052
74.85392052
74.85392052
74.85392052
74.85392052
74.85392052
74.85392052
74.85392052
74.85392052
74.85392052
74.85392052
74.85392052
74.85392052
74.85392052
74.85392052
74.85392052
74.85392052
74.85392052
74.85392052
74.85392052
74.85392052
74.85392052
74.85392052
74.85392052
74.85392052
74.85392052
74.85392052
74.85392052
74.85392052
74.85392052
74.85392052
74.85392052
74.85392052
74.85392052
74.85392052
74.85392052
74.85392052
74.85392052
74.85392052
74.85392052
74.85392052
74.85392052
74.85392052
74.85392052
74.85392052
74.85392052
74.85392052
74.85392052
39.95042588
0
0
0
0
0
0
0
0
0
0
0
0
0
0
0
0
0
0
0
0
0
0
0
0
0
0
0
0
0
0
0
0
0
0
0
0
0
0
0
0
0
0
0
0
0
0
0
0
0
0
0
0
0
0
0
0
0
0
0
0
0
0
0
0
0
0
0
0
0
0
0
0
0
0
0
0
0
0
0
0
0
0
0
74.85392052
74.85392052
74.85392052
74.85392052
74.85392052
74.85392052
74.85392052
74.85392052
74.85392052
43.61774234
0
0
0
0
0
0
0
0
0
0
0
0
0
0
0
0
0
0
0
0
0
0
0
0
0
0
0
0
0
0
0
0
0
0
74.85392052
74.85392052
74.85392052
74.85392052
74.85392052
74.85392052
74.85392052
74.85392052
74.85392052
74.85392052
74.85392052
74.85392052
74.85392052
74.85392052
74.85392052
74.85392052
74.85392052
74.85392052
74.85392052
74.85392052
74.85392052
74.85392052
74.85392052
74.85392052
74.85392052
74.85392052
74.85392052
74.85392052
74.85392052
74.85392052
74.85392052
74.85392052
74.85392052
74.85392052
74.85392052
74.85392052
74.85392052
74.85392052
74.85392052
74.85392052
74.85392052
74.85392052
74.85392052
74.85392052
74.85392052
74.85392052
74.85392052
74.85392052
74.85392052
74.85392052
74.85392052
74.85392052
74.85392052
0
0
0
0
0
0
74.85392052
74.85392052
74.85392052
74.85392052
74.85392052
74.85392052
74.85392052
74.85392052
74.85392052
74.85392052
74.85392052
74.85392052
74.85392052
74.85392052
74.85392052
74.85392052
74.85392052
74.85392052
74.85392052
74.85392052
74.85392052
74.85392052
74.85392052
74.85392052
74.85392052
74.85392052
74.85392052
74.85392052
74.85392052
74.85392052
74.85392052
74.85392052
74.85392052
74.85392052
74.85392052
74.85392052
74.85392052
74.85392052
74.85392052
74.85392052
74.85392052
74.85392052
74.85392052
74.85392052
74.85392052
74.85392052
74.85392052
74.85392052
74.85392052
74.85392052
74.85392052
74.85392052
74.85392052
74.85392052
74.85392052
74.85392052
74.85392052
74.85392052
74.85392052
74.85392052
74.85392052
74.85392052
74.85392052
74.85392052
74.85392052
74.85392052
74.85392052
74.85392052
74.85392052
74.85392052
0
0
0
0
0
0
0
0
0
0
0
0
0
0
0
0
0
0
0
0
0
0
0
0
0
0
0
0
0
0
0
0
0
0
0
0
0
0
0
0
0
0
0
0
0
0
0
0
0
0
0
0
0
0
74.85392052
74.85392052
74.85392052
74.85392052
74.85392052
74.85392052
74.85392052
74.85392052
74.85392052
74.85392052
74.85392052
74.85392052
74.85392052
74.85392052
74.85392052
74.85392052
74.85392052
0
0
0
0
0
0
0
0
0
0
0
0
0
0
0
0
0
0
0
0
0
0
0
0
0
0
0
0
0
0
0
0
0
0
0
0
0
0
0
0
0
0
0
0
0
0
0
0
0
0
0
0
0
0
0
0
0
0
0
0
0
0
0
0
0
0
0
0
0
0
0
0
0
0
0
0
74.85392052
74.85392052
74.85392052
74.85392052
74.85392052
74.85392052
74.85392052
74.85392052
74.85392052
74.85392052
74.85392052
74.85392052
74.85392052
74.85392052
74.85392052
74.85392052
74.85392052
74.85392052
74.85392052
74.85392052
74.85392052
74.85392052
74.85392052
74.85392052
74.85392052
74.85392052
74.85392052
74.85392052
74.85392052
74.85392052
74.85392052
74.85392052
74.85392052
74.85392052
74.85392052
74.85392052
74.85392052
74.85392052
74.85392052
74.85392052
74.85392052
74.85392052
74.85392052
74.85392052
74.85392052
74.85392052
74.85392052
74.85392052
74.85392052
74.85392052
74.85392052
74.85392052
74.85392052
74.85392052
74.85392052
74.85392052
74.85392052
74.85392052
74.85392052
74.85392052
74.85392052
74.85392052
74.85392052
74.85392052
74.85392052
74.85392052
74.85392052
74.85392052
58.41410261
57.70307176
55.88324471
57.37865099
57.3812644
56.68552864
57.00263932
57.30908068
56.84505902
55.34768878
55.92230287
55.97855832
56.66598877
56.2576817
58.08796148
60.04669265
60.99645804
60.78441589
60.64969665
61.44062242
62.34257419
63.524818
64.37150522
66.47075185
69.93202853
71.66176497
73.43033451
74.7992299
74.85392052
74.85392052
74.85392052
74.85392052
74.85392052
74.85392052
74.85392052
74.85392052
74.85392052
74.85392052
74.85392052
74.85392052
74.85392052
74.85392052
74.85392052
74.85392052
74.85392052
74.85392052
74.85392052
74.85392052
74.85392052
74.20362079
73.64955924
73.67726253
74.71420947
74.22482786
73.96117616
73.44853692
72.55437276
70.92009686
70.90174672
70.48347477
71.02477239
69.51684506
68.65541008
67.59773675
65.69278045
0
0
0
0
0
0
0
0
0
0
0
0
0
0
0
0
0
0
0
0
0
0
0
0
0
0
0
0
0
0
0
0
0
0
0
0
0
0
0
0
0
0
0
0
0
0
0
0
0
0
0
0
0
0
0
0
0
0
0
0
0
0
0
0
0
0
0
0
0
0
0
0
0
0
0
0
0
0
0
0
0
0
0
0
0
0
0
0
0
0
0
0
0
0
0
0
0
74.85392052
74.85392052
74.85392052
74.85392052
74.85392052
74.85392052
74.85392052
74.85392052
74.85392052
74.85392052
74.85392052
74.85392052
74.85392052
74.85392052
74.85392052
74.85392052
74.85392052
74.85392052
74.85392052
74.85392052
74.85392052
74.85392052
74.85392052
74.85392052
74.85392052
74.85392052
74.85392052
74.85392052
74.85392052
74.85392052
74.85392052
74.85392052
74.85392052
74.85392052
74.85392052
74.85392052
74.85392052
74.85392052
74.85392052
74.85392052
74.85392052
74.85392052
74.85392052
74.85392052
74.85392052
74.85392052
74.85392052
74.85392052
74.85392052
74.85392052
74.85392052
74.85392052
74.85392052
74.85392052
74.85392052
74.85392052
74.85392052
74.85392052
74.85392052
74.85392052
74.85392052
74.85392052
74.85392052
74.85392052
74.85392052
74.85392052
74.85392052
74.85392052
74.85392052
74.85392052
74.85392052
74.85392052
74.85392052
74.85392052
74.85392052
74.85392052
74.85392052
74.85392052
74.85392052
74.85392052
74.85392052
74.85392052
74.85392052
74.85392052
74.85392052
74.85392052
74.85392052
74.85392052
74.85392052
74.85392052
74.85392052
74.85392052
74.85392052
74.85392052
74.85392052
74.85392052
74.85392052
74.85392052
74.85392052
74.85392052
74.85392052
74.85392052
74.85392052
74.85392052
74.85392052
74.85392052
74.85392052
74.85392052
74.85392052
74.85392052
60.55967438
56.75087496
54.80186895
53.02326097
52.62681724
52.81575575
51.43253822
51.31441781
52.52061129
53.28403012
52.96894244
52.429431
51.59722528
52.34054211
52.08314401
52.91716217
50.90279098
50.40901769
48.19026317
46.91389652
45.30123541
0
0
0
0
0
0
0
0
0
0
0
0
0
0
0
0
0
0
0
0
0
0
0
0
0
0
0
0
0
0
0
0
0
0
0
0
0
0
0
0
0
0
0
0
0
0
0
0
0
0
0
0
0
0
0
0
0
0
0
0
0
0
0
0
0
0
0
0
0
0
0
0
0
0
0
0
0
0
0
0
0
0
0
0
0
0
0
0
0
0
0
0
0
0
0
0
0
0
0
0
0
0
0
0
0
0
0
0
0
0
0
0
0
0
0
0
0
0
0
0
0
0
0
0
0
0
0
0
0
0
0
0
0
0
0
0
0
0
0
0
0
0
0
0
0
0
0
0
0
0
0
0
0
0
0
0
0
0
0
0
0
0
0
0
0
0
0
0
0
0
0
0
0
0
0
0
0
0
0
0
0
0
0
0
0
0
0
0
0
0
0
0
0
0
0
0
0
0
0
0
0
0
0
0
0
0
0
0
0
0
0
0
0
0
0
0
0
0
0
0
0
0
0
0
0
0
0
0
0
0
0
0
0
0
0
0
0
0
0
0
0
0
0
0
0
0
0
0
0
0
0
0
0
0
0
0
0
0
0
0
0
0
0
0
0
0
0
0
0
0
0
0
0
0
0
0
0
0
0
0
0
0
0
0
0
0
0
0
0
0
0
0
0
0
0
0
0
0
0
0
0
0
0
0
0
0
0
0
74.85392052
74.85392052
74.85392052
74.85392052
74.85392052
74.85392052
74.85392052
74.85392052
74.85392052
74.85392052
74.85392052
74.85392052
74.85392052
74.85392052
74.85392052
74.85392052
74.85392052
74.85392052
74.85392052
74.85392052
74.85392052
74.85392052
74.85392052
74.85392052
74.85392052
74.85392052
74.85392052
74.85392052
0
0
0
0
0
0
0
74.85392052
74.85392052
74.85392052
74.85392052
74.85392052
74.85392052
74.85392052
74.85392052
74.85392052
74.85392052
74.85392052
74.85392052
74.85392052
74.85392052
74.85392052
74.85392052
74.85392052
74.85392052
74.85392052
74.85392052
74.85392052
74.85392052
74.85392052
74.85392052
74.85392052
74.85392052
74.85392052
74.85392052
0
0
0
0
0
0
0
0
0
0
0
0
0
0
0
0
0
0
0
0
0
0
0
0
0
0
0
0
74.85392052
74.85392052
74.85392052
74.85392052
74.85392052
74.85392052
74.85392052
74.85392052
74.85392052
74.85392052
74.85392052
74.85392052
74.85392052
74.85392052
74.85392052
74.85392052
74.85392052
74.85392052
74.85392052
74.85392052
74.85392052
74.85392052
74.85392052
74.85392052
74.85392052
74.85392052
74.85392052
74.85392052
74.85392052
74.85392052
0
0
0
0
0
0
0
0
0
0
0
0
0
0
74.85392052
74.85392052
74.85392052
74.85392052
74.85392052
74.85392052
74.85392052
74.85392052
74.85392052
74.85392052
74.85392052
74.85392052
74.85392052
74.85392052
74.85392052
74.85392052
74.85392052
74.85392052
74.85392052
74.85392052
74.85392052
74.85392052
52.60079847
51.12876851
50.13252643
49.63083893
48.48800957
47.30551589
45.7612833
0
0
0
0
0
0
0
0
0
0
0
0
0
0
0
0
0
0
0
0
0
0
0
0
0
0
0
0
0
0
0
0
74.85392052
74.85392052
74.85392052
74.85392052
74.85392052
74.85392052
74.85392052
74.85392052
74.85392052
74.85392052
74.85392052
74.85392052
74.85392052
74.85392052
74.85392052
74.85392052
74.85392052
74.85392052
74.85392052
74.85392052
74.85392052
74.85392052
74.85392052
74.85392052
74.85392052
74.85392052
74.85392052
74.85392052
74.85392052
74.85392052
74.85392052
74.85392052
74.85392052
74.85392052
74.85392052
74.85392052
74.85392052
74.85392052
74.85392052
74.85392052
74.85392052
74.85392052
74.85392052
74.85392052
74.85392052
74.85392052
74.85392052
74.85392052
74.85392052
74.85392052
74.85392052
60.36296596
58.95020454
58.91390486
59.09640644
60.11012353
61.17071199
0
0
0
0
0
0
0
0
0
0
0
0
0
0
0
0
0
0
0
0
0
0
0
0
0
0
0
0
0
0
0
0
0
0
74.85392052
74.85392052
74.85392052
74.85392052
74.85392052
74.85392052
74.85392052
74.85392052
74.85392052
74.85392052
74.85392052
74.85392052
74.85392052
74.85392052
74.85392052
74.85392052
74.85392052
74.85392052
74.85392052
74.85392052
74.85392052
74.85392052
74.85392052
74.85392052
74.85392052
74.85392052
74.85392052
74.85392052
74.85392052
74.85392052
74.85392052
74.85392052
74.85392052
74.85392052
74.85392052
74.85392052
74.85392052
74.85392052
74.85392052
0
0
0
0
0
0
0
0
0
0
0
0
0
0
0
0
0
0
0
0
0
0
0
0
0
0
0
0
0
0
0
0
0
0
0
0
0
0
0
0
0
0
0
0
0
0
0
0
0
0
0
0
0
0
74.85392052
74.85392052
74.85392052
74.85392052
74.85392052
74.85392052
74.85392052
74.85392052
74.85392052
74.85392052
74.85392052
74.85392052
74.85392052
74.85392052
74.85392052
74.85392052
74.85392052
74.85392052
74.85392052
74.85392052
74.85392052
74.85392052
74.85392052
74.85392052
74.85392052
74.85392052
74.85392052
74.85392052
74.85392052
74.85392052
74.85392052
74.85392052
74.85392052
74.85392052
74.85392052
74.85392052
74.85392052
74.85392052
74.85392052
74.85392052
74.85392052
74.85392052
74.85392052
74.85392052
74.85392052
74.85392052
74.85392052
74.85392052
74.85392052
74.85392052
74.85392052
74.85392052
74.85392052
74.85392052
74.85392052
74.85392052
74.85392052
74.85392052
74.85392052
74.85392052
74.85392052
74.85392052
74.85392052
74.85392052
74.85392052
74.85392052
74.85392052
74.85392052
74.85392052
74.85392052
74.85392052
74.85392052
74.85392052
74.85392052
74.85392052
74.85392052
74.85392052
74.85392052
74.85392052
74.85392052
74.85392052
74.85392052
74.85392052
74.85392052
74.85392052
74.85392052
54.48892266
0
0
0
0
0
0
0
0
0
0
0
0
74.85392052
74.85392052
74.85392052
74.85392052
74.85392052
74.85392052
74.85392052
74.85392052
74.85392052
74.85392052
74.85392052
74.85392052
74.85392052
74.85392052
74.85392052
74.85392052
74.85392052
74.85392052
74.85392052
74.85392052
74.85392052
74.85392052
74.85392052
74.85392052
57.09865132
55.9846389
56.2382189
56.55718571
56.27809908
57.26271056
59.61983862
60.69036299
61.63556576
63.72360052
66.70356726
69.34351236
72.83179716
74.85392052
74.85392052
74.85392052
74.85392052
74.85392052
74.85392052
74.85392052
74.85392052
74.85392052
74.85392052
74.85392052
74.85392052
74.85392052
74.85392052
74.85392052
74.85392052
74.85392052
74.85392052
74.85392052
74.85392052
74.85392052
74.85392052
74.85392052
74.85392052
74.85392052
74.85392052
74.85392052
74.85392052
74.85392052
54.2887455
53.39183677
51.84457222
52.10884246
51.80541728
50.55400495
49.36834169
49.27228026
50.43955993
50.2432568
46.99486865
44.8029092
0
0
0
0
0
0
0
0
0
0
0
0
0
0
0
0
0
0
0
0
0
0
0
0
0
0
0
0
0
0
0
0
0
0
0
0
0
0
0
0
0
0
0
0
0
0
0
0
0
0
0
0
0
0
74.85392052
74.85392052
74.85392052
74.85392052
74.85392052
74.85392052
74.85392052
74.85392052
74.85392052
74.85392052
74.85392052
74.85392052
74.85392052
74.85392052
74.85392052
74.85392052
74.85392052
74.85392052
74.85392052
74.85392052
74.85392052
74.85392052
74.85392052
74.85392052
74.85392052
74.85392052
74.85392052
74.85392052
74.85392052
74.85392052
74.85392052
74.85392052
74.85392052
74.85392052
74.85392052
74.85392052
74.85392052
74.85392052
74.85392052
74.85392052
74.85392052
74.85392052
74.85392052
74.85392052
74.85392052
74.85392052
47.44123291
43.92909841
0
0
0
0
0
0
0
0
0
0
0
0
0
0
0
0
0
0
0
0
0
0
0
0
0
0
0
0
0
0
0
0
0
0
0
0
0
0
0
0
0
0
0
0
0
0
0
0
0
0
0
0
0
0
0
0
0
0
0
0
0
0
0
0
0
0
0
0
0
0
0
0
0
0
0
0
0
0
0
0
0
0
0
0
0
0
0
0
0
0
0
0
0
0
0
0
0
0
0
0
0
0
0
0
0
0
0
0
0
0
0
0
0
0
0
0
0
0
0
74.85392052
74.85392052
74.85392052
74.85392052
74.85392052
74.85392052
74.85392052
74.85392052
74.85392052
74.85392052
74.85392052
74.85392052
74.85392052
74.85392052
74.85392052
74.85392052
74.85392052
52.78798488
53.25919706
52.57031637
52.83822973
52.72613041
52.82067725
52.81312117
52.34336293
53.56233302
55.11442488
58.26677833
60.87637778
64.67313709
67.71184135
70.19167001
72.2118577
74.64957364
74.85392052
74.85392052
74.70939389
74.85392052
74.85392052
74.85392052
74.85392052
74.85392052
74.85392052
73.64751556
73.50747693
73.39152619
73.78362247
73.91602784
72.10979887
72.13916166
71.9252854
71.46896683
70.32380234
68.96529076
70.06429921
70.65109119
70.44544745
69.11260424
68.91139503
68.61763871
69.21167101
69.60678202
70.28725308
70.2690282
70.18647005
68.15338799
68.1601809
68.0177259
66.82507446
65.44478802
0
0
0
0
0
0
0
0
0
0
0
0
0
0
0
0
0
0
74.85392052
74.85392052
74.85392052
74.85392052
74.85392052
74.85392052
74.85392052
74.85392052
74.85392052
74.85392052
74.85392052
74.85392052
74.85392052
74.85392052
74.85392052
74.85392052
74.85392052
74.85392052
74.85392052
74.85392052
0
0
0
0
0
0
0
0
0
0
0
0
0
0
0
74.85392052
74.85392052
74.85392052
74.85392052
74.85392052
74.85392052
74.85392052
74.85392052
74.85392052
74.85392052
74.85392052
74.85392052
74.85392052
74.85392052
74.85392052
74.85392052
74.85392052
74.85392052
74.85392052
74.85392052
74.85392052
74.85392052
74.85392052
74.85392052
74.85392052
74.85392052
74.85392052
74.85392052
74.85392052
74.85392052
74.85392052
74.85392052
74.85392052
70.60199053
71.32904973
71.33077204
70.50194912
71.37612957
70.81594728
70.06617726
69.5142172
68.27149613
67.57270584
66.90448915
63.87277021
0
0
0
0
0
0
0
0
0
0
0
0
0
0
0
74.85392052
74.85392052
74.85392052
74.85392052
74.85392052
74.85392052
74.85392052
74.85392052
74.85392052
74.85392052
74.85392052
74.85392052
74.85392052
74.85392052
74.85392052
74.85392052
74.85392052
74.85392052
74.85392052
74.85392052
74.85392052
74.85392052
74.85392052
74.85392052
74.85392052
74.85392052
74.85392052
74.85392052
74.85392052
74.85392052
74.85392052
74.85392052
74.85392052
74.85392052
74.85392052
74.85392052
74.85392052
74.85392052
74.85392052
74.85392052
74.85392052
74.85392052
74.85392052
74.85392052
74.85392052
74.85392052
74.85392052
74.85392052
74.85392052
74.85392052
74.85392052
74.85392052
74.85392052
74.85392052
74.85392052
74.85392052
74.85392052
74.85392052
74.85392052
74.85392052
74.85392052
74.85392052
74.85392052
74.85392052
74.85392052
74.85392052
74.85392052
74.85392052
74.85392052
74.85392052
74.85392052
74.85392052
74.85392052
74.85392052
74.85392052
74.85392052
74.85392052
74.85392052
74.85392052
74.85392052
0
0
0
0
0
0
0
0
0
0
0
0
0
0
0
0
0
0
0
0
0
0
0
0
0
0
0
0
0
0
0
0
0
0
0
0
0
0
0
0
0
0
0
0
0
0
0
0
0
0
0
0
0
0
0
0
0
0
0
0
0
0
0
0
0
0
0
0
0
0
0
0
0
0
0
0
0
0
0
0
0
0
0
0
0
0
0
0
0
0
0
0
0
0
0
0
0
0
0
0
0
0
0
0
0
0
0
0
0
0
0
0
0
0
0
0
0
0
0
0
0
0
0
0
0
0
0
0
0
0
0
0
0
0
0
0
0
0
0
0
0
0
0
0
0
0
0
0
0
0
0
74.85392052
74.85392052
74.85392052
74.85392052
74.85392052
74.85392052
74.85392052
74.85392052
74.85392052
74.85392052
74.85392052
74.85392052
74.85392052
74.85392052
74.85392052
74.85392052
74.85392052
74.85392052
74.85392052
74.85392052
74.85392052
74.85392052
74.85392052
66.48061091
65.59931485
65.41937034
64.64189633
64.2597192
63.92319906
62.37363071
61.65191283
0
0
0
0
0
0
0
0
0
0
0
0
0
0
0
0
0
0
0
0
0
0
0
0
0
0
0
0
0
0
0
0
0
0
0
0
0
0
0
0
0
74.85392052
74.85392052
74.85392052
74.85392052
74.85392052
74.85392052
74.85392052
74.85392052
74.85392052
74.85392052
74.85392052
74.85392052
74.85392052
74.85392052
74.85392052
74.85392052
74.85392052
74.85392052
74.85392052
74.85392052
74.85392052
74.85392052
74.85392052
74.85392052
74.85392052
74.85392052
74.85392052
74.85392052
74.85392052
74.85392052
74.85392052
0
0
0
0
0
0
0
0
0
0
0
0
0
0
0
0
0
0
0
0
0
0
0
0
0
0
0
0
0
0
0
0
0
0
0
0
0
0
0
0
0
0
0
0
0
0
0
0
0
0
0
0
0
0
0
0
0
0
0
0
0
0
0
0
0
0
0
0
0
0
0
0
0
0
0
0
0
0
0
0
0
0
0
0
0
0
0
0
0
0
0
0
0
0
0
0
0
0
0
0
0
0
0
0
0
0
0
0
0
0
0
0
0
0
0
0
0
0
0
0
0
0
0
0
0
0
0
0
0
0
0
0
0
0
0
0
0
0
0
0
0
0
0
0
0
0
0
0
0
0
0
0
0
0
0
0
0
0
0
0
0
0
0
0
0
0
0
0
0
0
0
0
0
0
0
0
0
0
0
0
0
0
0
0
0
0
0
0
0
0
0
0
0
0
0
0
0
0
0
0
0
0
0
0
0
0
0
0
0
0
0
0
0
0
0
0
0
0
0
0
0
0
0
0
0
0
0
0
0
0
0
0
0
0
0
0
0
0
0
0
0
0
0
0
0
0
0
0
0
74.85392052
74.85392052
74.85392052
74.85392052
74.85392052
74.85392052
74.85392052
74.85392052
74.85392052
74.85392052
74.85392052
74.85392052
74.85392052
58.41854213
0
0
0
0
0
0
0
0
0
0
0
0
0
0
0
0
0
0
0
0
0
0
0
0
0
0
0
0
0
0
0
0
0
0
0
0
0
0
0
0
0
0
0
0
0
0
0
0
0
0
0
0
0
0
0
0
0
0
0
0
0
0
0
0
0
0
0
0
0
0
0
0
0
0
0
0
0
0
0
0
0
0
0
0
0
0
0
0
0
0
0
0
0
0
0
0
0
0
0
0
0
0
0
0
0
0
0
0
0
0
0
0
0
0
0
0
0
0
0
0
0
0
0
0
0
0
0
0
0
0
0
0
0
0
0
0
0
0
0
0
0
0
0
0
0
0
0
0
0
0
0
0
0
0
0
0
0
0
0
0
0
0
0
0
0
0
0
0
0
0
0
0
0
0
0
0
0
0
0
0
0
0
0
0
0
0
0
0
0
0
0
0
0
0
0
0
0
0
0
0
0
0
0
0
0
0
0
0
0
0
0
0
0
0
0
0
0
0
0
0
0
0
0
0
0
0
0
0
0
0
0
0
0
0
0
0
0
0
0
0
0
0
0
0
0
0
0
0
0
0
0
0
0
0
0
0
0
0
0
0
0
0
0
0
0
0
0
0
0
0
0
0
0
0
0
0
74.85392052
74.85392052
74.85392052
74.85392052
74.85392052
74.85392052
74.85392052
74.85392052
74.85392052
74.85392052
74.85392052
74.85392052
74.85392052
74.85392052
74.85392052
74.85392052
74.85392052
74.85392052
74.85392052
74.85392052
74.85392052
74.85392052
74.85392052
74.85392052
74.85392052
74.85392052
74.85392052
74.85392052
74.85392052
74.85392052
74.85392052
74.85392052
74.85392052
64.95966141
61.99714676
59.15516725
55.75192356
0
0
0
0
0
0
0
0
0
0
0
0
0
0
0
0
0
0
0
0
0
0
0
0
0
0
0
0
0
0
0
0
0
0
0
0
0
0
0
0
0
0
0
0
0
0
0
0
0
0
0
0
0
0
0
0
0
0
0
0
0
0
0
0
0
0
0
0
0
0
0
0
0
0
0
0
0
0
0
0
0
0
0
0
0
0
0
0
0
0
0
0
0
0
0
0
0
0
0
0
0
0
0
0
0
0
0
0
0
0
0
0
0
0
0
0
0
0
0
0
0
0
0
0
0
0
0
0
0
0
0
0
0
0
0
0
0
0
0
0
0
0
0
0
0
0
0
0
0
0
0
0
0
0
0
0
0
0
0
0
0
0
0
0
0
0
0
0
0
0
0
0
0
0
0
0
0
0
0
0
0
0
0
0
0
0
0
0
0
0
0
0
0
0
0
0
0
0
0
0
0
0
0
0
0
0
0
0
0
0
0
0
0
0
0
0
0
0
0
0
0
0
0
0
0
0
0
0
0
0
0
0
0
0
0
0
0
0
0
0
0
0
0
0
0
0
0
0
0
0
0
0
0
0
0
0
0
0
0
0
0
0
0
0
0
0
0
0
0
0
0
0
0
0
0
0
0
0
0
0
0
0
0
0
0
0
0
0
0
0
0
0
0
0
0
0
0
0
0
0
0
0
0
0
0
0
0
0
0
0
0
0
0
0
0
0
0
0
0
0
0
0
0
0
0
0
0
0
0
0
0
0
0
0
0
0
0
0
0
0
0
0
0
0
0
0
0
0
0
0
0
0
74.85392052
74.85392052
74.85392052
74.85392052
74.85392052
74.85392052
74.85392052
74.85392052
74.85392052
74.85392052
74.85392052
74.85392052
74.85392052
74.85392052
74.85392052
74.85392052
74.85392052
74.85392052
74.85392052
74.85392052
74.85392052
74.85392052
74.85392052
74.85392052
74.85392052
74.85392052
74.85392052
74.85392052
74.85392052
74.85392052
74.85392052
74.85392052
74.85392052
74.85392052
74.85392052
74.85392052
74.85392052
74.85392052
0
0
0
0
0
0
0
0
0
0
0
0
0
0
0
0
0
0
0
0
0
0
0
0
0
0
0
0
0
0
0
0
0
0
0
0
0
0
0
0
0
0
0
0
0
0
0
0
0
0
0
0
0
0
0
0
0
0
0
0
0
0
0
0
0
0
0
0
0
0
0
0
0
0
0
0
0
0
0
0
0
0
0
0
0
0
0
0
0
0
0
0
0
0
0
0
0
0
0
0
0
0
0
0
0
0
0
0
0
0
0
0
0
0
0
0
0
0
0
0
0
0
0
0
0
0
0
0
0
0
0
0
0
0
0
0
0
0
0
0
0
0
0
0
0
0
0
0
0
0
0
0
0
0
0
0
0
0
0
0
0
0
0
0
0
0
0
0
0
0
0
0
0
0
0
0
0
0
0
0
0
0
0
0
0
0
0
0
0
0
0
0
0
0
0
0
0
0
0
0
0
0
0
0
0
0
0
0
0
0
0
0
0
0
0
0
0
0
0
0
0
0
0
0
0
0
0
0
0
0
0
0
0
0
0
0
0
0
0
0
0
0
0
0
0
0
0
0
0
0
0
0
0
0
0
0
0
0
0
0
0
0
0
0
0
0
0
0
0
0
0
0
0
0
0
0
0
0
0
0
0
0
0
0
0
0
0
0
0
0
0
0
0
0
0
0
0
0
0
0
0
0
0
0
0
0
0
0
0
0
0
0
0
0
0
0
0
0
0
0
0
0
0
0
0
0
0
0
0
0
0
0
0
0
0
0
0
0
0
0
0
0
0
0
0
0
0
0
0
0
0
0
0
0
0
0
0
0
0
0
0
0
0
0
0
0
0
0
0
0
0
0
0
0
0
0
0
0
0
0
0
0
0
0
0
0
0
0
0
0
0
0
0
0
0
0
0
0
0
0
0
0
0
0
0
0
0
0
0
0
0
0
0
0
0
0
0
0
0
0
0
0
0
0
0
0
0
0
0
0
0
0
0
0
0
0
0
0
0
0
0
0
0
0
0
0
0
0
0
0
0
0
0
0
0
0
0
0
0
0
0
0
0
74.85392052
74.85392052
74.85392052
74.85392052
74.85392052
74.85392052
74.85392052
74.85392052
74.85392052
74.85392052
74.85392052
74.85392052
74.85392052
74.85392052
74.85392052
74.85392052
74.85392052
74.85392052
74.85392052
74.85392052
0
0
0
0
0
0
0
0
0
0
0
0
0
0
0
0
0
0
0
0
0
0
0
0
0
0
0
0
0
0
0
0
0
0
0
0
0
0
0
0
0
0
0
0
0
0
0
0
0
0
0
0
74.85392052
74.85392052
74.85392052
74.85392052
74.85392052
74.85392052
74.85392052
74.85392052
74.85392052
74.85392052
74.85392052
0
0
0
0
0
0
0
0
0
0
0
0
0
0
0
0
0
0
0
0
0
0
0
0
0
0
0
0
0
0
0
0
0
0
0
0
0
0
0
0
0
0
0
0
0
0
0
0
0
0
0
0
0
0
0
0
0
0
0
0
0
0
0
0
0
0
0
0
0
0
0
0
0
0
0
0
0
0
0
0
0
0
0
0
74.85392052
74.85392052
74.85392052
74.85392052
74.85392052
74.85392052
74.85392052
74.85392052
74.85392052
74.85392052
74.85392052
53.32048167
0
0
0
0
0
0
0
0
0
0
0
0
0
0
0
0
0
0
0
0
0
0
0
0
0
0
0
0
0
0
0
0
0
0
0
0
0
0
0
0
0
0
0
0
0
0
0
0
0
0
0
0
0
0
0
0
0
0
0
0
0
0
0
0
0
0
0
0
0
0
0
0
0
0
0
0
0
0
0
0
0
0
0
0
0
0
74.85392052
74.85392052
74.85392052
74.85392052
74.85392052
74.85392052
74.85392052
74.85392052
74.85392052
74.85392052
74.85392052
74.85392052
0
0
0
0
0
0
0
0
0
0
0
0
0
0
0
0
0
0
0
0
0
0
0
0
0
0
0
0
0
0
0
0
0
0
0
0
0
0
0
0
0
0
0
0
0
0
0
0
0
0
0
0
0
0
0
0
0
0
0
0
0
0
0
0
0
0
0
0
0
0
0
0
0
0
0
0
0
0
0
0
0
0
0
0
0
0
0
0
0
0
0
0
0
0
0
0
0
0
0
0
0
0
0
0
0
0
0
0
0
0
0
0
0
0
0
0
0
0
0
0
0
0
0
0
0
0
0
0
0
0
0
0
0
0
0
0
0
0
0
0
0
0
0
0
0
0
0
0
0
0
0
0
0
0
0
0
0
0
0
0
0
0
0
0
0
0
0
0
0
0
0
74.85392052
74.85392052
74.85392052
74.85392052
74.85392052
74.85392052
74.85392052
74.85392052
74.85392052
74.85392052
74.85392052
74.85392052
74.85392052
74.85392052
74.85392052
74.85392052
74.85392052
74.85392052
74.85392052
74.85392052
74.85392052
74.85392052
74.85392052
74.85392052
74.85392052
74.85392052
74.85392052
74.85392052
74.85392052
74.85392052
74.85392052
74.85392052
74.85392052
74.85392052
74.85392052
74.85392052
74.85392052
74.85392052
74.85392052
74.85392052
74.85392052
74.85392052
74.85392052
74.85392052
74.85392052
74.85392052
53.00876065
50.60331447
47.79722279
0
0
0
0
0
0
0
0
0
0
0
0
0
0
0
0
0
0
0
0
0
0
0
0
0
0
0
0
0
0
0
0
0
0
0
0
0
0
0
0
0
0
0
0
0
0
0
0
0
0
0
0
0
0
0
0
0
0
0
0
0
0
0
0
0
0
0
0
0
0
0
0
0
0
0
0
0
0
0
0
0
0
0
0
0
0
0
0
0
0
0
0
0
0
0
0
0
0
0
0
0
0
0
0
0
0
0
0
0
0
0
0
0
0
0
0
0
0
0
0
0
0
0
0
0
0
0
0
0
0
0
0
0
0
0
0
0
0
0
0
0
0
0
0
0
0
0
0
0
0
0
0
0
0
74.85392052
74.85392052
74.85392052
74.85392052
74.85392052
74.85392052
74.85392052
74.85392052
74.85392052
74.85392052
74.85392052
47.93262578
0
0
0
0
0
0
0
0
0
0
0
0
0
0
0
0
0
0
0
0
0
0
0
0
0
0
0
0
0
0
0
0
0
0
0
0
0
0
0
0
0
0
0
0
0
0
0
0
0
0
0
0
0
0
0
0
0
0
0
0
0
0
0
0
0
0
0
0
0
0
0
74.85392052
74.85392052
74.85392052
74.85392052
74.85392052
74.85392052
74.85392052
74.85392052
74.85392052
74.85392052
74.85392052
74.85392052
74.85392052
74.85392052
74.85392052
74.85392052
74.85392052
74.85392052
74.85392052
74.85392052
74.85392052
74.85392052
74.85392052
74.85392052
74.85392052
74.85392052
74.85392052
74.85392052
74.85392052
74.85392052
74.85392052
74.85392052
74.85392052
74.85392052
74.85392052
74.85392052
74.85392052
74.85392052
74.85392052
74.85392052
74.85392052
74.85392052
74.85392052
74.85392052
74.85392052
74.85392052
74.85392052
74.85392052
74.85392052
74.85392052
74.85392052
74.85392052
74.85392052
74.85392052
74.85392052
74.85392052
74.85392052
74.85392052
74.85392052
74.85392052
74.85392052
74.85392052
74.85392052
74.85392052
74.85392052
53.86210212
54.19831124
50.30631348
0
0
0
0
0
0
0
0
0
0
0
0
0
0
0
0
0
0
0
0
0
0
0
0
0
0
0
0
0
0
0
0
0
0
0
0
0
0
0
0
0
0
0
0
0
0
0
0
0
0
0
0
0
0
0
0
0
0
0
0
0
0
0
0
0
0
0
0
0
0
0
0
0
0
0
0
0
0
0
0
0
0
0
0
0
0
0
0
0
0
0
0
0
0
0
0
0
0
0
0
0
0
0
0
0
0
0
0
0
0
0
0
0
0
0
0
0
0
0
0
0
0
0
0
0
0
0
0
0
0
0
0
0
0
0
0
0
0
0
0
0
0
0
0
0
0
0
0
0
0
0
0
0
0
0
0
0
0
0
0
0
0
0
0
0
0
0
0
0
0
0
0
0
0
0
0
0
0
0
0
0
0
0
0
0
0
0
0
0
0
0
0
0
0
0
0
0
0
0
0
0
0
0
0
0
0
0
0
0
0
0
0
0
0
0
0
0
0
0
0
0
0
0
74.85392052
74.85392052
74.85392052
74.85392052
74.85392052
74.85392052
74.85392052
74.85392052
74.85392052
74.85392052
74.85392052
74.85392052
74.85392052
74.85392052
74.85392052
74.85392052
74.85392052
74.85392052
74.85392052
74.85392052
74.85392052
74.85392052
74.85392052
74.85392052
74.85392052
74.85392052
74.85392052
74.85392052
74.85392052
74.85392052
74.85392052
74.85392052
74.85392052
74.85392052
74.85392052
74.85392052
74.85392052
74.85392052
74.85392052
74.85392052
74.85392052
74.85392052
74.85392052
74.85392052
74.85392052
74.85392052
74.85392052
74.85392052
74.85392052
74.85392052
74.85392052
74.85392052
74.85392052
74.85392052
74.85392052
74.85392052
74.85392052
74.85392052
74.85392052
57.12221586
57.87428456
57.41280335
57.64269278
58.23888696
57.76398236
57.8516425
57.62664114
57.59229093
58.38108634
58.39335711
58.07413494
56.93397021
57.29087544
55.83128557
54.18336853
0
0
0
0
0
0
0
0
0
0
0
0
0
0
0
0
0
0
0
0
0
0
0
74.85392052
74.85392052
74.85392052
74.85392052
74.85392052
74.85392052
74.85392052
74.85392052
74.85392052
74.85392052
74.85392052
74.85392052
74.85392052
74.85392052
74.85392052
74.85392052
74.85392052
74.85392052
74.85392052
74.85392052
74.85392052
74.85392052
74.85392052
74.85392052
74.85392052
74.85392052
74.85392052
74.85392052
74.85392052
74.85392052
74.85392052
74.85392052
74.85392052
74.85392052
74.85392052
74.85392052
74.85392052
74.85392052
74.85392052
74.85392052
74.85392052
74.85392052
74.85392052
74.85392052
74.85392052
74.85392052
74.85392052
74.85392052
74.85392052
74.85392052
74.85392052
74.85392052
74.85392052
74.85392052
74.85392052
74.85392052
74.85392052
63.48631533
63.37500401
63.06113171
62.62445646
62.33589972
62.42054846
61.88882944
61.96413713
61.83233342
61.62591058
61.51267493
61.79738924
61.26342146
60.53062315
60.04694051
60.2537178
60.54095824
61.433512
60.94765497
0
0
0
0
0
0
0
0
0
0
0
0
0
0
0
0
0
0
74.85392052
74.85392052
74.85392052
74.85392052
74.85392052
74.85392052
74.85392052
74.85392052
74.85392052
74.85392052
74.85392052
74.85392052
74.85392052
74.85392052
74.85392052
74.85392052
74.85392052
74.85392052
74.85392052
74.85392052
74.85392052
74.85392052
74.85392052
74.85392052
74.85392052
74.85392052
74.85392052
74.85392052
74.85392052
74.85392052
74.85392052
74.85392052
74.85392052
74.85392052
74.85392052
74.85392052
74.85392052
74.85392052
74.85392052
74.85392052
74.85392052
73.23373159
70.16199175
0
0
0
0
0
0
0
0
0
0
0
0
0
0
0
0
0
0
0
0
0
0
0
0
0
0
0
0
0
0
0
0
0
0
0
0
0
0
0
0
0
0
0
0
0
0
0
0
0
0
0
0
0
0
0
0
0
0
0
0
74.85392052
74.85392052
74.85392052
74.85392052
74.85392052
74.85392052
74.85392052
74.85392052
74.85392052
74.85392052
74.85392052
74.85392052
74.85392052
74.85392052
70.60055301
69.8318231
69.20774166
68.23728092
0
0
0
0
0
0
0
0
0
0
0
0
0
0
0
0
0
0
0
0
0
0
0
0
0
0
0
0
0
0
0
0
0
0
0
0
0
0
0
0
0
0
0
0
0
0
0
0
0
0
0
0
0
0
0
0
0
0
0
0
0
0
0
0
0
0
0
0
0
0
0
0
0
0
0
0
0
0
0
0
0
0
0
0
0
0
0
0
0
0
0
0
0
0
0
0
0
0
0
0
0
0
0
0
0
0
0
0
0
0
0
0
0
0
0
0
0
0
0
0
0
0
0
0
0
0
0
0
0
0
0
0
0
0
0
0
0
0
0
0
0
0
0
0
0
0
0
0
0
0
0
0
0
0
0
0
0
0
0
0
0
0
0
0
0
0
0
0
0
0
0
0
0
0
0
0
0
0
0
0
0
0
0
0
0
0
0
0
0
0
0
0
0
0
0
0
0
0
0
0
0
0
0
0
0
0
0
0
0
0
0
0
0
0
0
0
0
0
0
0
0
0
0
0
0
0
0
0
0
0
0
0
0
0
0
0
0
0
0
0
0
0
0
0
0
0
0
0
0
0
0
0
0
0
0
0
0
0
0
0
0
0
0
0
0
0
0
0
0
0
0
0
0
0
0
0
0
0
0
0
0
0
0
0
0
0
0
0
0
0
0
0
0
0
0
0
0
0
0
0
0
0
0
0
0
0
0
0
0
0
0
0
0
0
0
0
0
0
0
0
0
0
0
0
0
0
0
0
0
0
0
0
0
0
0
0
0
0
0
0
0
0
0
0
0
0
0
0
0
0
0
0
0
0
0
0
0
0
0
0
0
0
0
0
0
0
0
0
0
0
0
0
0
0
0
0
0
0
0
0
0
0
0
0
0
0
0
0
0
0
0
0
0
0
0
0
0
0
0
0
0
0
0
0
0
0
0
0
0
0
0
0
0
0
0
0
0
0
0
0
0
0
0
0
0
0
0
0
0
0
0
0
0
0
0
0
0
0
0
0
0
0
0
0
0
0
0
0
0
0
0
0
0
0
0
74.85392052
74.85392052
74.85392052
74.85392052
74.85392052
74.85392052
74.85392052
74.85392052
74.85392052
74.85392052
74.85392052
74.85392052
74.85392052
74.85392052
74.85392052
74.85392052
74.85392052
74.85392052
74.85392052
74.85392052
74.85392052
74.85392052
74.85392052
74.85392052
74.85392052
74.85392052
74.85392052
74.85392052
74.85392052
74.85392052
74.85392052
74.85392052
74.85392052
74.85392052
74.85392052
74.85392052
74.85392052
74.85392052
74.85392052
74.85392052
74.85392052
74.85392052
74.85392052
52.38269673
49.79188564
48.38919152
46.73989354
44.3684436
43.94196352
43.20127719
0
0
0
0
0
0
0
0
0
0
0
0
0
0
0
0
0
0
0
0
0
0
0
0
0
0
0
0
0
0
0
0
0
0
0
0
0
0
0
0
0
0
0
0
0
0
0
0
0
0
74.85392052
74.85392052
74.85392052
74.85392052
74.85392052
74.85392052
74.85392052
74.85392052
74.85392052
74.85392052
74.85392052
74.85392052
74.85392052
74.85392052
74.85392052
74.85392052
74.85392052
74.85392052
74.85392052
74.85392052
74.85392052
74.85392052
74.85392052
74.85392052
74.85392052
74.85392052
74.85392052
74.85392052
74.85392052
74.85392052
74.85392052
74.85392052
74.85392052
74.85392052
74.85392052
74.85392052
74.85392052
49.81924081
46.42114841
0
0
0
0
0
0
0
0
0
0
0
0
0
0
0
0
0
0
0
0
0
0
0
0
0
0
0
0
0
0
0
0
0
0
0
0
0
0
0
0
0
0
0
0
0
0
0
0
0
0
0
0
0
0
0
0
0
0
0
0
0
0
0
0
0
0
0
0
0
0
0
0
0
0
0
0
0
0
0
0
0
0
0
0
0
0
0
0
0
0
0
0
0
0
0
0
0
0
0
0
0
0
0
0
0
0
0
0
0
0
0
0
0
0
0
0
0
0
0
0
0
0
0
0
0
0
0
0
0
0
0
0
0
0
0
0
0
0
0
0
0
0
0
0
0
0
0
0
0
0
0
0
0
0
0
0
0
0
0
0
0
0
0
0
0
0
0
0
0
0
0
0
0
0
0
0
0
0
0
0
0
0
0
0
0
0
0
0
0
0
0
0
0
0
0
0
0
0
0
0
0
0
0
0
0
0
0
0
0
0
0
0
0
0
0
0
0
0
0
0
0
0
0
0
0
0
0
0
0
0
0
0
0
0
0
0
0
0
0
0
0
0
0
0
0
0
0
0
0
0
0
0
0
0
0
0
0
0
0
0
0
0
0
0
0
0
0
0
0
0
0
0
0
0
0
0
0
0
0
0
0
0
0
0
0
0
0
0
0
0
0
0
0
0
0
0
0
0
0
0
0
0
0
0
0
0
0
0
0
0
0
0
0
0
0
0
0
0
0
0
0
0
0
0
0
0
0
0
0
0
0
0
0
0
0
0
0
0
0
0
0
0
0
0
0
0
0
0
0
0
0
0
0
0
0
0
0
0
0
0
0
0
0
0
0
0
0
0
0
0
0
0
0
0
0
0
0
0
0
0
0
0
0
0
0
0
0
0
0
0
0
0
0
0
0
0
0
0
0
0
0
0
0
0
0
0
0
0
0
0
0
0
0
0
0
0
0
0
0
0
0
0
0
0
0
0
0
0
0
0
0
0
0
0
0
0
0
0
0
0
0
0
0
0
0
0
0
0
0
0
0
0
0
0
0
0
0
0
0
0
0
0
0
0
0
0
0
0
0
0
0
0
0
0
0
0
0
0
0
0
0
0
0
0
0
0
0
0
0
0
0
0
0
0
0
0
0
0
0
0
0
0
0
0
0
0
0
0
0
0
0
0
0
0
0
0
0
0
0
0
0
0
0
0
0
0
0
0
0
0
0
0
0
0
0
0
0
0
0
0
0
0
0
0
0
0
0
74.85392052
74.85392052
74.85392052
74.85392052
74.85392052
74.85392052
74.85392052
74.85392052
74.85392052
74.85392052
74.85392052
74.85392052
74.85392052
74.85392052
74.85392052
74.85392052
74.85392052
74.85392052
74.85392052
74.85392052
74.85392052
74.85392052
74.85392052
74.85392052
74.85392052
74.85392052
74.85392052
74.85392052
74.85392052
74.85392052
74.85392052
74.85392052
55.98940176
54.84764004
54.05775763
52.86354082
0
0
0
0
0
0
0
0
0
0
0
0
0
0
0
0
0
0
0
0
0
0
0
0
0
0
0
0
0
0
0
0
0
0
0
0
0
0
0
0
0
0
0
0
0
0
0
0
0
0
0
0
0
0
0
0
0
0
0
0
0
0
0
0
0
0
0
0
0
0
0
0
0
0
0
0
0
0
0
0
0
0
0
0
0
0
0
0
0
0
0
0
0
0
0
0
0
0
0
0
0
0
0
0
0
0
0
0
0
0
0
0
0
0
0
0
0
0
0
0
0
0
0
0
0
0
0
0
0
0
0
0
0
0
0
0
0
0
0
0
0
0
0
0
0
0
0
0
0
0
0
0
0
0
0
0
0
0
0
0
0
0
0
0
0
0
0
0
0
0
0
0
0
0
0
0
0
0
0
0
0
0
0
0
0
0
0
0
0
0
0
0
0
0
0
0
0
0
0
0
0
0
0
0
0
0
0
0
0
0
0
0
0
0
0
0
0
0
0
0
0
0
0
0
0
0
0
0
0
0
0
0
0
0
0
0
0
0
0
0
0
0
0
0
0
0
0
74.85392052
74.85392052
74.85392052
74.85392052
74.85392052
74.85392052
74.85392052
74.85392052
74.85392052
74.85392052
74.85392052
74.85392052
74.85392052
74.85392052
74.85392052
74.85392052
74.85392052
74.85392052
74.85392052
74.85392052
74.85392052
74.85392052
74.85392052
74.85392052
74.85392052
74.85392052
74.85392052
68.22138786
66.39300444
66.01977915
0
0
0
0
0
0
0
0
0
0
0
0
0
0
0
0
0
0
0
0
0
0
0
0
0
0
0
0
0
0
0
0
0
0
0
0
0
0
0
0
0
0
0
0
0
0
0
0
0
0
0
0
0
0
0
0
0
0
0
0
0
0
0
0
0
0
0
0
0
0
0
0
0
0
0
0
0
0
0
0
0
0
0
0
0
0
0
0
0
0
0
0
0
0
0
0
0
0
0
0
0
0
0
0
0
0
0
0
0
0
0
0
0
0
0
0
0
0
0
0
0
0
0
0
0
0
0
0
0
0
0
0
0
0
0
0
0
0
0
0
0
0
0
0
0
0
0
0
0
0
0
0
0
0
0
0
0
0
0
0
0
0
0
0
0
0
0
0
0
0
0
0
0
0
0
0
0
0
0
0
0
0
0
0
0
0
0
0
0
0
0
0
0
0
0
0
0
0
0
0
0
0
0
0
0
0
0
0
0
0
0
0
0
0
0
0
0
0
0
0
0
0
0
0
0
0
0
0
0
0
0
0
0
0
0
0
0
0
0
0
0
0
0
0
0
0
0
0
0
0
0
0
0
0
0
0
0
0
0
0
0
0
0
0
0
0
0
0
0
0
0
0
0
0
0
0
0
0
0
0
0
0
0
0
0
0
0
0
0
0
0
0
0
0
0
0
0
0
0
0
0
0
0
0
0
0
0
0
0
0
0
0
0
0
0
0
0
0
0
0
0
0
0
0
0
0
0
0
0
0
0
0
0
0
0
0
0
0
0
0
0
0
0
0
0
0
0
0
0
0
0
0
0
0
0
0
0
0
0
0
0
0
0
0
0
0
0
0
0
0
0
0
0
0
0
0
0
0
0
0
0
0
0
0
0
0
0
0
0
0
0
0
0
0
0
0
0
0
0
0
0
0
0
0
0
0
0
0
0
0
0
0
0
0
0
0
0
0
0
0
0
0
0
0
0
0
0
0
0
0
0
0
0
0
0
0
0
0
0
0
0
0
0
0
0
0
0
0
0
0
0
0
0
0
0
0
0
0
0
0
0
0
0
0
0
0
0
0
0
0
0
0
0
0
0
0
0
0
0
0
0
0
0
0
0
0
0
0
0
0
0
0
0
0
0
0
0
0
0
0
0
0
0
0
0
0
0
0
0
0
0
0
0
0
0
0
0
0
0
0
0
0
0
0
0
0
0
0
0
0
0
0
0
0
0
0
0
0
0
0
0
0
0
0
0
0
0
0
0
0
0
0
0
0
0
0
0
0
0
0
0
0
0
0
0
0
0
0
0
0
0
0
0
0
0
0
0
0
0
0
0
0
0
0
0
0
0
0
0
0
0
0
0
0
0
0
0
0
0
0
0
0
0
0
0
0
0
0
0
0
0
0
0
0
0
0
0
0
0
0
0
0
0
0
0
0
0
0
0
0
0
0
0
0
0
0
0
0
0
0
0
0
0
0
0
0
0
0
0
0
0
0
0
0
0
0
0
0
0
0
0
0
0
0
0
0
0
0
0
0
0
0
0
0
0
0
0
0
0
0
0
0
0
0
0
0
0
0
0
0
0
0
0
0
0
0
0
0
0
0
0
0
0
0
0
0
0
0
0
0
0
0
0
0
0
0
0
0
0
0
0
0
0
0
0
0
0
0
0
0
0
0
0
0
0
0
0
0
0
0
0
0
0
0
0
0
0
0
0
0
0
0
0
0
0
0
0
0
0
0
0
0
0
0
0
0
0
0
0
0
0
0
0
0
0
0
0
0
0
0
0
0
0
0
0
0
0
0
0
0
0
0
0
0
0
0
0
0
0
0
0
0
0
0
0
0
0
0
0
0
0
0
0
0
0
0
0
0
0
0
0
0
0
0
0
0
0
0
0
0
0
0
0
0
0
0
0
0
0
0
0
0
0
0
0
0
0
0
0
0
0
0
0
0
0
0
0
0
0
0
0
0
0
0
0
0
0
0
0
0
0
0
0
0
0
0
0
0
0
0
0
0
0
0
0
0
0
0
0
0
0
0
0
0
0
0
0
0
0
0
0
0
0
0
0
0
0
0
0
0
0
0
0
0
0
0
0
0
0
0
0
0
0
0
0
0
0
0
0
0
0
0
0
0
0
0
0
0
0
0
0
0
0
0
0
0
0
0
0
0
0
0
0
0
0
0
0
0
0
0
0
0
0
0
0
0
0
0
0
0
0
0
0
0
0
0
0
0
0
0
0
0
0
0
0
0
0
0
0
0
0
0
0
0
0
0
0
0
0
0
0
0
0
0
0
0
0
0
0
0
0
0
0
0
0
0
0
0
0
0
0
0
0
0
0
0
0
0
0
0
0
0
0
0
0
0
0
0
0
0
0
0
0
0
0
0
0
0
0
0
0
0
0
0
0
0
0
0
0
0
0
0
0
0
0
0
0
0
0
0
0
0
0
0
0
0
0
0
0
0
0
0
0
0
0
0
0
0
0
0
0
0
0
0
0
0
0
0
0
0
0
0
0
0
0
0
0
0
0
0
0
0
0
0
0
0
0
0
0
0
0
0
0
0
0
0
0
0
0
0
0
0
0
0
0
0
0
0
0
0
0
0
0
0
0
0
0
0
0
0
0
0
0
0
0
0
0
0
0
0
0
0
0
0
0
0
0
0
0
0
0
0
0
0
0
0
0
0
0
0
0
0
0
0
0
0
0
0
0
0
0
0
0
0
0
0
0
0
0
0
0
0
0
0
0
0
0
0
0
0
0
0
0
0
0
0
0
0
0
0
0
0
0
0
0
0
0
0
0
0
0
0
0
0
0
0
0
0
0
0
0
0
0
0
0
0
0
0
0
0
0
0
0
0
0
0
0
0
0
0
0
0
0
0
0
0
0
0
0
0
0
0
0
0
0
0
0
0
0
0
0
0
0
0
0
0
0
0
0
0
0
0
0
0
0
0
0
0
0
0
0
0
0
0
0
0
0
0
0
0
0
0
0
0
0
0
0
0
0
0
0
0
0
0
0
0
0
0
0
0
0
0
0
0
0
0
0
0
0
0
0
0
0
0
0
0
0
0
0
0
0
0
0
0
0
0
0
0
0
0
0
0
0
0
0
0
0
0
0
0
0
0
0
0
0
0
0
0
0
0
0
0
0
0
0
0
0
0
0
0
0
0
0
0
0
0
0
0
0
0
0
0
0
0
0
0
0
0
0
0
0
0
0
0
0
0
0
0
0
0
0
0
0
0
0
0
0
0
0
0
0
0
0
0
0
0
0
0
0
0
0
0
0
0
0
0
0
0
0
0
0
0
0
0
0
0
0
0
0
0
0
0
0
0
0
0
0
0
0
0
0
0
0
0
0
0
0
0
0
0
0
0
0
0
0
0
0
0
0
0
0
0
0
0
0
0
0
0
0
0
0
0
0
0
0
0
0
0
0
0
0
0
0
0
0
0
0
0
0
0
0
0
0
0
0
0
0
0
0
0
0
0
0
0
0
0
0
0
0
0
0
0
0
0
0
0
0
0
0
0
0
0
0
0
0
0
0
0
0
0
0
0
0
0
0
0
0
0
0
0
0
0
0
0
0
0
0
0
0
0
0
0
0
0
0
0
0
0
0
0
0
0
0
0
0
0
0
0
0
0
0
0
0
0
0
0
0
0
0
0
0
0
0
0
0
0
0
0
0
0
0
0
0
0
0
0
0
0
0
0
0
0
0
0
0
0
0
0
0
0
0
0
0
0
0
0
0
0
0
0
0
0
0
0
0
0
0
0
0
0
0
0
0
0
0
0
0
0
0
0
0
0
0
0
0
0
0
0
0
0
0
0
0
0
0
0
0
0
0
0
0
0
0
0
0
0
0
0
0
0
0
0
0
0
0
0
0
0
0
0
0
0
0
0
0
0
0
0
0
0
0
0
0
0
0
0
0
0
0
0
0
0
0
0
0
0
0
0
0
0
0
0
0
0
0
0
0
0
0
0
0
0
0
0
0
0
0
0
0
0
0
0
0
0
0
0
0
0
0
0
0
0
0
0
0
0
0
0
0
0
0
0
0
0
0
0
0
0
0
0
0
0
0
0
0
0
0
0
0
0
0
0
0
0
0
0
0
0
0
0
0
0
0
0
0
0
0
0
0
0
0
0
0
0
0
0
0
0
0
0
0
0
0
0
0
0
0
0
0
0
0
0
0
0
0
0
0
0
0
0
0
0
0
0
0
0
0
0
0
0
0
0
0
0
0
0
0
0
0
0
0
0
0
0
0
0
0
0
0
0
0
0
0
0
0
0
0
0
0
0
0
0
0
0
0
0
0
0
0
0
0
0
0
0
0
0
0
0
0
0
0
0
0
0
0
0
0
0
0
0
0
0
0
0
0
0
0
0
0
0
0
0
0
0
0
0
0
0
0
0
0
0
0
0
0
0
0
0
0
0
0
0
0
0
0
0
0
0
0
0
0
0
0
0
0
0
0
0
0
0
0
0
0
0
0
0
0
0
0
0
0
0
0
0
0
0
0
0
0
0
0
0
0
0
0
0
0
0
0
0
0
0
0
0
0
0
0
0
0
0
0
0
0
0
0
0
0
0
0
0
0
0
0
0
0
0
0
0
0
0
0
0
0
0
0
0
0
0
0
0
0
0
0
0
0
0
0
0
0
0
0
0
0
0
0
0
0
0
0
0
0
0
0
0
0
0
0
0
0
0
0
0
0
0
0
0
0
0
0
0
0
0
0
0
0
0
0
0
0
0
0
0
0
0
0
0
0
0
0
0
0
0
0
0
0
0
0
0
0
0
0
0
0
0
0
0
0
0
0
0
0
0
0
0
0
0
0
0
0
0
0
0
0
0
0
0
0
0
0
0
0
0
0
0
0
0
0
0
0
0
0
0
0
0
0
0
0
0
0
0
0
0
0
0
0
0
0
0
0
0
0
0
0
0
0
0
0
0
0
0
0
0
0
0
0
0
0
0
0
0
0
0
0
0
0
0
0
0
0
0
0
0
0
0
0
0
0
0
0
0
0
0
0
0
0
0
0
0
0
0
0
0
0
0
0
0
0
0
0
0
0
0
0
0
0
0
0
0
0
0
0
0
0
0
0
0
0
0
0
0
0
0
0
0
0
0
0
0
0
0
0
0
0
0
0
0
0
0
0
0
0
0
0
0
0
0
0
0
0
0
0
0
0
0
0
0
0
0
0
0
0
0
0
0
0
0
0
0
0
0
0
0
0
0
0
0
0
0
0
0
0
0
0
0
0
0
0
0
0
0
0
0
0
0
0
0
0
0
0
0
0
0
0
0
0
0
0
0
0
0
0
0
0
0
0
0
0
0
0
0
0
0
0
0
0
0
0
0
0
0
0
0
0
0
0
0
0
0
0
0
0
0
0
0
0
0
0
0
0
0
0
0
0
0
0
0
0
0
0
0
0
0
0
0
0
0
0
0
0
0
0
0
0
0
0
0
0
0
0
0
0
0
0
0
0
0
0
0
0
0
0
0
0
0
0
0
0
0
0
0
0
0
0
0
0
0
0
0
0
0
0
0
0
0
0
0
0
0
0
0
0
0
0
0
0
0
0
0
0
0
0
0
0
0
0
0
0
0
0
0
0
0
0
0
0
0
0
0
0
0
0
0
0
0
0
0
0
0
0
0
0
0
0
0
0
0
0
0
0
0
0
0
0
0
0
0
0
0
0
0
0
0
0
0
0
0
0
0
0
0
0
0
0
0
0
0
0
0
0
0
0
0
0
0
0
0
0
0
0
0
0
0
0
0
0
0
0
0
0
0
0
0
0
0
0
0
0
0
0
0
0
0
0
0
0
0
0
0
0
0
0
0
0
0
0
0
0
0
0
0
0
0
0
0
0
0
0
0
0
0
0
0
0
0
0
0
0
0
0
0
0
0
0
0
0
0
0
0
0
0
0
0
0
0
0
0
0
0
0
0
0
0
0
0
0
0
0
0
0
0
0
0
0
0
0
0
0
0
0
0
0
0
0
0
0
0
0
0
0
0
0
0
0
0
0
0
0
0
0
0
0
0
0
0
0
0
0
0
0
0
0
0
0
0
0
0
0
0
0
0
0
0
0
0
0
0
0
0
0
0
0
0
0
0
0
0
0
0
0
0
0
0
0
0
0
0
0
0
0
0
0
0
0
0
0
0
0
0
0
0
0
0
0
0
0
0
0
0
0
0
0
0
0
0
0
0
0
0
0
0
0
0
0
0
0
0
0
0
0
0
0
0
0
0
0
0
0
0
0
0
0
0
0
0
0
0
0
0
0
0
0
0
0
0
0
0
0
0
0
0
0
0
0
0
0
0
0
0
0
0
0
0
0
0
0
0
0
0
0
0
0
0
0
0
0
0
0
0
0
0
0
0
0
0
0
0
0
0
0
0
0
0
0
0
0
0
0
0
0
0
0
0
0
0
0
0
0
0
0
0
0
0
0
0
0
0
0
0
0
0
0
0
0
0
0
0
0
0
0
0
0
0
0
0
0
0
0
0
0
0
0
0
0
0
0
0
0
0
0
0
0
0
0
0
0
0
0
0
0
0
0
0
0
0
0
0
0
0
0
0
0
0
0
0
0
0
0
0
0
0
0
0
0
0
0
0
0
0
0
0
0
0
0
0
0
0
0
0
0
0
0
0
0
0
0
0
0
0
0
0
0
0
0
0
0
0
0
0
0
0
0
0
0
0
0
0
0
0
0
0
0
0
0
0
0
0
0
0
0
0
0
0
0
0
0
0
0
0
0
0
0
0
0
0
0
0
0
0
0
0
0
0
0
0
0
0
0
0
0
0
0
0
0
0
0
0
0
0
0
0
0
0
0
0
0
0
0
0
0
0
0
0
0
0
0
0
0
0
0
0
0
0
0
0
0
0
0
0
0
0
0
0
0
0
0
0
0
0
0
0
0
0
0
0
0
0
0
0
0
0
0
0
0
0
0
0
0
0
0
0
0
0
0
0
0
0
0
0
0
0
0
0
0
0
0
0
0
0
0
0
0
0
0
0
0
0
0
0
0
0
0
0
0
0
0
0
0
0
0
0
0
0
0
0
0
0
0
0
0
0
0
0
0
0
0
0
0
0
0
0
0
0
0
0
0
0
0
0
0
0
0
0
0
0
0
0
0
0
0
0
0
0
0
0
0
0
0
0
0
0
0
0
0
0
0
0
0
0
0
0
0
0
0
0
0
0
0
0
0
0
0
0
0
0
0
0
0
0
0
0
0
0
0
0
0
0
0
0
0
0
0
0
0
0
0
0
0
0
0
0
0
0
0
0
0
0
0
0
0
0
0
0
0
0
0
0
0
0
0
0
0
0
0
0
0
0
0
0
0
0
0
0
0
0
0
0
0
0
0
0
0
0
0
0
0
0
0
0
0
0
0
0
0
0
0
0
0
0
0
0
0
0
0
0
0
0
0
0
0
0
0
0
0
0
0
0
0
0
0
0
0
0
0
0
0
0
0
0
0
0
0
0
0
0
0
0
0
0
0
0
0
0
0
0
0
0
0
0
0
0
0
0
0
0
0
0
0
0
0
0
0
0
0
0
0
0
0
0
0
0
0
0
0
0
0
0
0
0
0
0
0
0
0
0
0
0
0
0
0
0
0
0
0
0
0
0
0
0
0
0
0
0
0
0
0
0
0
0
0
0
0
0
0
0
0
0
0
0
0
0
0
0
0
0
0
0
0
0
0
0
0
0
0
0
0
0
0
0
0
0
0
0
0
0
0
0
0
0
0
0
0
0
0
0
0
0
0
0
0
0
0
0
0
0
0
0
0
0
0
0
0
0
0
0
0
0
0
0
0
0
0
0
0
0
0
0
0
0
0
0
0
0
0
0
0
0
0
0
0
0
0
0
0
0
0
0
0
0
0
0
0
0
0
0
0
0
0
0
0
0
0
0
0
0
0
0
0
0
0
0
0
0
0
0
0
0
0
0
0
0
0
0
0
0
0
0
0
0
0
0
0
0
0
0
0
0
0
0
0
0
0
0
0
0
0
0
0
0
0
0
0
0
0
0
0
0
0
0
0
0
0
0
0
0
0
0
0
0
0
0
0
0
0
0
0
0
0
0
0
0
0
0
0
0
0
0
0
0
0
0
0
0
0
0
0
0
0
0
0
0
0
0
0
0
0
0
0
0
0
0
0
0
0
0
0
0
0
0
0
0
0
0
0
0
0
0
0
0
0
0
0
0
0
0
0
0
0
0
0
0
0
0
0
0
0
0
0
0
0
0
0
0
0
0
0
0
0
0
0
0
0
0
0
0
0
0
0
0
0
0
0
0
0
0
0
0
0
0
0
0
0
0
0
0
0
0
0
0
0
0
0
0
0
0
0
0
0
0
0
0
0
0
0
0
0
0
0
0
0
0
0
0
0
0
0
0
0
0
0
0
0
0
0
0
0
0
0
0
0
0
0
0
0
0
0
0
0
0
0
0
0
0
0
0
0
0
0
0
0
0
0
0
0
0
0
0
0
0
0
0
0
0
0
0
0
0
0
0
0
0
0
0
0
0
0
0
0
0
0
0
0
0
0
0
0
0
0
0
0
0
0
0
0
0
0
0
0
0
0
0
0
0
0
0
0
0
0
0
0
0
0
0
0
0
0
0
0
0
0
0
0
0
0
0
0
0
0
0
0
0
0
0
0
0
0
0
0
0
0
0
0
0
0
0
0
0
0
0
0
0
0
0
0
0
0
0
0
0
0
0
0
0
0
0
0
0
0
0
0
0
0
0
0
0
0
0
0
0
0
0
0
0
0
0
0
0
0
0
0
0
0
0
0
0
0
0
0
0
0
0
0
0
0
0
0
0
0
0
0
0
0
0
0
0
0
0
0
0
0
0
0
0
0
0
0
0
0
0
0
0
0
0
0
0
0
0
0
0
0
0
0
0
0
0
0
0
0
0
0
0
0
0
0
0
0
0
0
0
0
0
0
0
0
0
0
0
0
0
0
0
0
0
0
0
0
0
0
0
0
0
0
0
0
0
0
0
0
0
0
0
0
0
0
0
0
0
0
0
0
0
0
0
0
0
0
0
0
0
0
0
0
0
0
0
0
0
0
0
0
0
0
0
0
0
0
0
0
0
0
0
0
0
0
0
0
0
0
0
0
0
0
0
0
0
0
0
0
0
0
0
0
0
0
0
0
0
0
0
0
0
0
0
0
0
0
0
0
0
0
0
0
0
0
0
0
0
0
0
0
0
0
0
0
0
0
0
0
0
0
0
0
0
0
0
0
0
0
0
0
0
0
0
0
0
0
0
0
0
0
0
0
0
0
0
0
0
0
0
0
0
0
0
0
0
0
0
0
0
0
0
0
0
0
0
0
0
0
0
0
0
0
0
0
0
0
0
0
0
0
0
0
0
0
0
0
0
0
0
0
0
0
0
0
0
0
0
0
0
0
0
0
0
0
0
0
0
0
0
0
0
0
0
0
0
0
0
0
0
0
0
0
0
0
0
0
0
0
0
0
0
0
0
0
0
0
0
0
0
0
0
0
0
0
0
0
0
0
0
0
0
0
0
0
0
0
0
0
0
0
0
0
0
0
0
0
0
0
0
0
0
0
0
0
0
0
0
0
0
0
0
0
0
0
0
0
0
0
0
0
0
0
0
0
0
0
0
0
0
0
0
0
0
0
0
0
0
0
0
0
0
0
0
0
0
0
0
0
0
0
0
0
0
0
0
0
0
0
0
0
0
0
0
0
0
0
0
0
0
0
0
0
0
0
0
0
0
0
0
0
0
0
0
0
0
0
0
0
0
0
0
0
0
0
0
0
0
0
0
0
0
0
0
0
0
0
0
0
0
0
0
0
0
0
0
0
0
0
0
0
0
0
0
0
0
0
0
0
0
0
0
0
0
0
0
0
0
0
0
0
0
0
0
0
0
0
0
0
0
0
0
0
0
0
0
0
0
0
0
0
0
0
0
0
0
0
0
0
0
0
0
0
0
0
0
0
0
0
0
0
0
0
0
0
0
0
0
0
0
0
0
0
0
0
0
0
0
0
0
0
0
0
0
0
0
0
0
0
0
0
0
0
0
0
0
0
0
0
0
0
0
0
0
0
0
0
0
0
0
0
0
0
0
0
0
0
0
0
0
0
0
0
0
0
0
0
0
0
0
0
0
0
0
0
0
0
0
0
0
0
0
0
0
0
0
0
0
0
0
0
0
0
0
0
0
0
0
0
0
0
0
0
0
0
0
0
0
0
0
0
0
0
0
0
0
0
0
0
0
0
0
0
0
0
0
0
0
0
0
0
0
0
0
0
0
0
0
0
0
0
0
0
0
0
0
0
0
0
0
0
0
0
0
0
0
0
0
0
0
0
0
0
0
0
0
0
0
0
0
0
0
0
0
0
0
0
0
0
0
0
0
0
0
0
0
0
0
0
0
0
0
0
0
0
0
0
0
0
0
0
0
0
0
0
0
0
0
0
0
0
0
0
0
0
0
0
0
0
0
0
0
0
0
0
0
0
0
0
0
0
0
0
0
0
0
0
0
0
0
0
0
0
0
0
0
0
0
0
0
0
0
0
0
0
0
0
0
0
0
0
0
0
0
0
0
0
0
0
0
0
0
0
0
0
0
0
0
0
0
0
0
0
0
0
0
0
0
0
0
0
0
0
0
0
0
0
0
0
0
0
0
0
0
0
0
0
0
0
0
0
0
0
0
0
0
0
0
0
0
0
0
0
0
0
0
0
0
0
0
0
0
0
0
0
0
0
0
0
0
0
0
0
0
0
0
0
0
0
0
0
0
0
0
0
0
0
0
0
0
0
0
0
0
0
0
0
0
0
0
0
0
0
0
0
0
0
0
0
0
0
0
0
0
0
0
0
0
0
0
0
0
0
0
0
0
0
0
0
0
0
0
0
0
0
0
0
0
0
0
0
0
0
0
0
0
0
0
0
0
0
0
0
0
0
0
0
0
0
0
0
0
0
0
0
0
0
0
0
0
0
0
0
0
0
0
0
0
0
0
0
0
0
0
0
0
0
0
0
0
0
0
0
0
0
0
0
0
0
0
0
0
0
0
0
0
0
0
0
0
0
0
0
0
0
0
0
0
0
0
0
0
0
0
0
0
0
0
0
0
0
0
0
0
0
0
0
0
0
0
0
0
0
0
0
0
0
0
0
0
0
0
0
0
0
0
0
0
0
0
0
0
0
0
0
0
0
0
0
0
0
0
0
0
0
0
0
0
0
0
0
0
0
0
0
0
0
0
0
0
0
0
0
0
0
0
0
0
0
0
0
0
0
0
0
0
0
0
0
0
0
0
0
0
0
0
0
0
0
0
0
0
0
0
0
0
0
0
0
0
0
0
0
0
0
0
0
0
0
0
0
0
0
0
0
0
0
0
0
0
0
0
0
0
0
0
0
0
0
0
0
0
0
0
0
0
0
0
0
0
0
0
0
0
0
0
0
0
0
0
0
0
0
0
0
0
0
0
0
0
0
0
0
0
0
0
0
0
0
0
0
0
0
0
0
0
0
0
0
0
0
0
0
0
0
0
0
0
0
0
0
0
0
0
0
0
0
0
0
0
0
0
0
0
0
0
0
0
0
0
0
0
0
0
0
0
0
0
0
0
0
0
0
0
0
0
0
0
0
0
0
0
0
0
0
0
0
0
0
0
0
0
0
0
0
0
0
0
0
0
0
0
0
0
0
0
0
0
0
0
0
0
0
0
0
0
0
0
0
0
0
0
0
0
0
0
0
0
0
0
0
0
0
0
0
0
0
0
0
0
0
0
0
0
0
0
0
0
0
0
0
0
0
0
0
0
0
0
0
0
0
0
0
0
0
0
0
0
0
0
0
0
0
0
0
0
0
0
0
0
0
0
0
0
0
0
0
0
0
0
0
0
0
0
0
0
0
0
0
0
0
0
0
0
0
0
0
0
0
0
0
0
0
0
0
0
0
0
0
0
0
0
0
0
0
0
0
0
0
0
0
0
0
0
0
0
0
0
0
0
0
0
0
0
0
0
0
0
0
0
0
0
0
0
0
0
0
0
0
0
0
0
0
0
0
0
0
0
0
0
0
0
0
0
0
0
0
0
0
0
0
0
0
0
0
0
0
0
0
0
0
0
0
0
0
0
0
0
0
0
0
0
0
0
0
0
0
0
0
0
0
0
0
0
0
0
0
0
0
0
0
0
0
0
0
0
0
0
0
0
0
0
0
0
0
0
0
0
0
0
0
0
0
0
0
0
0
0
0
0
0
0
0
0
0
0
0
0
0
0
0
0
0
0
0
0
0
0
0
0
0
0
0
0
0
0
0
0
0
0
0
0
0
0
0
0
0
0
0
0
0
0
0
0
0
0
0
0
0
0
0
0
0
0
0
0
0
0
0
0
0
0
0
0
0
0
0
0
0
0
0
0
0
0
0
0
0
0
0
0
0
0
0
0
0
0
0
0
0
0
0
0
0
0
0
0
0
0
0
0
0
0
0
0
0
0
0
0
0
0
0
0
0
0
0
0
0
0
0
0
0
0
0
0
0
0
0
0
0
0
0
0
0
0
0
0
0
0
0
0
0
0
0
0
0
0
0
0
0
0
0
0
0
0
0
0
0
0
0
0
0
0
0
0
0
0
0
0
0
0
0
0
0
0
0
0
0
0
0
0
0
0
0
0
0
0
0
0
0
0
0
0
0
0
0
0
0
0
0
0
0
0
0
0
0
0
0
0
0
0
0
0
0
0
0
0
0
0
0
0
0
0
0
0
0
0
0
0
0
0
0
0
0
0
0
0
0
0
0
0
0
0
0
0
0
0
0
0
0
0
0
0
0
0
0
0
0
0
0
0
0
0
0
0
0
0
0
0
0
0
0
0
0
0
0
0
0
0
0
0
0
0
0
0
0
0
0
0
0
0
0
0
0
0
0
0
0
0
0
0
0
0
0
0
0
0
0
0
0
0
0
0
0
0
0
0
0
0
0
0
0
0
0
0
0
0
0
0
0
0
0
0
0
0
0
0
0
0
0
0
0
0
0
0
0
0
0
0
0
0
0
0
0
0
0
0
0
0
0
0
0
0
0
0
0
0
0
0
0
0
0
0
0
0
0
0
0
0
0
0
0
0
0
0
0
0
0
0
0
0
0
0
0
0
0
0
0
0
0
0
0
0
0
0
0
0
0
0
0
0
0
0
0
0
0
0
0
0
0
0
0
0
0
0
0
0
0
0
0
0
0
0
0
0
0
0
0
0
0
0
0
0
0
0
0
0
0
0
0
0
0
0
0
0
0
0
0
0
0
0
0
0
0
0
0
0
0
0
0
0
0
0
0
0
0
0
0
0
0
0
0
0
0
0
0
0
0
0
0
0
0
0
0
0
0
0
0
0
0
0
0
0
0
0
0
0
0
0
0
0
0
0
0
0
0
0
0
0
0
0
0
0
0
0
0
0
0
0
0
0
0
0
0
0
0
0
0
0
0
0
0
0
0
0
0
0
0
0
0
0
0
0
0
0
0
0
0
0
0
0
0
0
0
0
0
0
0
0
0
0
0
0
0
0
0
0
0
0
0
0
0
0
0
0
0
0
0
0
0
0
0
0
0
0
0
0
0
0
0
0
0
0
0
0
0
0
0
0
0
0
0
0
0
0
0
0
0
0
0
0
0
0
0
0
0
0
0
0
0
0
0
0
0
0
0
0
0
0
0
0
0
0
0
0
0
0
0
0
0
0
0
0
0
0
0
0
0
0
0
0
0
0
0
0
0
0
0
0
0
0
0
0
0
0
0
0
0
0
0
0
0
0
0
0
0
0
0
0
0
0
0
0
0
0
0
0
0
0
0
0
0
0
0
0
0
0
0
0
0
0
0
0
0
0
0
0
0
0
0
0
0
0
0
0
0
0
0
0
0
0
0
0
0
0
0
0
0
0
0
0
0
0
0
0
0
0
0
0
0
0
0
0
0
0
0
0
0
0
0
0
0
0
0
0
0
0
0
0
0
0
0
0
0
0
0
0
0
0
0
0
0
0
0
0
0
0
0
0
0
0
0
0
0
0
0
0
0
0
0
0
0
0
0
0
0
0
0
0
0
0
0
0
0
0
0
0
0
0
0
0
0
0
0
0
0
0
0
0
0
0
0
0
0
0
0
0
0
0
0
0
0
0
0
0
0
0
0
0
0
0
0
0
0
0
0
0
0
0
0
0
0
0
0
0
0
0
0
0
0
0
0
0
0
0
0
0
0
0
0
0
0
0
0
0
0
0
0
0
0
0
0
0
0
0
0
0
0
0
0
0
0
0
0
0
0
0
0
0
0
0
0
0
0
0
0
0
0
0
0
0
0
0
0
0
0
0
0
0
0
0
0
0
0
0
0
0
0
0
0
0
0
0
0
0
0
0
0
0
0
0
0
0
0
0
0
0
0
0
0
0
0
0
0
0
0
0
0
0
0
0
0
0
0
0
0
0
0
0
0
0
0
0
0
0
0
0
0
0
0
0
0
0
0
0
0
0
0
0
0
0
0
0
0
0
0
0
0
0
0
0
0
0
0
0
0
0
0
0
0
0
0
0
0
0
0
0
0
0
0
0
0
0
0
0
0
0
0
0
0
0
0
0
0
0
0
0
0
0
0
0
0
0
0
0
0
0
0
0
0
0
0
0
0
0
0
0
0
0
0
0
0
0
0
0
0
0
0
0
0
0
0
0
0
0
0
0
0
0
0
0
0
0
0
0
0
0
0
0
0
0
0
0
0
0
0
0
0
0
0
0
0
0
0
0
0
0
0
0
0
0
0
0
0
0
0
0
0
0
0
0
0
0
0
0
0
0
0
0
0
0
0
0
0
0
0
0
0
0
0
0
0
0
0
0
0
0
0
0
0
0
0
0
0
0
0
0
0
0
0
0
0
0
0
0
0
0
0
0
0
0
0
0
0
0
0
0
0
0
0
0
0
0
0
0
0
0
0
0
0
0
0
0
0
0
0
0
0
0
0
0
0
0
0
0
0
0
0
0
0
0
0
0
0
0
0
0
0
0
0
0
0
0
0
0
0
0
0
0
0
0
0
0
0
0
0
0
0
0
0
0
0
0
0
0
0
0
0
0
0
0
0
0
0
0
0
0
0
0
0
0
0
0
0
0
0
0
0
0
0
0
0
0
0
0
0
0
0
0
0
0
0
0
0
0
0
0
0
0
0
0
0
0
0
0
0
0
0
0
0
0
0
0
0
0
0
0
0
0
0
0
0
0
0
0
0
0
0
0
0
0
0
0
0
0
0
0
0
0
0
0
0
0
0
0
0
0
0
0
0
0
0
0
0
0
0
0
0
0
0
0
0
0
0
0
0
0
0
0
0
0
0
0
0
0
0
0
0
0
0
0
0
0
0
0
0
0
0
0
0
0
0
0
0
0
0
0
0
0
0
0
0
0
0
0
0
0
0
0
0
0
0
0
0
0
0
0
0
0
0
0
0
0
0
0
0
0
0
0
0
0
0
0
0
0
0
0
0
0
0
0
0
0
0
0
0
0
0
0
0
0
0
0
0
0
0
0
0
0
0
0
0
0
0
0
0
0
0
0
0
0
0
0
0
0
0
0
0
0
0
0
0
0
0
0
0
0
0
0
0
0
0
0
0
0
0
0
0
0
0
0
0
0
0
0
0
0
0
0
0
0
0
0
0
0
0
0
0
0
0
0
0
0
0
0
0
0
0
0
0
0
0
0
0
0
0
0
0
0
0
0
0
0
0
0
0
0
0
0
0
0
0
0
0
0
0
0
0
0
0
0
0
0
0
0
0
0
0
0
0
0
0
0
0
0
0
0
0
0
0
0
0
0
0
0
0
0
0
0
0
0
0
0
0
0
0
0
0
0
0
0
0
0
0
0
0
0
0
0
0
0
0
0
0
0
0
0
0
0
0
0
0
0
0
0
0
0
0
0
0
0
0
0
0
0
0
0
0
0
0
0
0
0
0
0
0
0
0
0
0
0
0
0
0
0
0
0
0
0
0
0
0
0
0
0
0
0
0
0
0
0
0
0
0
0
0
0
0
0
0
0
0
0
0
0
0
0
0
0
0
0
0
0
0
0
0
0
0
0
0
0
0
0
0
0
0
0
0
0
0
0
0
0
0
0
0
0
0
0
0
0
0
0
0
0
0
0
0
0
0
0
0
0
0
0
0
0
0
0
0
0
0
0
0
0
0
0
0
0
0
0
0
0
0
0
0
0
0
0
0
0
0
0
0
0
0
0
0
0
0
0
0
0
0
0
0
0
0
0
0
0
0
0
0
0
0
0
0
0
0
0
0
0
0
0
0
0
0
0
0
0
0
0
0
0
0
0
0
0
0
0
0
0
0
0
0
0
0
0
0
0
0
0
0
0
0
0
0
0
0
0
0
0
0
0
0
0
0
0
0
0
0
0
0
0
0
0
0
0
0
0
0
0
0
0
0
0
0
0
0
0
0
0
0
0
0
0
0
0
0
0
0
0
0
0
0
0
0
0
0
0
0
0
0
0
0
0
0
0
0
0
0
0
0
0
0
0
0
0
0
0
0
0
0
0
0
0
0
0
0
0
0
0
0
0
0
0
0
0
0
0
0
0
0
0
0
0
0
0
0
0
0
0
0
0
0
0
0
0
0
0
0
0
0
0
0
0
0
0
0
0
0
0
0
0
0
0
0
0
0
0
0
0
0
0
0
0
0
0
0
0
0
0
0
0
0
0
0
0
0
0
0
0
0
0
0
0
0
0
0
0
0
0
0
0
0
0
0
0
0
0
0
0
0
0
0
0
0
0
0
0
0
0
0
0
0
0
0
0
0
0
0
0
0
0
0
0
0
0
0
0
0
0
0
0
0
0
0
0
0
0
0
0
0
0
0
0
0
0
0
0
0
0
0
0
0
0
0
0
0
0
0
0
0
0
0
0
0
0
0
0
0
0
0
0
0
0
0
0
0
0
0
0
0
0
0
0
0
0
0
0
0
0
0
0
0
0
0
0
0
0
0
0
0
0
0
0
0
0
0
0
0
0
0
0
0
0
0
0
0
0
0
0
0
0
0
0
0
0
0
0
0
0
0
0
0
0
0
0
0
0
0
0
0
0
0
0
0
0
0
0
0
0
0
0
0
0
0
0
0
0
0
0
0
0
0
0
0
0
0
0
0
0
0
0
0
0
0
0
0
0
0
0
0
0
0
0
0
0
0
0
0
0
0
0
0
0
0
0
0
0
0
0
0
0
0
0
0
0
0
0
0
0
0
0
0
0
0
0
0
0
0
0
0
0
0
0
0
0
0
0
0
0
0
0
0
0
0
0
0
0
0
0
0
0
0
0
0
0
0
0
0
0
0
0
0
0
0
0
0
0
0
0
0
0
0
0
0
0
0
0
0
0
0
0
0
0
0
0
0
0
0
0
0
0
0
0
0
0
0
0
0
0
0
0
0
0
0
0
0
0
0
0
0
0
0
0
0
0
0
0
0
0
0
0
0
0
0
0
0
0
0
0
0
0
0
0
0
0
0
0
0
0
0
0
0
0
0
0
0
0
0
0
0
0
0
0
0
0
0
0
0
0
0
0
0
0
0
0
0
0
0
0
0
0
0
0
0
0
0
0
0
0
0
0
0
0
0
0
0
0
0
0
0
0
0
0
0
0
0
0
0
0
0
0
0
0
0
0
0
0
0
0
0
0
0
0
0
0
0
0
0
0
0
0
0
0
0
0
0
0
0
0
0
0
0
0
0
0
0
0
0
0
0
0
0
0
0
0
0
0
0
0
0
0
0
0
0
0
0
0
0
0
0
0
0
0
0
0
0
0
0
0
0
0
0
0
0
0
0
0
0
0
0
0
0
0
0
0
0
0
0
0
0
0
0
0
0
0
0
0
0
0
0
0
0
0
0
0
0
0
0
0
0
0
0
0
0
0
0
0
0
0
0
0
0
0
0
0
0
0
0
0
0
0
0
0
0
0
0
0
0
0
0
0
0
0
0
0
0
0
0
0
0
0
0
0
0
0
0
0
0
0
0
0
0
0
0
0
0
0
0
0
0
0
0
0
0
0
0
0
0
0
0
0
0
0
0
0
0
0
0
0
0
0
0
0
0
0
0
0
0
0
0
0
0
0
0
0
0
0
0
0
0
0
0
0
0
0
0
0
0
0
0
0
0
0
0
0
0
0
0
0
0
0
0
0
0
0
0
0
0
0
0
0
0
0
0
0
0
0
0
0
0
0
0
0
0
0
0
0
0
0
0
0
0
0
0
0
0
0
0
0
0
0
0
0
0
0
0
0
0
0
0
0
0
0
0
0
0
0
0
0
0
0
0
0
0
0
0
0
0
0
0
0
0
0
0
0
0
0
0
0
0
0
0
0
0
0
0
0
0
0
0
0
0
0
0
0
0
0
0
0
0
0
0
0
0
0
0
0
0
0
0
0
0
0
0
0
0
0
0
0
0
0
0
0
0
0
0
0
0
0
0
0
0
0
0
0
0
0
0
0
0
0
0
0
0
0
0
0
0
0
0
0
0
0
0
0
0
0
0
0
0
0
0
0
0
0
0
0
0
0
0
0
0
0
0
0
0
0
0
0
0
0
0
0
0
0
0
0
0
0
0
0
0
0
0
0
0
0
0
0
0
0
0
0
0
0
0
0
0
0
0
0
0
0
0
0
0
0
0
0
0
0
0
0
0
0
0
0
0
0
0
0
0
0
0
0
0
0
0
0
0
0
0
0
0
0
0
0
0
0
0
0
0
0
0
0
0
0
0
0
0
0
0
0
0
0
0
0
0
0
0
0
0
0
0
0
0
0
0
0
0
0
0
0
0
0
0
0
0
0
0
0
0
0
0
0
0
0
0
0
0
0
0
0
0
0
0
0
0
0
0
0
0
0
0
0
0
0
0
0
0
0
0
0
0
0
0
0
0
0
0
0
0
0
0
0
0
0
0
0
0
0
0
0
0
0
0
0
0
0
0
0
0
0
0
0
0
0
0
0
0
0
0
0
0
0
0
0
0
0
0
0
0
0
0
0
0
0
0
0
0
0
0
0
0
0
0
0
0
0
0
0
0
0
0
0
0
0
0
0
0
0
0
0
0
0
0
0
0
0
0
0
0
0
0
0
0
0
0
0
0
0
0
0
0
0
0
0
0
0
0
0
0
0
0
0
0
0
0
0
0
0
0
0
0
0
0
0
0
0
0
0
0
0
0
0
0
0
0
0
0
0
0
0
0
0
0
0
0
0
0
0
0
0
0
0
0
0
0
0
0
0
0
0
0
0
0
0
0
0
0
0
0
0
0
0
0
0
0
0
0
0
0
0
0
0
0
0
0
0
0
0
0
0
0
0
0
0
0
0
0
0
0
0
0
0
0
0
0
0
0
0
0
0
0
0
0
0
0
0
0
0
0
0
0
0
0
0
0
0
0
0
0
0
0
0
0
0
0
0
0
0
0
0
0
0
0
0
0
0
0
0
0
0
0
0
0
0
0
0
0
0
0
0
0
0
0
0
0
0
0
0
0
0
0
0
0
0
0
0
0
0
0
0
0
0
0
0
0
0
0
0
0
0
0
0
0
0
0
0
0
0
0
0
0
0
0
0
0
0
0
0
0
0
0
0
0
0
0
0
0
0
0
0
0
0
0
0
0
0
0
0
0
0
0
0
0
0
0
0
0
0
0
0
0
0
0
0
0
0
0
0
0
0
0
0
0
0
0
0
0
0
0
0
0
0
0
0
0
0
0
0
0
0
0
0
0
0
0
0
0
0
0
0
0
0
0
0
0
0
0
0
0
0
0
0
0
0
0
0
0
0
0
0
0
0
0
0
0
0
0
0
0
0
0
0
0
0
0
0
0
0
0
0
0
0
0
0
0
0
0
0
0
0
0
0
0
0
0
0
0
0
0
0
0
0
0
0
0
0
0
0
0
0
0
0
0
0
0
0
0
0
0
0
0
0
0
0
0
0
0
0
0
0
0
0
0
0
0
0
0
0
0
0
0
0
0
0
0
0
0
0
0
0
0
0
0
0
0
0
0
0
0
0
0
0
0
0
0
0
0
0
0
0
0
0
0
0
0
0
0
0
0
0
0
0
0
0
0
0
0
0
0
0
0
0
0
0
0
0
0
0
0
0
0
0
0
0
0
0
0
0
0
0
0
0
0
0
0
0
0
0
0
0
0
0
0
0
0
0
0
0
0
0
0
0
0
0
0
0
0
0
0
0
0
0
0
0
0
0
0
0
0
0
0
0
0
0
0
0
0
0
0
0
0
0
0
0
0
0
0
0
0
0
0
0
0
0
0
0
0
0
0
0
0
0
0
0
0
0
0
0
0
0
0
0
0
0
0
0
0
0
0
0
0
0
0
0
0
0
0
0
0
0
0
0
0
0
0
0
0
0
0
0
0
0
0
0
0
0
0
0
0
0
0
0
0
0
0
0
0
0
0
0
0
0
0
0
0
0
0
0
0
0
0
0
0
0
0
0
0
0
0
0
0
0
0
0
0
0
0
0
0
0
0
0
0
0
0
0
0
0
0
0
0
0
0
0
0
0
0
0
0
0
0
0
0
0
0
0
0
0
0
0
0
0
0
0
0
0
0
0
0
0
0
0
0
0
0
0
0
0
0
0
0
0
0
0
0
0
0
0
0
0
0
0
0
0
0
0
0
0
0
0
0
0
0
0
0
0
0
0
0
0
0
0
0
0
0
0
0
0
0
0
0
0
0
0
0
0
0
0
0
0
0
0
0
0
0
0
0
0
0
0
0
0
0
0
0
0
0
0
0
0
0
0
0
0
0
0
0
0
0
0
0
0
0
0
0
0
0
0
0
0
0
0
0
0
0
0
0
0
0
0
0
0
0
0
0
0
0
0
0
0
0
0
0
0
0
0
0
0
0
0
0
0
0
0
0
0
0
0
0
0
0
0
0
0
0
0
0
0
0
0
0
0
0
0
0
0
0
0
0
0
0
0
0
0
0
0
0
0
0
0
0
0
0
0
0
0
0
0
0
0
0
0
0
0
0
0
0
0
0
0
0
0
0
0
0
0
0
0
0
0
0
0
0
0
0
0
0
0
0
0
0
0
0
0
0
0
0
0
0
0
0
0
0
0
0
0
0
0
0
0
0
0
0
0
0
0
0
0
0
0
0
0
0
0
0
0
0
0
0
0
0
0
0
0
0
0
0
0
0
0
0
0
0
0
0
0
0
0
0
0
0
0
0
0
0
0
0
0
0
0
0
0
0
0
0
0
0
0
0
0
0
0
0
0
0
0
0
0
0
0
0
0
0
0
0
0
0
0
0
0
0
0
0
0
0
0
0
0
0
0
0
0
0
0
0
0
0
0
0
0
0
0
0
0
0
0
0
0
0
0
0
0
0
0
0
0
0
0
0
0
0
0
0
0
0
0
0
0
0
0
0
0
0
0
0
0
0
0
0
0
0
0
0
0
0
0
0
0
0
0
0
0
0
0
0
0
0
0
0
0
0
0
0
0
0
0
0
0
0
0
0
0
0
0
0
0
0
0
0
0
0
0
0
0
0
0
0
0
0
0
0
0
0
0
0
0
0
0
0
0
0
0
0
0
0
0
0
0
0
0
0
0
0
0
0
0
0
0
0
0
0
0
0
0
0
0
0
0
0
0
0
0
0
0
0
0
0
0
0
0
0
0
0
0
0
0
0
0
0
0
0
0
0
0
0
0
0
0
0
0
0
0
0
0
0
0
0
0
0
0
0
0
0
0
0
0
0
0
0
0
0
0
0
0
0
0
0
0
0
0
0
0
0
0
0
0
0
0
0
0
0
0
0
0
0
0
0
0
0
0
0
0
0
0
0
0
0
0
0
0
0
0
0
0
0
0
0
0
0
0
0
0
0
0
0
0
0
0
0
0
0
0
0
0
0
0
0
0
0
0
0
0
0
0
0
0
0
0
0
0
0
0
0
0
0
0
0
0
0
0
0
0
0
0
0
0
0
0
0
0
0
0
0
0
0
0
0
0
0
0
0
0
0
0
0
0
0
0
0
0
0
0
0
0
0
0
0
0
0
0
0
0
0
0
0
0
0
0
0
0
0
0
0
0
0
0
0
0
0
0
0
0
0
0
0
0
0
0
0
0
0
0
0
0
0
0
0
0
0
0
0
0
0
0
0
0
0
0
0
0
0
0
0
0
0
0
0
0
0
0
0
0
0
0
0
0
0
0
0
0
0
0
0
0
0
0
0
0
0
0
0
0
0
0
0
0
0
0
0
0
0
0
0
0
0
0
0
0
0
0
0
0
0
0
0
0
0
0
0
0
0
0
0
0
0
0
0
0
0
0
0
0
0
0
0
0
0
0
0
0
0
0
0
0
0
0
0
0
0
0
0
0
0
0
0
0
0
0
0
0
0
0
0
0
0
0
0
0
0
0
0
0
0
0
0
0
0
0
0
0
0
0
0
0
0
0
0
0
0
0
0
0
0
0
0
0
0
0
0
0
0
0
0
0
0
0
0
0
0
0
0
0
0
0
0
0
0
0
0
0
0
0
0
0
0
0
0
0
0
0
0
0
0
0
0
0
0
0
0
0
0
0
0
0
0
0
0
0
0
0
0
0
0
0
0
0
0
0
0
0
0
0
0
0
0
0
0
0
0
0
0
0
0
0
0
0
0
0
0
0
0
0
0
0
0
0
0
0
0
0
0
0
0
0
0
0
0
0
0
0
0
0
0
0
0
0
0
0
0
0
0
0
0
0
0
0
0
0
0
0
0
0
0
0
0
0
0
0
0
0
0
0
0
0
0
0
0
0
0
0
0
0
0
0
0
0
0
0
0
0
0
0
0
0
0
0
0
0
0
0
0
0
0
0
0
0
0
0
0
0
0
0
0
0
0
0
0
0
0
0
0
0
0
0
0
0
0
0
0
0
0
0
0
0
0
0
0
0
0
0
0
0
0
0
0
0
0
0
0
0
0
0
0
0
0
0
0
0
0
0
0
0
0
0
0
0
0
0
0
0
0
0
0
0
0
0
0
0
0
0
0
0
0
0
0
0
0
0
0
0
0
0
0
0
0
0
0
0
0
0
0
0
0
0
0
0
0
0
0
0
0
0
0
0
0
0
0
0
0
0
0
0
0
0
0
0
0
0
0
0
0
0
0
0
0
0
0
0
0
0
0
0
0
0
0
0
0
0
0
0
0
0
0
0
0
0
0
0
0
0
0
0
0
0
0
0
0
0
0
0
0
0
0
0
0
0
0
0
0
0
0
0
0
0
0
0
0
0
0
0
0
0
0
0
0
0
0
0
0
0
0
0
0
0
0
0
0
0
0
0
0
0
0
0
0
0
0
0
0
0
0
0
0
0
0
0
0
0
0
0
0
0
0
0
0
0
0
0
0
0
0
0
0
0
0
0
0
0
0
0
0
0
0
0
0
0
0
0
0
0
0
0
0
0
0
0
0
0
0
0
0
0
0
0
0
0
0
0
0
0
0
0
0
0
0
0
0
0
0
0
0
0
0
0
0
0
0
0
0
0
0
0
0
0
0
0
0
0
0
0
0
0
0
0
0
0
0
0
0
0
0
0
0
0
0
0
0
0
0
0
0
0
0
0
0
0
0
0
0
0
0
0
0
0
0
0
0
0
0
0
0
0
0
0
0
0
0
0
0
0
0
0
0
0
0
0
0
0
0
0
0
0
0
0
0
0
0
0
0
0
0
0
0
0
0
0
0
0
0
0
0
0
0
0
0
0
0
0
0
0
0
0
0
0
0
0
0
0
0
0
0
0
0
0
0
0
0
0
0
0
0
0
0
0
0
0
0
0
0
0
0
0
0
0
0
0
0
0
0
0
0
0
0
0
0
0
0
0
0
0
0
0
0
0
0
0
0
0
0
0
0
0
0
0
0
0
0
0
0
0
0
0
0
0
0
0
0
0
0
0
0
0
0
0
0
0
0
0
0
0
0
0
0
0
0
0
0
0
0
0
0
0
0
0
0
0
0
0
0
0
0
0
0
0
0
0
0
0
0
0
0
0
0
0
0
0
0
0
0
0
0
0
0
0
0
0
0
0
0
0
0
0
0
0
0
0
0
0
0
0
0
0
0
0
0
0
0
0
0
0
0
0
0
0
0
0
0
0
0
0
0
0
0
0
0
0
0
0
0
0
0
0
0
0
0
0
0
0
0
0
0
0
0
0
0
0
0
0
0
0
0
0
0
0
0
0
0
0
0
0
0
0
0
0
0
0
0
0
0
0
0
0
0
0
0
0
0
0
0
0
0
0
0
0
0
0
0
0
0
0
0
0
0
0
0
0
0
0
0
0
0
0
0
0
0
0
0
0
0
0
0
0
0
0
0
0
0
0
0
0
0
0
0
0
0
0
0
0
0
0
0
0
0
0
0
0
0
0
0
0
0
0
0
0
0
0
0
0
0
0
0
0
0
0
0
0
0
0
0
0
0
0
0
0
0
0
0
0
0
0
0
0
0
0
0
0
0
0
0
0
0
0
0
0
0
0
0
0
0
0
0
0
0
0
0
0
0
0
0
0
0
0
0
0
0
0
0
0
0
0
0
0
0
0
0
0
0
0
0
0
0
0
0
0
0
0
0
0
0
0
0
0
0
0
0
0
0
0
0
0
0
0
0
0
0
0
0
0
0
0
0
0
0
0
0
0
0
0
0
0
0
0
0
0
0
0
0
0
0
0
0
0
0
0
0
0
0
0
0
0
0
0
0
0
0
0
0
0
0
0
0
0
0
0
0
0
0
0
0
0
0
0
0
0
0
0
0
0
0
0
0
0
0
0
0
0
0
0
0
0
0
0
0
0
0
0
0
0
0
0
0
0
0
0
0
0
0
0
0
0
0
0
0
0
0
0
0
0
0
0
0
0
0
0
0
0
0
0
0
0
0
0
0
0
0
0
0
0
0
0
0
0
0
0
0
0
0
0
0
0
0
0
0
0
0
0
0
0
0
0
0
0
0
0
0
0
0
0
0
0
0
0
0
0
0
0
0
0
0
0
0
0
0
0
0
0
0
0
0
0
0
0
0
0
0
0
0
0
0
0
0
0
0
0
0
0
0
0
0
0
0
0
0
0
0
0
0
0
0
0
0
0
0
0
0
0
0
0
0
0
0
0
0
0
0
0
0
0
0
0
0
0
0
0
0
0
0
0
0
0
0
0
0
0
0
0
0
0
0
0
0
0
0
0
0
0
0
0
0
0
0
0
0
0
0
0
0
0
0
0
0
0
0
0
0
0
0
0
0
0
0
0
0
0
0
0
0
0
0
0
0
0
0
0
0
0
0
0
0
0
0
0
0
0
0
0
0
0
0
0
0
0
0
0
0
0
0
0
0
0
0
0
0
0
0
0
0
0
0
0
0
0
0
0
0
0
0
0
0
0
0
0
0
0
0
0
0
0
0
0
0
0
0
0
0
0
0
0
0
0
0
0
0
0
0
0
0
0
0
0
0
0
0
0
0
0
0
0
0
0
0
0
0
0
0
0
0
0
0
0
0
0
0
0
0
0
0
0
0
0
0
0
0
0
0
0
0
0
0
0
0
0
0
0
0
0
0
0
0
0
0
0
0
0
0
0
0
0
0
0
0
0
0
0
0
0
0
0
0
0
0
0
0
0
0
0
0
0
0
0
0
0
0
0
0
0
0
0
0
0
0
0
0
0
0
0
0
0
0
0
0
0
0
0
0
0
0
0
0
0
0
0
0
0
0
0
0
0
0
0
0
0
0
0
0
0
0
0
0
0
0
0
0
0
0
0
0
0
0
0
0
0
0
0
0
0
0
0
0
0
0
0
0
0
0
0
0
0
0
0
0
0
0
0
0
0
0
0
0
0
0
0
0
0
0
0
0
0
0
0
0
0
0
0
0
0
0
0
0
0
0
0
0
0
0
0
0
0
0
0
0
0
0
0
0
0
0
0
0
0
0
0
0
0
0
0
0
0
0
0
0
0
0
0
0
0
0
0
0
0
0
0
0
0
0
0
0
0
0
0
0
0
0
0
0
0
0
0
0
0
0
0
0
0
0
0
0
0
0
0
0
0
0
0
0
0
0
0
0
0
0
0
0
0
0
0
0
0
0
0
0
0
0
0
0
0
0
0
0
0
0
0
0
0
0
0
0
0
0
0
0
0
0
0
0
0
0
0
0
0
0
0
0
0
0
0
0
0
0
0
0
0
0
0
0
0
0
0
0
0
0
0
0
0
0
0
0
0
0
0
0
0
0
0
0
0
0
0
0
0
0
0
0
0
0
0
0
0
0
0
0
0
0
0
0
0
0
0
0
0
0
0
0
0
0
0
0
0
0
0
0
0
0
0
0
0
0
0
0
0
0
0
0
0
0
0
0
0
0
0
0
0
0
0
0
0
0
0
0
0
0
0
0
0
0
0
0
0
0
0
0
0
0
0
0
0
0
0
0
0
0
0
0
0
0
0
0
0
0
0
0
0
0
0
0
0
0
0
0
0
0
0
0
0
0
0
0
0
0
0
0
0
0
0
0
0
0
0
0
0
0
0
0
0
0
0
0
0
0
0
0
0
0
0
0
0
0
0
0
0
0
0
0
0
0
0
0
0
0
0
0
0
0
0
0
0
0
0
0
0
0
0
0
0
0
0
0
0
0
0
0
0
0
0
0
0
0
0
0
0
0
0
0
0
0
0
0
0
0
0
0
0
0
0
0
0
0
0
0
0
0
0
0
0
0
0
0
0
0
0
0
0
0
0
0
0
0
0
0
0
0
0
0
0
0
0
0
0
0
0
0
0
0
0
0
0
0
0
0
0
0
0
0
0
0
0
0
0
0
0
0
0
0
0
0
0
0
0
0
0
0
0
0
0
0
0
0
0
0
0
0
0
0
0
0
0
0
0
0
0
0
0
0
0
0
0
0
0
0
0
0
0
0
0
0
0
0
0
0
0
0
0
0
0
0
0
0
0
0
0
0
0
0
0
0
0
0
0
0
0
0
0
0
0
0
0
0
0
0
0
0
0
0
0
0
0
0
0
0
0
0
0
0
0
0
0
0
0
0
0
0
0
0
0
0
0
0
0
0
0
0
0
0
0
0
0
0
0
0
0
0
0
0
0
0
0
0
0
0
0
0
0
0
0
0
0
0
0
0
0
0
0
0
0
0
0
0
0
0
0
0
0
0
0
0
0
0
0
0
0
0
0
0
0
0
0
0
0
0
0
0
0
0
0
0
0
0
0
0
0
0
0
0
0
0
0
0
0
0
0
0
0
0
0
0
0
0
0
0
0
0
0
0
0
0
0
0
0
0
0
0
0
0
0
0
0
0
0
0
0
0
0
0
0
0
0
0
0
0
0
0
0
0
0
0
0
0
0
0
0
0
0
0
0
0
0
0
0
0
0
0
0
0
0
0
0
0
0
0
0
0
0
0
0
0
0
0
0
0
0
0
0
0
0
0
0
0
0
0
0
0
0
0
0
0
0
0
0
0
0
0
0
0
0
0
74.85392052
74.85392052
74.85392052
74.85392052
74.85392052
74.85392052
74.85392052
74.85392052
74.85392052
74.85392052
74.85392052
74.85392052
74.85392052
74.85392052
74.85392052
74.85392052
74.85392052
74.85392052
74.85392052
74.85392052
74.85392052
74.85392052
74.85392052
74.85392052
74.85392052
74.85392052
74.85392052
74.85392052
74.85392052
74.85392052
51.50636477
50.33624045
50.83112979
52.72606038
55.98889595
59.66432661
62.0617563
62.00961193
58.83581745
55.61503871
52.5041363
50.01747956
48.91917927
46.97971514
45.22903984
43.45861264
41.4542529
39.54821593
37.53600286
0
0
0
0
0
0
0
0
0
0
0
0
0
0
0
0
0
0
0
0
0
0
0
0
0
0
0
0
0
0
0
0
0
0
0
0
0
0
0
0
0
0
0
0
0
0
0
0
0
0
0
0
0
0
0
0
0
74.85392052
74.85392052
74.85392052
74.85392052
74.85392052
74.85392052
74.85392052
74.85392052
74.85392052
74.85392052
74.85392052
74.85392052
74.85392052
74.85392052
74.85392052
74.85392052
74.85392052
74.85392052
74.85392052
74.85392052
74.85392052
74.85392052
74.85392052
74.85392052
74.85392052
74.85392052
74.85392052
74.85392052
74.85392052
74.85392052
74.85392052
74.85392052
74.85392052
74.85392052
74.85392052
74.85392052
55.0322909
54.61305619
54.03855854
54.65440198
55.85896749
58.3696665
61.36068498
64.25099462
67.67900502
71.13523619
71.72838899
70.93736317
71.54360286
70.14323351
70.57020893
69.95309424
70.59862787
70.66157655
69.98058025
69.08818291
68.59797143
66.1937344
66.06281408
65.3462113
63.49875475
62.2711636
60.59029443
57.8707587
53.5134476
50.24540321
51.41106312
53.83105261
58.28381115
63.5559117
68.04483848
71.36402631
72.39985719
73.23229401
74.32717476
74.85392052
74.85392052
74.85392052
74.85392052
74.85392052
74.85392052
74.85392052
74.85392052
74.85392052
74.85392052
74.85392052
74.85392052
74.85392052
74.85392052
74.85392052
74.85392052
74.85392052
74.85392052
74.85392052
74.85392052
74.85392052
74.85392052
74.85392052
74.85392052
74.85392052
74.85392052
74.85392052
74.85392052
74.85392052
74.85392052
74.85392052
74.85392052
74.85392052
74.85392052
74.85392052
74.85392052
74.85392052
74.85392052
74.85392052
74.85392052
74.85392052
74.85392052
74.85392052
74.85392052
74.85392052
74.85392052
74.85392052
74.85392052
74.85392052
74.85392052
74.85392052
74.85392052
74.85392052
74.85392052
74.85392052
74.85392052
74.85392052
74.85392052
74.85392052
74.85392052
74.85392052
74.85392052
74.85392052
74.85392052
74.85392052
74.85392052
74.85392052
74.85392052
74.85392052
74.85392052
74.85392052
74.85392052
74.85392052
74.85392052
74.85392052
74.85392052
74.85392052
74.85392052
74.85392052
74.85392052
74.85392052
74.85392052
74.85392052
74.85392052
74.85392052
74.85392052
74.85392052
74.85392052
74.85392052
74.85392052
74.85392052
74.85392052
74.85392052
74.85392052
74.85392052
74.85392052
74.85392052
74.85392052
74.85392052
74.85392052
74.85392052
74.85392052
74.85392052
74.85392052
74.85392052
74.85392052
74.85392052
74.85392052
74.85392052
74.85392052
74.85392052
74.85392052
74.85392052
74.85392052
74.85392052
74.85392052
74.85392052
74.85392052
74.85392052
74.85392052
74.85392052
74.85392052
74.85392052
74.85392052
74.85392052
74.85392052
74.85392052
74.85392052
74.85392052
74.85392052
74.85392052
74.85392052
74.85392052
74.85392052
74.85392052
74.85392052
74.85392052
74.85392052
74.85392052
74.85392052
74.85392052
74.85392052
74.85392052
74.85392052
74.85392052
74.85392052
74.85392052
74.85392052
74.85392052
74.85392052
74.85392052
74.85392052
74.85392052
74.85392052
74.85392052
74.85392052
74.85392052
74.85392052
74.85392052
74.85392052
74.85392052
74.85392052
74.85392052
74.85392052
74.85392052
74.85392052
74.85392052
74.85392052
74.85392052
74.85392052
74.85392052
74.85392052
74.85392052
74.85392052
74.85392052
74.85392052
74.85392052
74.85392052
74.85392052
74.85392052
74.85392052
74.85392052
74.85392052
74.85392052
74.85392052
74.85392052
74.85392052
74.85392052
74.85392052
74.85392052
74.85392052
74.85392052
74.85392052
74.85392052
74.85392052
74.85392052
74.85392052
74.85392052
74.85392052
74.85392052
74.85392052
74.85392052
74.85392052
74.85392052
74.85392052
74.85392052
74.85392052
74.85392052
74.85392052
74.85392052
74.85392052
74.85392052
74.85392052
74.85392052
74.85392052
74.85392052
74.85392052
74.85392052
74.85392052
74.85392052
74.85392052
74.85392052
74.85392052
74.85392052
74.85392052
74.85392052
74.85392052
74.85392052
74.85392052
74.85392052
74.85392052
0
0
0
0
0
0
0
0
0
0
0
0
0
0
0
0
0
0
0
0
0
0
0
0
0
0
0
0
0
0
0
0
0
0
0
0
0
0
0
0
0
0
0
0
0
0
0
0
0
0
0
0
0
0
0
0
0
0
0
0
0
0
74.85392052
74.85392052
74.85392052
74.85392052
74.85392052
74.85392052
74.85392052
74.85392052
74.85392052
74.85392052
74.85392052
74.85392052
74.85392052
74.85392052
74.85392052
74.85392052
74.85392052
74.85392052
74.85392052
74.85392052
74.85392052
74.85392052
74.85392052
74.85392052
74.85392052
74.85392052
74.85392052
74.85392052
74.85392052
74.85392052
74.85392052
74.85392052
74.85392052
74.85392052
74.85392052
52.50770825
52.96686409
52.4078396
51.71610216
53.85966535
58.58857784
64.49025566
67.43496005
68.81789316
69.26860552
69.36777526
69.45006265
68.84062753
68.76238102
68.06178528
67.27464879
66.16308459
63.68184985
62.32743688
59.91141142
57.0106415
54.72049348
51.71790208
48.88339797
47.29145108
45.72817714
43.85206822
42.44776582
41.14125991
39.69901827
37.75662356
36.7276352
0
0
0
0
0
0
0
0
0
0
0
0
0
0
0
0
0
0
0
0
0
0
0
0
0
0
0
0
0
0
0
0
0
0
0
0
0
0
0
0
0
0
0
0
0
0
0
0
0
0
0
0
0
0
0
0
0
0
0
0
0
0
0
0
0
0
0
0
0
0
0
0
0
0
0
0
0
0
0
0
0
0
0
0
0
0
0
74.85392052
74.85392052
74.85392052
74.85392052
74.85392052
74.85392052
74.85392052
74.85392052
74.85392052
74.85392052
74.85392052
74.85392052
74.85392052
74.85392052
74.85392052
74.85392052
74.85392052
74.85392052
74.85392052
74.85392052
74.85392052
44.54749508
38.54114461
36.44438631
37.74598597
41.21755994
45.54740484
49.96045195
53.82802543
56.97931705
57.96054428
59.87793886
62.06739513
64.31586891
65.65576284
67.40109179
69.4340795
71.52623502
73.63931877
74.85392052
74.85392052
74.85392052
74.85392052
74.85392052
74.85392052
74.85392052
74.85392052
74.85392052
74.85392052
74.85392052
74.85392052
74.85392052
74.85392052
74.85392052
74.85392052
74.85392052
74.85392052
74.85392052
74.85392052
74.85392052
74.85392052
74.85392052
74.85392052
74.85392052
74.85392052
74.85392052
74.85392052
74.85392052
74.85392052
74.85392052
74.85392052
74.85392052
74.85392052
74.85392052
74.85392052
74.85392052
74.85392052
74.85392052
74.85392052
74.85392052
74.85392052
74.85392052
74.85392052
74.85392052
74.85392052
74.85392052
74.85392052
74.85392052
74.85392052
74.85392052
74.85392052
74.85392052
74.85392052
74.85392052
74.85392052
74.85392052
74.85392052
74.85392052
74.85392052
74.85392052
74.85392052
74.85392052
74.85392052
74.85392052
74.85392052
74.85392052
74.85392052
74.85392052
74.85392052
74.85392052
74.85392052
74.85392052
74.85392052
74.85392052
74.85392052
74.85392052
52.80462303
49.82120535
47.05531102
45.35351135
47.35340873
49.57914337
50.99393625
53.49949928
56.09443095
60.28130967
61.68765191
62.24590468
63.69868937
64.75851884
65.05133135
66.21271398
65.55617442
64.06923489
66.08093014
66.63800495
66.39647687
61.99025393
59.36593589
58.570893
57.74854769
56.54957233
56.10517406
56.69917704
56.82514994
54.00458447
55.9375049
61.40350493
63.56314681
60.03618999
55.67428007
53.22963123
49.78192634
47.26388371
49.17114746
51.8490108
54.35227742
57.00883654
60.15967609
58.72787495
57.99916218
57.59359788
61.30532055
61.95049303
61.33961729
58.70542669
55.0672991
0
0
0
0
0
0
0
0
0
0
0
0
0
0
0
0
0
0
0
0
0
0
0
0
0
0
0
0
0
0
74.85392052
74.85392052
74.85392052
74.85392052
74.85392052
74.85392052
74.85392052
74.85392052
74.85392052
74.85392052
74.85392052
74.85392052
74.85392052
74.85392052
74.85392052
74.85392052
74.85392052
74.85392052
74.85392052
51.33396664
50.74234503
48.92473446
46.87015274
45.47524072
46.10139089
46.2215646
45.71463294
43.23954009
39.48447365
37.89259781
0
0
0
0
0
0
0
0
0
0
0
0
0
0
0
0
0
0
0
0
0
0
0
0
0
0
0
0
0
0
0
0
0
0
0
0
0
0
0
0
0
0
0
0
0
0
0
0
0
0
0
0
0
0
0
0
0
0
0
0
0
0
0
0
0
0
0
0
0
0
0
0
0
0
0
0
0
0
0
0
0
0
0
0
0
0
0
0
0
0
0
0
0
0
0
0
0
0
0
0
0
0
0
0
0
0
0
0
0
0
0
0
0
0
0
0
0
0
0
0
0
0
0
0
0
0
0
0
0
0
0
0
0
0
0
0
0
0
0
0
0
0
0
0
0
0
0
0
0
0
0
0
0
0
0
0
0
0
0
0
0
0
0
0
0
0
0
0
0
0
0
0
0
0
0
0
0
0
0
0
0
0
0
0
0
0
0
0
0
0
0
0
0
0
0
0
0
0
0
0
0
0
0
0
0
0
0
0
0
0
0
0
0
0
0
0
0
0
0
0
0
0
0
0
0
0
0
0
0
0
0
0
0
0
0
0
0
0
0
0
0
0
0
0
0
0
0
0
0
0
0
0
0
0
0
0
0
0
0
0
0
0
0
0
0
0
0
0
0
0
0
0
0
0
0
0
0
0
0
0
0
0
0
0
0
0
0
0
0
0
0
0
0
0
0
0
0
0
0
0
0
0
0
0
0
0
0
0
0
0
0
0
0
0
0
0
0
0
0
0
0
0
0
0
0
0
0
0
0
0
0
0
0
0
0
0
0
0
0
0
0
0
0
0
0
0
0
0
0
0
0
0
0
0
0
0
0
0
0
0
0
0
0
0
0
0
0
0
0
0
0
0
0
0
0
0
0
0
0
0
0
0
0
0
0
0
0
0
0
0
0
0
0
0
0
0
74.85392052
74.85392052
74.85392052
74.85392052
74.85392052
74.85392052
74.85392052
74.85392052
74.85392052
74.85392052
74.85392052
74.85392052
74.85392052
74.85392052
74.85392052
74.85392052
74.85392052
74.85392052
74.85392052
74.85392052
74.85392052
74.85392052
74.85392052
74.85392052
74.85392052
74.85392052
51.73938686
50.54536725
50.46275431
49.01276854
48.54225322
48.47122431
46.88142639
47.20385495
48.43287112
50.80501677
53.94844387
57.46667183
59.65969415
61.45927301
63.01456687
63.81243182
64.97012064
65.65018716
65.58059078
64.86275072
63.72080626
63.01004964
61.91181158
61.44480264
61.14714765
60.74464587
60.3149443
60.09088501
59.33834145
58.14377269
57.74372738
57.7442873
56.77349744
55.76940239
52.98299721
51.53381407
50.76847513
50.77475026
50.89544145
48.95138362
47.10893628
45.7311708
45.06293752
43.58269261
41.50298646
38.5792323
37.40682001
38.23006701
40.1555474
42.01546855
44.12116796
45.93437763
46.77470106
47.55493569
48.82341669
49.47025297
49.82671824
50.79514348
52.5137239
55.5139451
57.67730842
59.19760464
61.05272341
62.66161653
64.03191459
65.96234014
67.17875916
68.4286719
69.33138671
70.24302089
71.60295029
72.30984311
73.09966499
73.58866668
73.58037099
73.83898105
73.89124032
74.18003986
74.65590296
74.27704874
74.47260974
74.04390051
74.82331579
73.61297213
73.38507828
72.95112518
73.04405779
72.64240514
71.39295787
69.74247962
68.11019053
67.04206898
64.80826618
63.14031922
62.13764701
61.72632814
61.62929794
61.80392771
62.45604019
62.38301196
62.51716088
62.73711945
64.40295632
65.11754067
65.20429623
63.89461348
63.16567108
62.83408966
63.70795547
65.06763733
66.34893728
67.92999694
68.75520146
69.67682021
69.78665439
70.71944214
70.30667771
70.17193867
69.78596784
70.11632072
70.26950262
70.40944563
70.94034366
70.28837567
70.16777255
70.75593473
70.8430717
69.62892428
70.18448897
70.45498391
70.15482958
70.09891054
70.30192208
69.09434811
69.05542132
68.76903177
68.01034278
66.42830567
65.55232884
64.83098717
64.8897256
64.64674676
63.79604154
63.33546454
63.64262502
63.95810593
63.90219909
63.90029799
63.6684778
63.87892404
64.73871687
65.65722911
65.73922931
66.79781284
68.55290125
69.60784726
71.25341249
72.1587235
73.59168618
74.85392052
74.85392052
74.85392052
74.85392052
74.85392052
74.85392052
74.85392052
74.85392052
74.85392052
74.85392052
74.85392052
74.85392052
74.85392052
74.85392052
74.85392052
74.85392052
74.85392052
74.85392052
74.85392052
74.85392052
74.85392052
74.85392052
74.85392052
74.85392052
74.85392052
74.85392052
74.85392052
74.85392052
74.85392052
74.85392052
74.85392052
74.85392052
74.85392052
74.85392052
74.85392052
74.85392052
74.85392052
74.85392052
74.85392052
74.85392052
74.85392052
74.85392052
74.85392052
74.85392052
74.85392052
74.85392052
74.85392052
74.85392052
74.85392052
74.85392052
74.85392052
74.85392052
74.85392052
74.85392052
74.85392052
74.85392052
74.85392052
74.85392052
74.85392052
74.85392052
74.85392052
74.85392052
74.85392052
74.85392052
74.85392052
74.85392052
74.85392052
74.85392052
74.85392052
74.85392052
74.85392052
74.85392052
74.85392052
74.85392052
74.85392052
74.85392052
74.85392052
74.85392052
49.64614852
44.57871164
42.48281653
41.60255351
40.43539747
39.9207519
40.10106714
38.95906531
39.41837022
39.8707611
41.01576144
41.21380395
41.9402126
41.83862181
42.18250938
41.67787762
41.06788433
39.46142573
37.19863478
0
0
0
0
0
0
0
0
0
0
0
0
0
0
0
0
0
0
0
0
0
0
0
0
0
0
0
0
0
0
0
0
0
0
0
0
0
0
0
0
0
0
0
0
0
0
0
0
0
0
0
74.85392052
74.85392052
74.85392052
74.85392052
74.85392052
74.85392052
74.85392052
74.85392052
74.85392052
74.85392052
74.85392052
74.85392052
74.85392052
74.85392052
74.85392052
74.85392052
74.85392052
74.85392052
74.85392052
74.85392052
74.85392052
74.85392052
74.85392052
74.85392052
74.85392052
74.85392052
50.34316279
53.37626092
57.78720242
61.52308621
65.11853396
67.14924341
68.53388507
69.95527885
69.99861401
69.40278709
69.65956672
69.72308413
69.97693355
70.57240043
72.45765152
74.40380704
74.43954215
73.89697894
74.54497441
74.85392052
74.85392052
74.85392052
74.85392052
74.85392052
74.85392052
74.85392052
74.85392052
74.85392052
74.85392052
74.85392052
74.85392052
74.85392052
74.85392052
74.85392052
74.85392052
74.85392052
74.85392052
74.85392052
74.85392052
74.85392052
74.85392052
74.85392052
74.85392052
74.85392052
74.85392052
74.85392052
74.85392052
74.85392052
74.85392052
74.85392052
74.85392052
74.85392052
74.85392052
74.85392052
74.85392052
74.85392052
74.85392052
74.85392052
74.85392052
74.85392052
74.85392052
74.85392052
74.85392052
74.85392052
54.34085994
52.3435949
50.09439892
47.65170367
44.65901551
43.26307284
41.39147544
39.77919458
38.08540112
37.09915541
0
0
0
0
0
0
0
0
0
0
0
0
0
0
0
0
0
0
0
0
0
0
0
0
0
0
0
0
0
0
0
0
0
0
0
0
0
0
0
0
0
0
0
0
0
0
0
0
0
0
0
0
0
0
0
0
0
0
0
0
0
0
0
0
0
0
0
0
0
0
0
0
0
0
0
0
0
0
0
0
0
0
0
0
0
0
0
0
0
0
0
0
0
0
0
0
0
0
0
0
0
0
0
0
0
0
0
0
0
0
0
0
0
0
0
0
0
0
0
0
0
0
0
0
0
0
0
0
0
0
0
0
0
0
0
0
0
0
0
0
0
0
0
0
0
0
0
0
0
0
0
0
0
0
0
0
0
0
0
0
0
0
0
0
0
0
0
0
0
0
0
0
0
0
0
0
0
0
0
0
0
0
0
0
0
0
0
0
0
0
0
0
0
0
0
0
0
0
0
0
0
0
0
0
0
0
0
0
0
0
0
0
0
0
0
0
0
0
0
0
0
0
0
0
0
0
0
0
0
0
0
0
0
0
0
0
0
0
0
0
0
0
0
74.85392052
74.85392052
74.85392052
74.85392052
74.85392052
74.85392052
74.85392052
74.85392052
74.85392052
74.85392052
74.85392052
74.85392052
74.85392052
74.85392052
74.85392052
74.85392052
74.85392052
74.85392052
74.85392052
74.85392052
74.85392052
74.85392052
74.85392052
74.85392052
74.85392052
74.85392052
74.85392052
74.85392052
74.85392052
74.85392052
74.85392052
74.85392052
74.85392052
74.85392052
74.85392052
74.85392052
74.85392052
74.85392052
74.85392052
74.85392052
74.85392052
74.85392052
74.85392052
74.85392052
74.85392052
74.85392052
74.85392052
0
0
0
0
0
0
0
0
0
0
0
0
0
0
0
0
0
0
0
0
0
0
0
0
0
0
0
0
0
0
0
0
0
0
0
0
0
0
0
0
0
0
0
74.85392052
74.85392052
74.85392052
74.85392052
74.85392052
74.85392052
74.85392052
74.85392052
74.85392052
74.85392052
74.85392052
74.85392052
74.85392052
74.85392052
74.85392052
74.85392052
74.85392052
74.85392052
74.85392052
74.85392052
74.85392052
74.85392052
74.85392052
74.85392052
74.85392052
74.85392052
51.11009381
48.95340481
47.03282088
46.71586944
47.07717292
47.42526526
46.95322112
47.3896934
48.82412303
52.25033961
54.97551709
57.7622051
57.87840214
56.6189582
54.62638105
52.66505086
48.54010536
45.37828957
42.22203012
38.88937041
0
0
0
0
0
0
0
0
0
0
0
0
0
0
0
0
0
0
0
0
0
0
0
0
0
0
0
0
0
0
0
0
0
0
0
0
0
0
0
0
0
0
0
0
0
0
0
0
0
0
0
0
0
0
0
0
0
0
0
0
0
0
0
0
0
0
0
74.85392052
74.85392052
74.85392052
74.85392052
74.85392052
74.85392052
74.85392052
74.85392052
74.85392052
74.85392052
74.85392052
74.85392052
74.85392052
74.85392052
74.85392052
74.85392052
74.85392052
74.85392052
74.85392052
74.85392052
74.85392052
74.85392052
74.85392052
74.85392052
74.85392052
74.85392052
74.85392052
74.85392052
74.85392052
74.85392052
74.85392052
74.85392052
74.85392052
74.85392052
74.85392052
74.85392052
74.85392052
74.85392052
74.85392052
74.85392052
74.85392052
74.85392052
74.85392052
74.85392052
74.85392052
74.85392052
74.85392052
74.85392052
74.85392052
74.85392052
74.85392052
74.85392052
49.35774804
47.07520852
45.34489081
45.00019767
45.3583713
46.75161166
47.65132872
48.58305231
47.64733105
46.12723237
46.17288786
47.95158906
50.27776284
51.9059619
51.62123907
49.9260784
48.73762868
47.24834071
48.08657577
48.22392167
47.82890596
46.46137443
46.62397841
46.90597322
45.95991094
45.01608761
44.05993195
43.44723481
42.07398958
41.5487815
41.60748914
42.13345172
42.33078609
41.782228
42.06172057
43.43841968
43.97368412
42.98523757
41.5619272
40.06930331
39.04079041
37.90801671
36.57140935
0
0
0
0
0
0
0
0
0
0
0
0
0
0
0
0
0
0
0
0
0
0
0
0
0
0
0
0
0
0
0
0
0
0
0
0
0
0
0
0
0
0
0
0
0
0
0
0
0
0
0
0
0
0
0
0
0
0
0
0
0
0
0
0
0
0
0
0
0
0
0
0
0
0
0
0
0
0
0
0
0
0
0
0
0
0
0
0
0
0
0
0
0
0
0
0
0
0
0
0
0
0
0
0
0
0
0
0
0
0
0
0
0
0
0
0
0
0
0
74.85392052
74.85392052
74.85392052
74.85392052
74.85392052
74.85392052
74.85392052
74.85392052
74.85392052
74.85392052
74.85392052
74.85392052
74.85392052
74.85392052
74.85392052
74.85392052
74.85392052
74.85392052
74.85392052
74.85392052
74.85392052
74.85392052
74.85392052
74.85392052
74.85392052
74.85392052
74.85392052
74.85392052
74.85392052
74.85392052
74.85392052
50.49774797
50.27598775
50.85834782
53.35496128
54.58535
55.21826496
55.9133883
56.9539681
57.69810379
58.88559983
61.06234853
62.1707576
62.5013605
63.72217222
65.73940563
67.0088334
66.86916464
68.32216871
69.420551
71.04159487
72.01593772
74.39603994
74.85392052
74.85392052
74.85392052
74.85392052
74.85392052
74.85392052
74.85392052
74.85392052
74.85392052
74.85392052
74.85392052
74.85392052
74.85392052
74.85392052
74.85392052
74.85392052
74.85392052
74.85392052
74.85392052
74.85392052
74.85392052
74.85392052
74.85392052
51.24986257
48.29818556
46.34294213
42.61652404
38.14752154
0
0
0
0
0
0
0
0
0
0
0
0
0
0
0
0
0
0
0
0
0
0
0
0
0
0
0
0
0
0
0
0
0
0
0
0
0
0
0
0
0
0
0
0
0
0
0
0
0
0
0
0
0
0
0
0
0
0
0
0
0
0
0
0
0
0
0
0
0
0
0
0
0
0
0
0
0
0
0
0
0
0
0
0
0
0
0
0
0
0
0
0
0
0
0
0
0
0
0
0
0
0
0
0
0
0
0
0
0
0
0
0
0
0
0
0
0
0
0
0
0
0
0
0
0
0
0
0
0
0
0
0
0
0
0
0
0
0
0
0
0
0
0
0
0
0
0
0
0
0
0
0
0
0
0
0
0
0
0
0
0
0
0
0
0
0
0
0
0
0
0
0
0
0
0
0
0
0
0
0
0
0
0
0
0
0
0
0
0
0
0
0
0
0
0
0
0
0
0
0
0
0
0
0
0
0
0
0
0
0
0
0
0
0
0
0
0
0
0
0
0
0
0
0
0
0
0
0
0
0
0
0
0
0
0
0
0
0
0
0
0
0
0
0
0
0
0
0
0
0
0
0
0
0
0
0
0
0
0
0
0
0
0
0
0
0
0
0
0
0
0
0
0
0
0
0
0
0
0
0
0
0
0
0
0
0
0
0
0
0
0
0
0
0
0
0
0
0
0
0
0
0
0
0
0
0
0
0
0
0
0
0
0
0
0
0
0
0
0
0
0
0
0
0
0
0
0
0
0
0
0
0
0
0
0
0
0
0
0
0
0
0
0
0
0
0
0
0
0
0
0
0
0
0
0
0
0
0
0
0
0
0
0
0
0
0
0
0
0
0
0
0
0
0
0
0
0
0
0
0
0
0
0
0
0
0
0
0
0
0
0
0
0
0
0
0
0
0
0
0
0
0
0
0
0
0
0
0
0
0
0
0
0
0
0
0
0
0
0
0
0
0
0
0
0
0
0
0
0
0
0
0
0
0
0
0
0
0
0
0
0
0
0
0
0
0
0
0
0
0
0
0
0
0
0
0
0
0
0
0
0
0
0
0
0
0
0
0
0
0
0
0
0
0
0
0
0
0
0
0
0
0
0
0
0
0
0
0
0
0
0
0
0
0
0
0
0
0
0
0
0
0
0
0
0
0
0
0
0
0
0
0
0
0
0
0
0
0
0
0
0
0
0
0
0
0
0
0
0
0
0
0
0
0
0
0
0
0
0
0
0
0
0
0
0
0
0
0
0
0
0
0
0
0
0
0
0
0
0
0
0
0
0
0
0
0
0
0
0
0
0
0
0
0
0
0
0
0
0
0
0
0
0
0
0
0
0
0
0
0
0
0
0
0
0
0
0
0
0
0
0
0
0
0
0
0
0
0
0
0
0
0
0
0
0
0
0
0
0
0
0
0
0
0
0
0
0
0
0
0
0
0
0
0
0
0
0
0
0
0
0
0
0
0
0
0
0
0
0
0
0
0
0
0
0
0
0
0
0
0
0
0
0
0
0
0
0
0
0
0
0
0
0
0
0
0
0
0
0
0
0
0
0
0
0
0
0
0
0
0
0
0
0
0
0
0
0
0
0
0
0
0
0
0
0
0
0
0
0
0
0
0
0
0
0
0
0
0
0
0
0
0
0
0
0
0
0
0
0
0
0
0
0
0
0
0
0
0
0
0
0
0
0
0
0
0
0
0
0
0
0
0
0
0
0
0
0
0
0
0
0
0
0
0
0
0
0
0
0
0
0
0
0
0
0
0
0
0
0
0
0
0
0
0
0
0
0
0
0
0
0
0
0
0
0
0
0
0
0
0
0
0
0
0
0
0
0
0
0
0
0
0
0
0
0
0
0
0
0
0
0
0
0
0
0
0
0
0
0
0
0
0
0
0
0
0
0
0
0
0
0
0
0
0
0
0
0
0
0
0
0
0
0
0
0
0
0
0
0
0
0
0
0
0
0
0
0
0
0
0
0
0
0
0
0
0
0
0
0
0
0
0
0
0
0
0
0
0
0
0
0
0
0
0
0
0
0
0
0
0
0
0
0
0
0
0
0
0
0
0
0
0
0
0
0
0
0
0
0
0
0
0
0
0
0
0
0
0
0
0
0
0
0
0
0
0
0
0
0
0
0
0
0
0
0
0
0
0
0
0
0
0
0
0
0
0
0
0
0
0
0
0
0
0
0
0
0
0
0
0
0
0
0
0
0
0
0
0
0
0
0
0
0
0
0
0
0
0
0
0
0
0
0
0
0
0
0
0
0
0
0
0
0
0
0
0
0
0
0
0
0
0
0
0
0
0
0
0
0
74.85392052
74.85392052
74.85392052
74.85392052
74.85392052
74.85392052
74.85392052
74.85392052
74.85392052
74.85392052
74.85392052
74.85392052
74.85392052
74.85392052
74.85392052
74.85392052
74.85392052
74.85392052
74.85392052
74.85392052
74.85392052
74.85392052
74.85392052
74.85392052
74.85392052
74.85392052
74.85392052
74.85392052
74.85392052
74.85392052
74.85392052
74.85392052
74.85392052
74.85392052
74.85392052
74.85392052
74.85392052
74.85392052
74.85392052
74.85392052
74.85392052
74.85392052
74.85392052
74.85392052
74.85392052
74.85392052
74.85392052
74.85392052
74.85392052
74.85392052
74.85392052
74.85392052
74.85392052
74.85392052
74.85392052
74.85392052
74.85392052
74.85392052
74.85392052
74.85392052
74.85392052
74.85392052
74.85392052
74.85392052
74.85392052
74.85392052
74.85392052
74.85392052
74.85392052
74.85392052
74.85392052
74.85392052
74.85392052
74.85392052
74.85392052
74.85392052
74.85392052
74.85392052
52.512691
48.77567311
47.66398006
45.66493957
44.81766608
45.67441395
46.73082171
44.77181948
40.81353472
37.67871566
0
0
0
0
0
0
0
0
0
0
0
0
0
0
0
0
0
0
0
0
0
0
0
0
0
0
0
0
0
0
0
0
0
0
0
0
0
0
0
0
0
0
0
0
0
0
0
0
0
0
0
0
0
0
0
0
0
0
0
0
0
0
0
0
0
0
0
0
0
0
74.85392052
74.85392052
74.85392052
74.85392052
74.85392052
74.85392052
74.85392052
74.85392052
74.85392052
74.85392052
74.85392052
74.85392052
74.85392052
74.85392052
74.85392052
74.85392052
74.85392052
0
0
0
0
0
0
0
0
0
0
0
0
0
0
0
0
0
0
0
0
0
0
0
0
0
0
0
0
0
0
0
0
0
0
0
0
0
0
0
0
0
0
0
0
0
0
0
0
0
0
0
0
0
0
0
0
0
0
0
0
0
0
0
0
0
0
0
0
0
0
0
0
0
0
0
0
0
0
0
0
0
0
0
0
0
0
0
0
0
0
0
0
0
0
0
0
0
0
0
0
0
0
0
0
0
0
0
0
0
0
0
0
0
0
0
0
0
0
0
0
0
0
0
0
0
0
0
0
0
0
0
0
0
0
0
0
0
0
0
0
0
0
0
0
0
0
0
0
0
0
0
0
0
0
0
0
0
0
0
0
0
0
0
0
0
0
0
0
0
74.85392052
74.85392052
74.85392052
74.85392052
74.85392052
74.85392052
74.85392052
74.85392052
74.85392052
74.85392052
74.85392052
74.85392052
74.85392052
74.85392052
74.85392052
74.85392052
74.85392052
74.85392052
74.85392052
74.85392052
74.85392052
74.85392052
74.85392052
74.85392052
74.85392052
60.76807245
59.94058057
0
0
0
0
0
0
0
0
0
0
0
0
0
0
74.85392052
74.85392052
74.85392052
74.85392052
74.85392052
74.85392052
74.85392052
74.85392052
74.85392052
74.85392052
74.85392052
74.85392052
74.85392052
74.85392052
74.85392052
74.85392052
74.85392052
74.85392052
74.85392052
74.85392052
74.85392052
74.85392052
74.85392052
74.85392052
74.85392052
74.85392052
74.85392052
74.85392052
74.85392052
74.85392052
74.85392052
74.85392052
74.85392052
74.85392052
74.85392052
74.85392052
74.85392052
74.85392052
74.85392052
74.85392052
74.85392052
74.85392052
74.85392052
74.85392052
74.85392052
74.85392052
74.85392052
74.85392052
74.85392052
74.85392052
74.85392052
74.85392052
74.85392052
74.85392052
74.85392052
74.85392052
74.85392052
74.85392052
74.85392052
74.85392052
74.85392052
74.85392052
74.85392052
74.85392052
74.85392052
74.85392052
74.85392052
74.85392052
74.85392052
74.85392052
74.85392052
74.85392052
74.85392052
0
0
0
0
0
0
0
0
0
0
0
0
0
0
0
0
0
0
0
0
0
0
0
0
0
0
0
0
0
0
0
0
0
0
0
0
0
0
0
0
0
0
0
0
0
0
0
0
0
0
0
0
0
0
0
0
0
0
0
0
0
0
0
0
0
0
0
0
0
0
0
0
0
0
0
0
0
0
0
0
0
0
0
0
0
0
0
0
0
0
0
0
0
0
0
0
0
0
0
0
0
0
0
0
0
0
0
0
0
0
0
0
0
0
0
0
0
0
0
0
0
0
0
0
0
0
0
0
0
0
0
0
0
0
0
0
0
0
0
0
0
0
0
0
0
0
0
0
0
0
0
0
0
0
0
0
0
0
0
0
0
0
0
0
0
0
0
0
0
0
0
0
0
0
0
0
0
0
0
0
0
0
0
0
0
0
0
0
0
0
0
0
0
0
0
0
0
0
0
0
0
0
0
0
0
0
0
0
0
0
0
0
0
0
0
0
0
0
0
0
0
0
0
0
0
0
0
0
0
0
74.85392052
74.85392052
74.85392052
74.85392052
74.85392052
74.85392052
74.85392052
74.85392052
74.85392052
74.85392052
74.85392052
74.85392052
74.85392052
74.85392052
74.85392052
74.85392052
74.85392052
74.85392052
74.85392052
74.85392052
74.85392052
0
0
0
0
0
0
0
0
0
0
0
0
0
0
0
0
0
0
0
0
0
0
0
0
0
0
0
0
0
0
0
0
0
0
0
0
0
0
0
0
0
0
0
0
0
0
0
0
0
0
0
0
0
0
0
0
0
0
0
0
0
0
0
0
0
0
0
0
0
0
0
0
0
0
0
0
0
0
0
0
0
0
0
0
0
0
0
74.85392052
74.85392052
74.85392052
74.85392052
74.85392052
74.85392052
74.85392052
74.85392052
74.85392052
74.85392052
74.85392052
74.85392052
74.85392052
74.85392052
74.85392052
74.85392052
74.85392052
74.85392052
74.85392052
74.85392052
74.85392052
74.85392052
74.85392052
74.85392052
74.85392052
74.85392052
74.85392052
74.85392052
52.59502337
49.21638779
46.36765108
43.63180642
41.78358752
40.27374872
39.04169655
38.10890054
37.4471767
36.9370136
0
0
0
0
0
0
0
0
0
0
0
0
0
0
0
0
0
0
0
0
0
0
0
0
0
0
0
0
0
0
0
0
0
0
0
0
0
0
0
0
0
0
0
0
0
0
0
0
0
0
0
0
0
0
0
0
0
0
0
0
0
0
0
0
0
0
0
0
0
0
0
0
0
0
0
0
0
0
0
0
0
0
0
0
0
0
0
0
0
0
0
0
0
0
0
0
0
0
0
0
0
0
0
0
0
0
0
0
0
0
0
0
0
0
0
0
0
0
0
0
0
0
0
0
0
0
0
0
0
0
0
0
0
0
0
0
0
0
74.85392052
74.85392052
74.85392052
74.85392052
74.85392052
74.85392052
74.85392052
74.85392052
74.85392052
74.85392052
74.85392052
74.85392052
74.85392052
74.85392052
74.85392052
74.85392052
74.85392052
74.85392052
74.85392052
74.85392052
74.85392052
74.85392052
74.85392052
74.85392052
74.85392052
74.85392052
0
0
0
0
0
0
0
0
0
0
0
0
0
0
0
0
0
0
0
0
0
0
0
0
0
0
0
0
0
0
0
0
0
0
0
0
0
0
0
0
0
0
0
0
0
0
0
0
0
0
0
0
0
0
0
0
0
0
0
0
0
0
0
0
0
0
0
0
0
0
0
0
0
0
0
0
0
0
0
0
0
0
0
0
0
0
0
0
0
0
0
0
0
0
0
0
0
0
0
0
0
0
0
0
0
0
0
0
0
0
0
0
0
0
0
0
0
0
0
0
0
0
0
0
0
0
0
0
0
0
0
0
0
0
0
0
0
0
0
0
0
0
0
0
0
0
0
0
0
0
0
0
0
0
0
0
0
0
0
0
0
0
0
0
0
0
0
0
0
0
0
0
0
0
0
0
0
0
0
0
0
0
0
0
0
0
0
0
0
0
0
0
0
0
0
0
0
0
0
0
0
0
0
0
0
0
0
0
0
0
0
0
0
0
0
0
0
0
0
0
0
0
0
0
0
0
0
0
0
0
0
0
0
0
0
0
0
0
0
0
0
0
0
0
0
0
0
0
0
0
0
0
0
0
0
0
0
0
0
0
0
0
0
0
0
0
0
0
0
0
0
0
0
0
0
0
0
0
0
0
0
0
0
0
0
0
0
0
0
0
0
0
0
0
0
0
0
0
0
0
0
0
0
0
0
0
0
0
0
0
0
0
0
0
0
0
0
0
0
0
0
0
0
0
0
0
0
0
0
0
0
0
0
0
0
0
0
0
0
0
0
0
0
0
0
0
0
0
0
0
0
0
0
0
0
0
0
0
0
0
0
0
0
0
0
0
0
0
0
0
0
0
0
0
0
0
0
0
0
0
0
0
0
0
0
0
0
0
0
0
0
0
0
0
0
0
0
0
0
0
0
0
0
0
0
0
0
0
0
0
0
0
0
0
0
0
0
0
0
0
0
0
0
0
0
0
0
0
0
0
0
0
0
0
0
0
0
0
0
0
0
0
0
0
0
0
0
0
0
0
0
0
0
0
0
0
0
0
0
0
0
0
0
0
0
0
0
0
0
0
0
0
0
0
0
0
0
0
0
0
0
0
0
0
0
0
0
0
0
0
0
0
0
0
0
0
0
0
0
0
0
0
0
0
0
0
0
0
0
0
0
0
0
0
0
0
0
0
0
0
0
0
0
0
0
0
0
0
0
0
0
0
0
0
0
0
0
0
0
0
0
0
0
0
0
0
0
0
0
0
0
0
0
0
0
0
0
0
0
0
0
0
0
0
0
0
0
0
0
0
0
0
0
0
0
0
0
0
0
0
0
0
0
0
0
0
0
0
0
0
0
0
0
0
0
0
0
0
0
0
0
0
0
0
0
0
0
0
0
0
0
0
0
0
0
0
0
0
0
0
0
0
0
0
0
0
0
0
0
0
0
0
0
0
0
0
0
0
0
0
0
0
0
0
0
0
0
0
0
0
0
0
0
0
0
0
0
0
0
0
0
0
0
0
0
0
0
0
0
0
0
0
0
0
0
0
0
0
0
0
0
0
0
0
0
0
0
0
0
74.85392052
74.85392052
74.85392052
74.85392052
74.85392052
74.85392052
74.85392052
74.85392052
74.85392052
74.85392052
74.85392052
74.85392052
74.85392052
74.85392052
74.85392052
74.85392052
74.85392052
74.85392052
74.85392052
74.85392052
74.85392052
74.85392052
74.85392052
74.85392052
74.85392052
74.85392052
74.85392052
74.85392052
74.85392052
74.85392052
74.85392052
74.85392052
74.85392052
74.85392052
74.85392052
74.85392052
74.85392052
74.85392052
74.85392052
74.85392052
74.85392052
74.85392052
74.85392052
74.85392052
74.85392052
74.85392052
74.85392052
74.85392052
74.85392052
74.85392052
74.85392052
74.85392052
74.85392052
74.85392052
74.85392052
74.85392052
74.85392052
74.85392052
74.85392052
74.85392052
74.85392052
74.85392052
74.85392052
74.85392052
74.85392052
74.85392052
74.85392052
74.85392052
74.85392052
74.85392052
74.85392052
74.85392052
74.85392052
74.85392052
74.85392052
74.85392052
74.85392052
74.85392052
74.85392052
74.85392052
74.85392052
74.85392052
74.85392052
74.85392052
74.85392052
74.85392052
74.85392052
74.85392052
74.85392052
74.85392052
74.85392052
74.85392052
74.85392052
74.85392052
74.85392052
74.85392052
74.85392052
74.85392052
74.85392052
74.85392052
74.85392052
74.85392052
74.85392052
74.85392052
74.85392052
74.85392052
74.85392052
74.85392052
74.85392052
74.85392052
74.85392052
74.85392052
74.85392052
74.85392052
74.85392052
74.85392052
74.85392052
74.85392052
74.85392052
74.85392052
74.85392052
74.85392052
74.85392052
74.85392052
0
0
0
0
0
0
0
0
0
0
0
0
0
0
0
0
0
0
0
0
0
0
0
0
0
0
0
0
0
0
0
0
0
0
0
0
0
0
0
0
0
0
0
0
0
0
0
0
0
0
0
0
0
0
0
0
0
0
0
0
0
0
0
0
0
0
0
0
0
0
0
0
0
0
0
0
0
0
0
0
0
0
0
0
0
0
0
0
0
0
0
0
0
0
0
0
0
0
0
0
0
0
0
0
0
0
0
0
0
0
0
0
0
0
0
0
0
0
0
0
0
0
0
0
0
0
0
0
0
0
0
0
0
0
0
0
0
0
0
0
0
0
0
0
0
0
0
0
0
0
0
0
0
0
0
0
0
0
0
0
0
0
0
0
0
0
0
0
0
0
0
0
0
0
0
0
0
0
0
0
0
0
0
0
0
0
0
0
0
0
0
0
0
0
0
0
0
0
0
0
0
0
0
0
0
0
0
0
0
0
0
0
0
0
0
0
0
0
0
0
0
0
0
0
0
0
0
0
0
0
0
0
0
0
0
0
0
0
0
0
0
0
0
0
0
0
0
0
0
0
0
0
0
0
0
0
0
0
0
0
0
0
0
0
0
0
0
0
0
0
0
0
0
0
0
0
0
0
0
0
0
0
0
0
0
0
0
0
0
0
0
0
0
0
0
0
0
0
0
0
0
0
0
0
0
0
0
0
0
0
0
0
0
0
0
0
0
0
0
0
0
0
0
0
0
0
0
0
0
0
0
0
0
0
0
0
0
0
0
0
0
0
0
0
0
0
0
0
0
0
0
0
0
0
0
0
0
0
0
0
0
0
0
0
0
0
0
0
0
0
0
0
0
0
0
0
0
0
0
0
0
0
0
0
0
0
0
0
0
0
0
0
0
0
0
0
0
0
0
0
0
0
0
0
0
0
0
0
0
0
0
0
0
0
0
0
0
0
0
0
0
0
0
0
0
0
0
0
0
0
0
0
0
0
0
0
0
0
0
0
0
0
0
0
0
0
0
0
0
0
0
0
0
0
0
74.85392052
74.85392052
74.85392052
74.85392052
74.85392052
74.85392052
74.85392052
74.85392052
74.85392052
74.85392052
74.85392052
74.85392052
74.85392052
74.85392052
74.85392052
74.85392052
74.85392052
74.85392052
74.85392052
74.85392052
74.85392052
74.85392052
74.85392052
74.85392052
74.85392052
74.85392052
74.85392052
74.85392052
74.85392052
74.85392052
74.85392052
74.85392052
74.85392052
74.85392052
74.85392052
74.85392052
74.85392052
74.85392052
74.85392052
74.85392052
74.85392052
74.85392052
74.85392052
74.85392052
74.85392052
74.85392052
74.85392052
74.85392052
74.85392052
74.85392052
74.85392052
74.85392052
74.85392052
74.85392052
74.85392052
74.85392052
74.85392052
74.85392052
74.85392052
74.85392052
74.85392052
74.85392052
74.85392052
74.85392052
74.85392052
74.85392052
74.85392052
74.85392052
74.85392052
74.85392052
74.85392052
74.85392052
74.85392052
74.85392052
74.85392052
74.85392052
74.85392052
50.52030715
47.37885778
44.26241756
42.3160119
41.39039209
40.34162432
40.07357056
41.59519477
42.91491652
44.62083777
44.06170859
44.74152006
45.88367193
46.14981818
45.54357762
44.93047583
43.13617634
41.94512209
41.24136424
40.78270765
39.70330132
39.52216289
39.3726898
38.44083183
38.54231144
38.39912475
38.90604349
39.67110911
39.8364597
39.62960634
38.22478865
37.82503298
37.75898871
37.41058279
37.32779648
37.61132495
36.96147722
0
0
0
0
0
0
0
0
0
0
0
0
0
0
0
0
0
0
0
0
0
0
0
0
0
0
0
0
0
0
0
0
0
0
0
0
0
0
0
0
0
0
0
0
0
0
0
0
0
0
0
0
0
0
0
0
0
0
0
0
0
0
0
0
0
0
0
0
0
0
0
0
0
0
0
0
0
0
0
0
0
0
0
0
0
0
0
0
0
0
0
0
0
0
0
0
0
0
0
0
0
0
0
0
0
0
0
0
0
0
0
0
0
0
0
0
0
0
0
0
0
0
0
0
0
0
0
0
0
0
0
0
0
0
0
0
0
0
0
0
0
0
0
0
0
0
0
0
0
0
0
0
0
0
0
0
0
0
0
0
0
0
0
0
0
0
0
0
0
0
0
0
0
0
0
0
0
0
0
0
0
0
0
0
0
0
0
0
0
0
0
0
0
0
0
0
0
0
0
0
0
0
0
0
0
0
0
0
0
0
0
0
0
0
0
0
0
0
0
0
0
0
0
0
0
0
0
0
0
0
0
0
0
0
0
0
0
0
0
0
0
0
0
0
0
0
0
0
0
0
0
0
0
0
0
0
0
0
0
0
0
0
0
0
0
0
0
0
0
0
0
0
0
0
0
0
0
0
0
0
0
0
0
0
0
0
0
0
0
0
0
0
0
0
0
0
0
0
0
0
0
0
0
0
0
0
0
0
0
0
0
0
0
0
0
0
0
0
0
0
0
0
0
0
0
0
0
0
0
0
0
0
0
0
0
0
0
0
0
0
0
0
0
0
0
0
0
0
0
0
0
0
0
0
0
0
0
0
0
0
0
0
0
0
0
0
0
0
0
0
0
0
0
0
0
0
0
0
0
0
0
0
0
0
0
0
0
0
0
0
0
0
0
0
0
0
0
0
0
0
0
0
0
0
0
0
0
0
0
0
0
0
0
0
0
0
0
0
0
0
0
0
0
0
0
0
0
0
0
0
0
0
0
0
0
0
0
0
0
0
0
0
0
0
0
0
0
0
0
0
0
0
0
0
0
0
0
0
0
0
0
0
0
0
0
0
0
0
0
0
0
0
0
0
0
0
0
0
0
0
0
0
0
0
0
0
0
0
0
0
0
0
0
0
0
0
0
0
0
0
0
0
0
0
0
0
0
0
0
0
0
0
0
0
0
0
0
0
0
0
0
0
0
0
0
0
0
0
0
0
0
0
0
0
0
0
0
0
0
0
0
0
0
0
0
0
0
0
0
0
0
0
0
0
0
0
0
0
0
0
0
0
0
0
0
0
0
0
0
0
0
0
0
0
0
0
0
0
0
0
0
0
0
0
0
0
0
0
0
0
0
0
0
0
0
0
0
0
0
0
0
0
0
0
0
0
0
0
0
0
0
0
0
0
0
0
0
0
0
0
0
0
0
0
0
0
0
0
0
0
0
0
0
0
0
0
0
0
0
0
0
0
0
0
0
0
0
0
0
0
0
0
0
0
0
0
0
0
0
0
0
0
0
0
0
0
0
0
0
0
0
0
0
0
0
0
0
0
0
0
0
0
0
0
0
0
0
0
0
0
0
0
0
0
0
0
0
0
0
0
0
0
0
0
0
0
0
0
0
0
0
0
0
0
0
0
0
0
0
0
0
0
0
0
0
0
0
0
0
0
0
0
0
0
0
0
0
0
0
0
0
0
0
0
0
0
0
0
0
0
0
0
0
0
74.85392052
74.85392052
74.85392052
74.85392052
74.85392052
74.85392052
74.85392052
74.85392052
74.85392052
74.85392052
74.85392052
74.85392052
74.85392052
74.85392052
74.85392052
74.85392052
74.85392052
74.85392052
74.85392052
74.85392052
74.85392052
74.85392052
74.85392052
74.85392052
74.85392052
74.85392052
74.85392052
74.85392052
74.85392052
74.85392052
74.85392052
74.85392052
74.85392052
74.85392052
74.85392052
74.85392052
74.85392052
74.85392052
74.85392052
74.85392052
74.85392052
74.85392052
74.85392052
74.85392052
74.85392052
74.85392052
74.85392052
74.85392052
74.85392052
74.85392052
74.85392052
74.85392052
74.85392052
74.85392052
74.85392052
74.85392052
74.85392052
74.85392052
74.85392052
74.85392052
74.85392052
74.85392052
74.85392052
74.85392052
74.85392052
74.85392052
74.85392052
74.85392052
74.85392052
74.85392052
74.85392052
74.85392052
74.85392052
74.85392052
74.85392052
74.85392052
74.85392052
74.85392052
74.85392052
74.85392052
74.85392052
74.85392052
74.85392052
74.85392052
74.85392052
74.85392052
74.85392052
74.85392052
74.85392052
74.85392052
74.85392052
74.85392052
74.85392052
74.85392052
74.85392052
74.85392052
74.85392052
74.85392052
74.85392052
74.85392052
74.85392052
74.85392052
74.85392052
74.85392052
74.85392052
74.85392052
74.85392052
74.85392052
74.85392052
74.85392052
74.85392052
74.85392052
74.85392052
74.85392052
74.85392052
74.85392052
74.85392052
74.85392052
74.85392052
74.85392052
74.85392052
74.85392052
74.85392052
74.85392052
74.85392052
74.85392052
74.85392052
74.85392052
74.85392052
74.85392052
74.85392052
74.85392052
74.85392052
74.85392052
74.85392052
74.85392052
74.85392052
74.85392052
74.85392052
74.85392052
74.85392052
74.85392052
74.85392052
74.85392052
74.85392052
74.85392052
74.85392052
74.85392052
74.85392052
74.85392052
74.85392052
74.85392052
74.85392052
74.85392052
74.85392052
74.85392052
74.85392052
74.85392052
74.85392052
74.85392052
74.85392052
74.85392052
74.85392052
74.85392052
74.85392052
74.85392052
74.85392052
74.85392052
74.85392052
74.85392052
74.85392052
74.85392052
74.85392052
74.85392052
74.85392052
74.85392052
74.85392052
74.85392052
74.85392052
74.85392052
74.85392052
74.85392052
74.85392052
74.85392052
74.85392052
74.85392052
74.85392052
74.85392052
74.85392052
74.85392052
74.85392052
74.85392052
74.85392052
74.85392052
74.85392052
74.85392052
51.8796675
50.45942538
47.34976122
46.86781438
45.00593631
43.35648994
38.4391903
37.19942904
0
0
0
0
0
0
0
0
0
0
0
0
0
0
0
0
0
0
0
0
0
0
0
0
0
0
0
0
0
0
0
0
0
0
0
0
0
0
0
0
0
0
0
0
0
0
0
0
0
0
0
0
0
0
0
0
0
0
0
0
0
0
0
0
0
0
0
0
0
0
0
0
0
0
0
0
0
0
0
0
0
0
0
0
0
0
0
0
0
0
0
0
0
0
0
0
0
0
0
0
0
0
0
0
0
0
0
0
0
0
0
0
0
0
0
0
0
0
0
0
0
0
0
0
0
0
0
0
0
0
0
0
0
0
0
0
0
0
0
74.85392052
74.85392052
74.85392052
74.85392052
74.85392052
74.85392052
74.85392052
74.85392052
74.85392052
74.85392052
74.85392052
74.85392052
74.85392052
74.85392052
74.85392052
74.85392052
74.85392052
74.85392052
74.85392052
74.85392052
74.85392052
74.85392052
74.85392052
74.85392052
74.85392052
74.85392052
74.85392052
74.85392052
74.85392052
74.85392052
74.85392052
74.85392052
74.85392052
74.85392052
74.85392052
74.85392052
74.85392052
74.85392052
74.85392052
74.85392052
74.85392052
74.85392052
74.85392052
74.85392052
74.85392052
74.85392052
74.85392052
74.85392052
74.85392052
74.85392052
74.85392052
74.85392052
74.85392052
74.85392052
74.85392052
74.85392052
74.85392052
74.85392052
74.85392052
74.85392052
74.85392052
54.56014695
54.13427095
57.57788366
63.00219006
68.03909417
71.73195391
74.85392052
74.85392052
74.85392052
74.85392052
74.85392052
74.85392052
74.85392052
74.85392052
74.85392052
74.85392052
74.85392052
74.85392052
74.85392052
74.85392052
74.85392052
74.85392052
74.85392052
74.85392052
74.85392052
74.85392052
74.85392052
74.85392052
74.85392052
74.85392052
74.85392052
74.85392052
74.85392052
74.85392052
74.85392052
74.85392052
74.85392052
74.85392052
74.85392052
74.85392052
74.85392052
74.85392052
74.85392052
74.85392052
74.85392052
74.85392052
74.85392052
74.85392052
74.85392052
74.85392052
74.85392052
74.85392052
74.85392052
74.85392052
74.85392052
74.85392052
74.85392052
74.85392052
74.85392052
74.85392052
74.85392052
74.85392052
74.85392052
74.85392052
74.85392052
74.85392052
74.85392052
74.85392052
74.85392052
74.85392052
74.85392052
74.85392052
74.85392052
74.85392052
74.85392052
74.85392052
74.85392052
74.85392052
74.85392052
74.85392052
74.85392052
74.85392052
74.85392052
74.85392052
55.17435981
54.99656072
54.4963743
53.26387932
50.98431911
50.35470851
48.16098487
44.86170302
40.39002203
38.52568727
37.73435777
0
0
0
0
0
0
0
0
74.85392052
74.85392052
74.85392052
74.85392052
74.85392052
74.85392052
74.85392052
74.85392052
74.85392052
74.85392052
74.85392052
74.85392052
74.85392052
74.85392052
74.85392052
74.85392052
74.85392052
74.85392052
74.85392052
74.85392052
74.85392052
74.85392052
74.85392052
74.85392052
74.85392052
74.85392052
74.85392052
74.85392052
74.85392052
74.85392052
74.85392052
74.85392052
74.85392052
74.85392052
74.85392052
74.85392052
74.85392052
74.85392052
74.85392052
74.85392052
74.85392052
74.85392052
74.85392052
74.85392052
74.85392052
74.85392052
74.85392052
74.85392052
74.85392052
74.85392052
74.85392052
74.85392052
74.85392052
74.85392052
74.85392052
74.85392052
74.85392052
74.85392052
74.85392052
74.85392052
74.85392052
74.85392052
74.85392052
74.85392052
74.85392052
74.85392052
74.85392052
74.85392052
74.85392052
74.85392052
74.85392052
74.85392052
74.85392052
74.85392052
74.85392052
74.85392052
74.85392052
74.85392052
74.85392052
74.85392052
74.85392052
74.85392052
74.85392052
74.85392052
74.85392052
74.85392052
74.85392052
74.85392052
74.85392052
74.85392052
74.85392052
74.85392052
0
0
0
0
0
0
0
0
0
0
0
0
0
0
0
74.85392052
74.85392052
74.85392052
74.85392052
74.85392052
74.85392052
74.85392052
74.85392052
74.85392052
74.85392052
74.85392052
74.85392052
74.85392052
74.85392052
74.85392052
74.85392052
74.85392052
74.85392052
74.85392052
74.85392052
74.85392052
74.85392052
74.85392052
74.85392052
74.85392052
74.85392052
74.85392052
74.85392052
74.85392052
74.85392052
74.85392052
74.85392052
74.85392052
74.85392052
74.85392052
74.85392052
74.85392052
74.85392052
74.85392052
74.85392052
74.85392052
74.85392052
74.85392052
74.85392052
74.85392052
55.96781109
54.07079353
54.46742862
56.49788825
57.67234005
60.01900067
59.60062441
61.76849877
60.39270589
61.52065126
60.41571506
58.17785024
56.60464829
56.83204238
56.27132205
56.4397338
57.35021708
56.79209277
57.83147613
58.66156145
58.04008339
57.27287353
56.13215409
56.65359391
56.12166756
54.67952488
56.11293891
57.19536559
54.73674567
50.0538405
45.49670819
38.67053249
0
0
0
0
0
0
0
0
0
0
0
0
0
0
0
0
0
0
0
0
0
0
0
0
0
0
0
0
0
0
0
0
0
0
0
0
0
0
0
0
0
0
0
0
0
0
0
0
0
0
0
0
0
0
0
0
0
0
0
0
0
0
0
0
0
0
0
0
74.85392052
74.85392052
74.85392052
74.85392052
74.85392052
74.85392052
74.85392052
74.85392052
74.85392052
74.85392052
74.85392052
74.85392052
74.85392052
74.85392052
74.85392052
74.85392052
74.85392052
74.85392052
74.85392052
74.85392052
74.85392052
74.85392052
74.85392052
74.85392052
74.85392052
74.85392052
74.85392052
39.02365465
0
0
0
0
0
0
0
0
0
0
0
0
0
0
0
0
0
0
0
0
0
0
0
0
0
0
0
0
0
0
0
0
0
0
0
0
0
0
0
0
0
0
0
0
0
0
0
0
0
0
0
0
0
0
0
0
0
0
0
0
0
0
0
0
0
0
0
0
0
0
0
0
0
0
0
0
0
0
0
0
0
0
0
0
0
0
0
0
0
0
0
0
0
0
0
0
0
0
0
0
0
0
0
0
0
0
0
0
0
0
0
0
0
74.85392052
74.85392052
74.85392052
74.85392052
74.85392052
74.85392052
74.85392052
74.85392052
74.85392052
74.85392052
74.85392052
74.85392052
74.85392052
74.85392052
74.85392052
74.85392052
74.85392052
74.85392052
74.85392052
74.85392052
74.85392052
74.85392052
74.85392052
74.85392052
74.85392052
74.85392052
74.85392052
74.85392052
74.85392052
74.85392052
74.85392052
74.85392052
74.85392052
74.85392052
74.85392052
74.85392052
74.85392052
74.85392052
74.85392052
74.85392052
74.85392052
74.85392052
74.85392052
74.85392052
74.85392052
74.85392052
74.85392052
74.85392052
74.85392052
74.85392052
74.85392052
74.85392052
74.85392052
74.85392052
74.85392052
74.85392052
74.85392052
74.85392052
74.85392052
74.85392052
74.85392052
74.85392052
74.85392052
74.85392052
74.85392052
74.85392052
74.85392052
74.85392052
74.85392052
74.85392052
74.85392052
74.85392052
74.85392052
74.85392052
74.85392052
74.85392052
74.85392052
74.85392052
74.85392052
74.85392052
74.85392052
62.52670798
62.81205504
63.96375709
65.09807409
66.40203137
67.52700732
69.02827358
71.89830516
74.40974538
74.85392052
74.85392052
74.85392052
74.85392052
74.85392052
74.85392052
74.85392052
74.85392052
74.85392052
74.85392052
74.85392052
74.85392052
74.85392052
74.85392052
74.85392052
74.85392052
74.85392052
74.85392052
74.85392052
74.85392052
74.85392052
74.85392052
74.85392052
74.85392052
74.85392052
74.85392052
74.85392052
74.85392052
74.85392052
74.85392052
74.85392052
74.85392052
74.85392052
74.85392052
74.85392052
74.85392052
74.85392052
74.85392052
74.85392052
74.85392052
74.85392052
74.85392052
74.85392052
74.85392052
74.85392052
74.85392052
74.85392052
74.85392052
74.85392052
74.85392052
74.85392052
74.85392052
74.85392052
74.85392052
74.85392052
74.85392052
74.85392052
74.85392052
74.85392052
74.85392052
74.85392052
74.85392052
74.85392052
50.07035699
49.59539617
48.91211888
48.98169819
46.60460604
44.79145866
43.08660767
44.02168278
43.84841616
41.69921083
40.77295303
41.07576893
39.77203603
41.49534123
38.48169327
0
0
0
0
0
0
0
0
0
0
0
0
0
0
0
0
0
0
0
0
0
0
0
0
0
0
0
0
0
0
0
0
0
0
0
0
0
0
0
0
0
0
0
0
0
0
0
0
0
0
0
0
0
0
0
0
0
0
0
0
0
0
0
0
0
0
0
0
0
0
0
0
0
0
0
0
0
0
0
0
0
0
0
0
0
0
0
0
0
0
0
0
0
0
0
0
0
0
0
0
0
0
0
0
0
0
0
0
0
0
0
0
0
0
0
0
0
0
0
0
0
0
0
74.85392052
74.85392052
74.85392052
74.85392052
74.85392052
74.85392052
74.85392052
74.85392052
74.85392052
74.85392052
74.85392052
74.85392052
74.85392052
74.85392052
74.85392052
74.85392052
74.85392052
74.85392052
74.85392052
74.85392052
74.85392052
74.85392052
74.85392052
74.85392052
74.85392052
74.85392052
74.85392052
74.85392052
74.85392052
74.85392052
74.85392052
74.85392052
74.85392052
74.85392052
74.85392052
54.19362351
53.267881
53.61152194
54.50272526
57.08468434
60.66853232
65.61461378
71.05671806
73.12994883
73.66124415
73.28463973
71.25754899
67.5088829
65.02176556
65.06337494
63.36413062
63.75258952
62.77235875
60.55457506
59.04751252
56.86026376
54.21521052
52.49216108
51.23133729
50.57763711
50.29054347
50.99947558
51.01745295
51.28309511
51.16510634
50.14896375
48.31285885
47.32545012
46.30936529
44.76615684
41.88827567
39.0660281
0
0
0
0
0
0
0
0
0
0
0
0
0
0
0
0
0
0
0
0
0
0
0
0
0
0
0
0
0
0
0
0
0
74.85392052
74.85392052
74.85392052
74.85392052
74.85392052
74.85392052
74.85392052
74.85392052
74.85392052
74.85392052
74.85392052
74.85392052
74.85392052
74.85392052
74.85392052
74.85392052
74.85392052
74.85392052
74.85392052
74.85392052
74.85392052
74.85392052
74.85392052
74.85392052
74.85392052
74.85392052
74.85392052
74.85392052
74.85392052
74.85392052
74.85392052
74.85392052
74.85392052
74.85392052
74.85392052
74.85392052
74.85392052
74.85392052
74.85392052
74.85392052
74.85392052
74.85392052
74.85392052
74.85392052
74.85392052
74.85392052
74.85392052
74.85392052
74.85392052
74.85392052
74.85392052
74.85392052
74.85392052
74.85392052
74.85392052
74.85392052
74.85392052
74.85392052
74.85392052
74.85392052
74.85392052
74.85392052
74.85392052
74.85392052
74.85392052
74.85392052
74.85392052
74.85392052
49.4739945
51.10150677
54.12526128
56.9867256
60.26840101
64.16549868
68.09110807
71.4240114
74.85392052
74.85392052
74.85392052
74.85392052
74.85392052
74.85392052
74.85392052
74.85392052
74.85392052
74.85392052
74.85392052
74.85392052
74.85392052
74.85392052
74.85392052
74.85392052
74.85392052
74.85392052
74.85392052
74.85392052
74.85392052
74.85392052
74.85392052
74.85392052
74.85392052
74.85392052
74.85392052
74.85392052
74.85392052
74.85392052
74.85392052
74.85392052
74.85392052
74.85392052
74.85392052
74.85392052
74.85392052
74.85392052
74.85392052
74.85392052
74.85392052
74.85392052
74.85392052
74.85392052
74.85392052
74.85392052
74.85392052
74.85392052
74.85392052
74.85392052
74.85392052
74.85392052
74.85392052
74.85392052
74.85392052
74.85392052
74.85392052
74.85392052
74.85392052
74.85392052
74.85392052
74.85392052
74.85392052
74.85392052
74.85392052
74.85392052
74.85392052
74.85392052
74.85392052
74.85392052
74.85392052
74.85392052
74.85392052
74.85392052
74.85392052
74.85392052
74.85392052
74.85392052
74.85392052
74.85392052
74.85392052
74.85392052
74.85392052
74.85392052
74.85392052
74.85392052
74.85392052
74.85392052
74.85392052
74.85392052
74.85392052
74.85392052
74.85392052
74.85392052
74.85392052
74.85392052
74.85392052
74.85392052
74.85392052
74.85392052
74.85392052
74.85392052
74.85392052
74.85392052
74.85392052
74.85392052
74.85392052
74.85392052
74.85392052
74.85392052
74.85392052
74.85392052
74.85392052
74.85392052
74.85392052
74.85392052
74.85392052
74.85392052
74.85392052
74.85392052
74.85392052
74.85392052
74.85392052
74.85392052
74.85392052
74.85392052
74.85392052
74.85392052
74.85392052
74.85392052
74.85392052
74.85392052
74.85392052
74.85392052
74.85392052
74.85392052
74.85392052
74.85392052
74.85392052
74.85392052
74.85392052
74.85392052
74.85392052
74.85392052
74.85392052
74.85392052
74.85392052
74.85392052
74.85392052
74.85392052
74.85392052
74.85392052
74.85392052
74.85392052
74.85392052
74.85392052
74.85392052
74.85392052
74.85392052
74.85392052
74.85392052
74.85392052
74.85392052
74.85392052
74.85392052
74.85392052
74.85392052
74.85392052
74.85392052
74.85392052
74.85392052
74.85392052
74.85392052
74.85392052
74.85392052
74.85392052
74.85392052
74.85392052
74.85392052
74.85392052
74.85392052
74.85392052
74.85392052
74.85392052
38.26753047
0
0
0
0
0
0
0
0
0
0
0
0
0
0
0
0
0
0
0
0
0
0
0
0
0
0
0
0
0
0
0
0
0
0
0
0
0
0
0
0
0
0
0
0
0
0
0
0
0
0
0
0
0
0
0
0
0
0
0
0
0
0
0
0
0
0
0
0
0
0
0
0
0
0
0
0
0
0
0
0
0
0
0
0
0
0
0
0
0
0
0
0
0
0
0
0
0
0
0
0
0
0
0
0
0
0
0
0
0
0
0
0
0
0
0
0
0
0
0
0
0
74.85392052
74.85392052
74.85392052
74.85392052
74.85392052
74.85392052
74.85392052
74.85392052
74.85392052
74.85392052
74.85392052
74.85392052
74.85392052
74.85392052
74.85392052
74.85392052
74.85392052
74.85392052
74.85392052
74.85392052
74.85392052
74.85392052
74.85392052
74.85392052
74.85392052
74.85392052
74.85392052
74.85392052
74.85392052
74.85392052
74.85392052
74.85392052
74.85392052
74.85392052
74.85392052
74.85392052
74.85392052
74.85392052
74.85392052
74.85392052
74.85392052
74.85392052
74.85392052
74.85392052
74.85392052
74.85392052
74.85392052
74.85392052
74.85392052
74.85392052
74.85392052
74.85392052
74.85392052
74.85392052
74.85392052
74.85392052
74.85392052
74.85392052
74.85392052
74.85392052
74.85392052
74.85392052
74.85392052
74.85392052
74.85392052
74.85392052
74.85392052
74.85392052
74.85392052
74.85392052
74.85392052
74.85392052
74.85392052
74.85392052
74.85392052
74.85392052
74.85392052
74.85392052
74.85392052
74.85392052
74.85392052
74.85392052
74.85392052
74.85392052
74.85392052
74.85392052
74.85392052
74.85392052
74.85392052
74.85392052
74.85392052
74.85392052
74.85392052
74.85392052
74.85392052
74.85392052
74.85392052
74.85392052
74.85392052
74.85392052
74.85392052
74.85392052
74.85392052
74.85392052
74.85392052
74.85392052
74.85392052
74.85392052
74.85392052
74.85392052
74.85392052
74.85392052
74.85392052
74.85392052
74.85392052
74.85392052
74.85392052
74.85392052
74.85392052
74.85392052
74.85392052
74.85392052
74.85392052
74.85392052
74.85392052
74.85392052
74.85392052
74.85392052
74.85392052
74.85392052
74.85392052
74.85392052
74.85392052
74.85392052
74.85392052
74.85392052
74.85392052
74.85392052
74.85392052
74.85392052
74.85392052
74.85392052
74.85392052
74.85392052
74.85392052
74.85392052
74.85392052
74.85392052
74.85392052
74.85392052
74.85392052
74.85392052
74.85392052
74.85392052
74.85392052
74.85392052
74.85392052
74.85392052
74.85392052
74.85392052
74.85392052
74.85392052
74.85392052
74.85392052
74.85392052
74.85392052
74.85392052
74.85392052
74.85392052
74.85392052
74.85392052
74.85392052
74.85392052
74.85392052
74.85392052
74.85392052
74.85392052
74.85392052
74.85392052
74.85392052
74.85392052
74.85392052
74.85392052
74.85392052
74.85392052
74.85392052
74.85392052
74.85392052
74.85392052
74.85392052
74.85392052
74.85392052
74.85392052
74.85392052
74.85392052
74.85392052
74.85392052
74.85392052
74.85392052
74.85392052
74.85392052
74.85392052
74.85392052
74.85392052
74.85392052
74.85392052
74.85392052
74.85392052
74.85392052
74.85392052
74.85392052
74.85392052
74.85392052
74.85392052
74.85392052
74.85392052
74.85392052
74.85392052
74.85392052
74.85392052
74.85392052
74.85392052
74.85392052
74.85392052
74.85392052
0
0
0
0
0
0
0
0
0
0
0
0
0
0
74.85392052
74.85392052
74.85392052
74.85392052
74.85392052
74.85392052
74.85392052
74.85392052
74.85392052
74.85392052
74.85392052
74.85392052
74.85392052
74.85392052
74.85392052
74.85392052
74.85392052
74.85392052
74.85392052
74.85392052
74.85392052
74.85392052
47.60517982
44.53058954
40.92249267
39.68148618
39.20872821
39.34563997
40.47173854
41.68600962
42.8680523
43.95649965
45.28490872
47.97987289
51.09930758
51.82677958
52.51589381
54.5346496
55.38243213
55.72705898
56.88009429
57.63876857
60.90444748
60.99633216
62.75866085
65.86449546
69.44327295
71.74750752
73.40641113
74.85392052
74.85392052
74.85392052
74.85392052
74.85392052
74.85392052
74.85392052
74.85392052
74.85392052
74.85392052
74.85392052
74.85392052
74.85392052
74.85392052
74.85392052
74.85392052
74.85392052
74.85392052
52.54438206
50.45752402
48.23929299
43.43225653
39.04117034
0
0
0
0
0
0
0
0
0
0
0
0
0
0
0
0
0
0
0
0
0
0
0
0
0
0
0
0
0
0
0
0
0
0
0
0
0
0
0
0
0
0
0
0
0
0
0
0
0
0
0
0
0
0
0
0
0
0
0
0
0
0
0
0
0
0
0
0
0
0
0
0
0
0
0
0
0
74.85392052
74.85392052
74.85392052
74.85392052
74.85392052
74.85392052
74.85392052
74.85392052
74.85392052
74.85392052
74.85392052
74.85392052
74.85392052
74.85392052
74.85392052
74.85392052
74.85392052
74.85392052
74.85392052
74.85392052
74.85392052
74.85392052
74.85392052
74.85392052
74.85392052
74.85392052
74.85392052
74.85392052
74.85392052
74.85392052
74.85392052
74.85392052
74.85392052
74.85392052
74.85392052
74.85392052
74.85392052
74.85392052
74.85392052
74.85392052
74.85392052
74.85392052
74.85392052
74.85392052
74.85392052
74.85392052
74.85392052
74.85392052
74.85392052
74.85392052
74.85392052
74.85392052
74.85392052
74.85392052
74.85392052
74.85392052
74.85392052
74.85392052
74.85392052
74.85392052
74.85392052
74.85392052
74.85392052
74.85392052
74.85392052
74.85392052
74.85392052
74.85392052
74.85392052
74.85392052
74.85392052
74.85392052
74.85392052
74.85392052
74.85392052
74.85392052
74.85392052
74.85392052
74.85392052
74.85392052
74.85392052
74.85392052
74.85392052
74.85392052
74.85392052
74.85392052
74.85392052
74.85392052
74.85392052
74.85392052
74.85392052
74.85392052
74.85392052
74.85392052
74.85392052
74.85392052
74.85392052
74.85392052
74.85392052
74.85392052
74.85392052
74.85392052
74.85392052
74.85392052
74.85392052
74.85392052
74.85392052
74.85392052
74.85392052
74.85392052
74.85392052
74.85392052
74.85392052
74.85392052
74.85392052
74.85392052
74.85392052
74.85392052
51.06931441
48.76594969
47.47521365
45.39129134
43.66838344
42.91404285
42.91342169
44.64672931
45.44309555
45.5962703
44.77671367
44.46502564
45.302011
48.22601497
50.45252425
52.38711153
53.36262906
52.05686079
49.41643509
47.25615951
44.64151237
42.25396194
40.8277657
39.32986566
38.16148878
36.90700812
0
0
0
0
0
0
0
0
0
0
0
0
0
0
0
0
0
0
0
0
0
0
0
0
0
0
0
0
0
0
0
0
0
0
0
0
0
0
0
0
0
0
0
0
0
0
0
0
0
0
0
0
0
0
0
0
0
0
0
0
0
0
0
0
0
0
0
0
0
0
0
0
0
0
0
0
0
0
0
0
0
0
0
0
0
74.85392052
74.85392052
74.85392052
74.85392052
74.85392052
74.85392052
74.85392052
74.85392052
74.85392052
74.85392052
74.85392052
74.85392052
74.85392052
74.85392052
74.85392052
74.85392052
74.85392052
74.85392052
74.85392052
74.85392052
74.85392052
74.85392052
74.85392052
74.85392052
74.85392052
74.85392052
74.85392052
74.85392052
74.85392052
74.85392052
74.85392052
74.85392052
74.85392052
74.85392052
74.85392052
74.85392052
74.85392052
74.85392052
74.85392052
74.85392052
74.85392052
74.85392052
74.85392052
74.85392052
74.85392052
74.85392052
74.85392052
74.85392052
74.85392052
74.85392052
74.85392052
74.85392052
74.85392052
74.85392052
74.85392052
74.85392052
74.85392052
74.85392052
74.85392052
74.85392052
74.85392052
74.85392052
74.85392052
74.85392052
74.85392052
74.85392052
74.85392052
74.85392052
50.75093276
48.18289353
46.60084203
45.0900916
44.1958512
43.84373942
42.07669841
40.1186312
37.79326013
0
0
0
0
0
0
0
0
0
0
0
0
0
0
0
0
0
0
0
0
0
0
0
0
0
0
0
0
0
0
0
74.85392052
74.85392052
74.85392052
74.85392052
74.85392052
74.85392052
74.85392052
74.85392052
74.85392052
74.85392052
74.85392052
74.85392052
74.85392052
74.85392052
74.85392052
74.85392052
74.85392052
74.85392052
74.85392052
74.85392052
74.85392052
74.85392052
74.85392052
74.85392052
74.85392052
74.85392052
74.85392052
74.85392052
74.85392052
74.85392052
74.85392052
74.85392052
74.85392052
74.85392052
74.85392052
74.85392052
74.85392052
74.85392052
74.85392052
74.85392052
74.85392052
74.85392052
74.85392052
74.85392052
74.85392052
74.85392052
74.85392052
74.85392052
74.85392052
74.85392052
74.85392052
74.85392052
74.85392052
74.85392052
74.85392052
74.85392052
74.85392052
74.85392052
54.12791744
52.90638796
52.016457
50.2683865
49.86701919
49.454036
48.18849629
45.93217612
45.16249681
45.32891832
44.11578817
43.47521837
41.41108215
38.9761676
37.57088345
37.16190453
37.58473776
39.53609873
43.63164902
46.96714077
50.03734772
52.3694365
55.15522859
57.70224303
59.29277917
57.5699567
56.01351092
53.60721842
51.39100224
49.1439218
46.81828662
46.18239774
45.59091558
45.54562947
46.46470413
47.55189514
49.23085673
51.99213527
53.35786928
53.49506119
54.09324908
54.64631983
55.07955265
54.29688502
54.15167585
53.07918736
51.6645423
49.32965925
46.59317517
44.30458908
39.81795559
0
0
0
0
0
0
0
0
0
0
0
0
0
0
0
0
0
0
0
0
0
0
0
0
0
0
0
0
0
0
0
0
0
0
0
0
0
0
0
0
0
0
0
0
0
0
0
0
0
0
0
0
0
0
0
0
0
0
0
0
0
0
0
0
0
0
0
0
74.85392052
74.85392052
74.85392052
74.85392052
74.85392052
74.85392052
74.85392052
74.85392052
74.85392052
74.85392052
74.85392052
74.85392052
74.85392052
74.85392052
74.85392052
74.85392052
74.85392052
74.85392052
74.85392052
74.85392052
74.85392052
74.85392052
74.85392052
74.85392052
74.85392052
74.85392052
74.85392052
74.85392052
74.85392052
74.85392052
74.85392052
74.85392052
74.85392052
74.85392052
74.85392052
74.85392052
60.18951134
0
0
0
0
0
0
0
0
0
0
0
0
0
0
0
0
74.85392052
74.85392052
74.85392052
74.85392052
74.85392052
74.85392052
74.85392052
74.85392052
74.85392052
74.85392052
74.85392052
74.85392052
49.94389933
48.61990794
48.1205799
46.35386539
45.04955227
43.66130477
43.57449299
42.77441562
41.81282274
40.23597526
37.92172964
0
0
0
0
0
0
0
0
0
0
0
0
0
0
0
0
0
0
0
0
0
0
0
0
0
0
0
0
0
0
0
0
0
0
0
0
0
0
0
0
0
0
0
0
0
0
0
0
0
0
0
0
0
0
0
0
0
0
0
0
0
0
0
0
0
0
0
0
0
0
0
0
0
0
0
0
0
0
0
0
0
0
0
0
0
0
0
0
0
0
0
0
0
0
0
0
0
0
0
0
0
0
0
0
0
0
0
0
0
0
0
0
0
0
0
0
0
0
0
0
0
0
0
0
0
0
0
0
0
0
0
0
0
0
0
0
0
0
0
0
0
0
0
0
0
0
0
0
0
0
0
0
0
0
0
0
0
0
0
0
0
0
0
0
0
0
0
0
0
0
0
0
0
0
0
0
0
0
0
0
0
0
0
0
0
0
0
0
0
0
0
0
0
0
0
0
0
0
0
0
0
0
0
0
0
0
0
0
0
0
0
0
0
0
0
0
0
0
0
0
0
0
0
0
0
0
0
0
0
0
0
0
0
0
0
0
0
0
0
0
0
0
0
0
0
0
0
0
0
0
0
0
0
0
0
0
0
0
0
0
0
0
0
0
0
0
0
0
0
0
0
0
0
0
0
0
0
0
0
0
0
0
0
0
0
0
0
0
0
0
0
0
0
0
0
0
0
0
0
0
0
0
0
0
0
0
0
0
0
0
0
0
0
0
0
0
0
0
74.85392052
74.85392052
74.85392052
74.85392052
74.85392052
74.85392052
74.85392052
74.85392052
74.85392052
74.85392052
74.85392052
74.85392052
74.85392052
74.85392052
74.85392052
74.85392052
74.85392052
74.85392052
74.85392052
74.85392052
74.85392052
74.85392052
74.85392052
45.08073741
46.40289317
50.52255004
55.22774318
60.18165894
66.21579953
67.91832536
68.41975209
68.41166594
68.01785101
68.33873131
68.70973649
69.20442933
70.55305334
71.36770156
72.33748516
73.45433845
74.85392052
74.85392052
74.85392052
74.85392052
74.85392052
74.85392052
74.85392052
74.85392052
74.85392052
74.85392052
74.85392052
74.85392052
74.85392052
74.85392052
74.85392052
74.85392052
74.85392052
74.85392052
74.85392052
74.85392052
74.85392052
74.85392052
74.85392052
74.85392052
74.85392052
74.85392052
74.85392052
74.85392052
74.85392052
74.85392052
74.85392052
74.85392052
74.85392052
74.85392052
74.85392052
74.85392052
74.85392052
74.85392052
74.85392052
74.85392052
74.85392052
74.85392052
74.85392052
74.85392052
74.85392052
74.85392052
74.85392052
74.85392052
74.85392052
74.85392052
74.85392052
74.85392052
74.85392052
74.85392052
74.85392052
74.85392052
74.85392052
74.85392052
74.85392052
74.85392052
74.85392052
74.85392052
74.85392052
74.85392052
74.85392052
74.85392052
74.85392052
74.85392052
74.85392052
74.85392052
74.85392052
74.85392052
74.85392052
74.85392052
74.85392052
74.85392052
74.85392052
74.85392052
74.85392052
74.85392052
74.85392052
74.85392052
74.85392052
74.85392052
74.85392052
74.85392052
74.85392052
74.85392052
74.85392052
74.85392052
74.85392052
74.85392052
74.85392052
74.85392052
74.85392052
74.85392052
74.85392052
74.85392052
74.85392052
74.85392052
74.85392052
74.85392052
74.85392052
74.85392052
74.85392052
74.85392052
74.85392052
74.85392052
74.85392052
74.85392052
74.85392052
74.85392052
74.85392052
74.85392052
74.85392052
74.85392052
74.85392052
74.85392052
74.85392052
74.85392052
74.85392052
74.85392052
74.85392052
74.85392052
74.85392052
74.85392052
74.85392052
74.85392052
74.85392052
74.85392052
74.85392052
74.85392052
74.85392052
74.85392052
74.85392052
74.85392052
74.85392052
74.85392052
74.85392052
74.85392052
74.85392052
74.85392052
74.85392052
74.85392052
74.85392052
74.85392052
74.85392052
74.85392052
74.85392052
74.85392052
74.85392052
74.85392052
54.67226786
52.66834621
53.23969104
52.51171631
51.19363767
52.04707811
51.24790004
51.85535753
51.34196477
52.24775749
51.19195567
51.72557088
51.83513059
52.15331236
49.88370015
48.95509872
46.10121568
44.2291538
41.56459094
39.18479412
37.13803965
0
0
0
0
0
0
0
0
0
0
0
0
0
0
0
0
0
0
0
0
0
0
0
0
0
0
0
0
0
0
0
0
0
0
0
0
0
0
0
0
0
0
0
0
0
0
0
0
0
0
0
0
0
0
0
0
0
0
0
0
0
0
0
0
0
0
0
0
0
0
0
0
0
0
0
0
0
0
0
0
0
0
0
0
0
0
0
0
0
0
0
0
0
0
0
0
0
0
0
0
0
0
0
0
0
0
0
0
0
0
0
0
0
0
0
0
0
0
0
0
0
0
0
0
0
0
0
0
0
0
0
0
0
0
0
0
0
0
0
0
0
0
0
0
0
0
0
0
0
0
0
0
0
0
0
0
0
0
0
0
0
0
0
0
0
0
0
0
0
0
0
0
0
0
0
0
0
0
0
0
0
0
0
0
0
0
0
0
0
0
0
0
0
0
0
0
0
0
0
0
0
0
0
0
0
0
0
0
0
0
0
0
0
0
0
0
0
0
0
0
0
0
0
0
0
0
0
0
0
0
0
0
0
0
0
0
0
0
0
0
0
0
0
0
0
0
0
0
0
0
0
0
0
0
0
0
0
0
0
0
0
0
0
0
0
0
0
0
0
0
0
0
0
0
0
0
0
0
0
0
0
0
0
0
0
0
0
0
0
0
0
0
0
0
0
0
0
0
0
0
0
0
0
0
0
0
0
0
0
0
0
0
0
0
0
0
0
0
0
0
0
0
0
0
0
0
0
0
0
0
0
0
0
0
0
0
0
0
0
0
0
0
0
0
0
0
0
0
0
0
0
0
0
0
0
0
0
0
0
0
0
0
0
0
0
0
0
0
0
0
0
0
0
0
0
0
0
0
0
0
0
0
0
0
0
0
0
0
0
0
0
0
0
0
0
0
0
0
0
0
0
0
0
0
0
0
0
0
0
0
0
0
0
0
0
0
0
0
0
0
0
0
0
0
0
0
0
0
0
0
0
0
0
0
0
0
0
0
0
0
0
0
0
0
0
0
0
0
0
0
0
0
0
0
0
0
0
0
0
0
0
0
0
0
0
0
0
0
0
0
0
0
0
0
0
0
0
0
0
0
0
0
0
0
0
0
0
0
0
0
0
0
0
0
0
0
0
0
0
0
0
0
0
0
0
0
0
0
0
0
0
0
0
0
0
0
0
0
0
0
0
0
0
0
0
0
0
0
0
0
0
0
0
0
0
0
0
0
0
0
0
0
0
0
0
0
0
0
0
0
0
74.85392052
74.85392052
74.85392052
74.85392052
74.85392052
74.85392052
74.85392052
74.85392052
74.85392052
74.85392052
74.85392052
74.85392052
74.85392052
74.85392052
74.85392052
74.85392052
74.85392052
74.85392052
74.85392052
74.85392052
74.85392052
74.85392052
74.85392052
74.85392052
74.85392052
74.85392052
74.85392052
74.85392052
47.73350743
49.09619839
52.5464479
57.55693956
63.75823492
68.33214599
72.56444299
74.85392052
74.85392052
74.85392052
74.85392052
74.85392052
74.85392052
74.85392052
74.85392052
74.85392052
74.85392052
74.85392052
74.85392052
74.85392052
74.85392052
74.85392052
74.85392052
74.85392052
74.85392052
74.85392052
74.85392052
74.85392052
74.85392052
74.85392052
74.85392052
74.85392052
74.85392052
74.85392052
74.85392052
53.57358109
51.25513191
50.21796589
48.09610834
45.46360058
43.15530944
41.48616183
40.07881584
38.56119934
36.5749098
0
0
0
0
0
0
0
0
0
0
0
0
0
0
0
0
0
0
0
0
0
0
0
0
0
0
0
0
0
0
0
0
0
0
0
0
0
0
0
0
0
0
0
0
74.85392052
74.85392052
74.85392052
74.85392052
74.85392052
74.85392052
45.9896359
45.53637389
49.1619293
52.60353119
56.76851915
63.26677447
73.16200474
74.85392052
74.85392052
74.85392052
74.85392052
74.85392052
74.85392052
74.85392052
74.85392052
74.85392052
74.85392052
74.85392052
74.85392052
74.85392052
74.85392052
74.85392052
74.85392052
74.85392052
74.85392052
74.85392052
74.85392052
74.85392052
74.85392052
74.85392052
74.85392052
74.85392052
74.85392052
74.85392052
74.85392052
74.85392052
74.85392052
74.85392052
74.85392052
74.85392052
74.85392052
74.85392052
74.85392052
74.85392052
74.85392052
74.85392052
74.85392052
74.85392052
74.85392052
74.85392052
74.85392052
74.85392052
74.85392052
74.85392052
74.85392052
74.85392052
74.85392052
74.85392052
74.85392052
74.85392052
74.85392052
74.85392052
74.85392052
74.85392052
74.85392052
74.85392052
74.85392052
74.85392052
74.85392052
74.85392052
74.85392052
74.85392052
74.85392052
74.85392052
74.85392052
74.85392052
74.85392052
74.85392052
74.85392052
74.85392052
74.85392052
74.85392052
74.85392052
74.85392052
74.85392052
74.85392052
74.85392052
74.85392052
74.85392052
74.85392052
74.85392052
74.85392052
74.85392052
74.85392052
74.85392052
74.85392052
74.85392052
74.85392052
74.85392052
74.85392052
74.85392052
74.85392052
74.85392052
74.85392052
74.85392052
74.85392052
74.85392052
74.85392052
74.85392052
74.85392052
74.85392052
74.85392052
74.85392052
74.85392052
74.85392052
74.85392052
74.85392052
74.85392052
74.85392052
74.85392052
74.85392052
74.85392052
74.85392052
74.85392052
74.85392052
74.85392052
74.85392052
74.85392052
74.85392052
74.85392052
74.85392052
74.85392052
74.85392052
74.85392052
74.85392052
74.85392052
74.85392052
74.85392052
74.85392052
74.85392052
74.85392052
74.85392052
74.85392052
74.85392052
74.85392052
74.85392052
74.85392052
74.85392052
74.85392052
74.85392052
74.85392052
74.85392052
74.85392052
74.85392052
74.85392052
74.85392052
74.85392052
74.85392052
74.85392052
74.85392052
74.85392052
74.85392052
74.85392052
74.85392052
74.85392052
74.85392052
74.85392052
74.85392052
74.85392052
74.85392052
74.85392052
74.85392052
74.85392052
74.85392052
74.85392052
74.85392052
74.85392052
74.85392052
74.85392052
74.85392052
74.85392052
74.85392052
74.85392052
74.85392052
74.85392052
74.85392052
74.85392052
74.85392052
74.85392052
74.85392052
74.85392052
74.85392052
74.85392052
74.85392052
74.85392052
74.85392052
74.85392052
74.85392052
74.85392052
74.85392052
74.85392052
74.85392052
54.41376474
54.89099852
55.74605155
57.6800124
60.40085474
61.87633605
59.99628867
59.98306837
61.04991043
62.36405374
62.28888626
63.69999628
64.89308714
66.59736511
67.44744623
68.32722955
65.2109398
63.64784275
63.39003732
65.40156767
63.17370021
59.71656707
58.40046443
59.79904615
62.64699413
61.08219754
60.73387022
62.12856407
62.81056724
61.04326312
60.9341202
61.93952809
61.41722489
63.48187623
61.89791722
60.54993442
58.34122822
54.19667236
47.66712547
44.18588638
40.81138266
38.46578991
36.61488143
0
0
0
0
0
0
0
0
0
0
0
0
0
0
0
0
0
0
0
0
0
0
0
0
0
0
0
0
0
74.85392052
74.85392052
74.85392052
74.85392052
74.85392052
74.85392052
74.85392052
74.85392052
74.85392052
74.85392052
74.85392052
74.85392052
74.85392052
42.10011081
0
0
0
0
0
0
0
0
0
0
0
0
0
0
0
0
0
0
0
0
0
0
0
0
0
0
0
0
0
0
0
0
0
0
0
0
0
0
0
0
0
0
0
0
0
0
0
0
0
0
0
0
0
0
0
0
0
0
0
0
0
0
0
0
0
0
0
0
0
0
0
74.85392052
74.85392052
74.85392052
74.85392052
74.85392052
74.85392052
74.85392052
74.85392052
74.85392052
74.85392052
74.85392052
74.85392052
74.85392052
74.85392052
74.85392052
74.85392052
74.85392052
74.85392052
74.85392052
74.85392052
74.85392052
74.85392052
74.85392052
74.85392052
74.85392052
74.85392052
74.85392052
74.85392052
74.85392052
74.85392052
74.85392052
74.85392052
74.85392052
74.85392052
74.85392052
74.85392052
74.85392052
74.85392052
74.85392052
74.85392052
74.85392052
74.85392052
74.85392052
74.85392052
74.85392052
74.85392052
74.85392052
74.85392052
74.85392052
74.85392052
74.85392052
74.85392052
74.85392052
74.85392052
74.85392052
74.85392052
74.85392052
74.85392052
74.85392052
74.85392052
74.85392052
74.85392052
74.85392052
74.85392052
74.85392052
74.85392052
74.85392052
74.85392052
74.85392052
74.85392052
74.85392052
74.85392052
74.85392052
74.85392052
74.85392052
74.85392052
74.85392052
74.85392052
74.85392052
74.85392052
74.85392052
74.85392052
74.85392052
74.85392052
74.85392052
74.85392052
74.85392052
74.85392052
74.85392052
74.85392052
74.85392052
74.85392052
74.85392052
74.85392052
74.85392052
74.85392052
74.85392052
74.85392052
74.85392052
74.85392052
74.85392052
74.85392052
74.85392052
74.85392052
74.85392052
74.85392052
74.85392052
74.85392052
74.85392052
74.85392052
74.85392052
74.85392052
74.85392052
74.85392052
74.85392052
74.85392052
74.85392052
74.85392052
74.85392052
74.85392052
74.85392052
74.85392052
74.85392052
39.6034732
0
0
0
0
0
0
0
0
0
0
0
0
0
0
0
0
0
0
0
0
0
0
0
0
0
0
0
0
0
0
0
0
0
0
0
0
0
0
0
0
0
0
0
0
0
0
0
0
0
0
0
0
0
0
0
0
0
0
0
0
0
0
0
0
0
0
0
0
0
0
0
0
0
0
0
0
0
0
0
0
0
0
0
0
0
0
0
0
0
0
0
0
0
0
0
0
0
0
0
0
0
0
0
0
0
0
0
0
0
0
0
0
0
0
0
0
0
0
0
0
0
0
0
0
0
0
0
0
0
0
0
0
0
0
0
0
0
0
0
0
0
0
0
0
0
0
0
0
0
0
0
0
0
0
0
0
0
0
0
0
74.85392052
74.85392052
74.85392052
74.85392052
74.85392052
74.85392052
74.85392052
74.85392052
74.85392052
74.85392052
74.85392052
74.85392052
74.85392052
74.85392052
74.85392052
74.85392052
74.85392052
74.85392052
74.85392052
74.85392052
74.85392052
74.85392052
74.85392052
74.85392052
74.85392052
74.85392052
74.85392052
74.85392052
74.85392052
74.85392052
49.63568032
49.23204942
50.56426369
53.72666962
58.68033826
64.98344985
68.19521016
70.28211508
72.58200993
74.85392052
74.85392052
74.85392052
74.85392052
74.85392052
74.85392052
74.85392052
74.85392052
74.85392052
74.85392052
74.85392052
74.85392052
74.85392052
74.85392052
74.85392052
74.85392052
74.85392052
74.85392052
74.85392052
74.85392052
74.85392052
74.85392052
74.85392052
74.85392052
74.85392052
74.85392052
74.85392052
74.85392052
74.85392052
74.85392052
51.94898687
47.16762944
43.41688855
39.04048925
0
0
0
0
0
0
0
0
0
0
0
0
0
0
0
0
0
0
0
0
0
0
0
0
0
0
0
0
0
0
0
0
0
0
0
0
0
0
0
0
74.85392052
74.85392052
74.85392052
74.85392052
74.85392052
74.85392052
74.85392052
74.85392052
74.85392052
74.85392052
74.85392052
74.85392052
74.85392052
74.85392052
74.85392052
74.85392052
74.85392052
74.85392052
74.85392052
74.85392052
74.85392052
74.85392052
74.85392052
74.85392052
74.85392052
74.85392052
74.85392052
74.85392052
74.85392052
74.85392052
74.85392052
74.85392052
74.85392052
74.85392052
74.85392052
74.85392052
74.85392052
74.85392052
74.85392052
74.85392052
74.85392052
74.85392052
74.85392052
74.85392052
74.85392052
74.85392052
74.85392052
74.85392052
74.85392052
74.85392052
74.85392052
74.85392052
74.85392052
74.85392052
74.85392052
74.85392052
74.85392052
74.85392052
74.85392052
74.85392052
74.85392052
74.85392052
74.85392052
74.85392052
74.85392052
74.85392052
74.85392052
74.85392052
74.85392052
74.85392052
74.85392052
74.85392052
74.85392052
74.85392052
74.85392052
74.85392052
74.85392052
74.85392052
74.85392052
74.85392052
74.85392052
74.85392052
74.85392052
74.85392052
74.85392052
74.85392052
74.85392052
74.85392052
74.85392052
74.85392052
74.85392052
74.85392052
74.85392052
74.85392052
74.85392052
74.85392052
74.85392052
74.85392052
74.85392052
74.85392052
74.85392052
74.85392052
74.85392052
74.85392052
74.85392052
74.85392052
74.85392052
74.85392052
74.85392052
74.85392052
74.85392052
74.85392052
74.85392052
74.85392052
74.85392052
74.85392052
74.85392052
74.85392052
74.85392052
74.85392052
74.85392052
74.85392052
74.85392052
74.85392052
74.85392052
74.85392052
74.85392052
74.85392052
74.85392052
74.85392052
74.85392052
74.85392052
74.85392052
74.85392052
74.85392052
74.85392052
74.85392052
74.85392052
74.85392052
74.85392052
74.85392052
74.85392052
74.85392052
74.85392052
74.85392052
74.85392052
74.85392052
74.85392052
74.85392052
74.85392052
74.85392052
74.85392052
74.85392052
74.85392052
74.85392052
74.85392052
74.85392052
74.85392052
74.85392052
74.85392052
74.85392052
74.85392052
74.85392052
74.85392052
74.85392052
74.85392052
74.85392052
74.85392052
74.85392052
74.85392052
74.85392052
74.85392052
74.85392052
74.85392052
74.85392052
74.85392052
74.85392052
74.85392052
74.85392052
74.85392052
74.85392052
74.85392052
74.85392052
74.85392052
74.85392052
74.85392052
74.85392052
74.85392052
74.85392052
74.85392052
74.85392052
74.85392052
74.85392052
74.85392052
74.85392052
74.85392052
74.85392052
74.85392052
74.85392052
74.85392052
74.85392052
74.85392052
74.85392052
74.85392052
74.85392052
74.85392052
74.85392052
74.85392052
74.85392052
74.85392052
74.85392052
74.85392052
74.85392052
74.85392052
74.85392052
74.85392052
74.85392052
74.85392052
74.85392052
74.85392052
74.85392052
74.85392052
74.85392052
74.85392052
74.85392052
74.85392052
74.85392052
74.85392052
74.85392052
74.85392052
74.85392052
74.85392052
74.85392052
74.85392052
74.85392052
74.85392052
74.85392052
74.85392052
74.85392052
74.85392052
74.85392052
74.85392052
74.85392052
74.85392052
74.85392052
74.85392052
74.85392052
74.85392052
74.85392052
74.85392052
74.85392052
74.85392052
74.85392052
74.85392052
74.85392052
74.85392052
74.85392052
74.85392052
74.85392052
74.85392052
74.85392052
74.85392052
74.85392052
74.85392052
74.85392052
74.85392052
74.85392052
74.85392052
74.85392052
74.85392052
74.85392052
74.85392052
74.85392052
74.85392052
74.85392052
74.85392052
74.85392052
74.85392052
74.85392052
74.85392052
74.85392052
74.85392052
74.85392052
74.85392052
74.85392052
74.85392052
74.85392052
74.85392052
74.85392052
74.85392052
74.85392052
74.85392052
74.85392052
74.85392052
74.85392052
74.85392052
74.85392052
74.85392052
74.85392052
74.85392052
74.85392052
74.85392052
74.85392052
74.85392052
74.85392052
74.85392052
74.85392052
74.85392052
74.85392052
74.85392052
74.85392052
74.85392052
74.85392052
74.85392052
74.85392052
74.85392052
74.85392052
74.85392052
74.85392052
74.85392052
74.85392052
74.85392052
74.85392052
74.85392052
74.85392052
74.85392052
74.85392052
74.85392052
74.85392052
74.85392052
52.76343181
51.3007578
49.40998373
47.47513618
44.98073959
43.66305891
43.25090985
41.65255723
40.20550201
39.3180957
38.0709687
0
0
0
0
0
0
0
0
0
0
0
0
0
0
0
0
0
0
0
0
0
0
0
0
0
0
0
0
0
0
0
0
0
0
0
0
0
0
0
0
0
0
0
0
0
0
0
0
0
0
0
0
0
0
0
0
0
0
0
0
0
0
0
0
0
0
0
0
0
0
0
0
0
0
0
0
0
0
0
0
0
0
0
0
0
0
0
0
0
0
0
0
0
0
0
0
0
0
0
0
0
0
0
0
0
0
0
0
0
0
0
0
0
0
0
0
0
0
0
0
0
0
0
0
0
0
74.85392052
74.85392052
74.85392052
74.85392052
74.85392052
74.85392052
74.85392052
74.85392052
74.85392052
74.85392052
74.85392052
74.85392052
74.85392052
74.85392052
74.85392052
74.85392052
74.85392052
74.85392052
74.85392052
74.85392052
74.85392052
74.85392052
74.85392052
74.85392052
74.85392052
74.85392052
74.85392052
74.85392052
74.85392052
74.85392052
74.85392052
74.85392052
74.85392052
74.85392052
74.85392052
74.85392052
74.85392052
74.85392052
74.85392052
74.85392052
74.85392052
74.85392052
74.85392052
74.85392052
74.85392052
74.85392052
74.85392052
74.85392052
74.85392052
74.85392052
74.85392052
74.85392052
74.85392052
74.85392052
74.85392052
74.85392052
74.85392052
74.85392052
74.85392052
74.85392052
74.85392052
74.85392052
74.85392052
74.85392052
74.85392052
74.85392052
74.85392052
74.85392052
74.85392052
74.85392052
74.85392052
74.85392052
74.85392052
74.85392052
74.85392052
74.85392052
74.85392052
74.85392052
74.85392052
74.85392052
74.85392052
74.85392052
74.85392052
74.85392052
74.85392052
74.85392052
74.85392052
74.85392052
74.85392052
74.85392052
74.85392052
74.85392052
74.85392052
74.85392052
74.85392052
74.85392052
74.85392052
74.85392052
74.85392052
74.85392052
74.85392052
74.85392052
74.85392052
74.85392052
74.85392052
74.85392052
74.85392052
74.85392052
74.85392052
74.85392052
74.85392052
74.85392052
74.85392052
74.85392052
74.85392052
74.85392052
74.85392052
74.85392052
74.85392052
74.85392052
74.85392052
74.85392052
74.85392052
74.85392052
74.85392052
74.85392052
74.85392052
74.85392052
74.85392052
74.85392052
74.85392052
74.85392052
74.85392052
74.85392052
74.85392052
74.85392052
74.85392052
74.85392052
74.85392052
74.85392052
74.85392052
74.85392052
74.85392052
74.85392052
74.85392052
74.85392052
74.85392052
74.85392052
74.85392052
74.85392052
74.85392052
74.85392052
74.85392052
74.85392052
74.85392052
74.85392052
74.85392052
74.85392052
74.85392052
74.85392052
74.85392052
74.85392052
74.85392052
74.85392052
74.85392052
74.85392052
74.85392052
74.85392052
74.85392052
74.85392052
74.85392052
74.85392052
74.85392052
74.85392052
74.85392052
74.85392052
74.85392052
74.85392052
74.85392052
74.85392052
74.85392052
74.85392052
74.85392052
74.85392052
74.85392052
74.85392052
74.85392052
74.85392052
74.85392052
74.85392052
74.85392052
74.85392052
74.85392052
74.85392052
74.85392052
74.85392052
74.85392052
74.85392052
74.85392052
74.85392052
74.85392052
74.85392052
74.85392052
74.85392052
74.85392052
74.85392052
74.85392052
74.85392052
74.85392052
74.85392052
74.85392052
74.85392052
74.85392052
74.85392052
74.85392052
74.85392052
74.85392052
74.85392052
74.85392052
74.85392052
74.85392052
74.85392052
74.85392052
74.85392052
74.85392052
74.85392052
74.85392052
74.85392052
74.85392052
74.85392052
74.85392052
74.85392052
74.85392052
74.85392052
74.85392052
74.85392052
74.85392052
74.85392052
74.85392052
74.85392052
74.85392052
74.85392052
74.85392052
74.85392052
74.85392052
74.85392052
74.85392052
74.85392052
74.85392052
74.85392052
74.85392052
74.85392052
74.85392052
74.85392052
74.85392052
74.85392052
74.85392052
74.85392052
74.85392052
74.85392052
74.85392052
74.85392052
74.85392052
74.85392052
74.85392052
74.85392052
74.85392052
74.85392052
74.85392052
74.85392052
74.85392052
74.85392052
74.85392052
74.85392052
74.85392052
74.85392052
74.85392052
74.85392052
74.85392052
74.85392052
74.85392052
74.85392052
74.85392052
74.85392052
74.85392052
74.85392052
74.85392052
74.85392052
74.85392052
74.85392052
74.85392052
74.85392052
74.85392052
74.85392052
74.85392052
74.85392052
74.85392052
74.85392052
74.85392052
74.85392052
74.85392052
74.85392052
74.85392052
74.85392052
74.85392052
74.85392052
74.85392052
74.85392052
74.85392052
74.85392052
74.85392052
74.85392052
74.85392052
74.85392052
74.85392052
74.85392052
74.85392052
74.85392052
74.85392052
74.85392052
74.85392052
74.85392052
74.85392052
74.85392052
74.85392052
74.85392052
74.85392052
74.85392052
74.85392052
74.85392052
74.85392052
74.85392052
74.85392052
74.85392052
74.85392052
74.85392052
74.85392052
74.85392052
74.85392052
74.85392052
74.85392052
74.85392052
74.85392052
74.85392052
74.85392052
74.85392052
74.85392052
74.85392052
74.85392052
74.85392052
74.85392052
74.85392052
74.85392052
74.85392052
74.85392052
74.85392052
74.85392052
74.85392052
74.85392052
74.85392052
74.85392052
74.85392052
74.85392052
74.85392052
74.85392052
74.85392052
74.85392052
74.85392052
74.85392052
74.85392052
74.85392052
74.85392052
74.85392052
74.85392052
74.85392052
74.85392052
74.85392052
74.85392052
74.85392052
74.85392052
74.85392052
74.85392052
74.85392052
74.85392052
74.85392052
74.85392052
74.85392052
74.85392052
74.85392052
74.85392052
74.85392052
74.85392052
74.85392052
74.85392052
74.85392052
74.85392052
74.85392052
74.85392052
74.85392052
74.85392052
74.85392052
74.85392052
74.85392052
74.85392052
74.85392052
74.85392052
74.85392052
74.85392052
74.85392052
74.85392052
74.85392052
74.85392052
50.58802241
50.99690954
53.95254641
57.07669901
60.30416769
62.32164829
64.13469833
66.37145847
67.30611075
68.7493285
71.19491435
73.42208886
74.34838395
74.85392052
74.85392052
74.85392052
74.85392052
74.85392052
74.85392052
74.85392052
74.85392052
74.85392052
74.85392052
74.85392052
74.85392052
74.85392052
74.85392052
74.85392052
74.85392052
74.85392052
74.85392052
74.85392052
74.85392052
74.85392052
74.85392052
74.85392052
74.85392052
74.85392052
74.85392052
74.85392052
74.85392052
53.74944626
51.7458953
48.97193872
49.68257486
50.54904164
48.44330121
46.52246342
46.00546172
45.89759431
46.42231492
47.63505867
50.03557779
53.799556
57.78358548
60.22285209
62.54540758
64.80082715
64.73368693
64.07480007
65.66204299
67.72934853
68.34861413
66.97865279
66.86414185
66.34065693
66.16784854
66.07653417
62.48173224
63.5309196
63.85852945
64.20062856
63.348328
62.79014313
60.16570808
60.64825855
58.83292689
58.65973964
58.33876676
58.92861588
60.49631094
60.60345366
61.90599429
60.45077403
61.75579157
62.4498983
62.64622236
61.82567227
60.92325147
59.57191706
59.72655564
57.53678751
54.48652726
52.74878327
51.83102534
49.56014907
48.93456377
48.41231405
50.67942927
52.58503406
55.23789204
57.11369824
57.97796838
58.84577052
58.95786552
59.75909858
60.07443364
60.44827006
60.69855079
60.71866654
60.91106738
61.81757116
62.92452583
63.8499058
64.75310534
64.3736497
64.39030284
64.56843458
64.75173458
65.00649794
64.35602765
64.00648826
63.23659295
62.1024838
60.5398479
58.16422118
55.39923301
51.37794065
48.39971856
47.02099357
45.40784126
44.36882226
41.56001813
40.19097385
38.8151536
38.33293314
38.86431939
39.10400796
38.47276133
39.27935808
39.63954769
39.50222275
39.19398269
37.19528457
0
0
0
0
0
0
0
0
0
0
0
0
0
0
0
0
0
0
0
0
0
0
0
0
0
0
0
0
0
0
0
0
0
0
0
0
0
0
0
0
0
0
0
0
0
0
0
0
0
0
0
0
0
0
0
0
0
0
0
0
0
0
0
0
0
0
0
0
0
0
0
0
0
0
0
0
0
0
0
0
0
0
0
0
0
0
0
0
0
0
0
0
0
0
0
0
0
0
0
0
0
0
0
0
0
0
0
0
0
0
0
0
0
0
0
0
0
0
0
0
0
0
0
0
0
0
0
0
0
0
0
0
0
0
0
0
0
0
0
0
0
0
0
0
0
0
0
0
0
0
0
0
0
0
0
0
0
0
0
0
0
0
0
0
0
0
0
0
0
0
0
0
0
0
0
0
0
0
0
0
0
0
0
0
0
0
0
0
0
0
0
0
0
0
0
0
0
0
0
0
0
0
0
0
0
74.85392052
74.85392052
74.85392052
74.85392052
74.85392052
74.85392052
74.85392052
74.85392052
74.85392052
74.85392052
74.85392052
74.85392052
74.85392052
74.85392052
74.85392052
74.85392052
74.85392052
74.85392052
74.85392052
74.85392052
74.85392052
74.85392052
74.85392052
74.85392052
74.85392052
74.85392052
74.85392052
74.85392052
74.85392052
74.85392052
74.85392052
74.85392052
74.85392052
74.85392052
74.85392052
74.85392052
74.85392052
74.85392052
74.85392052
74.85392052
74.85392052
74.85392052
74.85392052
74.85392052
74.85392052
74.85392052
74.85392052
74.85392052
74.85392052
74.85392052
74.85392052
74.85392052
74.85392052
74.85392052
74.85392052
74.85392052
74.85392052
74.85392052
74.85392052
74.85392052
74.85392052
74.85392052
74.85392052
74.85392052
74.85392052
74.85392052
74.85392052
74.85392052
74.85392052
74.85392052
74.85392052
74.85392052
74.85392052
74.85392052
74.85392052
74.85392052
74.85392052
74.85392052
74.85392052
74.85392052
74.85392052
74.85392052
74.85392052
74.85392052
74.85392052
74.85392052
74.85392052
74.85392052
74.85392052
74.85392052
74.85392052
74.85392052
74.85392052
74.85392052
74.85392052
74.85392052
74.85392052
74.85392052
74.85392052
74.85392052
74.85392052
74.85392052
74.85392052
74.85392052
74.85392052
74.85392052
74.85392052
74.85392052
74.85392052
74.85392052
74.85392052
74.85392052
74.85392052
74.85392052
74.85392052
74.85392052
74.85392052
74.85392052
74.85392052
74.85392052
74.85392052
74.85392052
74.85392052
74.85392052
74.85392052
74.85392052
49.23603061
44.2710226
36.54882884
0
0
0
0
0
0
0
0
0
0
0
0
0
0
0
0
0
0
0
0
0
74.85392052
74.85392052
74.85392052
74.85392052
74.85392052
74.85392052
74.85392052
74.85392052
74.85392052
74.85392052
74.85392052
74.85392052
74.85392052
74.85392052
74.85392052
74.85392052
74.85392052
74.85392052
74.85392052
74.85392052
74.85392052
74.85392052
74.85392052
74.85392052
51.18869176
50.13052902
48.41963823
46.70393999
44.7280931
42.1814092
38.69703312
37.25768262
37.32082279
39.26206412
44.16127179
49.58385671
55.17911386
57.77494075
59.19648884
56.21152176
54.14946693
52.91897415
54.08904835
55.21636437
56.17130131
57.9344191
59.27984943
60.35385803
62.03526679
63.58027124
65.30253454
68.23390672
71.95832797
74.85392052
74.85392052
74.85392052
74.85392052
74.85392052
74.85392052
74.85392052
74.85392052
74.85392052
74.85392052
74.85392052
74.85392052
74.85392052
74.85392052
74.85392052
74.85392052
74.85392052
74.85392052
74.85392052
74.85392052
47.28397596
43.71157417
40.71813566
38.02654343
0
0
0
0
0
0
0
0
0
0
0
0
0
0
0
0
0
0
0
0
0
74.85392052
74.85392052
74.85392052
74.85392052
74.85392052
74.85392052
74.85392052
74.85392052
74.85392052
74.85392052
74.85392052
74.85392052
74.85392052
74.85392052
74.85392052
52.82445883
50.95298963
48.67898336
45.56949227
42.50408025
38.79576371
37.30545382
36.69519495
0
0
0
0
0
0
0
0
0
0
0
0
0
0
0
0
0
0
0
0
0
0
0
0
0
0
0
0
0
0
0
0
0
0
0
0
0
0
0
0
0
0
0
0
0
0
0
0
0
0
0
0
0
0
0
0
0
0
0
0
0
0
0
0
0
0
0
0
0
0
0
0
0
0
0
0
0
0
0
0
0
0
0
0
0
0
0
0
0
0
0
0
0
0
0
0
0
0
0
0
0
0
0
0
0
0
0
0
0
0
0
0
0
0
0
0
0
0
0
0
0
0
0
0
0
0
0
0
0
0
0
0
0
0
0
0
0
0
0
0
0
0
0
0
0
0
0
0
0
0
0
0
0
0
0
0
0
0
0
0
0
0
0
74.85392052
74.85392052
74.85392052
74.85392052
74.85392052
74.85392052
74.85392052
74.85392052
74.85392052
74.85392052
74.85392052
74.85392052
74.85392052
74.85392052
74.85392052
74.85392052
74.85392052
74.85392052
74.85392052
74.85392052
74.85392052
74.85392052
74.85392052
74.85392052
74.85392052
74.85392052
74.85392052
74.85392052
74.85392052
74.85392052
74.85392052
74.85392052
74.85392052
74.85392052
74.85392052
74.85392052
74.85392052
74.85392052
74.85392052
74.85392052
74.85392052
74.85392052
74.85392052
74.85392052
74.85392052
74.85392052
74.85392052
74.85392052
74.85392052
74.85392052
74.85392052
74.85392052
74.85392052
74.85392052
74.85392052
74.85392052
74.85392052
74.85392052
74.85392052
74.85392052
74.85392052
74.85392052
74.85392052
74.85392052
74.85392052
74.85392052
74.85392052
74.85392052
74.85392052
74.85392052
74.85392052
74.85392052
74.85392052
74.85392052
74.85392052
50.56962833
44.1169545
0
0
0
0
0
0
0
0
0
0
0
0
0
0
0
0
0
0
0
0
0
74.85392052
74.85392052
74.85392052
74.85392052
74.85392052
74.85392052
74.85392052
74.85392052
74.85392052
74.85392052
74.85392052
74.85392052
74.85392052
74.85392052
74.85392052
74.85392052
74.85392052
74.85392052
74.85392052
74.85392052
74.85392052
74.85392052
74.85392052
74.85392052
74.85392052
74.85392052
74.85392052
74.85392052
74.85392052
74.85392052
74.85392052
74.85392052
74.85392052
74.85392052
74.85392052
74.85392052
74.85392052
74.85392052
74.85392052
74.85392052
74.85392052
74.85392052
74.85392052
74.85392052
74.85392052
74.85392052
74.85392052
74.85392052
74.85392052
74.85392052
74.85392052
74.85392052
74.85392052
74.85392052
74.85392052
74.85392052
74.85392052
74.85392052
74.85392052
74.85392052
74.85392052
74.85392052
54.23383258
52.05524876
51.16990808
50.30246789
50.51032159
50.21347775
49.43237858
48.98543722
47.69061314
46.00013439
42.59085075
38.65280858
0
0
0
0
0
0
0
0
0
0
0
0
0
0
0
0
0
0
0
0
0
0
0
0
0
0
0
0
0
0
74.85392052
74.85392052
74.85392052
74.85392052
74.85392052
74.85392052
74.85392052
74.85392052
74.85392052
74.85392052
74.85392052
74.85392052
74.85392052
74.85392052
74.85392052
74.85392052
74.85392052
74.85392052
74.85392052
74.85392052
74.85392052
74.85392052
74.85392052
74.85392052
74.85392052
74.85392052
74.85392052
74.85392052
74.85392052
74.85392052
74.85392052
74.85392052
74.85392052
74.85392052
74.85392052
74.85392052
74.85392052
74.85392052
74.85392052
74.85392052
74.85392052
74.85392052
74.85392052
74.85392052
74.85392052
74.85392052
74.85392052
74.85392052
74.85392052
74.85392052
74.85392052
74.85392052
74.85392052
74.85392052
74.85392052
74.85392052
74.85392052
74.85392052
74.85392052
74.85392052
74.85392052
74.85392052
74.85392052
74.85392052
74.85392052
74.85392052
74.85392052
74.85392052
74.85392052
74.85392052
74.85392052
74.85392052
74.85392052
74.85392052
74.85392052
74.85392052
74.85392052
74.85392052
74.85392052
74.85392052
74.85392052
74.85392052
74.85392052
74.85392052
74.85392052
74.85392052
74.85392052
74.85392052
74.85392052
74.85392052
74.85392052
74.85392052
74.85392052
74.85392052
74.85392052
74.85392052
74.85392052
74.85392052
74.85392052
74.85392052
74.85392052
74.85392052
74.85392052
74.85392052
74.85392052
74.85392052
74.85392052
74.85392052
74.85392052
74.85392052
74.85392052
74.85392052
74.85392052
74.85392052
74.85392052
74.85392052
74.85392052
74.85392052
74.85392052
74.85392052
74.85392052
74.85392052
74.85392052
74.85392052
74.85392052
74.85392052
74.85392052
74.85392052
74.85392052
74.85392052
74.85392052
54.58893458
53.72160152
53.05506541
52.24976365
51.00423324
48.30723322
46.27732863
45.20898888
44.80010381
43.153177
41.12625812
40.16739118
37.87145087
40.32193652
39.21776632
38.85978237
38.68534365
37.96511477
36.48751128
0
0
0
0
0
0
0
0
0
0
0
0
0
0
0
0
0
0
0
0
0
0
0
0
0
0
0
0
0
0
0
0
0
0
0
0
0
0
0
0
0
0
0
0
0
0
0
0
0
0
0
0
0
0
0
0
0
0
0
0
0
0
0
0
0
0
0
0
0
0
0
0
0
0
0
0
0
0
0
0
0
0
0
0
0
0
0
0
0
0
0
0
0
0
0
0
0
0
0
0
0
0
0
0
0
0
0
0
0
0
0
0
0
0
0
0
0
0
0
0
0
0
0
0
0
0
0
0
0
0
0
0
0
0
0
0
0
0
0
0
0
0
0
0
0
0
0
0
0
0
0
0
0
0
0
0
0
0
0
0
0
0
0
0
0
0
0
0
0
0
0
0
0
0
0
0
0
0
0
0
0
0
0
0
0
0
0
0
0
0
0
0
0
0
0
0
0
0
0
0
0
0
0
0
0
0
0
0
0
0
0
0
0
0
0
0
0
0
0
0
0
0
0
0
0
0
0
0
0
0
0
0
0
0
0
0
0
0
0
0
0
0
0
0
0
0
0
0
0
0
0
0
0
0
0
0
0
0
0
0
0
0
0
0
0
0
0
0
0
0
0
0
0
0
0
0
0
0
0
0
0
0
0
0
0
0
0
0
0
0
0
0
0
0
0
0
0
0
0
0
0
0
0
0
0
0
0
0
0
0
0
0
0
0
0
0
0
0
0
0
0
0
0
0
0
0
0
0
0
0
0
0
0
0
0
0
0
0
0
0
0
0
0
0
0
0
0
0
0
0
0
0
0
0
0
0
0
0
0
0
0
0
0
0
0
0
0
0
0
0
0
0
0
0
0
0
0
0
0
0
0
0
0
0
0
0
0
0
0
0
0
0
0
0
0
0
0
0
0
0
0
0
0
0
0
0
0
0
0
0
0
0
0
0
0
74.85392052
74.85392052
74.85392052
74.85392052
74.85392052
74.85392052
74.85392052
74.85392052
74.85392052
74.85392052
74.85392052
74.85392052
74.85392052
74.85392052
74.85392052
74.85392052
74.85392052
74.85392052
74.85392052
74.85392052
74.85392052
74.85392052
74.85392052
74.85392052
74.85392052
74.85392052
74.85392052
74.85392052
74.85392052
74.85392052
74.85392052
74.85392052
74.85392052
74.85392052
74.85392052
74.85392052
74.85392052
74.85392052
74.85392052
74.85392052
74.85392052
74.85392052
74.85392052
74.85392052
74.85392052
74.85392052
74.85392052
74.85392052
74.85392052
74.85392052
74.85392052
74.85392052
74.85392052
74.85392052
74.85392052
74.85392052
74.85392052
74.85392052
74.85392052
74.85392052
74.85392052
74.85392052
74.85392052
74.85392052
74.85392052
74.85392052
74.85392052
74.85392052
74.85392052
74.85392052
74.85392052
74.85392052
74.85392052
74.85392052
74.85392052
74.85392052
74.85392052
74.85392052
74.85392052
74.85392052
74.85392052
49.87862172
48.73251806
50.05108708
52.8711517
55.59073369
57.47773355
58.48894616
59.22512306
60.35481591
61.38149162
63.34034169
65.86813429
67.93779833
71.73545561
74.85392052
74.85392052
74.85392052
74.85392052
74.85392052
74.85392052
74.85392052
74.85392052
74.85392052
74.85392052
74.85392052
74.85392052
74.85392052
74.85392052
74.85392052
74.85392052
74.85392052
74.85392052
74.85392052
74.85392052
74.85392052
74.85392052
74.85392052
74.85392052
74.85392052
74.85392052
74.85392052
74.85392052
74.85392052
74.85392052
74.85392052
74.85392052
74.85392052
74.85392052
74.85392052
74.85392052
74.85392052
74.85392052
74.85392052
74.85392052
74.85392052
74.85392052
52.83859535
55.02853955
56.24456569
55.12596803
56.62556183
59.43704896
61.82209556
65.31541848
63.86416323
64.13635398
62.41571952
60.98342136
60.96446941
62.80950773
64.74504773
65.24251246
66.73336259
68.97536825
68.81683968
69.1379433
70.4426591
71.29392317
73.53490548
72.47500674
73.04900877
72.75960761
72.90198248
72.14411571
68.76007435
67.38350004
67.64626574
64.85096805
65.6686396
67.42837347
66.49949465
65.50070516
65.76715863
67.64016017
65.08825453
65.93123789
62.74900973
59.55763833
59.391791
58.63484368
58.57774797
60.25563766
61.29068576
63.30897592
66.14042038
67.76718761
70.46329004
74.28845337
74.85392052
74.85392052
74.85392052
74.85392052
74.85392052
74.85392052
74.85392052
74.85392052
74.85392052
74.85392052
74.85392052
74.85392052
74.85392052
74.85392052
74.85392052
74.85392052
74.85392052
74.85392052
74.85392052
74.85392052
74.85392052
74.85392052
74.85392052
74.85392052
74.85392052
74.85392052
74.85392052
51.06661175
49.54945229
48.64818557
46.4177522
47.9669791
49.30128015
46.57574571
46.40529719
43.11390298
39.87666765
36.64650214
0
0
0
0
0
0
0
0
0
0
0
0
0
74.85392052
74.85392052
74.85392052
74.85392052
74.85392052
74.85392052
74.85392052
74.85392052
74.85392052
74.85392052
74.85392052
74.85392052
74.85392052
74.85392052
74.85392052
74.85392052
74.85392052
74.85392052
74.85392052
74.85392052
74.85392052
74.85392052
74.85392052
74.85392052
74.85392052
74.85392052
74.85392052
74.85392052
74.85392052
74.85392052
74.85392052
74.85392052
74.85392052
74.85392052
74.85392052
74.85392052
74.85392052
50.85989765
49.08125264
48.40758689
50.56913232
53.44894408
56.39385062
58.66122695
61.04998373
62.39454674
64.12329988
65.04912175
66.52975095
68.36161547
67.59116599
67.19564159
67.63873925
66.73889684
66.08324156
67.81625125
69.58096747
71.43120788
68.88491541
68.80951683
69.4929691
68.31767165
66.43726159
64.76533699
63.15460206
61.74119865
60.62040804
59.41304733
58.77870312
57.89734632
57.51291338
57.55520573
57.13645627
56.278959
56.01677807
53.29284386
50.08309791
47.61864022
47.48511218
45.26539766
41.38763174
38.76724466
36.81820579
0
0
0
0
0
0
0
0
0
0
0
0
0
0
0
0
0
0
0
0
0
0
0
0
0
0
0
0
0
0
0
0
0
0
0
0
0
0
0
0
0
0
0
0
0
0
0
0
0
0
0
0
0
0
0
0
0
0
0
0
0
0
0
74.85392052
74.85392052
74.85392052
74.85392052
74.85392052
74.85392052
74.85392052
74.85392052
74.85392052
74.85392052
74.85392052
74.85392052
74.85392052
74.85392052
74.85392052
74.85392052
74.85392052
74.85392052
74.85392052
74.85392052
74.85392052
74.85392052
74.85392052
74.85392052
74.85392052
74.85392052
74.85392052
74.85392052
74.85392052
74.85392052
74.85392052
74.85392052
74.85392052
74.85392052
74.85392052
74.85392052
74.85392052
74.85392052
74.85392052
74.85392052
74.85392052
74.85392052
74.85392052
74.85392052
74.85392052
74.85392052
74.85392052
74.85392052
74.85392052
74.85392052
74.85392052
74.85392052
74.85392052
74.85392052
74.85392052
74.85392052
74.85392052
74.85392052
74.85392052
74.85392052
74.85392052
74.85392052
74.85392052
74.85392052
74.85392052
74.85392052
74.85392052
74.85392052
74.85392052
74.85392052
74.85392052
74.85392052
74.85392052
74.85392052
74.85392052
74.85392052
74.85392052
74.85392052
74.85392052
74.85392052
74.85392052
74.85392052
74.85392052
74.85392052
74.85392052
74.85392052
74.85392052
74.85392052
74.85392052
74.85392052
74.85392052
74.85392052
74.85392052
74.85392052
74.85392052
74.85392052
74.85392052
74.85392052
74.85392052
74.85392052
74.85392052
74.85392052
74.85392052
74.85392052
74.85392052
74.85392052
74.85392052
74.85392052
74.85392052
74.85392052
74.85392052
74.85392052
74.85392052
74.85392052
74.85392052
74.85392052
74.85392052
74.85392052
74.85392052
74.85392052
74.85392052
74.85392052
74.85392052
74.85392052
74.85392052
74.85392052
74.85392052
74.85392052
74.85392052
74.85392052
74.85392052
74.85392052
74.85392052
74.85392052
74.85392052
74.85392052
74.85392052
74.85392052
74.85392052
74.85392052
74.85392052
74.85392052
74.85392052
74.85392052
74.85392052
74.85392052
74.85392052
74.85392052
74.85392052
74.85392052
74.85392052
74.85392052
74.85392052
74.85392052
74.85392052
74.85392052
74.85392052
74.85392052
74.85392052
74.85392052
74.85392052
74.85392052
74.85392052
74.85392052
74.85392052
74.85392052
74.85392052
74.85392052
74.85392052
74.85392052
74.85392052
74.85392052
74.85392052
74.85392052
74.85392052
74.85392052
74.85392052
74.85392052
74.85392052
74.85392052
74.85392052
74.85392052
74.85392052
74.85392052
74.85392052
74.85392052
74.85392052
74.85392052
74.85392052
74.85392052
74.85392052
74.85392052
74.85392052
74.85392052
74.85392052
74.85392052
74.85392052
74.85392052
74.85392052
74.85392052
74.85392052
74.85392052
74.85392052
74.85392052
74.85392052
74.85392052
74.85392052
74.85392052
74.85392052
74.85392052
74.85392052
74.85392052
74.85392052
74.85392052
74.85392052
74.85392052
74.85392052
74.85392052
74.85392052
74.85392052
74.85392052
74.85392052
74.85392052
74.85392052
74.85392052
74.85392052
74.85392052
74.85392052
74.85392052
74.85392052
74.85392052
74.85392052
74.85392052
74.85392052
74.85392052
74.85392052
74.85392052
74.85392052
74.85392052
74.85392052
74.85392052
74.85392052
74.85392052
74.85392052
74.85392052
74.85392052
74.85392052
74.85392052
74.85392052
74.85392052
74.85392052
74.85392052
74.85392052
74.85392052
74.85392052
74.85392052
74.85392052
74.85392052
74.85392052
74.85392052
74.85392052
74.85392052
74.85392052
74.85392052
74.85392052
74.85392052
74.85392052
74.85392052
74.85392052
50.60201991
43.40047618
0
0
0
0
0
0
0
0
0
0
0
0
0
0
0
0
0
0
0
0
0
0
0
0
0
0
0
0
0
0
0
0
0
0
0
0
0
0
0
0
0
0
0
0
0
0
0
0
0
0
0
0
0
0
0
0
0
0
0
0
0
0
0
0
0
0
0
0
0
0
0
0
0
0
0
0
0
0
0
0
0
0
0
0
0
0
0
0
0
0
0
0
0
0
0
0
0
0
0
0
0
0
0
0
0
0
0
0
0
0
0
0
0
0
0
0
0
0
0
0
0
0
0
0
0
0
0
0
0
0
0
0
0
0
0
0
0
0
0
0
0
0
0
0
0
0
0
0
0
0
0
0
0
0
0
0
0
0
0
0
0
0
0
0
0
0
0
0
0
0
0
0
0
0
0
0
0
0
0
0
0
0
0
0
0
0
0
0
0
0
0
0
0
0
0
0
0
0
0
0
0
0
0
0
0
0
0
0
0
0
0
0
0
0
0
0
0
0
0
0
0
0
0
0
0
0
0
0
0
0
0
0
0
0
0
0
0
0
0
0
0
0
0
0
0
0
0
0
0
0
0
0
0
0
0
0
0
0
0
0
0
0
0
0
0
0
0
0
0
0
0
74.85392052
74.85392052
74.85392052
74.85392052
74.85392052
74.85392052
74.85392052
74.85392052
74.85392052
74.85392052
74.85392052
74.85392052
74.85392052
74.85392052
74.85392052
74.85392052
74.85392052
74.85392052
74.85392052
74.85392052
74.85392052
74.85392052
74.85392052
74.85392052
74.85392052
74.85392052
74.85392052
74.85392052
74.85392052
74.85392052
74.85392052
74.85392052
74.85392052
74.85392052
74.85392052
74.85392052
74.85392052
74.85392052
74.85392052
74.85392052
74.85392052
74.85392052
74.85392052
74.85392052
74.85392052
74.85392052
74.85392052
74.85392052
74.85392052
74.85392052
74.85392052
74.85392052
74.85392052
74.85392052
74.85392052
74.85392052
74.85392052
74.85392052
74.85392052
74.85392052
74.85392052
74.85392052
74.85392052
74.85392052
74.85392052
74.85392052
74.85392052
0
0
0
0
0
0
0
0
0
0
74.85392052
74.85392052
74.85392052
74.85392052
74.85392052
74.85392052
74.85392052
74.85392052
74.85392052
74.85392052
74.85392052
74.85392052
74.85392052
74.85392052
74.85392052
74.85392052
74.85392052
74.85392052
74.85392052
74.85392052
74.85392052
74.85392052
74.85392052
74.85392052
74.85392052
74.85392052
74.85392052
74.85392052
74.85392052
74.85392052
74.85392052
74.85392052
74.85392052
74.85392052
74.85392052
74.85392052
74.85392052
74.85392052
74.85392052
74.85392052
74.85392052
74.85392052
74.85392052
74.85392052
74.85392052
74.85392052
74.85392052
74.85392052
74.85392052
74.85392052
74.85392052
74.85392052
74.85392052
74.85392052
74.85392052
74.85392052
74.85392052
74.85392052
74.85392052
74.85392052
74.85392052
74.85392052
74.85392052
74.85392052
74.85392052
74.85392052
74.85392052
74.85392052
74.85392052
74.85392052
74.85392052
74.85392052
74.85392052
74.85392052
74.85392052
74.85392052
74.85392052
74.85392052
74.85392052
74.85392052
74.85392052
74.85392052
74.85392052
74.85392052
74.85392052
74.85392052
74.85392052
74.85392052
74.85392052
74.85392052
74.85392052
74.85392052
74.85392052
74.85392052
74.85392052
74.85392052
74.85392052
74.85392052
74.85392052
74.85392052
74.85392052
74.85392052
74.85392052
74.85392052
74.85392052
74.85392052
74.85392052
74.85392052
74.85392052
74.85392052
74.85392052
74.85392052
74.85392052
74.85392052
74.85392052
74.85392052
74.85392052
74.85392052
74.85392052
74.85392052
74.85392052
74.85392052
74.85392052
74.85392052
74.85392052
74.85392052
74.85392052
74.85392052
74.85392052
74.85392052
74.85392052
74.85392052
74.85392052
74.85392052
74.85392052
74.85392052
0
0
0
0
0
0
0
0
0
0
0
0
0
0
0
74.85392052
74.85392052
74.85392052
74.85392052
74.85392052
74.85392052
74.85392052
74.85392052
74.85392052
74.85392052
74.85392052
74.85392052
74.85392052
74.85392052
74.85392052
74.85392052
74.85392052
74.85392052
74.85392052
74.85392052
74.85392052
74.85392052
74.85392052
74.85392052
74.85392052
74.85392052
74.85392052
74.85392052
74.85392052
74.85392052
74.85392052
74.85392052
74.85392052
51.77442477
49.45724282
48.64768865
48.02465011
47.20116055
46.71146325
47.02465033
48.05333829
48.97952823
50.7605397
53.33763715
54.64248173
56.63877287
57.06682218
58.3011384
59.28835027
59.38442405
59.85318414
60.19126658
59.03378711
57.41902297
55.64783532
54.99593346
53.31238704
54.49125881
54.25736224
54.68313166
55.45571712
54.7485814
53.47127167
53.02645162
53.62468965
54.5569337
54.72583393
52.94529324
52.10733283
51.09956306
51.52543943
53.59129381
53.71959333
53.07020522
54.44034475
54.34199361
54.96476841
52.25075514
48.81792005
45.12947427
0
0
0
0
0
0
0
0
0
0
0
0
0
0
0
0
0
0
0
0
0
0
0
0
0
0
0
0
0
0
0
0
0
0
0
0
0
0
0
0
0
0
0
0
0
0
0
0
0
0
0
0
0
0
0
0
0
0
0
0
0
0
0
0
0
0
0
0
0
0
0
0
0
0
0
0
0
0
0
0
0
0
0
0
0
0
0
0
0
0
0
0
0
0
0
0
0
0
0
0
0
0
0
0
0
0
0
0
0
0
0
0
0
0
0
0
0
74.85392052
74.85392052
74.85392052
74.85392052
74.85392052
74.85392052
74.85392052
74.85392052
74.85392052
74.85392052
74.85392052
74.85392052
74.85392052
74.85392052
74.85392052
74.85392052
74.85392052
74.85392052
74.85392052
74.85392052
74.85392052
74.85392052
74.85392052
74.85392052
74.85392052
74.85392052
74.85392052
74.85392052
74.85392052
74.85392052
74.85392052
74.85392052
74.85392052
74.85392052
74.85392052
74.85392052
74.85392052
74.85392052
74.85392052
74.85392052
74.85392052
74.85392052
74.85392052
74.85392052
74.85392052
74.85392052
74.85392052
74.85392052
74.85392052
74.85392052
74.85392052
74.85392052
74.85392052
74.85392052
74.85392052
74.85392052
74.85392052
74.85392052
74.85392052
74.85392052
74.85392052
74.85392052
74.85392052
74.85392052
74.85392052
74.85392052
54.39006213
53.19072406
51.71745053
50.42737315
48.49114601
46.03959335
41.73362936
0
0
0
0
0
0
0
0
0
0
0
0
0
0
0
0
0
0
0
0
0
0
0
0
0
0
0
0
0
0
0
0
0
0
0
0
0
0
0
0
0
0
0
0
0
0
0
0
0
0
0
0
0
0
0
0
0
0
0
0
0
0
0
0
0
0
0
0
0
0
0
0
0
0
0
0
0
0
0
0
0
0
0
0
0
0
0
0
0
0
0
0
0
0
0
0
0
0
0
0
0
0
0
0
0
0
0
0
0
0
0
0
0
0
0
0
0
0
0
0
0
0
0
0
0
0
0
0
0
0
0
0
0
0
0
0
0
0
0
0
0
0
0
0
0
0
0
0
0
0
0
0
0
0
0
0
0
0
0
0
0
0
0
0
0
0
0
0
0
0
0
0
0
0
0
0
0
0
0
0
0
0
0
0
0
0
0
0
0
0
0
0
0
0
0
0
0
0
0
0
0
0
0
0
0
0
0
0
0
0
0
0
0
0
0
0
0
0
0
0
0
0
0
0
0
0
0
0
74.85392052
74.85392052
74.85392052
74.85392052
74.85392052
74.85392052
74.85392052
74.85392052
74.85392052
74.85392052
74.85392052
74.85392052
74.85392052
74.85392052
74.85392052
74.85392052
74.85392052
74.85392052
74.85392052
74.85392052
74.85392052
74.85392052
74.85392052
74.85392052
74.85392052
74.85392052
74.85392052
74.85392052
74.85392052
74.85392052
74.85392052
74.85392052
74.85392052
74.85392052
74.85392052
74.85392052
74.85392052
74.85392052
74.85392052
74.85392052
74.85392052
74.85392052
74.85392052
74.85392052
74.85392052
74.85392052
74.85392052
74.85392052
74.85392052
74.85392052
74.85392052
74.85392052
74.85392052
74.85392052
74.85392052
54.85021432
49.81216292
43.74109298
37.74372821
0
0
0
0
0
0
0
0
0
0
0
0
0
0
0
0
0
0
0
0
0
0
0
0
0
0
0
0
0
0
0
0
0
0
0
0
0
0
0
0
0
0
0
0
0
0
0
0
0
0
0
0
0
0
0
0
0
0
0
0
0
0
0
0
0
0
0
0
0
0
0
0
0
0
0
0
0
0
0
0
0
0
0
0
0
0
0
0
0
0
0
0
0
0
0
0
0
0
0
0
0
0
0
0
0
0
0
0
0
0
0
0
0
0
0
74.85392052
74.85392052
74.85392052
74.85392052
74.85392052
74.85392052
74.85392052
74.85392052
74.85392052
74.85392052
74.85392052
74.85392052
74.85392052
74.85392052
74.85392052
74.85392052
74.85392052
74.85392052
74.85392052
74.85392052
74.85392052
74.85392052
74.85392052
74.85392052
74.85392052
74.85392052
74.85392052
74.85392052
74.85392052
74.85392052
74.85392052
74.85392052
74.85392052
74.85392052
74.85392052
74.85392052
74.85392052
74.85392052
74.85392052
74.85392052
74.85392052
74.85392052
74.85392052
74.85392052
74.85392052
74.85392052
74.85392052
74.85392052
74.85392052
74.85392052
74.85392052
74.85392052
74.85392052
74.85392052
74.85392052
74.85392052
74.85392052
74.85392052
74.85392052
74.85392052
74.85392052
74.85392052
74.85392052
74.85392052
74.85392052
74.85392052
74.85392052
74.85392052
74.85392052
74.85392052
74.85392052
74.85392052
74.85392052
74.85392052
74.85392052
74.85392052
74.85392052
74.85392052
74.85392052
74.85392052
74.85392052
74.85392052
74.85392052
74.85392052
74.85392052
74.85392052
74.85392052
74.85392052
74.85392052
74.85392052
74.85392052
74.85392052
74.85392052
74.85392052
74.85392052
74.85392052
74.85392052
74.85392052
74.85392052
74.85392052
74.85392052
74.85392052
74.85392052
74.85392052
74.85392052
74.85392052
74.85392052
74.85392052
74.85392052
74.85392052
74.85392052
74.85392052
74.85392052
74.85392052
74.85392052
74.85392052
74.85392052
74.85392052
74.85392052
74.85392052
74.85392052
74.85392052
74.85392052
74.85392052
74.85392052
74.85392052
74.85392052
74.85392052
74.85392052
74.85392052
74.85392052
74.85392052
74.85392052
74.85392052
74.85392052
74.85392052
74.85392052
74.85392052
74.85392052
74.85392052
74.85392052
74.85392052
74.85392052
74.85392052
74.85392052
74.85392052
74.85392052
74.85392052
74.85392052
74.85392052
74.85392052
74.85392052
74.85392052
74.85392052
74.85392052
74.85392052
74.85392052
74.85392052
74.85392052
74.85392052
74.85392052
74.85392052
74.85392052
74.85392052
74.85392052
74.85392052
74.85392052
74.85392052
74.85392052
74.85392052
74.85392052
74.85392052
74.85392052
74.85392052
74.85392052
74.85392052
52.2623895
49.60340508
42.67176567
37.37848402
0
0
0
0
0
0
0
0
0
0
0
0
0
0
0
0
0
0
0
0
0
0
0
0
0
0
0
0
0
0
0
0
0
0
0
0
0
0
0
0
0
0
0
0
0
0
0
0
0
0
0
0
0
0
0
0
0
0
0
0
0
0
0
0
0
0
0
0
0
0
0
0
0
0
0
0
0
0
0
0
0
0
0
0
0
0
0
0
0
0
0
0
0
0
0
0
0
0
0
0
0
0
0
0
0
0
0
0
0
74.85392052
74.85392052
74.85392052
74.85392052
74.85392052
74.85392052
74.85392052
74.85392052
74.85392052
74.85392052
74.85392052
74.85392052
74.85392052
74.85392052
74.85392052
74.85392052
74.85392052
74.85392052
74.85392052
74.85392052
74.85392052
74.85392052
74.85392052
74.85392052
74.85392052
74.85392052
74.85392052
74.85392052
74.85392052
74.85392052
74.85392052
74.85392052
74.85392052
74.85392052
74.85392052
74.85392052
74.85392052
74.85392052
74.85392052
74.85392052
74.85392052
74.85392052
74.85392052
74.85392052
74.85392052
74.85392052
74.85392052
74.85392052
74.85392052
74.85392052
74.85392052
74.85392052
74.85392052
74.85392052
74.85392052
74.85392052
74.85392052
74.85392052
74.85392052
74.85392052
74.85392052
74.85392052
74.85392052
74.85392052
74.85392052
74.85392052
74.85392052
74.85392052
74.85392052
74.85392052
74.85392052
74.85392052
74.85392052
74.85392052
74.85392052
74.85392052
74.85392052
74.85392052
74.85392052
74.85392052
74.85392052
44.03079425
40.19887846
40.30796179
41.65389463
43.81041947
45.43033476
46.63003638
46.85979434
49.20451813
50.82974623
53.55797615
57.23367655
60.50560403
62.25918351
65.55371539
68.13225752
68.30916813
71.30539346
74.41716599
74.85392052
74.85392052
74.85392052
74.85392052
74.85392052
74.85392052
74.85392052
74.85392052
74.85392052
74.85392052
74.85392052
74.85392052
74.85392052
74.85392052
74.85392052
74.85392052
74.85392052
74.85392052
74.85392052
74.85392052
74.85392052
74.85392052
74.85392052
74.85392052
74.85392052
74.85392052
74.85392052
74.85392052
74.85392052
74.85392052
74.85392052
74.85392052
74.85392052
74.85392052
74.85392052
74.85392052
74.85392052
74.85392052
74.85392052
74.85392052
74.85392052
74.85392052
74.85392052
74.85392052
74.85392052
74.85392052
74.85392052
74.85392052
74.85392052
74.85392052
74.85392052
74.85392052
74.85392052
74.85392052
74.85392052
74.85392052
74.85392052
74.85392052
74.85392052
74.85392052
74.85392052
74.85392052
74.85392052
74.85392052
74.85392052
74.85392052
0
0
0
0
0
0
0
0
0
0
0
0
0
0
0
0
0
0
0
0
0
0
0
0
0
0
0
0
74.85392052
74.85392052
74.85392052
74.85392052
74.85392052
74.85392052
74.85392052
74.85392052
74.85392052
74.85392052
74.85392052
74.85392052
74.85392052
74.85392052
74.85392052
74.85392052
74.85392052
74.85392052
74.85392052
74.85392052
74.85392052
74.85392052
74.85392052
74.85392052
74.85392052
74.85392052
74.85392052
74.85392052
74.85392052
74.85392052
74.85392052
74.85392052
74.85392052
74.85392052
74.85392052
74.85392052
74.85392052
74.85392052
74.85392052
74.85392052
74.85392052
74.85392052
74.85392052
74.85392052
74.85392052
74.85392052
74.85392052
74.85392052
74.85392052
74.85392052
74.85392052
74.85392052
74.85392052
74.85392052
74.85392052
74.85392052
74.85392052
74.85392052
74.85392052
74.85392052
74.85392052
74.85392052
74.85392052
74.85392052
74.85392052
74.85392052
74.85392052
74.85392052
74.85392052
74.85392052
74.85392052
74.85392052
74.85392052
74.85392052
74.85392052
74.85392052
74.85392052
74.85392052
53.93064581
52.12777691
50.84419751
49.98566261
49.94720125
51.01592154
52.80746688
54.33443532
56.10742056
58.32442767
60.76441181
62.88685086
63.92196559
63.48726324
62.65025383
63.12015286
63.933028
64.70814557
65.46024427
66.22686563
70.50110345
73.24138795
74.85392052
74.85392052
74.85392052
74.85392052
74.85392052
74.85392052
74.85392052
74.85392052
74.85392052
74.85392052
74.85392052
74.85392052
74.85392052
74.85392052
74.85392052
74.85392052
74.85392052
74.85392052
74.85392052
74.85392052
74.85392052
74.85392052
74.85392052
74.85392052
74.85392052
74.85392052
74.85392052
74.85392052
74.85392052
74.85392052
74.85392052
74.85392052
74.85392052
74.85392052
74.85392052
74.85392052
74.85392052
74.85392052
74.85392052
74.85392052
74.85392052
74.85392052
74.85392052
74.85392052
74.85392052
74.85392052
53.07936444
53.92373177
57.81425234
57.99854323
57.19255768
57.12446322
56.62975047
55.39149413
53.31236821
53.00720748
52.81495984
51.61881835
50.14215671
49.242726
46.59872442
44.22806719
42.65254731
39.10417629
36.80695554
0
0
0
0
0
0
0
0
0
0
0
0
0
0
0
0
0
0
0
0
0
0
0
0
0
0
0
0
0
0
0
0
74.85392052
74.85392052
74.85392052
74.85392052
74.85392052
74.85392052
74.85392052
74.85392052
74.85392052
74.85392052
74.85392052
74.85392052
74.85392052
74.85392052
74.85392052
74.85392052
74.85392052
74.85392052
74.85392052
74.85392052
50.74504522
47.72707188
46.30677968
46.10931042
45.39550418
44.45826648
43.53503569
44.6370247
45.79008659
46.88796489
49.55955762
55.17656742
61.06503128
64.48141197
66.23027216
66.48242669
66.03306792
64.6967995
66.06757998
66.95177491
66.90958807
64.34754495
64.22540179
66.83794264
68.70094199
68.66831937
71.01069175
74.14878429
74.05448307
73.14627594
72.48105624
72.28659514
72.64930685
74.31087721
74.3554214
74.85392052
74.85392052
74.85392052
74.85392052
74.85392052
74.85392052
74.85392052
74.85392052
74.85392052
74.85392052
74.85392052
74.85392052
74.85392052
74.85392052
74.85392052
74.85392052
74.85392052
74.85392052
74.85392052
42.38640923
38.13523797
0
0
0
0
0
0
0
0
0
0
0
0
0
0
0
0
0
0
0
0
0
0
0
0
0
0
0
0
0
0
0
0
0
0
0
0
0
0
0
0
0
0
0
0
0
0
0
0
0
0
0
0
0
0
0
0
0
0
0
0
0
0
0
0
0
0
0
0
0
0
0
0
0
0
0
0
0
0
0
0
0
0
0
0
0
0
0
0
0
0
0
0
0
0
0
0
0
0
0
0
0
0
0
0
0
0
0
0
0
0
0
0
0
0
0
0
0
0
0
0
0
0
0
0
0
0
0
0
0
0
0
0
0
0
0
0
0
0
0
0
0
0
0
0
0
0
0
0
0
0
0
0
0
0
0
0
0
0
0
0
0
0
0
0
0
0
0
0
0
0
0
0
0
0
0
0
0
0
0
0
0
0
0
0
0
0
0
0
0
0
0
0
0
0
0
0
0
0
0
0
0
0
0
0
0
0
0
0
0
0
0
0
0
0
0
0
0
0
0
0
0
0
0
0
0
0
0
0
0
0
0
0
0
0
0
0
0
0
0
0
0
0
0
0
0
0
0
0
0
0
0
0
0
0
0
0
0
0
0
0
0
0
0
0
0
0
0
0
0
0
0
0
0
0
0
0
0
0
0
0
0
0
0
0
0
0
0
0
0
0
0
0
0
0
0
0
0
0
0
0
0
0
0
0
0
0
0
0
0
0
0
0
0
0
0
0
0
0
0
0
0
0
0
0
0
0
0
0
0
0
0
0
0
0
0
0
0
0
0
0
0
0
0
0
0
0
0
0
0
0
0
0
0
0
0
0
0
0
0
0
0
0
0
0
0
0
0
0
0
0
0
0
0
0
0
0
0
0
0
0
0
0
0
0
0
0
0
0
0
0
0
0
0
0
0
0
0
0
0
0
0
0
0
0
0
0
0
0
0
0
0
0
0
0
0
0
0
0
0
0
0
0
0
0
0
0
0
0
0
0
0
0
0
0
0
0
0
0
0
0
0
0
0
0
0
0
0
0
0
0
0
0
0
0
0
0
0
0
0
0
0
0
0
0
0
0
0
0
0
0
0
0
0
0
0
0
0
0
0
0
0
0
0
0
0
0
0
0
0
0
0
0
0
0
0
0
0
0
0
74.85392052
74.85392052
74.85392052
74.85392052
74.85392052
74.85392052
74.85392052
74.85392052
74.85392052
74.85392052
74.85392052
74.85392052
74.85392052
74.85392052
74.85392052
74.85392052
74.85392052
74.85392052
74.85392052
74.85392052
74.85392052
74.85392052
74.85392052
53.27871395
51.38925112
50.09467673
49.50553736
50.89423418
55.66564902
60.4665899
65.36153769
68.67423514
70.81539457
71.13087986
72.05789782
74.23431045
74.85392052
74.85392052
74.85392052
74.85392052
74.85392052
74.85392052
74.85392052
74.85392052
74.85392052
74.85392052
74.85392052
74.85392052
74.85392052
74.85392052
74.85392052
74.85392052
74.85392052
74.85392052
74.85392052
74.85392052
74.85392052
74.85392052
74.85392052
74.85392052
74.85392052
74.85392052
74.85392052
74.85392052
74.85392052
74.85392052
74.85392052
74.85392052
74.85392052
74.85392052
74.85392052
74.85392052
74.85392052
74.85392052
48.03192465
41.95455883
0
0
0
0
0
0
0
0
0
0
0
0
0
0
0
0
0
0
74.85392052
74.85392052
74.85392052
74.85392052
74.85392052
74.85392052
74.85392052
74.85392052
74.85392052
74.85392052
74.85392052
74.85392052
74.85392052
74.85392052
74.85392052
74.85392052
74.85392052
74.85392052
74.85392052
74.85392052
74.85392052
74.85392052
74.85392052
74.85392052
74.85392052
74.85392052
74.85392052
74.85392052
74.85392052
74.85392052
74.85392052
74.85392052
74.85392052
74.85392052
74.85392052
74.85392052
74.85392052
74.85392052
74.85392052
74.85392052
74.85392052
74.85392052
74.85392052
74.85392052
74.85392052
74.85392052
74.85392052
74.85392052
74.85392052
74.85392052
74.85392052
74.85392052
74.85392052
74.85392052
74.85392052
74.85392052
74.85392052
74.85392052
74.85392052
74.85392052
74.85392052
74.85392052
74.85392052
74.85392052
74.85392052
74.85392052
74.85392052
74.85392052
74.85392052
74.85392052
74.85392052
74.85392052
74.85392052
74.85392052
74.85392052
74.85392052
74.85392052
74.85392052
55.32848205
55.33612469
58.61666888
63.6441589
65.68289621
67.67209993
70.73736234
72.08624988
73.6299517
74.85392052
74.85392052
74.85392052
74.85392052
74.85392052
74.85392052
74.85392052
74.85392052
74.85392052
74.85392052
74.85392052
74.85392052
74.85392052
74.85392052
74.85392052
74.85392052
74.85392052
74.85392052
74.85392052
74.85392052
74.85392052
74.85392052
74.85392052
74.85392052
74.85392052
74.85392052
74.85392052
74.85392052
74.85392052
74.85392052
74.85392052
74.85392052
74.85392052
74.85392052
74.85392052
74.85392052
74.85392052
74.85392052
74.85392052
74.85392052
74.85392052
74.85392052
74.85392052
74.85392052
74.85392052
74.85392052
74.85392052
74.85392052
74.85392052
74.85392052
74.85392052
74.85392052
74.85392052
74.85392052
74.85392052
74.85392052
74.85392052
74.85392052
74.85392052
74.85392052
74.85392052
74.85392052
74.85392052
74.85392052
74.85392052
74.85392052
74.85392052
74.85392052
74.85392052
74.85392052
74.85392052
74.85392052
74.85392052
74.85392052
74.85392052
74.85392052
74.85392052
74.85392052
74.85392052
74.85392052
74.85392052
74.85392052
74.85392052
74.85392052
74.85392052
74.85392052
47.35329547
41.39542444
0
0
0
0
0
0
0
0
0
0
0
0
0
0
0
0
0
0
0
0
0
0
0
0
0
0
0
0
0
0
0
0
0
0
0
0
0
0
0
0
0
0
0
0
0
0
0
0
0
74.85392052
74.85392052
74.85392052
74.85392052
74.85392052
74.85392052
74.85392052
74.85392052
74.85392052
74.85392052
74.85392052
74.85392052
74.85392052
74.85392052
74.85392052
74.85392052
74.85392052
74.85392052
74.85392052
74.85392052
74.85392052
74.85392052
52.88570678
51.85084203
51.58319286
51.01680487
51.64153551
52.25666126
52.07217819
52.1713286
54.3798707
55.5078496
56.81593977
56.9962053
56.65402313
56.28963361
55.93015852
56.66368526
55.40939583
54.26613247
53.07286875
51.0189476
49.26225081
45.99691856
40.8337939
0
0
0
0
0
0
0
0
0
0
0
0
0
0
0
0
0
0
0
0
0
0
0
0
0
0
0
0
0
0
0
0
0
0
0
0
0
0
0
0
0
0
0
0
0
0
0
0
0
0
0
0
0
0
0
0
0
0
0
0
0
0
0
0
0
0
0
0
0
0
0
0
0
0
0
0
0
0
0
0
0
0
0
0
0
0
0
0
0
0
0
0
0
0
0
0
0
0
0
0
0
0
0
0
0
0
0
0
0
0
0
0
0
0
0
0
0
74.85392052
74.85392052
74.85392052
74.85392052
74.85392052
74.85392052
74.85392052
74.85392052
74.85392052
74.85392052
74.85392052
74.85392052
74.85392052
74.85392052
74.85392052
74.85392052
74.85392052
74.85392052
74.85392052
74.85392052
74.85392052
74.85392052
74.85392052
74.85392052
74.85392052
74.85392052
74.85392052
74.85392052
74.85392052
74.85392052
74.85392052
74.85392052
74.85392052
74.85392052
74.85392052
74.85392052
74.85392052
74.85392052
74.85392052
74.85392052
74.85392052
74.85392052
74.85392052
74.85392052
74.85392052
74.85392052
74.85392052
74.85392052
74.85392052
74.85392052
74.85392052
74.85392052
74.85392052
74.85392052
74.85392052
74.85392052
74.85392052
74.85392052
74.85392052
74.85392052
74.85392052
74.85392052
74.85392052
74.85392052
74.85392052
74.85392052
74.85392052
74.85392052
74.85392052
74.85392052
74.85392052
74.85392052
74.85392052
74.85392052
74.85392052
74.85392052
74.85392052
74.85392052
74.85392052
74.85392052
74.85392052
74.85392052
74.85392052
74.85392052
74.85392052
74.85392052
74.85392052
74.85392052
74.85392052
74.85392052
74.85392052
74.85392052
74.85392052
74.85392052
74.85392052
74.85392052
74.85392052
74.85392052
74.85392052
74.85392052
74.85392052
74.85392052
74.85392052
74.85392052
74.85392052
74.85392052
74.85392052
74.85392052
74.85392052
74.85392052
74.85392052
74.85392052
74.85392052
74.85392052
74.85392052
74.85392052
74.85392052
74.85392052
74.85392052
74.85392052
74.85392052
74.85392052
74.85392052
74.85392052
74.85392052
74.85392052
74.85392052
74.85392052
74.85392052
74.85392052
74.85392052
74.85392052
74.85392052
74.85392052
74.85392052
74.85392052
74.85392052
74.85392052
74.85392052
74.85392052
74.85392052
74.85392052
74.85392052
74.85392052
74.85392052
74.85392052
74.85392052
74.85392052
74.85392052
74.85392052
74.85392052
74.85392052
74.85392052
74.85392052
74.85392052
74.85392052
74.85392052
74.85392052
74.85392052
74.85392052
74.85392052
74.85392052
74.85392052
74.85392052
74.85392052
74.85392052
74.85392052
74.85392052
74.85392052
74.85392052
74.85392052
74.85392052
74.85392052
74.85392052
74.85392052
74.85392052
74.85392052
74.85392052
74.85392052
74.85392052
74.85392052
74.85392052
74.85392052
74.85392052
74.85392052
74.85392052
74.85392052
74.85392052
74.85392052
74.85392052
74.85392052
74.85392052
74.85392052
74.85392052
74.85392052
74.85392052
74.85392052
74.85392052
74.85392052
74.85392052
74.85392052
74.85392052
74.85392052
74.85392052
74.85392052
74.85392052
74.85392052
74.85392052
74.85392052
74.85392052
74.85392052
74.85392052
74.85392052
74.85392052
74.85392052
74.85392052
74.85392052
74.85392052
74.85392052
74.85392052
74.85392052
74.85392052
74.85392052
74.85392052
74.85392052
74.85392052
74.85392052
74.85392052
74.85392052
74.85392052
74.85392052
74.85392052
74.85392052
74.85392052
74.85392052
74.85392052
74.85392052
74.85392052
74.85392052
74.85392052
74.85392052
74.85392052
74.85392052
74.85392052
74.85392052
74.85392052
74.85392052
74.85392052
74.85392052
74.85392052
74.85392052
74.85392052
74.85392052
74.85392052
74.85392052
74.85392052
74.85392052
74.85392052
74.85392052
74.85392052
74.85392052
74.85392052
74.85392052
74.85392052
74.85392052
74.85392052
74.85392052
74.85392052
74.85392052
74.85392052
74.85392052
74.85392052
74.85392052
74.85392052
74.85392052
74.85392052
74.85392052
74.85392052
74.85392052
74.85392052
74.85392052
74.85392052
74.85392052
74.85392052
74.85392052
74.85392052
74.85392052
74.85392052
74.85392052
74.85392052
74.85392052
74.85392052
74.85392052
74.85392052
74.85392052
74.85392052
74.85392052
74.85392052
74.85392052
74.85392052
74.85392052
74.85392052
74.85392052
74.85392052
74.85392052
74.85392052
74.85392052
74.85392052
74.85392052
74.85392052
74.85392052
74.85392052
54.74555722
52.98108536
51.85151893
50.57389357
51.35297185
54.4571226
61.35739898
66.35067518
67.70536973
67.90580411
68.18744544
68.81651478
69.18004701
70.81300762
71.27358483
70.47914695
69.42571128
69.22571755
69.82169588
70.590334
70.04188488
66.59146628
64.55038167
61.94008011
60.13270676
57.48896924
53.98223605
51.34543214
47.51142987
44.44236901
43.30056448
40.31824894
38.21322918
37.55005275
0
0
0
0
0
0
0
0
0
0
0
0
0
0
0
0
0
0
0
0
0
0
0
0
0
0
0
0
0
0
0
0
0
0
0
0
0
0
0
0
0
0
0
0
0
0
0
0
0
0
0
0
0
0
0
0
0
0
0
0
0
0
0
0
0
0
0
0
0
0
0
0
0
0
0
0
0
0
0
0
0
0
0
0
0
0
0
0
0
0
0
0
0
0
0
0
0
0
0
0
0
0
0
0
0
0
0
0
0
0
0
0
0
0
0
0
0
0
0
0
0
0
0
0
0
0
0
0
0
0
0
0
0
0
0
74.85392052
74.85392052
74.85392052
74.85392052
74.85392052
74.85392052
74.85392052
74.85392052
74.85392052
74.85392052
74.85392052
74.85392052
74.85392052
74.85392052
74.85392052
74.85392052
74.85392052
74.85392052
74.85392052
74.85392052
74.85392052
74.85392052
74.85392052
74.85392052
74.85392052
74.85392052
74.85392052
74.85392052
74.85392052
74.85392052
74.85392052
74.85392052
74.85392052
74.85392052
74.85392052
74.85392052
74.85392052
74.85392052
74.85392052
74.85392052
74.85392052
74.85392052
74.85392052
74.85392052
74.85392052
74.85392052
74.85392052
74.85392052
74.85392052
74.85392052
74.85392052
74.85392052
74.85392052
74.85392052
74.85392052
74.85392052
74.85392052
74.85392052
74.85392052
74.85392052
74.85392052
74.85392052
74.85392052
74.85392052
74.85392052
74.85392052
74.85392052
74.85392052
74.85392052
74.85392052
74.85392052
74.85392052
74.85392052
74.85392052
74.85392052
74.85392052
74.85392052
74.85392052
74.85392052
74.85392052
74.85392052
74.85392052
74.85392052
74.85392052
74.85392052
74.85392052
74.85392052
74.85392052
74.85392052
74.85392052
74.85392052
74.85392052
74.85392052
74.85392052
74.85392052
74.85392052
74.85392052
74.85392052
74.85392052
74.85392052
74.85392052
74.85392052
74.85392052
74.85392052
74.85392052
74.85392052
74.85392052
74.85392052
74.85392052
74.85392052
74.85392052
74.85392052
74.85392052
74.85392052
74.85392052
74.85392052
74.85392052
74.85392052
74.85392052
74.85392052
74.85392052
74.85392052
74.85392052
74.85392052
74.85392052
74.85392052
74.85392052
74.85392052
55.20350859
53.19996517
52.32410995
53.37065888
52.53096826
51.61580614
52.23051396
53.81285093
51.85648456
51.44080076
49.78453943
51.20402197
50.02578118
46.2399854
43.46516991
44.67540774
44.3387181
45.28629828
47.39759139
49.56605706
49.92488917
51.0710032
49.56354947
49.47157313
51.16999007
49.35221114
45.53098832
44.03990852
43.17846903
41.22562042
39.31996064
37.43614587
0
0
0
0
0
0
0
0
0
0
0
0
0
0
0
0
0
0
0
0
0
0
0
0
0
0
0
0
0
0
0
0
0
0
0
0
0
0
0
0
0
0
0
0
0
0
0
0
0
0
0
0
0
0
0
0
0
0
0
0
0
0
0
0
0
0
0
0
0
0
0
0
0
0
0
0
0
0
0
0
0
0
0
0
0
0
0
0
0
0
0
0
0
0
0
0
0
0
0
0
0
0
0
0
0
0
0
0
0
0
0
0
0
0
0
0
0
0
0
0
0
0
0
0
0
0
0
0
0
0
0
0
0
0
0
0
0
0
0
0
0
0
0
0
0
0
0
0
0
0
0
0
0
0
0
0
0
0
0
0
0
0
0
0
0
0
0
0
0
0
0
0
0
0
0
0
0
0
0
0
0
0
0
0
0
0
0
0
0
0
0
0
0
0
0
0
0
0
0
0
0
0
0
0
0
0
0
0
0
0
0
0
0
0
0
0
0
0
0
0
0
74.85392052
74.85392052
74.85392052
74.85392052
74.85392052
74.85392052
74.85392052
74.85392052
74.85392052
74.85392052
74.85392052
74.85392052
74.85392052
74.85392052
74.85392052
74.85392052
74.85392052
74.85392052
74.85392052
74.85392052
74.85392052
74.85392052
74.85392052
50.39499208
46.75097969
42.89590815
37.77641311
0
0
0
0
0
0
0
0
0
0
0
0
0
0
0
0
0
0
0
0
0
0
0
0
0
0
0
0
0
0
0
0
0
0
0
0
0
0
0
0
0
0
0
0
0
0
0
0
0
0
0
0
0
0
0
0
0
0
0
0
0
0
0
0
0
0
0
0
0
0
0
0
0
0
0
0
0
0
0
0
0
0
0
0
0
0
0
0
0
0
0
0
0
0
0
0
0
0
0
0
0
0
0
0
0
0
0
0
0
0
0
0
0
0
0
0
0
0
0
0
0
0
0
0
0
0
0
0
0
0
0
0
0
0
0
0
0
0
0
0
0
0
0
0
0
0
0
0
0
0
0
0
0
0
0
0
0
0
0
0
0
0
0
0
0
74.85392052
74.85392052
74.85392052
74.85392052
74.85392052
74.85392052
74.85392052
74.85392052
74.85392052
74.85392052
74.85392052
74.85392052
74.85392052
74.85392052
74.85392052
74.85392052
74.85392052
74.85392052
74.85392052
74.85392052
74.85392052
74.85392052
74.85392052
74.85392052
74.85392052
74.85392052
74.85392052
74.85392052
74.85392052
74.85392052
74.85392052
74.85392052
74.85392052
74.85392052
74.85392052
74.85392052
74.85392052
74.85392052
74.85392052
74.85392052
74.85392052
74.85392052
74.85392052
74.85392052
74.85392052
74.85392052
74.85392052
74.85392052
74.85392052
74.85392052
74.85392052
74.85392052
74.85392052
74.85392052
74.85392052
74.85392052
74.85392052
74.85392052
74.85392052
74.85392052
74.85392052
74.85392052
74.85392052
74.85392052
74.85392052
74.85392052
74.85392052
74.85392052
74.85392052
74.85392052
74.85392052
74.85392052
74.85392052
74.85392052
74.85392052
74.85392052
74.85392052
74.85392052
74.85392052
74.85392052
74.85392052
74.85392052
74.85392052
47.02397815
47.29136892
46.08660139
45.97769953
45.11812459
45.07969029
48.07502455
50.5298151
51.57284224
52.63313022
53.99109568
58.49777077
63.09543781
66.70091408
73.19360498
74.85392052
74.85392052
74.85392052
74.85392052
74.85392052
74.85392052
74.85392052
74.85392052
74.85392052
74.85392052
74.85392052
74.85392052
74.85392052
74.85392052
74.85392052
74.85392052
74.85392052
74.85392052
74.85392052
74.85392052
74.85392052
74.85392052
74.85392052
74.85392052
74.85392052
74.85392052
74.85392052
74.85392052
74.85392052
74.85392052
74.85392052
74.85392052
74.85392052
74.85392052
74.85392052
74.85392052
74.85392052
74.85392052
74.85392052
74.85392052
74.85392052
74.85392052
74.85392052
74.85392052
74.85392052
74.85392052
74.85392052
74.85392052
74.85392052
74.85392052
74.85392052
74.85392052
74.85392052
74.85392052
74.85392052
74.85392052
74.85392052
74.85392052
74.85392052
74.85392052
74.85392052
74.85392052
74.85392052
74.85392052
74.85392052
74.85392052
74.85392052
74.85392052
74.85392052
74.85392052
74.85392052
74.85392052
74.85392052
74.85392052
0
0
0
0
0
0
0
0
0
0
0
0
0
0
0
0
0
0
0
0
0
0
0
0
0
0
0
0
0
0
0
0
0
0
0
0
0
0
0
0
0
0
0
0
0
0
0
0
0
0
0
0
0
0
0
0
0
0
0
0
0
0
0
0
0
0
0
0
0
0
0
0
0
0
0
0
0
0
0
0
0
0
0
0
0
0
0
0
0
0
0
0
0
0
0
0
0
0
0
0
0
0
0
0
0
0
0
74.85392052
74.85392052
74.85392052
74.85392052
74.85392052
74.85392052
74.85392052
74.85392052
74.85392052
74.85392052
74.85392052
74.85392052
74.85392052
74.85392052
74.85392052
74.85392052
74.85392052
74.85392052
74.85392052
74.85392052
74.85392052
74.85392052
74.85392052
74.85392052
74.85392052
74.85392052
74.85392052
74.85392052
74.85392052
74.85392052
74.85392052
74.85392052
74.85392052
74.85392052
74.85392052
74.85392052
74.85392052
74.85392052
74.85392052
74.85392052
74.85392052
74.85392052
74.85392052
74.85392052
74.85392052
74.85392052
74.85392052
74.85392052
74.85392052
74.85392052
74.85392052
74.85392052
74.85392052
74.85392052
74.85392052
74.85392052
74.85392052
74.85392052
74.85392052
74.85392052
53.85749608
51.80640656
51.71052146
50.48644218
49.13215035
48.58545267
46.44605545
45.14015861
45.1928052
43.64433817
42.44068079
42.2944507
41.33804601
39.93579805
40.21474983
39.90376743
38.21607797
0
0
0
0
0
0
0
0
0
0
0
0
0
0
0
0
0
0
0
0
0
0
0
0
0
0
0
0
0
0
0
0
0
0
0
0
0
0
0
0
0
0
0
0
0
0
0
0
0
0
0
0
0
0
0
0
0
0
0
0
0
0
0
0
0
0
0
0
0
0
0
0
0
0
0
0
0
0
0
0
0
0
0
0
0
0
0
0
0
0
0
0
0
0
0
0
0
0
0
0
0
0
0
0
0
0
0
0
0
0
0
0
0
0
0
0
0
0
0
0
0
0
0
0
0
0
0
0
0
0
0
0
0
0
0
0
0
0
0
0
0
0
0
0
0
0
0
0
0
0
0
0
0
0
0
0
0
0
0
0
0
0
0
0
0
0
0
0
0
0
0
0
0
0
0
0
0
0
0
0
0
0
0
0
0
0
0
0
0
0
0
0
0
0
0
0
0
0
0
0
0
0
0
0
0
0
0
0
0
0
0
0
0
0
0
0
0
0
0
0
0
0
0
0
0
0
0
0
0
0
0
0
0
0
0
0
0
0
0
0
0
0
0
0
0
0
0
0
0
0
0
0
0
0
0
0
0
0
0
0
0
0
0
0
0
0
0
0
0
0
0
0
0
0
0
0
0
0
0
0
0
0
0
0
0
0
0
0
0
0
0
0
0
0
0
0
0
0
0
0
0
0
0
0
0
0
0
0
0
0
0
0
0
0
0
0
0
0
0
0
0
0
0
0
74.85392052
74.85392052
74.85392052
74.85392052
74.85392052
74.85392052
74.85392052
74.85392052
74.85392052
74.85392052
74.85392052
74.85392052
74.85392052
74.85392052
74.85392052
74.85392052
53.67339045
52.8318368
50.02114026
48.76152197
47.40707379
47.42261127
47.48589085
47.90480111
48.37480055
47.76301209
47.49515249
46.27932513
43.81681374
42.10837905
40.15771478
39.98081312
38.41713675
36.86957048
0
0
0
0
0
0
0
0
0
0
0
0
0
0
0
0
0
0
0
0
0
0
0
0
0
0
0
0
0
0
0
0
0
0
0
0
0
0
0
0
0
0
0
0
0
0
0
0
0
0
0
0
0
0
0
0
0
0
0
0
0
0
0
0
0
0
0
0
0
0
0
0
0
0
0
0
0
0
0
0
0
0
0
0
0
0
0
0
0
0
0
0
0
0
0
0
0
0
0
0
0
0
0
0
0
0
0
0
0
0
0
0
0
0
0
0
0
0
0
0
0
0
0
0
0
0
0
0
0
0
0
0
0
0
0
0
0
0
0
0
0
0
0
0
0
0
0
0
0
0
0
0
0
0
0
0
0
0
0
0
0
0
0
0
0
0
0
0
0
0
0
0
0
0
0
0
0
0
0
0
0
0
0
0
0
0
0
0
0
0
0
0
0
0
0
0
0
0
0
0
0
0
0
0
0
0
0
0
0
0
0
0
0
0
0
0
0
0
0
0
0
0
0
0
0
0
0
0
0
0
0
0
0
0
0
0
0
0
0
0
0
0
0
0
0
0
0
0
0
0
0
0
0
0
0
0
0
0
0
0
0
0
0
0
0
0
0
0
0
0
0
0
0
0
0
0
0
0
0
0
0
0
0
0
0
0
0
0
0
0
0
0
0
0
0
0
0
0
0
0
0
0
0
0
0
0
0
0
0
0
0
0
0
0
0
0
0
0
0
0
0
0
0
0
0
0
0
0
0
0
0
0
0
0
0
0
0
0
0
0
0
0
0
0
0
0
0
0
0
0
0
0
0
0
0
0
0
0
0
0
0
0
0
0
0
0
0
0
0
0
0
0
0
0
0
0
0
0
0
0
0
0
0
0
0
0
0
0
0
0
0
0
0
0
0
0
0
0
0
0
0
0
0
0
0
0
0
0
0
0
0
0
0
0
0
0
0
0
0
0
0
0
0
0
0
0
0
0
0
0
0
0
0
0
0
0
0
0
0
0
0
0
0
0
0
0
0
0
0
0
0
0
0
0
0
0
0
0
0
0
0
0
0
0
0
0
0
0
0
0
0
0
0
0
0
0
0
0
0
0
0
0
0
0
0
0
0
0
0
0
0
0
0
0
0
0
0
0
0
0
0
0
0
0
0
0
0
0
0
0
0
0
0
0
0
0
0
0
0
0
0
0
0
0
0
0
0
0
0
0
0
0
0
0
0
0
0
0
0
0
0
0
0
0
0
0
0
0
0
0
0
0
0
0
0
0
0
0
0
0
0
0
0
0
0
0
0
0
0
0
0
0
0
0
0
0
0
0
0
0
0
0
0
0
0
0
0
0
0
0
0
0
0
0
0
0
0
0
0
0
0
0
0
0
0
0
0
0
0
0
0
0
0
0
0
0
0
0
0
0
0
0
0
0
0
0
0
0
0
0
0
0
0
0
0
0
0
0
0
0
0
0
0
0
0
0
0
0
0
0
0
0
0
0
0
0
0
0
0
0
0
0
0
0
0
0
0
0
0
0
0
0
0
0
0
0
0
0
0
0
0
0
0
0
0
0
0
0
0
0
0
0
0
0
0
0
0
0
0
0
0
0
0
0
0
0
0
0
0
0
0
0
0
0
0
0
0
0
0
0
0
0
0
0
0
0
0
0
0
0
0
0
0
0
0
0
0
0
0
0
0
0
0
0
0
0
0
0
0
0
0
0
0
0
0
0
0
0
0
0
0
0
0
0
0
0
0
0
0
0
0
0
0
0
0
0
0
0
0
0
0
0
0
0
0
0
0
0
0
0
0
0
0
0
0
0
0
0
0
0
0
0
0
0
0
0
0
0
0
0
0
0
0
0
0
0
0
0
0
0
0
0
0
0
0
0
0
0
0
0
0
0
0
0
0
0
0
0
0
0
0
0
0
0
0
0
0
0
0
0
0
0
0
0
0
0
0
0
0
0
0
0
0
0
0
0
0
0
0
0
0
0
0
0
0
0
0
0
0
0
0
0
0
0
0
0
0
0
0
0
0
0
0
0
0
0
0
0
0
0
0
0
0
0
0
0
0
0
0
0
0
0
0
0
0
0
0
0
0
0
0
0
0
0
0
0
0
0
0
0
0
0
0
0
0
0
0
0
0
0
0
0
0
0
0
0
0
0
0
0
0
0
0
0
0
0
0
0
0
0
0
0
0
0
0
0
0
0
0
0
0
0
0
0
0
0
0
0
0
0
0
0
0
0
0
0
0
0
0
0
0
0
0
0
0
0
0
0
0
0
0
0
0
0
0
0
0
0
0
0
0
0
0
0
0
0
0
0
0
0
0
0
0
0
0
0
0
0
0
0
0
0
0
0
0
0
0
0
0
0
0
0
0
0
0
0
0
0
0
0
0
0
0
0
0
0
0
0
0
0
0
0
0
0
0
0
0
0
0
0
0
0
0
0
0
0
0
0
0
0
0
0
0
0
0
0
0
0
0
0
0
0
0
0
0
0
0
0
0
0
0
0
0
0
0
0
0
0
0
0
0
0
0
0
0
0
0
0
0
0
0
0
0
0
0
0
0
0
0
0
0
0
0
0
0
0
0
0
0
0
0
0
0
0
0
0
0
0
0
0
0
0
0
0
0
0
0
0
0
0
0
0
0
0
0
0
0
0
0
0
0
0
0
0
0
0
0
0
0
0
0
0
0
0
0
0
0
0
0
0
0
0
0
0
0
0
0
0
0
0
0
0
0
0
0
0
0
0
0
0
0
0
0
0
0
0
0
0
0
0
0
0
0
0
0
0
0
0
0
0
0
0
0
0
0
0
0
0
0
0
0
0
0
0
0
0
0
0
0
0
0
0
0
0
0
0
0
0
0
0
0
0
0
0
0
0
0
0
0
0
0
0
0
0
0
0
0
0
0
0
0
0
0
0
0
0
0
0
0
0
0
0
0
0
0
0
0
0
0
0
0
0
0
0
0
0
0
0
0
0
0
0
0
0
0
0
0
0
0
0
0
0
0
0
0
0
0
0
0
0
0
0
0
0
0
0
0
0
0
0
0
0
0
0
0
0
0
0
0
0
0
0
0
0
0
0
0
0
0
0
0
0
0
0
0
0
0
0
0
0
0
0
0
0
0
0
0
0
0
0
0
0
0
0
0
0
0
0
0
0
0
0
0
0
0
0
0
0
0
0
0
0
0
0
0
0
0
0
0
0
0
0
0
0
0
0
0
0
0
0
0
0
0
0
0
0
0
0
0
0
0
0
0
0
0
0
0
0
0
0
0
0
0
0
0
0
0
0
0
0
0
0
0
0
0
0
0
0
0
0
0
0
0
0
0
0
0
0
0
0
0
0
0
0
0
0
0
0
0
0
0
0
0
0
0
0
0
0
0
0
0
0
0
0
0
0
0
0
0
0
0
0
0
0
0
0
0
0
0
0
0
0
0
0
0
0
0
0
0
0
0
0
0
0
0
0
0
0
0
0
0
0
0
0
0
0
0
0
0
0
0
0
0
0
0
0
0
0
0
0
0
0
0
0
0
0
0
0
0
0
0
0
0
0
0
0
0
0
0
0
0
0
0
0
0
0
0
0
0
0
0
0
0
0
0
0
0
0
0
0
0
0
0
0
0
0
0
0
0
0
0
0
0
0
0
0
0
0
0
0
0
0
0
0
0
0
0
0
0
0
0
0
0
0
0
0
0
0
0
0
0
0
0
0
0
0
0
0
0
0
0
0
0
0
0
0
0
0
0
0
0
0
0
0
0
0
0
0
0
0
0
0
0
0
0
0
0
0
0
0
0
0
0
0
0
0
0
0
0
0
0
0
0
0
0
0
0
0
0
0
0
0
0
0
0
0
0
0
0
0
0
0
0
0
0
0
0
0
0
0
0
0
0
0
0
0
0
0
0
0
0
0
0
0
0
0
0
0
0
0
0
0
0
0
0
0
0
0
0
0
0
0
0
0
0
0
0
0
0
0
0
0
0
0
0
0
0
0
0
0
0
0
0
0
0
0
0
0
0
0
0
0
0
0
0
0
0
0
0
0
0
0
0
0
0
0
0
0
0
0
0
0
0
0
0
0
0
0
0
0
0
0
0
0
0
0
0
0
0
0
0
0
0
0
0
0
0
0
0
0
0
0
0
0
0
0
0
0
0
0
0
0
0
0
0
0
0
0
0
0
0
0
0
0
0
0
0
0
0
0
0
0
0
0
0
0
0
0
0
0
0
0
0
0
0
0
0
0
0
0
0
0
0
0
0
0
0
0
0
0
0
0
0
0
0
0
0
0
0
0
0
0
0
0
0
0
0
0
0
0
0
0
0
0
0
0
0
0
0
0
0
0
0
0
0
0
0
0
0
0
0
0
0
0
0
0
0
0
0
0
0
0
0
0
0
0
0
0
0
0
0
0
0
0
0
0
0
0
0
0
0
0
0
0
0
0
0
0
0
0
0
0
0
0
0
0
0
0
0
0
0
0
0
0
0
0
0
0
0
0
0
0
0
0
0
0
0
0
0
0
0
0
0
0
0
0
0
0
0
0
0
0
0
0
0
0
0
0
0
0
0
0
0
0
0
0
0
0
0
0
0
0
0
0
0
0
0
0
0
0
0
0
0
0
0
0
0
0
0
0
0
0
0
0
0
0
0
0
0
0
0
0
0
0
0
0
0
0
0
0
0
0
0
0
0
0
0
0
0
0
0
0
0
0
0
0
0
0
0
0
0
0
0
0
0
0
0
0
0
0
0
0
0
0
0
0
0
0
0
0
0
0
0
0
0
0
0
0
0
0
0
0
0
0
0
0
0
0
0
0
0
0
0
0
0
0
0
0
0
0
0
0
0
0
0
0
0
0
0
0
0
0
0
0
0
0
0
0
0
0
0
0
0
0
0
0
0
0
0
0
0
0
0
0
0
0
0
0
0
0
0
0
0
0
0
0
0
0
0
0
0
0
0
0
0
0
0
0
0
0
0
0
0
0
0
0
0
0
0
0
0
0
0
0
0
0
0
0
0
0
0
0
0
0
0
0
0
0
0
0
0
0
0
0
0
0
0
0
0
0
0
0
0
0
0
0
0
0
0
0
0
0
0
0
0
0
0
0
0
0
0
0
0
0
0
0
0
0
0
0
0
0
0
0
0
0
0
0
0
0
0
0
0
0
0
0
0
0
0
0
0
0
0
0
0
0
0
0
0
0
0
0
0
0
0
0
0
0
0
0
0
0
0
0
0
0
0
0
0
0
0
0
0
0
0
0
0
0
0
0
0
0
0
0
0
0
0
0
0
0
0
0
0
0
0
0
0
0
0
0
0
0
0
0
0
0
0
0
0
0
0
0
0
0
0
0
0
0
0
0
0
0
0
0
0
0
0
0
0
0
0
0
0
0
0
0
0
0
0
0
0
0
0
0
0
0
0
0
0
0
0
0
0
0
0
0
0
0
0
0
0
0
0
0
0
0
0
0
0
0
0
0
0
0
0
0
0
0
0
0
0
0
0
0
0
0
0
0
0
0
0
0
0
0
0
0
0
0
0
0
0
0
0
0
0
0
0
0
0
0
0
0
0
0
0
0
0
0
0
0
0
0
0
0
0
0
0
0
0
0
0
0
0
0
0
0
0
0
0
0
0
0
0
0
0
0
0
0
0
0
0
0
0
0
0
0
0
0
0
0
0
0
0
0
0
0
0
0
0
0
0
0
0
0
0
0
0
0
0
0
0
0
0
0
0
0
0
0
0
0
0
0
0
0
0
0
0
0
0
0
0
0
0
0
0
0
0
0
0
0
0
0
0
0
0
0
0
0
0
0
0
0
0
0
0
0
0
0
0
0
0
0
0
0
0
0
0
0
0
0
0
0
0
0
0
0
0
0
0
0
0
0
0
0
0
0
0
0
0
0
0
0
0
0
0
0
0
0
0
0
0
0
0
0
0
0
0
0
0
0
0
0
0
0
0
0
0
0
0
0
0
0
0
0
0
0
0
0
0
0
0
0
0
0
0
0
0
0
0
0
0
0
0
0
0
0
0
0
0
0
0
0
0
0
0
0
0
0
0
0
0
0
0
0
0
0
0
0
0
0
0
0
0
0
0
0
0
0
0
0
0
0
0
0
0
0
0
0
0
0
0
0
0
0
0
0
0
0
0
0
0
0
0
0
0
0
0
0
0
0
0
0
0
0
0
0
0
0
0
0
0
0
0
0
0
0
0
0
0
0
0
0
0
0
0
0
0
0
0
0
0
0
0
0
0
0
0
0
0
0
0
0
0
0
0
0
0
0
0
0
0
0
0
0
0
0
0
0
0
0
0
0
0
0
0
0
0
0
0
0
0
0
0
0
0
0
0
0
0
0
0
0
0
0
0
0
0
0
0
0
0
0
0
0
0
0
0
0
0
0
0
0
0
0
0
0
0
0
0
0
0
0
0
0
0
0
0
0
0
0
0
0
0
0
0
0
0
0
0
0
0
0
0
0
0
0
0
0
0
0
0
0
0
0
0
0
0
0
0
0
0
0
0
0
0
0
0
0
0
0
0
0
0
0
0
0
0
0
0
0
0
0
0
0
0
0
0
0
0
0
0
0
0
0
0
0
0
0
0
0
0
0
0
0
0
0
0
0
0
0
0
0
0
0
0
0
0
0
0
0
0
0
0
0
0
0
0
0
0
0
0
0
0
0
0
0
0
0
0
0
0
0
0
0
0
0
0
0
0
0
0
0
0
0
0
0
0
0
0
0
0
0
0
0
0
0
0
0
0
0
0
0
0
0
0
0
0
0
0
0
0
0
0
0
0
0
0
0
0
0
0
0
0
0
0
0
0
0
0
0
0
0
0
0
0
0
0
0
0
0
0
0
0
0
0
0
0
0
0
0
0
0
0
0
0
0
0
0
0
0
0
0
0
0
0
0
0
0
0
0
0
0
0
0
0
0
0
0
0
0
0
0
0
0
0
0
0
0
0
0
0
0
0
0
0
0
0
0
0
0
0
0
0
0
0
0
0
0
0
0
0
0
0
0
0
0
0
0
0
0
0
0
0
0
0
0
0
0
0
0
0
0
0
0
0
0
0
0
0
0
0
0
0
0
0
0
0
0
0
0
0
0
0
0
0
0
0
0
0
0
0
0
0
0
0
0
0
0
0
0
0
0
0
0
0
0
0
0
0
0
0
0
0
0
0
0
0
0
0
0
0
0
0
0
0
0
0
0
0
0
0
0
0
0
0
0
0
0
0
0
0
0
0
0
0
0
0
0
0
0
0
0
0
0
0
0
0
0
0
0
0
0
0
0
0
0
0
0
0
0
0
0
0
0
0
0
0
0
0
0
0
0
0
0
0
0
0
0
0
0
0
0
0
0
0
0
0
0
0
0
0
0
0
0
0
0
0
0
0
0
0
0
0
0
0
0
0
0
0
0
0
0
0
0
0
0
0
0
0
0
0
0
0
0
0
0
0
0
0
0
0
0
0
0
0
0
0
0
0
0
0
0
0
0
0
0
0
0
0
0
0
0
0
0
0
0
0
0
0
0
0
0
0
0
0
0
0
0
0
0
0
0
0
0
0
0
0
0
0
0
0
0
0
0
0
0
0
0
0
0
0
0
0
0
0
0
0
0
0
0
0
0
0
0
0
0
0
0
0
0
0
0
0
0
0
0
0
0
0
0
0
0
0
0
0
0
0
0
0
0
0
0
0
0
0
0
0
0
0
0
0
0
0
0
0
0
0
0
0
0
0
0
0
0
0
0
0
0
0
0
0
0
0
0
0
0
0
0
0
0
0
0
0
0
0
0
0
0
0
0
0
0
0
0
0
0
0
0
0
0
0
0
0
0
0
0
0
0
0
0
0
0
0
0
0
0
0
0
0
0
0
0
0
0
0
0
0
0
0
0
0
0
0
0
0
0
0
0
0
0
0
0
0
0
0
0
0
0
0
0
0
0
0
0
0
0
0
0
0
0
0
0
0
0
0
0
0
0
0
0
0
0
0
0
0
0
0
0
0
0
0
0
0
0
0
0
0
0
0
0
0
0
0
0
0
0
0
0
0
0
0
0
0
0
0
0
0
0
0
0
0
0
0
0
0
0
0
0
0
0
0
0
0
0
0
0
0
0
0
0
0
0
0
0
0
0
0
0
0
0
0
0
0
0
0
0
0
0
0
0
0
0
0
0
0
0
0
0
0
0
0
0
0
0
0
0
0
0
0
0
0
0
0
0
0
0
0
0
0
0
0
0
0
0
0
0
0
0
0
0
0
0
0
0
0
0
0
0
0
0
0
0
0
0
0
0
0
0
0
0
0
0
0
0
0
0
0
0
0
0
0
0
0
0
0
0
0
0
0
0
0
0
0
0
0
0
0
0
0
0
0
0
0
0
0
0
0
0
0
0
0
0
0
0
0
0
0
0
0
0
0
0
0
0
0
0
0
0
0
0
0
0
0
0
0
0
0
0
0
0
0
0
0
0
0
0
0
0
0
0
0
0
0
0
0
0
0
0
0
0
0
0
0
0
0
0
0
0
0
0
0
0
0
0
0
0
0
0
0
0
0
0
0
0
0
0
0
0
0
0
0
0
0
0
0
0
0
0
0
0
0
0
0
0
0
0
0
0
0
0
0
0
0
0
0
0
0
0
0
0
0
0
0
0
0
0
0
0
0
0
0
0
0
0
0
0
0
0
0
0
0
0
0
0
0
0
0
0
0
0
0
0
0
0
0
0
0
0
0
0
0
0
0
0
0
0
0
0
0
0
0
0
0
0
0
0
0
0
0
0
0
0
0
0
0
0
0
0
0
0
0
0
0
0
0
0
0
0
0
0
0
0
0
0
0
0
0
0
0
0
0
0
0
0
0
0
0
0
0
0
0
0
0
0
0
0
0
0
0
0
0
0
0
0
0
0
0
0
0
0
0
0
0
0
0
0
0
0
0
0
0
0
0
0
0
0
0
0
0
0
0
0
0
0
0
0
0
0
0
0
0
0
0
0
0
0
0
0
0
0
0
0
0
0
0
0
0
0
0
0
0
0
0
0
0
0
0
0
0
0
0
0
0
0
0
0
0
0
0
0
0
0
0
0
0
0
0
0
0
0
0
0
0
0
0
0
0
0
0
0
0
0
0
0
0
0
0
0
0
0
0
0
0
0
0
0
0
0
0
0
0
0
0
0
0
0
0
0
0
0
0
0
0
0
0
0
0
0
0
0
0
0
0
0
0
0
0
0
0
0
0
0
0
0
0
0
0
0
0
0
0
0
0
0
0
0
0
0
0
0
0
0
0
0
0
0
0
0
0
0
0
0
0
0
0
0
0
0
0
0
0
0
0
0
0
0
0
0
0
0
0
0
0
0
0
0
0
0
0
0
0
0
0
0
0
0
0
0
0
0
0
0
0
0
0
0
0
0
0
0
0
0
0
0
0
0
0
0
0
0
0
0
0
0
0
0
0
0
0
0
0
0
0
0
0
0
0
0
0
0
0
0
0
0
0
0
0
0
0
0
0
0
0
0
0
0
0
0
0
0
0
0
0
0
0
0
0
0
0
0
0
0
0
0
0
0
0
0
0
0
0
0
0
0
0
0
0
0
0
0
0
0
0
0
0
0
0
0
0
0
0
0
0
0
0
0
0
0
0
0
0
0
0
0
0
0
0
0
0
0
0
0
0
0
0
0
0
0
0
0
0
0
0
0
0
0
0
0
0
0
0
0
0
0
0
0
0
0
0
0
0
0
0
0
0
0
0
0
0
0
0
0
0
0
0
0
0
0
0
0
0
0
0
0
0
0
0
0
0
0
0
0
0
0
0
0
0
0
0
0
0
0
0
0
0
0
0
0
0
0
0
0
0
0
0
0
0
0
0
0
0
0
0
0
0
0
0
0
0
0
0
0
0
0
0
0
0
0
0
0
0
0
0
0
0
0
0
0
0
0
0
0
0
0
0
0
0
0
0
0
0
0
0
0
0
0
0
0
0
0
0
0
0
0
0
0
0
0
0
0
0
0
0
0
0
0
0
0
0
0
0
0
0
0
0
0
0
0
0
0
0
0
0
0
0
0
0
0
0
0
0
0
0
0
0
0
0
0
0
0
0
0
0
0
0
0
0
0
0
0
0
0
0
0
0
0
0
0
0
0
0
0
0
0
0
0
0
0
0
0
0
0
0
0
0
0
0
0
0
0
0
0
0
0
0
0
0
0
0
0
0
0
0
0
0
0
0
0
0
0
0
0
0
0
0
0
0
0
0
0
0
0
0
0
0
0
0
0
0
0
0
0
0
0
0
0
0
0
0
0
0
0
0
0
0
0
0
0
0
0
0
0
0
0
0
0
0
0
0
0
0
0
0
0
0
0
0
0
0
0
0
0
0
0
0
0
0
0
0
0
0
0
0
0
0
0
0
0
0
0
0
0
0
0
0
0
0
0
0
0
0
0
0
0
0
0
0
0
0
0
0
0
0
0
0
0
0
0
0
0
0
0
0
0
0
0
0
0
0
0
0
0
0
0
0
0
0
0
0
0
0
0
0
0
0
0
0
0
0
0
0
0
0
0
0
0
0
0
0
0
0
0
0
0
0
0
0
0
0
0
0
0
0
0
0
0
0
0
0
0
0
0
0
0
0
0
0
0
0
0
0
0
0
0
0
0
0
0
0
0
0
0
0
0
0
0
0
0
0
0
0
0
0
0
0
0
0
0
0
0
0
0
0
0
0
0
0
0
0
0
0
0
0
0
0
0
0
0
0
0
0
0
0
0
0
0
0
0
0
0
0
0
0
0
0
0
0
0
0
0
0
0
0
0
0
0
0
0
0
0
0
0
0
0
0
0
0
0
0
0
0
0
0
0
0
0
0
0
0
0
0
0
0
0
0
0
0
0
0
0
0
0
0
0
0
0
0
0
0
0
0
0
0
0
0
0
0
0
0
0
0
0
0
0
0
0
0
0
0
0
0
0
0
0
0
0
0
0
0
0
0
0
0
0
0
0
0
0
0
0
0
0
0
0
0
0
0
0
0
0
0
0
0
0
0
0
0
0
0
0
0
0
0
0
0
0
0
0
0
0
0
0
0
0
0
0
0
0
0
0
0
0
0
0
0
0
0
0
0
0
0
0
0
0
0
0
0
0
0
0
0
0
0
0
0
0
0
0
0
0
0
0
0
0
0
0
0
0
0
0
0
0
0
0
0
0
0
0
0
0
0
0
0
0
0
0
0
0
0
0
0
0
0
0
0
0
0
0
0
0
0
0
0
0
0
0
0
0
0
0
0
0
0
0
0
0
0
0
0
0
0
0
0
0
0
0
0
0
0
0
0
0
0
0
0
0
0
0
0
0
0
0
0
0
0
0
0
0
0
0
0
0
0
0
0
0
0
0
0
0
0
0
0
0
0
0
0
0
0
0
0
0
0
0
0
0
0
0
0
0
0
0
0
0
0
0
0
0
0
0
0
0
0
0
0
0
0
0
0
0
0
0
0
0
0
0
0
0
0
0
0
0
0
0
0
0
0
0
0
0
0
0
0
0
0
0
0
0
0
0
0
0
0
0
0
0
0
0
0
0
0
0
0
0
0
0
0
0
0
0
0
0
0
0
0
0
0
0
0
0
0
0
0
0
0
0
0
0
0
0
0
0
0
0
0
0
0
0
0
0
0
0
0
0
0
0
0
0
0
0
0
0
0
0
0
0
0
0
0
0
0
0
0
0
0
0
0
0
0
0
0
0
0
0
0
0
0
0
0
0
0
0
0
0
0
0
0
0
0
0
0
0
0
0
0
0
0
0
0
0
0
0
0
0
0
0
0
0
0
0
0
0
0
0
0
0
0
0
0
0
0
0
0
0
0
0
0
0
0
0
0
0
0
0
0
0
0
0
0
0
0
0
0
0
0
0
0
0
0
0
0
0
0
0
0
0
0
0
0
0
0
0
0
0
0
0
0
0
0
0
0
0
0
0
0
0
0
0
0
0
0
0
0
0
0
0
0
0
0
0
0
0
0
0
0
0
0
0
0
0
0
0
0
0
0
0
0
0
0
0
0
0
0
0
0
0
0
0
0
0
0
0
0
0
0
0
0
0
0
0
0
0
0
0
0
0
0
0
0
0
0
0
0
0
0
0
0
0
0
0
0
0
0
0
0
0
0
0
0
0
0
0
0
0
0
0
0
0
0
0
0
0
0
0
0
0
0
0
0
0
0
0
0
0
0
0
0
0
0
0
0
0
0
0
0
0
0
0
0
0
0
0
0
0
0
0
0
0
0
0
0
0
0
0
0
0
0
0
0
0
0
0
0
0
0
0
0
0
0
0
0
0
0
0
0
0
0
0
0
0
0
0
0
0
0
0
0
0
0
0
0
0
0
0
0
0
0
0
0
0
0
0
0
0
0
0
0
0
0
0
0
0
0
0
0
0
0
0
0
0
0
0
0
0
0
0
0
0
0
0
0
0
0
0
0
0
0
0
0
0
0
0
0
0
0
0
0
0
0
0
0
0
0
0
0
0
0
0
0
0
0
0
0
0
0
0
0
0
0
0
0
0
0
0
0
0
0
0
0
0
0
0
0
0
0
0
0
0
0
0
0
0
0
0
0
0
0
0
0
0
0
0
0
0
0
0
0
0
0
0
0
0
0
0
0
0
0
0
0
0
0
0
0
0
0
0
0
0
0
0
0
0
0
0
0
0
0
0
0
0
0
0
0
0
0
0
0
0
0
0
0
0
0
0
0
0
0
0
0
0
0
0
0
0
0
0
0
0
0
0
0
0
0
0
0
0
0
0
0
0
0
0
0
0
0
0
0
0
0
0
0
0
0
0
0
0
0
0
0
0
0
0
0
0
0
0
0
0
0
0
0
0
0
0
0
0
0
0
0
0
0
0
0
0
0
0
0
0
0
0
0
0
0
0
0
0
0
0
0
0
0
0
0
0
0
0
0
0
0
0
0
0
0
0
0
0
0
0
0
0
0
0
0
0
0
0
0
0
0
0
0
0
0
0
0
0
0
0
0
0
0
0
0
0
0
0
0
0
0
0
0
0
0
0
0
0
0
0
0
0
0
0
0
0
0
0
0
0
0
0
0
0
0
0
0
0
0
0
0
0
0
0
0
0
0
0
0
0
0
0
0
0
0
0
0
0
0
0
0
0
0
0
0
0
0
0
0
0
0
0
0
0
0
0
0
0
0
0
0
0
0
0
0
0
0
0
0
0
0
0
0
0
0
0
0
0
0
0
0
0
0
0
0
0
0
0
0
0
0
0
0
0
0
0
0
0
0
0
0
0
0
0
0
0
0
0
0
0
0
0
0
0
0
0
0
0
0
0
0
0
0
0
0
0
0
0
0
0
0
0
0
0
0
0
0
0
0
0
0
0
0
0
0
0
0
0
0
0
0
0
0
0
0
0
0
0
0
0
0
0
0
0
0
0
0
0
0
0
0
0
0
0
0
0
0
0
0
0
0
0
0
0
0
0
0
0
0
0
0
0
0
0
0
0
0
0
0
0
0
0
0
0
0
0
0
0
0
0
0
0
0
0
0
0
0
0
0
0
0
0
0
0
0
0
0
0
0
0
0
0
0
0
0
0
0
0
0
0
0
0
0
0
0
0
0
0
0
0
0
0
0
0
0
0
0
0
0
0
0
0
0
0
0
0
0
0
0
0
0
0
0
0
0
0
0
0
0
0
0
0
0
0
0
0
0
0
0
0
0
0
0
0
0
0
0
0
0
0
0
0
0
0
0
0
0
0
0
0
0
0
0
0
0
0
0
0
0
0
0
0
0
0
0
0
0
0
0
0
0
0
0
0
0
0
0
0
0
0
0
0
0
0
0
0
0
0
0
0
0
0
0
0
0
0
0
0
0
0
0
0
0
0
0
0
0
0
0
0
0
0
0
0
0
0
0
0
0
0
0
0
0
0
0
0
0
0
0
0
0
0
0
0
0
0
0
0
0
0
0
0
0
0
0
0
0
0
0
0
0
0
0
0
0
0
0
0
0
0
0
0
0
0
0
0
0
0
0
0
0
0
0
0
0
0
0
0
0
0
0
0
0
0
0
0
0
0
0
0
0
0
0
0
0
0
0
0
0
0
0
0
0
0
0
0
0
0
0
0
0
0
0
0
0
0
0
0
0
0
0
0
0
0
0
0
0
0
0
0
0
0
0
0
0
0
0
0
0
0
0
0
0
0
0
0
0
0
0
0
0
0
0
0
0
0
0
0
0
0
0
0
0
0
0
0
0
0
0
0
0
0
0
0
0
0
0
0
0
0
0
0
0
0
0
0
0
0
0
0
0
0
0
0
0
0
0
0
0
0
0
0
0
0
0
0
0
0
0
0
0
0
0
0
0
0
0
0
0
0
0
0
0
0
0
0
0
0
0
0
0
0
0
0
0
0
0
0
0
0
0
0
0
0
0
0
0
0
0
0
0
0
0
0
0
0
0
0
0
0
0
0
0
0
0
0
0
0
0
0
0
0
0
0
0
0
0
0
0
0
0
0
0
0
0
0
0
0
0
0
0
0
0
0
0
0
0
0
0
0
0
0
0
0
0
0
0
0
0
0
0
0
0
0
0
0
0
0
0
0
0
0
0
0
0
0
0
0
0
0
0
0
0
0
0
0
0
0
0
0
0
0
0
0
0
0
0
0
0
0
0
0
0
0
0
0
0
0
0
0
0
0
0
0
0
0
0
0
0
0
0
0
0
0
0
0
0
0
0
0
0
0
0
0
0
0
0
0
0
0
0
0
0
0
0
0
0
0
0
0
0
0
0
0
0
0
0
0
0
0
0
0
0
0
0
0
0
0
0
0
0
0
0
0
0
0
0
0
0
0
0
0
0
0
0
0
0
0
0
0
0
0
0
0
0
0
0
0
0
0
0
0
0
0
0
0
0
0
0
0
0
0
0
0
0
0
0
0
0
0
0
0
0
0
0
0
0
0
0
0
0
0
0
0
0
0
0
0
0
0
0
0
0
0
0
0
0
0
0
0
0
0
0
0
0
0
0
0
0
0
0
0
0
0
0
0
0
0
0
0
0
0
0
0
0
0
0
0
0
0
0
0
0
0
0
0
0
0
0
0
0
0
0
0
0
0
0
0
0
0
0
0
0
0
0
0
0
0
0
0
0
0
0
0
0
0
0
0
0
0
0
0
0
0
0
0
0
0
0
0
0
0
0
0
0
0
0
0
0
0
0
0
0
0
0
0
0
0
0
0
0
0
0
0
0
0
0
0
0
0
0
0
0
0
0
0
0
0
0
0
0
0
0
0
0
0
0
0
0
0
0
0
0
0
0
0
0
0
0
0
0
0
0
0
0
0
0
0
0
0
0
0
0
0
0
0
0
0
0
0
0
0
0
0
0
0
0
0
0
0
0
0
0
0
0
0
0
0
0
0
0
0
0
0
0
0
0
0
0
0
0
0
0
0
0
0
0
0
0
0
0
0
0
0
0
0
0
0
0
0
0
0
0
0
0
0
0
0
0
0
0
0
0
0
0
0
0
0
0
0
0
0
0
0
0
0
0
0
0
0
0
0
0
0
0
0
0
0
0
0
0
0
0
0
0
0
0
0
0
0
0
0
0
0
0
0
0
0
0
0
0
0
0
0
0
0
0
0
0
0
0
0
0
0
0
0
0
0
0
0
0
0
0
0
0
0
0
0
0
0
0
0
0
0
0
0
0
0
0
0
0
0
0
0
0
0
0
0
0
0
0
0
0
0
0
0
0
0
0
0
0
0
0
0
0
0
0
0
0
0
0
0
0
0
0
0
0
0
0
0
0
0
0
0
0
0
0
0
0
0
0
0
0
0
0
0
0
0
0
0
0
0
0
0
0
0
0
0
0
0
0
0
0
0
0
0
0
0
0
0
0
0
0
0
0
0
0
0
0
0
0
0
0
0
0
0
0
0
0
0
0
0
0
0
0
0
0
0
0
0
0
0
0
0
0
0
0
0
0
0
0
0
0
0
0
0
0
0
0
0
0
0
0
0
0
0
0
0
0
0
0
0
0
0
0
0
0
0
0
0
0
0
0
0
0
0
0
0
0
0
0
0
0
0
0
0
0
0
0
0
0
0
0
0
0
0
0
0
0
0
0
0
0
0
0
0
0
0
0
0
0
0
0
0
0
0
0
0
0
0
0
0
0
0
0
0
0
0
0
0
0
0
0
0
0
0
0
0
0
0
0
0
0
0
0
0
0
0
0
0
0
0
0
0
0
0
0
0
0
0
0
0
0
0
0
0
0
0
0
0
0
0
0
0
0
0
0
0
0
0
0
0
0
0
0
0
0
0
0
0
0
0
0
0
0
0
0
0
0
0
0
0
0
0
0
0
0
0
0
0
0
0
0
0
0
0
0
0
0
0
0
0
0
0
0
0
0
0
0
0
0
0
0
0
0
0
0
0
0
0
0
0
0
0
0
0
0
0
0
0
0
0
0
0
0
0
0
0
0
0
0
0
0
0
0
0
0
0
0
0
0
0
0
0
0
0
0
0
0
0
0
0
0
0
0
0
0
0
0
0
0
0
0
0
0
0
0
0
0
0
0
0
0
0
0
0
0
0
0
0
0
0
0
0
0
0
0
0
0
0
0
0
0
0
0
0
0
0
0
0
0
0
0
0
0
0
0
0
0
0
0
0
0
0
0
0
0
0
0
0
0
0
0
0
0
0
0
0
0
0
0
0
0
0
0
0
0
0
0
0
0
0
0
0
0
0
0
0
0
0
0
0
0
0
0
0
0
0
0
0
0
0
0
0
0
0
0
0
0
0
0
0
0
0
0
0
0
0
0
0
0
0
0
0
0
0
0
0
0
0
0
0
0
0
0
0
0
0
0
0
0
0
0
0
0
0
0
0
0
0
0
0
0
0
0
0
0
0
0
0
0
0
0
0
0
0
0
0
0
0
0
0
0
0
0
0
0
0
0
0
0
0
0
0
0
0
0
0
0
0
0
0
0
0
0
0
0
0
0
0
0
0
0
0
0
0
0
0
0
0
0
0
0
0
0
0
0
0
0
0
0
0
0
0
0
0
0
0
0
0
0
0
0
0
0
0
0
0
0
0
0
0
0
0
0
0
0
0
0
0
0
0
0
0
0
0
0
0
0
0
0
0
0
0
0
0
0
0
0
0
0
0
0
0
0
0
0
0
0
0
0
0
0
0
0
0
0
0
0
0
0
0
0
0
0
0
0
0
0
0
0
0
0
0
0
0
0
0
0
0
0
0
0
0
0
0
0
0
0
0
0
0
0
0
0
0
0
0
0
0
0
0
0
0
0
0
0
0
0
0
0
0
0
0
0
0
0
0
0
0
0
0
0
0
0
0
0
0
0
0
0
0
0
0
0
0
0
0
0
0
0
0
0
0
0
0
0
0
0
0
0
0
0
0
0
0
0
0
0
0
0
0
0
0
0
0
0
0
0
0
0
0
0
0
0
0
0
0
0
0
0
0
0
0
0
0
0
0
0
0
0
0
0
0
0
0
0
0
0
0
0
0
0
0
0
0
0
0
0
0
0
0
0
0
0
0
0
0
0
0
0
0
0
0
0
0
0
0
0
0
0
0
0
0
0
0
0
0
0
0
0
0
0
0
0
0
0
0
0
0
0
0
0
0
0
0
0
0
0
0
0
0
0
0
0
0
0
0
0
0
0
0
0
0
0
0
0
0
0
0
0
0
0
0
0
0
0
0
0
0
0
0
0
0
0
0
0
0
0
0
0
0
0
0
0
0
0
0
0
0
0
0
0
0
0
0
0
0
0
0
0
0
0
0
0
0
0
0
0
0
0
0
0
0
0
0
0
0
0
0
0
0
0
0
0
0
0
0
0
0
0
0
0
0
0
0
0
0
0
0
0
0
0
0
0
0
0
0
0
0
0
0
0
0
0
0
0
0
0
0
0
0
0
0
0
0
0
0
0
0
0
0
0
0
0
0
0
0
0
0
0
0
0
0
0
0
0
0
0
0
0
0
0
0
0
0
0
0
0
0
0
0
0
0
0
0
0
0
0
0
0
0
0
0
0
0
0
0
0
0
0
0
0
0
0
0
0
0
0
0
0
0
0
0
0
0
0
0
0
0
0
0
0
0
0
0
0
0
0
0
0
0
0
0
0
0
0
0
0
0
0
0
0
0
0
0
0
0
0
0
0
0
0
0
0
0
0
0
0
0
0
0
0
0
0
0
0
0
0
0
0
0
0
0
0
0
0
0
0
0
0
0
0
0
0
0
0
0
0
0
0
0
0
0
0
0
0
0
0
0
0
0
0
0
0
0
0
0
0
0
0
0
0
0
0
0
0
0
0
0
0
0
0
0
0
0
0
0
0
0
0
0
0
0
0
0
0
0
0
0
0
0
0
0
0
0
0
0
0
0
0
0
0
0
0
0
0
0
0
0
0
0
0
0
0
0
0
0
0
0
0
0
0
0
0
0
0
0
0
0
0
0
0
0
0
0
0
0
0
0
0
0
0
0
0
0
0
0
0
0
0
0
0
0
0
0
0
0
0
0
0
0
0
0
0
0
0
0
0
0
0
0
0
0
0
0
0
0
0
0
0
0
0
0
0
0
0
0
0
0
0
0
0
0
0
0
0
0
0
0
0
0
0
0
0
0
0
0
0
0
0
0
0
0
0
0
0
0
0
0
0
0
0
0
0
0
0
0
0
0
0
0
0
0
0
0
0
0
0
0
0
0
0
0
0
0
0
0
0
0
0
0
0
0
0
0
0
0
0
0
0
0
0
0
0
0
0
0
0
0
0
0
0
0
0
0
0
0
0
0
0
0
0
0
0
0
0
0
0
0
0
0
0
0
0
0
0
0
0
0
0
0
0
0
0
0
0
0
0
0
0
0
0
0
0
0
0
0
0
0
0
0
0
0
0
0
0
0
0
0
0
0
0
0
0
0
0
0
0
0
0
0
0
0
0
0
0
0
0
0
0
0
0
0
0
0
0
0
0
0
0
0
0
0
0
0
0
0
0
0
0
0
0
0
0
0
0
0
0
0
0
0
0
0
0
0
0
0
0
0
0
0
0
0
0
0
0
0
0
0
0
0
0
0
0
0
0
0
0
0
0
0
0
0
0
0
0
0
0
0
0
0
0
0
0
0
0
0
0
0
0
0
0
0
0
0
0
0
0
0
0
0
0
0
0
0
0
0
0
0
0
0
0
0
0
0
0
0
0
0
0
0
0
0
0
0
0
0
0
0
0
0
0
0
0
0
0
0
0
0
0
0
0
0
0
0
0
0
0
0
0
0
0
0
0
0
0
0
0
0
0
0
0
0
0
0
0
0
0
0
0
0
0
0
0
0
0
0
0
0
0
0
0
0
0
0
0
0
0
0
0
0
0
0
0
0
0
0
0
0
0
0
0
0
0
0
0
0
0
0
0
0
0
0
0
0
0
0
0
0
0
0
0
0
0
0
0
0
0
0
0
0
0
0
0
0
0
0
0
0
0
0
0
0
0
0
0
0
0
0
0
0
0
0
0
0
0
0
0
0
0
0
0
0
0
0
0
0
0
0
0
0
0
0
0
0
0
0
0
0
0
0
0
0
0
0
0
0
0
0
0
0
0
0
0
0
0
0
0
0
0
0
0
0
0
0
0
0
0
0
0
0
0
0
0
0
0
0
0
0
0
0
0
0
0
0
0
0
0
0
0
0
0
0
0
0
0
0
0
0
0
0
0
0
0
0
0
0
0
0
0
0
0
0
0
0
0
0
0
0
0
0
0
0
0
0
0
0
0
0
0
0
0
0
0
0
0
0
0
0
0
0
0
0
0
0
0
0
0
0
0
0
0
0
0
0
0
0
0
0
0
0
0
0
0
0
0
0
0
0
0
0
0
0
0
0
0
0
0
0
0
0
0
0
0
0
0
0
0
0
0
0
0
0
0
0
0
0
0
0
0
0
0
0
0
0
0
0
0
0
0
0
0
0
0
0
0
0
0
0
0
0
0
0
0
0
0
0
0
0
0
0
0
0
0
0
0
0
0
0
0
0
0
0
0
0
0
0
0
0
0
0
0
0
0
0
0
0
0
0
0
0
0
0
0
0
0
0
0
0
0
0
0
0
0
0
0
0
0
0
0
0
0
0
0
0
0
0
0
0
0
0
0
0
0
0
0
0
0
0
0
0
0
0
0
0
0
0
0
0
0
0
0
0
0
0
0
0
0
0
0
0
0
0
0
0
0
0
0
0
0
0
0
0
0
0
0
0
0
0
0
0
0
0
0
0
0
0
0
0
0
0
0
0
0
0
0
0
0
0
0
0
0
0
0
0
0
0
0
0
0
0
0
0
0
0
0
0
0
0
0
0
0
0
0
0
0
0
0
0
0
0
0
0
0
0
0
0
0
0
0
0
0
0
0
0
0
0
0
0
0
0
0
0
0
0
0
0
0
0
0
0
0
0
0
0
0
0
0
0
0
0
0
0
0
0
0
0
0
0
0
0
0
0
0
0
0
0
0
0
0
0
0
0
0
0
0
0
0
0
0
0
0
0
0
0
0
0
0
0
0
0
0
0
0
0
0
0
0
0
0
0
0
0
0
0
0
0
0
0
0
0
0
0
0
0
0
0
0
0
0
0
0
0
0
0
0
0
0
0
0
0
0
0
0
0
0
0
0
0
0
0
0
0
0
0
0
0
0
0
0
0
0
0
0
0
0
0
0
0
0
0
0
0
0
0
0
0
0
0
0
0
0
0
0
0
0
0
0
0
0
0
0
0
0
0
0
0
0
0
0
0
0
0
0
0
0
0
0
0
0
0
0
0
0
0
0
0
0
0
0
0
0
0
0
0
0
0
0
0
0
0
0
0
0
0
0
0
0
0
0
0
0
0
0
0
0
0
0
0
0
0
0
0
0
0
0
0
0
0
0
0
0
0
0
0
0
0
0
0
0
0
0
0
0
0
0
0
0
0
0
0
0
0
0
0
0
0
0
0
0
0
0
0
0
0
0
0
0
0
0
0
0
0
0
0
0
0
0
0
0
0
0
0
0
0
0
0
0
0
0
0
0
0
0
0
0
0
0
0
0
0
0
0
0
0
0
0
0
0
0
0
0
0
0
0
0
0
0
0
0
0
0
0
0
0
0
0
0
0
0
0
0
0
0
0
0
0
0
0
0
0
0
0
0
0
0
0
0
0
0
0
0
0
0
0
0
0
0
0
0
0
0
0
0
0
0
0
0
0
0
0
0
0
0
0
0
0
0
0
0
0
0
0
0
0
0
0
0
0
0
0
0
0
0
0
0
0
0
0
0
0
0
0
0
0
0
0
0
0
0
0
0
0
0
0
0
0
0
0
0
0
0
0
0
0
0
0
0
0
0
0
0
0
0
0
0
0
0
0
0
0
0
0
0
0
0
0
0
0
0
0
0
0
0
0
0
0
0
0
0
0
0
0
0
0
0
0
0
0
0
0
0
0
0
0
0
0
0
0
0
0
0
0
0
0
0
0
0
0
0
0
0
0
0
0
0
0
0
0
0
0
0
0
0
0
0
0
0
0
0
0
0
0
0
0
0
0
0
0
0
0
0
0
0
0
0
0
0
0
0
0
0
0
0
0
0
0
0
0
0
0
0
0
0
0
0
0
0
0
0
0
0
0
0
0
0
0
0
0
0
0
0
0
0
0
0
0
0
0
0
0
0
0
0
0
0
0
0
0
0
0
0
0
0
0
0
0
0
0
0
0
0
0
0
0
0
0
0
0
0
0
0
0
0
0
0
0
0
0
0
0
0
0
0
0
0
0
0
0
0
0
0
0
0
0
0
0
0
0
0
0
0
0
0
0
0
0
0
0
0
0
0
0
0
0
0
0
0
0
0
0
0
0
0
0
0
0
0
0
0
0
0
0
0
0
0
0
0
0
0
0
0
0
0
0
0
0
0
0
0
0
0
0
0
0
0
0
0
0
0
0
0
0
0
0
0
0
0
0
0
0
0
0
0
0
0
0
0
0
0
0
0
0
0
0
0
0
0
0
0
0
0
0
0
0
0
0
0
0
0
0
0
0
0
0
0
0
0
0
0
0
0
0
0
0
0
0
0
0
0
0
0
0
0
0
0
0
0
0
0
0
0
0
0
0
0
0
0
0
0
0
0
0
0
0
0
0
0
0
0
0
0
0
0
0
0
0
0
0
0
0
0
0
0
0
0
0
0
0
0
0
0
0
0
0
0
0
0
0
0
0
0
0
0
0
0
0
0
0
0
0
0
0
0
0
0
0
0
0
0
0
0
0
0
0
0
0
0
0
0
0
0
0
0
0
0
0
0
0
0
0
0
0
0
0
0
0
0
0
0
0
0
0
0
0
0
0
0
0
0
0
0
0
0
0
0
0
0
0
0
0
0
0
0
0
0
0
0
0
0
0
0
0
0
0
0
0
0
0
0
0
0
0
0
0
0
0
0
0
0
0
0
0
0
0
0
0
0
0
0
0
0
0
0
0
0
0
0
0
0
0
0
0
0
0
0
0
0
0
0
0
0
0
0
0
0
0
0
0
0
0
0
0
0
0
0
0
0
0
0
0
0
0
0
0
0
0
0
0
0
0
0
0
0
0
0
0
0
0
0
0
0
0
0
0
0
0
0
0
0
0
0
0
0
0
0
0
0
0
0
0
0
0
0
0
0
0
0
0
0
0
0
0
0
0
0
0
0
0
0
0
0
0
0
0
0
0
0
0
0
0
0
0
0
0
0
0
0
0
0
0
0
0
0
0
0
0
0
0
0
0
0
0
0
0
0
0
0
0
0
0
0
0
0
0
0
0
0
0
0
0
0
0
0
0
0
0
0
0
0
0
0
0
0
0
0
0
0
0
0
0
0
0
0
0
0
0
0
0
0
0
0
0
0
0
0
0
0
0
0
0
0
0
0
0
0
0
0
0
0
0
0
0
0
0
0
0
0
0
0
0
0
0
0
0
0
0
0
0
0
0
0
0
0
0
0
0
0
0
0
0
0
0
0
0
0
0
0
0
0
0
0
0
0
0
0
0
0
0
0
0
0
0
0
0
0
0
0
0
0
0
0
0
0
0
0
0
0
0
0
0
0
0
0
0
0
0
0
0
0
0
0
0
0
0
0
0
0
0
0
0
0
0
0
0
0
0
0
0
0
0
0
0
0
0
0
0
0
0
0
0
0
0
0
0
0
0
0
0
0
0
0
0
0
0
0
0
0
0
0
0
0
0
0
0
0
0
0
0
0
0
0
0
0
0
0
0
0
0
0
0
0
0
0
0
0
0
0
0
0
0
0
0
0
0
0
0
0
0
0
0
0
0
0
0
0
0
0
0
0
0
0
0
0
0
0
0
0
0
0
0
0
0
0
0
0
0
0
0
0
0
0
0
0
0
0
0
0
0
0
0
0
0
0
0
0
0
0
0
0
0
0
0
0
0
0
0
0
0
0
0
0
0
0
0
0
0
0
0
0
0
0
0
0
0
0
0
0
0
0
0
0
0
0
0
0
0
0
0
0
0
0
0
0
0
0
0
0
0
0
0
0
0
0
0
0
0
0
0
0
0
0
0
0
0
0
0
0
0
0
0
0
0
0
0
0
0
0
0
0
0
0
0
0
0
0
0
0
0
0
0
0
0
0
0
0
0
0
0
0
0
0
0
0
0
0
0
0
0
0
0
0
0
0
0
0
0
0
0
0
0
0
0
0
0
0
0
0
0
0
0
0
0
0
0
0
0
0
0
0
0
0
0
0
0
0
0
0
0
0
0
0
0
0
0
0
0
0
0
0
0
0
0
0
0
0
0
0
0
0
0
0
0
0
0
0
0
0
0
0
0
0
0
0
0
0
0
0
0
0
0
0
0
0
0
0
0
0
0
0
0
0
0
0
0
0
0
0
0
0
0
0
0
0
0
0
0
0
0
0
0
0
0
0
0
0
0
0
0
0
0
0
0
0
0
0
0
0
0
0
0
0
0
0
0
0
0
0
0
0
0
0
0
0
0
0
0
0
0
0
0
0
0
0
0
0
0
0
0
0
0
0
0
0
0
0
0
0
0
0
0
0
0
0
0
0
0
0
0
0
0
0
0
0
0
0
0
0
0
0
0
0
0
0
0
0
0
0
0
0
0
0
0
0
0
0
0
0
0
0
0
0
0
0
0
0
0
0
0
0
0
0
0
0
0
0
0
0
0
0
0
0
0
0
0
0
0
0
0
0
0
0
0
0
0
0
0
0
0
0
0
0
0
0
0
0
0
0
0
0
0
0
0
0
0
0
0
0
0
0
0
0
0
0
0
0
0
0
0
0
0
0
0
0
0
0
0
0
0
0
0
0
0
0
0
0
0
0
0
0
0
0
0
0
0
0
0
0
0
0
0
0
0
0
0
0
0
0
0
0
0
0
0
0
0
0
0
0
0
0
0
0
0
0
0
0
0
0
0
0
0
0
0
0
0
0
0
0
0
0
0
0
0
0
0
0
0
0
0
0
0
0
0
0
0
0
0
0
0
0
0
0
0
0
0
0
0
0
0
0
0
0
0
0
0
0
0
0
0
0
0
0
0
0
0
0
0
0
0
0
0
0
0
0
0
0
0
0
0
0
0
0
0
0
0
0
0
0
0
0
0
0
0
0
0
0
0
0
0
0
0
0
0
0
0
0
0
0
0
0
0
0
0
0
0
0
0
0
0
0
0
0
0
0
0
0
0
0
0
0
0
0
0
0
0
0
0
0
0
0
0
0
0
0
0
0
0
0
0
0
0
0
0
0
0
0
0
0
0
0
0
0
0
0
0
0
0
0
0
0
0
0
0
0
0
0
0
0
0
0
0
0
0
0
0
0
0
0
0
0
0
0
0
0
0
0
0
0
0
0
0
0
0
0
0
0
0
0
0
0
0
0
0
0
0
0
0
0
0
0
0
0
0
0
0
0
0
0
0
0
0
0
0
0
0
0
0
0
0
0
0
0
0
0
0
0
0
0
0
0
0
0
0
0
0
0
0
0
0
0
0
0
0
0
0
0
0
0
0
0
0
0
0
0
0
0
0
0
0
0
0
0
0
0
0
0
0
0
0
0
0
0
0
0
0
0
0
0
0
0
0
0
0
0
0
0
0
0
0
0
0
0
0
0
0
0
0
0
0
0
0
0
0
0
0
0
0
0
0
0
0
0
0
0
0
0
0
0
0
0
0
0
0
0
0
0
0
0
0
0
0
0
0
0
0
0
0
0
0
0
0
0
0
0
0
0
0
0
0
0
0
0
0
0
0
0
0
0
0
0
0
0
0
0
0
0
0
0
0
0
0
0
0
0
0
0
0
0
0
0
0
0
0
0
0
0
0
0
0
0
0
0
0
0
0
0
0
0
0
0
0
0
0
0
0
0
0
0
0
0
0
0
0
0
0
0
0
0
0
0
0
0
0
0
0
0
0
0
0
0
0
0
0
0
0
0
0
0
0
0
0
0
0
0
0
0
0
0
0
0
0
0
0
0
0
0
0
0
0
0
0
0
0
0
0
0
0
0
0
0
0
0
0
0
0
0
0
0
0
0
0
0
0
0
0
0
0
0
0
0
0
0
0
0
0
0
0
0
0
0
0
0
0
0
0
0
0
0
0
0
0
0
0
0
0
0
0
0
0
0
0
0
0
0
0
0
0
0
0
0
0
0
0
0
0
0
0
0
0
0
0
0
0
0
0
0
0
0
0
0
0
0
0
0
0
0
0
0
0
0
0
0
0
0
0
0
0
0
0
0
0
0
0
0
0
0
0
0
0
0
0
0
0
0
0
0
0
0
0
0
0
0
0
0
0
0
0
0
0
0
0
0
0
0
0
0
0
0
0
0
0
0
0
0
0
0
0
0
0
0
0
0
0
0
0
0
0
0
0
0
0
0
0
0
0
0
0
0
0
0
0
0
0
0
0
0
0
0
0
0
0
0
0
0
0
0
0
0
0
0
0
0
0
0
0
0
0
0
0
0
0
0
0
0
0
0
0
0
0
0
0
0
0
0
0
0
0
0
0
0
0
0
0
0
0
0
0
0
0
0
0
0
0
0
0
0
0
0
0
0
0
0
0
0
0
0
0
0
0
0
0
0
0
0
0
0
0
0
0
0
0
0
0
0
0
0
0
0
0
0
0
0
0
0
0
0
0
0
0
0
0
0
0
0
0
0
0
0
0
0
0
0
0
0
0
0
0
0
0
0
0
0
0
0
0
0
0
0
0
0
0
0
0
0
0
0
0
0
0
0
0
0
0
0
0
0
0
0
0
0
0
0
0
0
0
0
0
0
0
0
0
0
0
0
0
0
0
0
0
0
0
0
0
0
0
0
0
0
0
0
0
0
0
0
0
0
0
0
0
0
0
0
0
0
0
0
0
0
0
0
0
0
0
0
0
0
0
0
0
0
0
0
0
0
0
0
0
0
0
0
0
0
0
0
0
0
0
0
0
0
0
0
0
0
0
0
0
0
0
0
0
0
0
0
0
0
0
0
0
0
0
0
0
0
0
0
0
0
0
0
0
0
0
0
0
0
0
0
0
0
0
0
0
0
0
0
0
0
0
0
0
0
0
0
0
0
0
0
0
0
0
0
0
0
0
0
0
0
0
0
0
0
0
0
0
0
0
0
0
0
0
0
0
0
0
0
0
0
0
0
0
0
0
0
0
0
0
0
0
0
0
0
0
0
0
0
0
0
0
0
0
0
0
0
0
0
0
0
0
0
0
0
0
0
0
0
0
0
0
0
0
0
0
0
0
0
0
0
0
0
0
0
0
0
0
0
0
0
0
0
0
0
0
0
0
0
0
0
0
0
0
0
0
0
0
0
0
0
0
0
0
0
0
0
0
0
0
0
0
0
0
0
0
0
0
0
0
0
0
0
0
0
0
0
0
0
0
0
0
0
0
0
0
0
0
0
0
0
0
0
0
0
0
0
0
0
0
0
0
0
0
0
0
0
0
0
0
0
0
0
0
0
0
0
0
0
0
0
0
0
0
0
0
0
0
0
0
0
0
0
0
0
0
0
0
0
0
0
0
0
0
0
0
0
0
0
0
0
0
0
0
0
0
0
0
0
0
0
0
0
0
0
0
0
0
0
0
0
0
0
0
0
0
0
0
0
0
0
0
0
0
0
0
0
0
0
0
0
0
0
0
0
0
0
0
0
0
0
0
0
0
0
0
0
0
0
0
0
0
0
0
0
0
0
0
0
0
0
0
0
0
0
0
0
0
0
0
0
0
0
0
0
0
0
0
0
0
0
0
0
0
0
0
0
0
0
0
0
0
0
0
0
0
0
0
0
0
0
0
0
0
0
0
0
0
0
0
0
0
0
0
0
0
0
0
0
0
0
0
0
0
0
0
0
0
0
0
0
0
0
0
0
0
0
0
0
0
0
0
0
0
0
0
0
0
0
0
0
0
0
0
0
0
0
0
0
0
0
0
0
0
0
0
0
0
0
0
0
0
0
0
0
0
0
0
0
0
0
0
0
0
0
0
0
0
0
0
0
0
0
0
0
0
0
0
0
0
0
0
0
0
0
0
0
0
0
0
0
0
0
0
0
0
0
0
0
0
0
0
0
0
0
0
0
0
0
0
0
0
0
0
0
0
0
0
0
0
0
0
0
0
0
0
0
0
0
0
0
0
0
0
0
0
0
0
0
0
0
0
0
0
0
0
0
0
0
0
0
0
0
0
0
0
0
0
0
0
0
0
0
0
0
0
0
0
0
0
0
0
0
0
0
0
0
0
0
0
0
0
0
0
0
0
0
0
0
0
0
0
0
0
0
0
0
0
0
0
0
0
0
0
0
0
0
0
0
0
0
0
0
0
0
0
0
0
0
0
0
0
0
0
0
0
0
0
0
0
0
0
0
0
0
0
0
0
0
0
0
0
0
0
0
0
0
0
0
0
0
0
0
0
0
0
0
0
0
0
0
0
0
0
0
0
0
0
0
0
0
0
0
0
0
0
0
0
0
0
0
0
0
0
0
0
0
0
0
0
0
0
0
0
0
0
0
0
0
0
0
0
0
0
0
0
0
0
0
0
0
0
0
0
0
0
0
0
0
0
0
0
0
0
0
0
0
0
0
0
0
0
0
0
0
0
0
0
0
0
0
0
0
0
0
0
0
0
0
0
0
0
0
0
0
0
0
0
0
0
0
0
0
0
0
0
0
0
0
0
0
0
0
0
0
0
0
0
0
0
0
0
0
0
0
0
0
0
0
0
0
0
0
0
0
0
0
0
0
0
0
0
0
0
0
0
0
0
0
0
0
0
0
0
0
0
0
0
0
0
0
0
0
0
0
0
0
0
0
0
0
0
0
0
0
0
0
0
0
0
0
0
0
0
0
0
0
0
0
0
0
0
0
0
0
0
0
0
0
0
0
0
0
0
0
0
0
0
0
0
0
0
0
0
0
0
0
0
0
0
0
0
0
0
0
0
0
0
0
0
0
0
0
0
0
0
0
0
0
0
0
0
0
0
0
0
0
0
0
0
0
0
0
0
0
0
0
0
0
0
0
0
0
0
0
0
0
0
0
0
0
0
0
0
0
0
0
0
0
0
0
0
0
0
0
0
0
0
0
0
0
0
0
0
0
0
0
0
0
0
0
0
0
0
0
0
0
0
0
0
0
0
0
0
0
0
0
0
0
0
0
0
0
0
0
0
0
0
0
0
0
0
0
0
0
0
0
0
0
0
0
0
0
0
0
0
0
0
0
0
0
0
0
0
0
0
0
0
0
0
0
0
0
0
0
0
0
0
0
0
0
0
0
0
0
0
0
0
0
0
0
0
0
0
0
0
0
0
0
0
0
0
0
0
0
0
0
0
0
0
0
0
0
0
0
0
0
0
0
0
0
0
0
0
0
0
0
0
0
0
0
0
0
0
0
0
0
0
0
0
0
0
0
0
0
0
0
0
0
0
0
0
0
0
0
0
0
0
0
0
0
0
0
0
0
0
0
0
0
0
0
0
0
0
0
0
0
0
0
0
0
0
0
0
0
0
0
0
0
0
0
0
0
0
0
0
0
0
0
0
0
0
0
0
0
0
0
0
0
0
0
0
0
0
0
0
0
0
0
0
0
0
0
0
0
0
0
0
0
0
0
0
0
0
0
0
0
0
0
0
0
0
0
0
0
0
0
0
0
0
0
0
0
0
0
0
0
0
0
0
0
0
0
0
0
0
0
0
0
0
0
0
0
0
0
0
0
0
0
0
0
0
0
0
0
0
0
0
0
0
0
0
0
0
0
0
0
0
0
0
0
0
0
0
0
0
0
0
0
0
0
0
0
0
0
0
0
0
0
0
0
0
0
0
0
0
0
0
0
0
0
0
0
0
0
0
0
0
0
0
0
0
0
0
0
0
0
0
0
0
0
0
0
0
0
0
0
0
0
0
0
0
0
0
0
0
0
0
0
0
0
0
0
0
0
0
0
0
0
0
0
0
0
0
0
0
0
0
0
0
0
0
0
0
0
0
0
0
0
0
0
0
0
0
0
0
0
0
0
0
0
0
0
0
0
0
0
0
0
0
0
0
0
0
0
0
0
0
0
0
0
0
0
0
0
0
0
0
0
0
0
0
0
0
0
0
0
0
0
0
0
0
0
0
0
0
0
0
0
0
0
0
0
0
0
0
0
0
0
0
0
0
0
0
0
0
0
0
0
0
0
0
0
0
0
0
0
0
0
0
0
0
0
0
0
0
0
0
0
0
0
0
0
0
0
0
0
0
0
0
0
0
0
0
0
0
0
0
0
0
0
0
0
0
0
0
0
0
0
0
0
0
0
0
0
0
0
0
0
0
0
0
0
0
0
0
0
0
0
0
0
0
0
0
0
0
0
0
0
0
0
0
0
0
0
0
0
0
0
0
0
0
0
0
0
0
0
0
0
0
0
0
0
0
0
0
0
0
0
0
0
0
0
0
0
0
0
0
0
0
0
0
0
0
0
0
0
0
0
0
0
0
0
0
0
0
0
0
0
0
0
0
0
0
0
0
0
0
0
0
0
0
0
0
0
0
0
0
0
0
0
0
0
0
0
0
0
0
0
0
0
0
0
0
0
0
0
0
0
0
0
0
0
0
0
0
0
0
0
0
0
0
0
0
0
0
0
0
0
0
0
0
0
0
0
0
0
0
0
0
0
0
0
0
0
0
0
0
0
0
0
0
0
0
0
0
0
0
0
0
0
0
0
0
0
0
0
0
0
0
0
0
0
0
0
0
0
0
0
0
0
0
0
0
0
0
0
0
0
0
0
0
0
0
0
0
0
0
0
0
0
0
0
0
0
0
0
0
0
0
0
0
0
0
0
0
0
0
0
0
0
0
0
0
0
0
0
0
0
0
0
0
0
0
0
0
0
0
0
0
0
0
0
0
0
0
0
0
0
0
0
0
0
0
0
0
0
0
0
0
0
0
0
0
0
0
0
0
0
0
0
0
0
0
0
0
0
0
0
0
0
0
0
0
0
0
0
0
0
0
0
0
0
0
0
0
0
0
0
0
0
0
0
0
0
0
0
0
0
0
0
0
0
0
0
0
0
0
0
0
0
0
0
0
0
0
0
0
0
0
0
0
0
0
0
0
0
0
0
0
0
0
0
0
0
0
0
0
0
0
0
0
0
0
0
0
0
0
0
0
0
0
0
0
0
0
0
0
0
0
0
0
0
0
0
0
0
0
0
0
0
0
0
0
0
0
0
0
0
0
0
0
0
0
0
0
0
0
0
0
0
0
0
0
0
0
0
0
0
0
0
0
0
0
0
0
0
0
0
0
0
0
0
0
0
0
0
0
0
0
0
0
0
0
0
0
0
0
0
0
0
0
0
0
0
0
0
0
0
0
0
0
0
0
0
0
0
0
0
0
0
0
0
0
0
0
0
0
0
0
0
0
0
0
0
0
0
0
0
0
0
0
0
0
0
0
0
0
0
0
0
0
0
0
0
0
0
0
0
0
0
0
0
0
0
0
0
0
0
0
0
0
0
0
0
0
0
0
0
0
0
0
0
0
0
0
0
0
0
0
0
0
0
0
0
0
0
0
0
0
0
0
0
0
0
0
0
0
0
0
0
0
0
0
0
0
0
0
0
0
0
0
0
0
0
0
0
0
0
0
0
0
0
0
0
0
0
0
0
0
0
0
0
0
0
0
0
0
0
0
0
0
0
0
0
0
0
0
0
0
0
0
0
0
0
0
0
0
0
0
0
0
0
0
0
0
0
0
0
0
0
0
0
0
0
0
0
0
0
0
0
0
0
0
0
0
0
0
0
0
0
0
0
0
0
0
0
0
0
0
0
0
0
0
0
0
0
0
0
0
0
0
0
0
0
0
0
0
0
0
0
0
0
0
0
0
0
0
0
0
0
0
0
0
0
0
0
0
0
0
0
0
0
0
0
0
0
0
0
0
0
0
0
0
0
0
0
0
0
0
0
0
0
0
0
0
0
0
0
0
0
0
0
0
0
0
0
0
0
0
0
0
0
0
0
0
0
0
0
0
0
0
0
0
0
0
0
0
0
0
0
0
0
0
0
0
0
0
0
0
0
0
0
0
0
0
0
0
0
0
0
0
0
0
0
0
0
0
0
0
0
0
0
0
0
0
0
0
0
0
0
0
0
0
0
0
0
0
0
0
0
0
0
0
0
0
0
0
0
0
0
0
0
0
0
0
0
0
0
0
0
0
0
0
0
0
0
0
0
0
0
0
0
0
0
0
0
0
0
0
0
0
0
0
0
0
0
0
0
0
0
0
0
0
0
0
0
0
0
0
0
0
0
0
0
0
0
0
0
0
0
0
0
0
0
0
0
0
0
0
0
0
0
0
0
0
0
0
0
0
0
0
0
0
0
0
0
0
0
0
0
0
0
0
0
0
0
0
0
0
0
0
0
0
0
0
0
0
0
0
0
0
0
0
0
0
0
0
0
0
0
0
0
0
0
0
0
0
0
0
0
0
0
0
0
0
0
0
0
0
0
0
0
0
0
0
0
0
0
0
0
0
0
0
0
0
0
0
0
0
0
0
0
0
0
0
0
0
0
0
0
0
0
0
0
0
0
0
0
0
0
0
0
0
0
0
0
0
0
0
0
0
0
0
0
0
0
0
0
0
0
0
0
0
0
0
0
0
0
0
0
0
0
0
0
0
0
0
0
0
0
0
0
0
0
0
0
0
0
0
0
0
0
0
0
0
0
0
0
0
0
0
0
0
0
0
0
0
0
0
0
0
0
0
0
0
0
0
0
0
0
0
0
0
0
0
0
0
0
0
0
0
0
0
0
0
0
0
0
0
0
0
0
0
0
0
0
0
0
0
0
0
0
0
0
0
0
0
0
0
0
0
0
0
0
0
0
0
0
0
0
0
0
0
0
0
0
0
0
0
0
0
0
0
0
0
0
0
0
0
0
0
0
0
0
0
0
0
0
0
0
0
0
0
0
0
0
0
0
0
0
0
0
0
0
0
0
0
0
0
0
0
0
0
0
0
0
0
0
0
0
0
0
0
0
0
0
0
0
0
0
0
0
0
0
0
0
0
0
0
0
0
0
0
0
0
0
0
0
0
0
0
0
0
0
0
0
0
0
0
0
0
0
0
0
0
0
0
0
0
0
0
0
0
0
0
0
0
0
0
0
0
0
0
0
0
0
0
0
0
0
0
0
0
0
0
0
0
0
0
0
0
0
0
0
0
0
0
0
0
0
0
0
0
0
0
0
0
0
0
0
0
0
0
0
0
0
0
0
0
0
0
0
0
0
0
0
0
0
0
0
0
0
0
0
0
0
0
0
0
0
0
0
0
0
0
0
0
0
0
0
0
0
0
0
0
0
0
0
0
0
0
0
0
0
0
0
0
0
0
0
0
0
0
0
0
0
0
0
0
0
0
0
0
0
0
0
0
0
0
0
0
0
0
0
0
0
0
0
0
0
0
0
0
0
0
0
0
0
0
0
0
0
0
0
0
0
0
0
0
0
0
0
0
0
0
0
0
0
0
0
0
0
0
0
0
0
0
0
0
0
0
0
0
0
0
0
0
0
0
0
0
0
0
0
0
0
0
0
0
0
0
0
0
0
0
0
0
0
0
0
0
0
0
0
0
0
0
0
0
0
0
0
0
0
0
0
0
0
0
0
0
0
0
0
0
0
0
0
0
0
0
0
0
0
0
0
0
0
0
0
0
0
0
0
0
0
0
0
0
0
0
0
0
0
0
0
0
0
0
0
0
0
0
0
0
0
0
0
0
0
0
0
0
0
0
0
0
0
0
0
0
0
0
0
0
0
0
0
0
0
0
0
0
0
0
0
0
0
0
0
0
0
0
0
0
0
0
0
0
0
0
0
0
0
0
0
0
0
0
0
0
0
0
0
0
0
0
0
0
0
0
0
0
0
0
0
0
0
0
0
0
0
0
0
0
0
0
0
0
0
0
0
0
0
0
0
0
0
0
0
0
0
0
0
0
0
0
0
0
0
0
0
0
0
0
0
0
0
0
0
0
0
0
0
0
0
0
0
0
0
0
0
0
0
0
0
0
0
0
0
0
0
0
0
0
0
0
0
0
0
0
0
0
0
0
0
0
0
0
0
0
0
0
0
0
0
0
0
0
0
0
0
0
0
0
0
0
0
0
0
0
0
0
0
0
0
0
0
0
0
0
0
0
0
0
0
0
0
0
0
0
0
0
0
0
0
0
0
0
0
0
0
0
0
0
0
0
0
0
0
0
0
0
0
0
0
0
0
0
0
0
0
0
0
0
0
0
0
0
0
0
0
0
0
0
0
0
0
0
0
0
0
0
0
0
0
0
0
0
0
0
0
0
0
0
0
0
0
0
0
0
0
0
0
0
0
0
0
0
0
0
0
0
0
0
0
0
0
0
0
0
0
0
0
0
0
0
74.85392052
74.85392052
74.85392052
74.85392052
74.85392052
74.85392052
74.85392052
74.85392052
74.85392052
74.85392052
74.85392052
74.85392052
74.85392052
74.85392052
74.85392052
74.85392052
74.85392052
74.85392052
74.85392052
74.85392052
74.85392052
55.39217693
54.30753461
52.95245494
52.18589013
50.88322442
50.39158588
49.72702992
47.66963864
43.35480708
38.81996414
0
0
0
0
0
0
0
0
0
0
0
0
0
0
0
0
0
0
0
0
0
0
0
0
0
0
0
0
0
0
0
0
0
0
0
0
0
0
0
0
0
0
0
0
0
0
0
0
0
0
0
0
0
0
0
0
0
0
0
0
0
0
0
0
0
0
0
0
0
0
0
0
0
0
0
0
0
0
0
0
0
0
0
0
0
0
0
0
0
0
0
0
0
0
0
0
0
0
0
0
0
0
0
0
0
0
0
0
0
0
0
0
0
0
0
0
0
0
0
0
0
0
0
0
0
0
0
0
0
0
0
0
0
0
0
0
0
0
0
0
0
0
0
0
0
0
0
0
0
0
0
0
0
0
0
0
0
0
0
0
0
0
0
0
0
0
0
0
0
0
0
0
0
0
0
0
0
0
0
0
0
0
0
0
0
0
0
0
0
0
0
0
0
0
0
0
0
0
0
0
0
0
0
0
0
0
0
0
0
0
0
0
0
0
0
0
0
0
0
0
0
0
0
0
0
0
0
0
0
0
0
0
0
0
0
0
0
0
0
0
0
0
0
0
0
0
0
0
0
0
0
0
0
0
0
0
0
0
0
0
0
0
0
0
0
0
0
0
0
0
0
0
0
0
0
0
0
0
0
0
0
0
0
0
0
0
0
0
0
0
0
0
0
0
0
0
0
0
0
0
0
0
0
0
0
0
0
0
0
74.85392052
74.85392052
74.85392052
74.85392052
74.85392052
74.85392052
74.85392052
74.85392052
74.85392052
74.85392052
74.85392052
74.85392052
74.85392052
74.85392052
74.85392052
74.85392052
74.85392052
74.85392052
74.85392052
74.85392052
74.85392052
74.85392052
74.85392052
74.85392052
74.85392052
74.85392052
74.85392052
74.85392052
74.85392052
74.85392052
74.85392052
74.85392052
74.85392052
74.85392052
74.85392052
74.85392052
74.85392052
74.85392052
74.85392052
74.85392052
74.85392052
74.85392052
74.85392052
74.85392052
74.85392052
74.85392052
74.85392052
74.85392052
74.85392052
74.85392052
74.85392052
74.85392052
74.85392052
74.85392052
74.85392052
74.85392052
74.85392052
74.85392052
74.85392052
74.85392052
74.85392052
74.85392052
74.85392052
74.85392052
74.85392052
74.85392052
74.85392052
74.85392052
74.85392052
74.85392052
74.85392052
74.85392052
74.85392052
74.85392052
74.85392052
74.85392052
74.85392052
45.79083238
40.88140087
38.61787647
39.94807299
40.54727771
41.49081277
42.39526431
44.03167713
44.66874835
46.38078692
46.98019378
47.96272062
50.15153761
51.39599824
54.8094433
54.81756079
56.59979134
56.52406417
58.46089387
58.83160445
58.02744178
57.38475483
56.72604021
55.19040727
54.67881667
54.20978568
50.94935951
49.39280437
48.07394024
47.58136725
46.39047558
45.86268289
45.88417698
44.34940931
44.56033264
45.5296573
44.73600868
44.05444568
44.33100633
43.51084364
42.3353914
40.62207076
41.01747256
40.59961369
42.92190885
41.09749579
41.27282755
41.63372222
43.30401584
46.15873249
46.66394724
47.37946986
49.3175177
51.12280793
51.87458618
56.178221
61.71923887
66.0816546
69.2287066
70.00149428
69.77115689
68.59733095
68.06304827
67.04206544
65.86962145
64.5283028
63.50057136
64.04745484
63.71568486
61.95355727
53.78091013
56.24013864
58.34728044
58.60730631
59.0083047
57.40296215
56.40933662
55.57597698
54.02398371
52.43477341
50.29426279
49.34543045
48.01564657
47.52505863
46.66199831
45.15189385
43.49210996
42.52654755
40.65665539
38.34218883
37.00072806
0
0
0
0
0
0
0
0
0
0
0
0
0
0
0
0
0
0
0
0
0
0
0
0
0
0
0
0
0
0
0
0
0
0
0
0
0
0
0
0
0
0
0
0
0
0
0
0
0
0
0
0
0
0
0
0
0
0
0
0
0
0
0
0
0
0
0
0
0
0
0
0
0
0
0
0
0
0
0
0
0
0
0
0
0
0
0
0
0
0
0
0
0
0
0
0
0
0
0
0
0
0
0
0
0
0
0
0
0
0
0
0
0
0
0
0
0
0
0
0
0
0
0
0
0
0
0
0
0
0
0
0
0
0
0
0
0
0
0
0
0
0
0
0
0
0
0
0
0
0
0
0
0
0
0
0
0
0
0
74.85392052
74.85392052
74.85392052
74.85392052
74.85392052
74.85392052
74.85392052
74.85392052
74.85392052
74.85392052
74.85392052
74.85392052
74.85392052
74.85392052
74.85392052
74.85392052
74.85392052
74.85392052
74.85392052
74.85392052
74.85392052
74.85392052
74.85392052
74.85392052
74.85392052
74.85392052
74.85392052
74.85392052
74.85392052
74.85392052
74.85392052
74.85392052
74.85392052
74.85392052
74.85392052
74.85392052
0
0
0
0
0
0
0
0
0
0
0
0
0
0
0
0
0
0
0
0
0
0
0
0
0
0
0
0
0
0
0
0
0
0
0
0
0
0
0
0
0
0
0
0
0
0
0
0
0
0
0
0
0
0
0
0
0
0
0
0
0
0
0
0
0
0
0
0
0
0
0
0
0
0
0
0
0
0
0
0
0
0
0
0
0
0
0
0
0
0
0
0
0
0
0
0
0
0
0
0
0
0
0
0
0
0
0
0
0
0
0
0
0
0
0
0
0
0
0
0
0
0
0
0
0
0
0
0
0
0
0
0
0
0
0
0
0
0
0
0
0
0
0
0
0
0
0
0
0
0
0
0
0
0
0
0
0
0
0
0
0
0
0
0
0
0
0
0
0
0
0
0
0
0
0
0
0
0
0
0
0
0
0
0
0
0
0
0
0
0
0
0
0
0
0
0
0
0
0
0
0
0
0
0
0
0
0
0
0
0
0
0
74.85392052
74.85392052
74.85392052
74.85392052
74.85392052
74.85392052
74.85392052
74.85392052
74.85392052
74.85392052
74.85392052
74.85392052
74.85392052
74.85392052
74.85392052
74.85392052
74.85392052
74.85392052
74.85392052
74.85392052
74.85392052
74.85392052
74.85392052
74.85392052
74.85392052
74.85392052
74.85392052
74.85392052
74.85392052
74.85392052
74.85392052
74.85392052
74.85392052
74.85392052
74.85392052
74.85392052
74.85392052
74.85392052
74.85392052
74.85392052
74.85392052
74.85392052
74.85392052
74.85392052
74.85392052
74.85392052
74.85392052
74.85392052
74.85392052
74.85392052
74.85392052
74.85392052
74.85392052
74.85392052
74.85392052
74.85392052
74.85392052
74.85392052
74.85392052
74.85392052
74.85392052
74.85392052
74.85392052
74.85392052
74.85392052
74.85392052
74.85392052
74.85392052
74.85392052
74.85392052
74.85392052
74.85392052
74.85392052
74.85392052
74.85392052
47.60600898
41.24769203
0
0
0
0
0
0
0
0
0
0
0
0
0
0
0
0
0
0
0
0
0
0
0
0
0
0
0
0
0
0
0
0
0
0
0
0
0
0
0
0
0
0
0
0
0
0
0
0
0
0
0
0
0
0
0
0
0
0
0
0
0
0
0
0
0
0
0
0
0
0
0
0
0
0
0
0
0
0
0
0
0
0
0
0
0
0
0
0
0
0
0
0
0
0
0
0
0
0
0
0
0
0
0
0
0
0
0
0
0
0
0
0
0
0
0
0
0
0
0
0
0
0
0
0
0
0
0
0
0
0
0
0
0
0
0
0
0
0
0
0
0
0
0
0
0
0
0
0
0
0
0
0
0
0
0
0
0
0
0
0
0
0
0
0
0
0
0
0
0
0
0
0
0
0
0
0
0
0
0
0
0
0
0
0
0
0
0
0
0
0
0
0
0
0
0
0
0
0
0
0
0
0
0
0
0
0
0
0
0
0
0
0
0
0
0
0
0
0
0
0
0
0
0
0
0
0
0
0
0
0
0
0
0
0
0
0
0
0
0
0
0
0
0
0
0
0
0
0
0
0
0
0
0
0
0
0
0
0
0
0
0
0
0
0
0
0
0
0
0
0
0
0
0
0
0
0
0
0
0
0
0
0
0
0
0
0
0
0
0
0
0
0
0
0
0
0
0
0
0
0
0
0
0
0
0
0
0
0
0
0
0
0
0
0
0
0
0
0
0
0
0
0
0
0
0
0
0
0
0
0
0
0
0
0
0
0
0
0
0
0
0
0
0
0
0
0
0
0
0
0
0
0
0
0
0
0
0
0
0
0
0
0
0
0
0
0
0
0
0
0
0
0
0
0
0
0
0
0
0
0
0
0
0
0
0
0
0
0
0
0
0
0
0
0
0
0
0
0
0
0
0
0
0
0
0
0
0
0
0
0
0
0
0
0
0
0
0
0
0
0
0
0
0
0
0
0
0
0
0
0
0
0
0
0
0
0
0
0
0
0
0
0
0
0
0
0
0
0
0
0
0
0
0
0
0
0
0
0
0
0
0
0
0
0
0
0
0
0
0
0
0
0
0
0
0
0
0
0
0
0
0
0
0
0
0
0
0
0
0
0
0
0
0
0
0
0
0
0
0
0
0
0
0
0
0
0
0
0
0
0
0
0
0
0
0
0
0
0
0
0
0
0
0
0
0
0
0
0
0
0
0
0
0
0
0
0
0
0
0
0
0
0
0
0
0
0
0
0
0
0
0
0
0
0
0
0
0
0
0
0
0
0
0
0
0
0
0
0
0
0
0
0
0
0
0
0
0
0
0
0
0
0
0
0
0
0
0
0
0
0
0
0
0
0
0
0
0
0
0
0
0
0
0
0
0
0
0
0
0
0
0
0
0
0
0
0
0
0
0
0
0
0
0
0
0
0
0
0
0
0
0
0
0
0
0
0
0
0
0
0
0
0
0
0
0
0
0
0
0
0
0
0
0
0
0
0
0
0
0
0
0
0
0
0
0
0
0
0
0
0
0
0
0
0
0
0
0
0
0
0
0
0
0
0
0
0
0
0
0
0
0
0
0
0
0
0
0
0
0
0
0
0
0
0
0
0
0
0
0
0
0
0
0
0
0
0
0
0
0
0
0
0
0
0
0
0
0
0
0
0
0
0
0
0
0
0
0
0
0
0
0
0
0
0
0
0
0
0
0
0
0
0
0
0
0
0
0
0
0
0
0
0
0
0
0
0
0
0
0
0
0
0
0
0
0
0
0
0
0
0
0
0
0
0
0
0
0
0
0
0
0
0
0
0
0
0
0
0
0
0
0
0
0
0
0
0
0
0
0
0
0
0
0
0
0
0
0
0
0
0
0
0
0
0
0
0
0
0
0
0
0
0
0
0
0
0
0
0
0
0
0
0
0
0
0
0
0
0
0
0
0
0
0
0
0
0
0
0
0
0
0
0
0
0
0
0
0
0
0
0
0
0
0
0
0
0
0
0
0
0
0
0
0
0
0
0
0
0
0
0
0
0
0
0
0
0
0
0
0
0
0
0
0
0
0
0
0
0
0
0
0
0
0
0
0
0
0
0
0
0
0
0
0
0
0
0
0
0
0
0
0
0
0
0
0
0
0
0
0
0
0
0
0
0
0
0
0
0
0
0
0
0
0
0
0
0
0
0
0
0
0
0
0
0
0
0
0
0
0
0
0
0
0
0
0
0
0
0
0
0
0
0
0
0
0
0
0
0
0
0
0
0
0
0
0
0
0
0
0
0
0
0
0
0
0
0
0
0
0
0
0
0
0
0
0
0
0
0
0
0
0
0
0
0
0
0
0
0
0
0
0
0
0
0
0
0
0
0
0
0
0
0
0
0
0
0
0
0
0
0
0
0
0
0
0
0
0
0
0
0
0
0
0
0
0
0
0
0
0
0
0
0
0
0
0
74.85392052
74.85392052
74.85392052
74.85392052
74.85392052
74.85392052
74.85392052
74.85392052
74.85392052
74.85392052
74.85392052
74.85392052
74.85392052
74.85392052
74.85392052
74.85392052
74.85392052
74.85392052
74.85392052
74.85392052
74.85392052
74.85392052
74.85392052
74.85392052
74.85392052
74.85392052
74.85392052
74.85392052
74.85392052
74.85392052
74.85392052
74.85392052
74.85392052
74.85392052
53.64022417
52.13333596
50.99929156
49.8587463
50.38629094
51.76980994
54.40230247
56.40064511
57.39603428
60.13542075
62.86969516
65.17440911
66.04212308
66.24402157
66.72803631
67.17948361
68.45805464
68.30201366
68.04703017
66.64052535
65.89293519
64.80305626
63.42586078
62.83633169
62.40779815
60.52521977
59.3554161
58.63503903
59.33067452
59.20073253
58.10573459
57.299586
56.05508674
54.42076009
52.45426181
49.70120357
47.21605517
43.75938911
40.45113408
0
0
0
0
0
0
0
0
0
0
0
0
0
0
0
0
0
0
0
0
0
0
0
0
0
0
0
0
0
0
0
0
0
0
0
0
0
0
0
0
0
0
0
0
0
0
0
0
0
0
0
0
0
0
0
0
0
0
0
0
0
0
0
0
0
0
0
0
0
0
0
0
0
0
0
0
0
0
0
0
0
0
0
0
0
0
0
0
0
0
0
0
0
0
0
0
0
0
0
0
0
0
0
0
0
0
0
0
0
0
0
0
0
0
0
0
0
0
0
0
0
0
0
0
0
0
0
0
0
0
0
0
0
0
0
0
0
0
0
0
0
0
0
0
0
0
0
0
0
0
0
0
0
0
0
0
0
0
0
0
0
0
0
0
0
0
0
0
0
0
0
0
0
0
0
0
0
0
0
0
0
0
0
0
0
0
0
0
0
0
0
0
0
0
0
0
0
0
0
0
0
0
0
0
0
0
0
0
0
0
0
0
0
0
0
0
0
0
0
0
0
0
0
0
0
0
0
0
0
0
0
0
0
0
0
0
0
0
0
0
0
0
0
0
0
0
0
0
0
0
0
0
0
0
0
0
0
0
0
0
0
0
0
0
0
0
0
0
0
0
0
0
0
0
0
0
0
0
0
0
0
0
74.85392052
74.85392052
74.85392052
74.85392052
74.85392052
74.85392052
74.85392052
74.85392052
74.85392052
38.46787528
0
0
0
0
0
0
0
0
0
0
0
0
0
0
0
0
0
0
0
0
0
0
0
74.85392052
74.85392052
74.85392052
74.85392052
74.85392052
74.85392052
74.85392052
74.85392052
74.85392052
74.85392052
74.85392052
74.85392052
74.85392052
74.85392052
74.85392052
74.85392052
74.85392052
74.85392052
74.85392052
74.85392052
74.85392052
74.85392052
74.85392052
74.85392052
74.85392052
74.85392052
74.85392052
74.85392052
74.85392052
74.85392052
55.28901686
54.74505636
54.60110901
56.46527375
61.68548543
68.30399789
72.26901872
74.8342983
74.71777986
74.85077167
74.85392052
74.85392052
74.85392052
74.85392052
74.85392052
74.85392052
74.85392052
74.85392052
74.85392052
74.85392052
74.85392052
74.85392052
74.85392052
74.85392052
74.85392052
74.85392052
74.85392052
74.85392052
74.85392052
74.85392052
74.85392052
74.85392052
74.85392052
74.85392052
74.85392052
74.85392052
74.85392052
74.85392052
74.85392052
74.85392052
74.85392052
74.85392052
74.85392052
47.20715079
44.63059819
45.65826094
49.55497087
54.63292338
59.70268364
65.00811517
69.70943262
71.01978648
72.15641711
73.16063176
74.47068302
74.85392052
74.52600087
74.85392052
74.85392052
74.85392052
74.85392052
74.85392052
74.85392052
74.85392052
74.85392052
74.85392052
74.85392052
74.85392052
74.85392052
74.85392052
74.85392052
74.85392052
74.85392052
74.85392052
74.85392052
74.85392052
74.85392052
74.85392052
74.85392052
74.85392052
74.85392052
74.85392052
74.85392052
74.85392052
74.85392052
74.85392052
74.85392052
74.85392052
74.85392052
74.85392052
74.85392052
74.85392052
74.85392052
74.85392052
74.85392052
74.85392052
54.32207886
53.34145779
52.89440282
54.95822311
60.63190387
67.79344292
71.10737537
72.76309852
74.39908485
72.55207946
70.81039309
72.63533814
73.70777776
74.55707964
73.90794096
71.19398291
69.48162107
68.28032503
69.58873658
68.78604727
67.49594403
66.03858664
63.81929186
63.22279786
61.87961543
62.64696847
61.79832914
60.50959994
58.81686827
59.48760162
58.97141209
58.49754651
58.41323626
58.1675884
57.46595799
57.20928078
55.55005295
53.23633127
50.76078292
45.95957202
38.85871418
0
0
0
0
0
0
0
0
0
0
0
0
0
0
0
0
0
0
0
0
0
0
0
0
0
0
0
0
0
0
0
0
0
0
0
0
0
0
0
0
0
0
0
0
0
0
0
0
0
0
0
0
0
0
0
0
0
0
0
0
0
0
0
0
0
0
0
0
0
0
0
0
0
0
0
0
0
0
0
0
0
0
0
0
0
0
0
0
0
0
0
0
0
0
0
0
0
0
0
0
0
0
0
0
0
0
0
0
0
0
0
0
0
74.85392052
74.85392052
74.85392052
74.85392052
74.85392052
74.85392052
74.85392052
74.85392052
74.85392052
74.85392052
74.85392052
74.85392052
74.85392052
74.85392052
74.85392052
74.85392052
74.85392052
74.85392052
74.85392052
74.85392052
74.85392052
74.85392052
74.85392052
74.85392052
74.85392052
74.85392052
74.85392052
74.85392052
74.85392052
74.85392052
74.85392052
74.85392052
74.85392052
74.85392052
74.85392052
74.85392052
74.85392052
74.85392052
74.85392052
74.85392052
74.85392052
74.85392052
74.85392052
74.85392052
74.85392052
74.85392052
74.85392052
74.85392052
74.85392052
74.85392052
74.85392052
74.85392052
74.85392052
74.85392052
74.85392052
74.85392052
74.85392052
74.85392052
74.85392052
74.85392052
74.85392052
53.88343195
53.59613714
53.00455763
52.47475344
52.84169932
52.81783593
52.56648597
52.9008761
52.69325316
52.7371816
52.60847108
50.86418979
47.36447876
41.99337168
0
0
0
0
0
0
0
0
0
0
0
0
0
0
0
0
0
0
0
0
0
0
0
0
74.85392052
74.85392052
74.85392052
74.85392052
74.85392052
74.85392052
74.85392052
74.85392052
74.85392052
74.85392052
74.85392052
74.85392052
74.85392052
74.85392052
74.85392052
74.85392052
74.85392052
74.85392052
74.85392052
74.85392052
74.85392052
74.85392052
74.85392052
74.85392052
74.85392052
74.85392052
74.85392052
74.85392052
74.85392052
74.85392052
74.85392052
74.85392052
74.85392052
74.85392052
74.85392052
74.85392052
74.85392052
74.85392052
74.85392052
74.85392052
74.85392052
74.85392052
74.85392052
74.85392052
74.85392052
74.85392052
74.85392052
74.85392052
74.85392052
74.85392052
74.85392052
74.85392052
74.85392052
74.85392052
55.25324896
54.2477545
54.25745609
54.0889077
54.56416473
55.20603171
0
0
0
0
0
0
0
0
0
0
0
0
0
0
0
0
0
0
0
0
0
0
0
0
0
0
0
0
0
0
0
0
0
0
0
0
0
0
0
74.85392052
74.85392052
74.85392052
74.85392052
74.85392052
74.85392052
74.85392052
74.85392052
74.85392052
74.85392052
74.85392052
74.85392052
74.85392052
74.85392052
74.85392052
74.85392052
74.85392052
74.85392052
74.85392052
74.85392052
74.85392052
74.85392052
74.85392052
74.85392052
74.85392052
74.85392052
74.85392052
74.85392052
74.85392052
74.85392052
74.85392052
74.85392052
74.85392052
74.85392052
74.85392052
74.85392052
74.85392052
74.85392052
74.85392052
74.85392052
74.85392052
74.85392052
74.85392052
74.85392052
74.85392052
74.85392052
74.85392052
74.85392052
74.85392052
74.85392052
74.85392052
74.85392052
74.85392052
74.85392052
52.6476335
51.44893249
50.19042475
48.67781505
47.57173217
46.12391331
44.56594562
41.47739583
39.05250199
37.25907809
0
0
0
0
0
0
0
0
0
0
0
0
0
0
0
0
0
0
0
0
0
0
0
0
0
0
0
0
0
0
0
0
0
0
0
0
0
0
0
0
0
0
0
0
0
0
0
0
0
0
0
0
0
0
0
0
0
0
0
0
0
0
0
0
0
0
0
0
0
0
0
0
0
0
0
0
0
0
0
0
0
0
0
0
0
0
0
0
0
0
0
0
0
0
0
0
0
0
0
0
0
0
0
0
0
0
0
0
0
0
0
0
0
0
0
0
0
0
0
0
0
0
0
0
0
0
0
0
0
0
0
0
0
0
0
0
0
0
0
0
0
0
0
0
0
0
0
0
0
0
0
0
0
0
0
0
0
0
0
0
0
0
0
0
0
0
0
0
0
0
0
0
0
0
0
0
0
0
0
0
0
0
0
0
0
0
0
0
0
0
0
0
0
0
0
0
0
0
0
0
0
0
0
0
0
0
0
0
0
0
0
0
0
0
0
0
0
0
0
0
0
0
0
0
0
0
0
0
0
0
0
0
0
0
0
0
0
0
0
0
0
0
0
0
0
0
0
0
0
0
0
0
0
0
0
0
0
0
0
0
0
0
0
0
0
0
0
0
0
0
0
0
0
0
0
0
0
0
0
0
0
0
0
0
0
0
0
0
0
0
0
0
0
0
0
0
0
0
0
0
0
0
0
0
0
0
0
0
0
0
0
0
0
0
0
0
0
0
0
0
0
0
0
0
0
0
0
0
0
0
0
0
0
0
0
0
0
0
0
0
0
0
0
0
0
0
0
0
0
0
0
0
0
0
0
0
0
0
0
0
0
0
0
0
0
0
0
0
0
0
0
0
0
0
0
0
0
0
0
0
0
0
0
0
0
0
0
0
0
0
0
0
0
0
0
0
0
0
0
0
0
0
0
0
0
0
0
0
0
0
0
0
0
0
0
0
0
0
0
0
0
0
0
0
0
0
0
0
0
0
0
0
0
0
0
0
0
0
0
0
0
0
0
0
0
0
0
0
0
0
0
0
0
0
0
0
0
0
0
0
0
0
0
0
0
0
0
0
0
0
0
0
0
0
0
0
0
0
0
0
0
0
0
0
0
0
0
0
0
0
0
0
0
0
0
0
0
0
0
0
0
0
0
0
0
0
0
0
0
0
0
0
0
0
0
0
0
0
0
0
0
0
0
0
0
0
0
0
0
0
0
0
0
0
0
0
0
0
0
0
0
0
0
0
0
0
0
0
0
0
0
0
0
0
0
0
0
0
0
0
0
0
0
0
0
0
0
0
0
0
0
0
0
0
0
0
0
0
0
0
0
0
0
0
0
0
0
0
0
0
0
0
0
0
0
0
0
0
0
0
0
0
0
0
0
0
0
0
0
0
0
0
0
0
0
0
0
0
0
0
0
0
0
0
0
0
0
0
0
0
0
0
0
0
0
0
0
0
0
0
0
0
0
0
0
0
0
0
0
0
0
0
0
0
0
0
0
0
0
0
0
0
0
0
0
0
0
0
0
0
0
0
0
0
0
0
0
0
0
0
0
0
0
0
0
0
0
0
0
0
0
0
0
0
0
0
0
0
0
0
0
0
0
0
0
0
0
0
0
0
0
0
0
0
0
0
0
0
0
0
0
0
0
0
0
0
0
0
0
0
0
0
0
0
0
0
0
0
0
0
0
0
0
0
0
0
0
0
0
0
0
0
0
0
0
0
0
0
0
0
0
0
0
0
0
0
0
0
0
0
0
0
0
0
0
0
0
0
0
0
0
0
0
0
0
0
0
0
0
0
0
0
0
0
0
0
0
0
0
0
0
0
74.85392052
74.85392052
74.85392052
74.85392052
74.85392052
74.85392052
74.85392052
74.85392052
74.85392052
74.85392052
74.85392052
74.85392052
74.85392052
74.85392052
74.85392052
74.85392052
74.85392052
74.85392052
74.85392052
74.85392052
74.85392052
74.85392052
74.85392052
74.85392052
74.85392052
74.85392052
74.85392052
53.55480878
52.95063591
52.61338485
53.64024319
57.10911437
58.75967419
59.9347234
62.3373383
63.67356489
63.22631775
62.42655386
63.27011666
66.12269484
66.50491976
61.81576013
60.38877323
58.75905291
57.55630476
54.53048954
55.49031512
53.01697728
51.78239296
49.68782421
49.53720612
46.6930799
43.67408745
40.68073653
39.26219567
39.23551554
39.50980711
39.6080437
39.98000417
38.54970783
37.31586383
0
0
0
0
0
0
0
0
0
0
0
0
0
0
0
0
0
0
0
0
0
0
0
0
0
0
0
0
0
0
0
0
0
0
0
0
0
0
0
0
0
0
0
0
0
0
0
0
0
0
0
0
0
0
0
0
0
0
0
0
0
0
0
0
0
0
0
0
0
0
0
0
0
0
0
0
0
0
0
0
0
0
0
0
0
0
0
0
0
0
0
0
0
0
0
0
0
0
0
0
0
0
0
0
0
0
0
0
0
0
0
0
0
0
0
0
0
0
0
0
0
0
0
0
0
0
0
0
0
0
0
0
0
0
0
0
0
0
0
0
0
0
0
0
0
0
0
0
0
0
0
0
0
0
0
0
0
0
0
0
0
0
0
0
0
0
0
0
0
0
0
0
0
74.85392052
74.85392052
74.85392052
74.85392052
74.85392052
74.85392052
74.85392052
74.85392052
74.85392052
74.85392052
74.85392052
74.85392052
74.85392052
74.85392052
74.85392052
74.85392052
74.85392052
74.85392052
74.85392052
74.85392052
74.85392052
74.85392052
74.85392052
74.85392052
74.85392052
74.85392052
74.85392052
46.81344573
44.00004064
43.78496945
43.92394389
44.29370016
44.34010441
45.37432012
47.61861748
50.0997253
51.66395003
53.94620529
56.0548203
61.10699738
63.81475988
63.80480584
62.67953597
61.78503813
60.44222288
59.20816306
59.45666039
59.77522093
58.3535192
57.89966586
55.94349974
53.27886645
52.77364382
52.66087583
52.54627412
54.47777525
54.26072688
55.1883825
55.52701799
55.37276593
56.32914208
58.16335384
60.49345705
62.13398778
62.87331762
63.71063637
63.47545998
64.10796151
64.97347057
64.37015942
64.11883229
64.16399834
62.21256336
60.84053798
59.67575373
59.89051519
57.78406164
59.08122036
58.22971187
59.60639447
58.64821598
59.63336152
60.39493219
58.69624059
59.13773474
61.39280985
64.32012245
66.28619676
70.17418918
74.85392052
74.85392052
74.85392052
74.85392052
74.85392052
74.85392052
74.85392052
74.85392052
74.85392052
74.85392052
74.85392052
74.85392052
74.85392052
74.85392052
74.85392052
74.85392052
74.85392052
74.85392052
74.85392052
74.85392052
74.85392052
74.85392052
74.85392052
74.85392052
74.85392052
74.85392052
74.85392052
74.85392052
74.85392052
74.85392052
74.85392052
74.85392052
74.85392052
74.85392052
74.85392052
74.85392052
54.76347863
54.24986326
56.27442067
57.16933284
58.37662811
58.94937885
60.27821273
61.6055273
64.12334176
66.49165261
68.13565714
68.61757516
70.51047229
72.77272755
74.70412771
74.85392052
74.85392052
74.85392052
74.85392052
74.85392052
74.85392052
74.85392052
74.85392052
74.85392052
74.85392052
74.85392052
74.85392052
74.85392052
74.85392052
74.85392052
74.85392052
74.85392052
74.85392052
74.85392052
74.85392052
74.85392052
74.85392052
74.85392052
74.85392052
74.85392052
74.85392052
74.85392052
74.85392052
74.85392052
74.85392052
74.85392052
74.85392052
74.85392052
74.85392052
74.85392052
74.85392052
74.85392052
74.85392052
74.85392052
74.85392052
74.85392052
74.85392052
74.85392052
74.85392052
74.85392052
74.85392052
74.85392052
74.85392052
74.85392052
74.85392052
74.85392052
74.85392052
74.85392052
74.85392052
74.85392052
74.85392052
74.85392052
74.85392052
74.85392052
74.85392052
74.85392052
74.85392052
74.85392052
74.85392052
74.85392052
74.85392052
74.85392052
74.85392052
74.85392052
74.85392052
74.85392052
74.85392052
74.85392052
74.85392052
74.85392052
74.85392052
74.85392052
74.85392052
74.85392052
74.85392052
41.25774276
0
0
0
0
0
0
0
0
0
0
0
0
0
0
0
0
0
0
0
0
0
0
0
0
0
0
0
0
0
0
0
0
0
0
0
0
0
0
0
0
0
0
0
0
0
0
0
0
0
0
0
0
0
0
0
0
0
0
0
0
0
0
0
0
0
0
0
0
0
0
0
0
0
0
0
0
0
0
0
0
0
0
0
0
0
0
0
0
0
0
0
0
0
0
0
0
0
0
0
0
0
0
0
0
0
0
0
0
0
0
0
0
0
0
0
0
0
0
0
0
0
0
0
0
0
0
0
0
0
0
0
0
0
0
0
0
0
0
0
0
0
0
0
0
0
0
0
0
0
0
0
0
0
0
0
0
0
0
0
0
0
0
0
0
0
0
0
0
0
0
0
0
0
0
0
0
0
0
0
0
0
0
0
0
0
0
0
0
0
0
0
0
0
0
0
0
0
0
0
0
0
0
0
0
0
0
0
0
0
0
0
0
0
0
0
0
0
0
0
0
0
0
0
0
0
0
0
0
0
0
0
0
0
0
0
0
0
0
0
0
0
0
0
0
0
0
0
0
0
0
0
0
0
0
0
0
0
0
0
0
0
0
0
0
0
0
0
0
0
0
0
0
0
0
0
0
0
0
0
0
0
0
0
0
0
0
0
0
0
0
0
0
0
0
0
0
0
0
0
0
0
0
0
0
0
0
0
0
0
0
0
0
0
0
0
0
0
0
0
0
0
0
0
0
0
0
0
0
0
0
0
0
0
0
0
0
0
0
0
0
0
0
0
0
0
0
0
0
0
0
0
0
0
0
0
0
0
0
0
0
0
0
0
0
0
0
0
0
0
0
0
0
0
0
0
0
0
0
0
0
0
0
0
0
0
0
0
0
0
0
0
0
0
0
0
0
0
0
0
0
0
0
0
0
0
0
0
0
0
0
0
0
0
0
0
0
0
0
0
0
0
0
0
0
0
0
0
0
0
0
0
0
0
0
0
0
0
0
0
0
0
0
0
74.85392052
74.85392052
74.85392052
74.85392052
74.85392052
74.85392052
74.85392052
74.85392052
74.85392052
74.85392052
74.85392052
74.85392052
74.85392052
74.85392052
74.85392052
74.85392052
74.85392052
74.85392052
74.85392052
74.85392052
74.85392052
74.85392052
74.85392052
74.85392052
74.85392052
74.85392052
74.85392052
74.85392052
74.85392052
74.85392052
74.85392052
38.48377247
0
0
0
0
0
0
0
0
0
0
0
0
0
0
0
0
0
0
0
0
0
0
0
0
0
0
0
0
0
0
0
0
0
0
0
0
0
0
0
0
0
0
0
0
0
0
0
0
0
0
0
0
0
0
0
0
0
0
0
0
0
0
0
0
0
0
0
0
0
0
0
0
0
0
0
0
0
0
0
0
0
0
0
0
0
0
0
0
0
0
0
0
0
0
0
0
0
0
0
0
0
0
0
0
0
0
0
0
0
0
0
0
0
0
0
0
0
0
0
0
0
0
0
0
0
0
0
0
0
0
0
0
0
0
0
0
0
0
0
0
0
0
0
0
0
0
0
0
0
0
0
0
0
0
0
0
0
0
0
0
0
0
0
0
0
0
0
0
0
0
0
0
0
0
0
0
0
0
0
0
0
0
0
0
0
0
0
0
0
0
0
0
0
0
0
0
0
0
0
0
0
0
0
0
0
0
0
0
0
0
0
0
0
0
0
0
0
0
0
0
0
0
0
0
0
0
0
0
0
0
0
0
0
0
0
0
0
0
0
0
0
0
0
0
0
0
0
0
0
0
0
0
0
0
0
0
0
0
0
0
0
0
0
0
0
0
0
0
0
0
0
0
0
0
74.85392052
74.85392052
74.85392052
74.85392052
74.85392052
74.85392052
74.85392052
74.85392052
74.85392052
74.85392052
74.85392052
74.85392052
74.85392052
74.85392052
74.85392052
74.85392052
74.85392052
74.85392052
74.85392052
74.85392052
74.85392052
74.85392052
74.85392052
74.85392052
74.85392052
74.85392052
74.85392052
74.85392052
74.85392052
74.85392052
74.85392052
74.85392052
74.85392052
74.85392052
74.85392052
74.85392052
74.85392052
74.85392052
74.85392052
74.85392052
74.85392052
74.85392052
74.85392052
74.85392052
74.85392052
74.85392052
74.85392052
74.85392052
74.85392052
74.85392052
74.85392052
74.85392052
74.85392052
74.85392052
74.85392052
74.85392052
74.85392052
74.85392052
74.85392052
74.85392052
74.85392052
74.85392052
74.85392052
74.85392052
74.85392052
74.85392052
74.85392052
51.72372151
50.73288106
48.89236862
48.41656932
46.93922431
46.52193602
45.93081821
44.67501929
42.23921169
44.74682006
45.4212394
45.3656959
45.03297608
45.89901204
46.22727119
50.02063005
50.43943808
51.68968125
50.92106567
52.28445792
55.16253245
58.21031494
59.10788896
57.77356701
57.26208797
58.4159743
60.29028282
64.06828107
64.65359424
65.34723357
64.69675919
66.35439193
68.0520106
68.72286852
71.19563343
72.63100019
73.29757282
74.85392052
74.85392052
74.85392052
74.19626992
70.58632913
66.44776852
62.45370992
56.72774207
50.28461566
45.19401668
0
0
0
0
0
0
0
0
0
0
0
0
0
0
0
0
0
0
0
0
0
0
0
0
0
0
0
0
0
0
0
0
0
0
0
0
0
0
0
0
0
0
0
0
0
0
0
0
0
0
0
0
0
0
0
0
0
0
0
0
0
0
0
0
0
0
0
0
0
0
0
0
0
0
0
0
0
0
0
0
0
0
0
0
0
0
0
0
0
0
0
0
0
0
0
0
0
0
0
0
0
0
0
0
0
0
0
0
0
0
0
0
0
0
0
0
0
0
0
0
0
0
0
0
0
0
0
0
0
0
0
0
0
0
0
0
0
0
0
0
0
0
0
0
0
0
0
0
0
0
0
0
0
0
0
0
0
0
0
0
0
0
0
0
0
0
74.85392052
74.85392052
74.85392052
74.85392052
74.85392052
74.85392052
74.85392052
74.85392052
74.85392052
74.85392052
74.85392052
74.85392052
74.85392052
74.85392052
74.85392052
74.85392052
74.85392052
74.85392052
74.85392052
74.85392052
74.85392052
74.85392052
74.85392052
74.85392052
74.85392052
74.85392052
74.85392052
52.30477606
51.68592898
51.02484999
51.95715991
52.47332534
52.88388296
53.7268685
54.72976556
54.71703298
56.79645858
58.60949637
59.41117466
60.36920437
61.22282924
62.9320252
64.61685833
64.76518023
66.00530382
64.56459767
63.74698545
62.38439165
62.17415613
60.58831132
59.52703027
58.44622163
57.3306153
55.93214901
52.42871166
49.4797245
45.60592193
0
0
0
0
0
0
0
0
0
0
0
0
0
0
0
0
0
0
0
0
0
0
0
0
0
0
0
0
74.85392052
74.85392052
74.85392052
74.85392052
74.85392052
74.85392052
74.85392052
74.85392052
74.85392052
74.85392052
74.85392052
74.85392052
74.85392052
74.85392052
74.85392052
74.85392052
74.85392052
74.85392052
74.85392052
74.85392052
74.85392052
74.85392052
74.85392052
74.85392052
74.85392052
74.85392052
74.85392052
74.85392052
74.85392052
74.85392052
74.85392052
74.85392052
74.85392052
74.85392052
74.85392052
74.85392052
74.85392052
52.8755811
53.31456531
54.55282512
55.74022117
55.26997485
54.66266015
54.87796662
55.72944918
56.16363225
57.25206053
58.2737304
59.17703047
59.24742604
60.21305535
60.85993416
60.73588049
59.40974839
59.54527096
60.86262117
60.26312184
57.84142336
54.83458922
53.88338779
53.74519824
51.92369664
49.10534531
46.23250863
46.20986025
43.26028206
40.94764825
38.50680079
0
0
0
0
0
0
0
0
0
0
0
0
0
0
0
0
0
0
0
0
0
0
0
0
0
0
0
0
0
0
0
0
0
0
0
0
0
0
0
0
0
0
0
0
0
0
0
0
0
0
0
0
0
0
0
0
0
0
0
0
0
0
0
0
0
0
0
0
0
0
0
0
0
0
0
0
0
0
0
0
0
0
0
0
0
0
0
0
0
0
0
0
0
0
0
0
0
0
0
0
0
0
0
0
0
0
0
0
0
0
0
0
0
0
0
0
0
0
0
0
0
0
0
0
0
0
0
0
0
0
0
0
0
0
0
0
0
0
0
0
0
0
0
0
0
0
0
0
0
0
0
0
0
0
0
0
0
0
0
0
0
0
0
0
0
0
0
0
0
0
0
0
0
0
0
0
0
0
0
0
0
0
0
0
0
0
0
0
0
0
0
0
0
0
0
0
0
0
0
0
0
0
0
0
0
0
0
0
0
0
0
0
0
0
0
0
0
0
0
0
0
0
0
0
0
0
0
0
0
0
0
0
0
0
0
0
0
0
0
0
0
0
0
0
0
0
0
0
0
0
0
0
0
0
0
0
0
0
0
0
0
0
0
0
0
0
0
0
0
0
0
0
0
0
0
0
74.85392052
74.85392052
74.85392052
74.85392052
74.85392052
74.85392052
74.85392052
74.85392052
74.85392052
74.85392052
74.85392052
74.85392052
74.85392052
74.85392052
74.85392052
74.85392052
74.85392052
74.85392052
74.85392052
74.85392052
74.85392052
74.85392052
74.85392052
74.85392052
74.85392052
74.85392052
74.85392052
74.85392052
74.85392052
74.85392052
74.85392052
74.85392052
74.85392052
74.85392052
74.85392052
74.85392052
74.85392052
74.85392052
74.85392052
74.85392052
74.85392052
74.85392052
74.85392052
74.85392052
74.85392052
74.85392052
74.85392052
74.85392052
74.85392052
74.85392052
74.85392052
74.85392052
74.85392052
74.85392052
74.85392052
74.85392052
74.85392052
74.85392052
74.85392052
74.85392052
74.85392052
74.85392052
74.85392052
74.85392052
74.85392052
74.85392052
74.85392052
74.85392052
74.85392052
74.85392052
74.85392052
74.85392052
74.85392052
74.85392052
74.85392052
74.85392052
74.85392052
74.85392052
74.85392052
74.85392052
74.85392052
74.85392052
74.85392052
74.85392052
74.85392052
74.85392052
74.85392052
74.85392052
74.85392052
74.85392052
74.85392052
74.85392052
74.85392052
74.85392052
74.85392052
74.85392052
74.85392052
74.85392052
74.85392052
74.85392052
74.85392052
74.85392052
74.85392052
74.85392052
74.85392052
74.85392052
74.85392052
74.85392052
74.85392052
74.85392052
74.85392052
74.85392052
74.85392052
74.85392052
74.85392052
74.85392052
74.85392052
74.85392052
74.85392052
74.85392052
74.85392052
74.85392052
74.85392052
74.85392052
74.85392052
74.85392052
74.85392052
74.85392052
74.85392052
74.85392052
74.85392052
74.85392052
74.85392052
74.85392052
74.85392052
74.85392052
74.85392052
74.85392052
74.85392052
74.85392052
74.85392052
74.85392052
74.85392052
74.85392052
74.85392052
74.85392052
74.85392052
74.85392052
74.85392052
74.85392052
74.85392052
74.85392052
74.85392052
74.85392052
74.85392052
74.85392052
74.85392052
74.85392052
74.85392052
74.85392052
74.85392052
74.85392052
74.85392052
74.85392052
74.85392052
74.85392052
74.85392052
74.85392052
74.85392052
74.85392052
0
0
0
0
0
0
0
0
0
0
0
0
0
0
0
0
0
0
0
0
0
0
0
0
0
0
0
0
0
0
0
0
0
0
0
0
0
0
0
0
0
0
0
0
0
0
0
0
0
0
0
0
0
0
0
0
0
0
0
0
0
0
0
74.85392052
74.85392052
74.85392052
74.85392052
74.85392052
74.85392052
74.85392052
74.85392052
74.85392052
74.85392052
74.85392052
74.85392052
74.85392052
74.85392052
74.85392052
74.85392052
74.85392052
74.85392052
74.85392052
74.85392052
74.85392052
74.85392052
74.85392052
74.85392052
74.85392052
74.85392052
74.85392052
74.85392052
74.85392052
74.85392052
74.85392052
74.85392052
74.85392052
74.85392052
74.85392052
74.85392052
74.85392052
74.85392052
74.85392052
74.85392052
74.85392052
74.85392052
74.85392052
74.85392052
74.85392052
74.85392052
74.85392052
74.85392052
74.85392052
74.85392052
74.85392052
74.85392052
74.85392052
74.85392052
74.85392052
74.85392052
74.85392052
74.85392052
74.85392052
74.85392052
74.85392052
74.85392052
74.85392052
74.85392052
74.85392052
74.85392052
74.85392052
74.85392052
74.85392052
74.85392052
74.85392052
74.85392052
74.85392052
74.85392052
74.85392052
74.85392052
74.85392052
53.59917369
52.64453045
51.12485771
48.85273641
46.82098592
44.98261474
43.49221602
42.13506396
40.15964789
38.19208793
0
0
0
0
0
0
0
0
0
0
0
0
0
0
0
0
0
0
0
74.85392052
74.85392052
74.85392052
74.85392052
74.85392052
74.85392052
74.85392052
74.85392052
74.85392052
74.85392052
74.85392052
74.85392052
74.85392052
74.85392052
74.85392052
74.85392052
74.85392052
74.85392052
74.85392052
74.85392052
74.85392052
74.85392052
74.85392052
38.1653467
0
0
0
0
0
0
0
0
0
0
0
0
0
0
0
0
0
0
0
0
0
0
0
0
0
0
0
0
0
0
0
0
0
0
0
0
0
0
0
0
0
0
0
0
0
0
0
0
0
0
0
0
0
0
0
0
0
0
0
0
0
0
0
0
0
0
0
0
0
0
0
0
0
0
0
0
0
0
0
0
0
0
0
0
0
0
0
0
0
0
0
0
0
0
0
0
0
0
0
0
0
0
0
0
0
0
0
0
0
0
0
0
0
0
0
0
0
0
0
0
0
0
0
0
0
0
0
0
0
0
0
0
0
0
0
0
0
0
0
0
0
0
0
0
0
0
0
0
0
0
0
0
0
0
0
0
0
0
0
0
0
0
0
0
0
0
0
0
0
0
0
0
0
74.85392052
74.85392052
74.85392052
74.85392052
74.85392052
74.85392052
74.85392052
74.85392052
74.85392052
74.85392052
74.85392052
74.85392052
74.85392052
74.85392052
74.85392052
74.85392052
74.85392052
74.85392052
74.85392052
48.11508044
43.80524067
40.83822427
40.70354564
42.59580577
44.2500002
44.3997161
44.08165623
45.73243625
47.30512995
47.57130953
48.49761958
49.83574323
50.87374058
53.27666774
55.66850647
57.00691712
58.07046949
59.06355944
59.477697
60.46394177
62.4458611
65.64975971
68.65354922
69.76846639
69.64577657
70.48113048
69.91080892
69.32770756
67.49294324
68.24267591
68.79445203
68.53673983
68.07786233
68.41802887
68.99581141
66.52760459
63.10684688
60.86962672
60.00987584
58.12330978
57.08687641
56.29947393
53.81436917
51.69795127
50.90856469
49.0513994
47.80910493
46.59697511
45.61120139
45.66370174
45.04704608
44.17831239
42.82013959
42.68758012
43.05080647
43.53728741
44.86964899
47.67190059
49.63090235
50.25516882
51.02452355
51.76548262
53.31227805
54.52680776
54.05428822
55.41765339
58.06902146
60.01110188
63.14588958
66.30832931
68.07208152
68.47169621
69.17984001
70.74079087
72.57397627
74.36150414
74.85392052
74.85392052
74.85392052
74.85392052
74.85392052
74.85392052
74.85392052
74.85392052
74.85392052
74.85392052
74.85392052
74.85392052
74.85392052
74.85392052
74.85392052
74.85392052
74.85392052
74.85392052
74.85392052
74.85392052
74.85392052
74.85392052
74.85392052
53.34674374
55.12058804
55.01231405
55.68449084
55.17826187
54.78369719
54.81672276
54.29757533
54.088954
55.70829271
56.79661807
57.76898752
58.89432023
59.53542818
60.51678168
61.18963326
63.18890291
64.0364275
64.90334439
66.42057528
68.73220838
71.27514277
72.38259773
72.99042079
73.60944179
72.38102787
70.92908455
70.88040975
71.01164666
70.30703884
69.47133198
68.41400703
67.00518056
65.77905096
65.9055653
66.42026181
64.84408876
63.69018821
63.54376277
62.66527811
60.28393672
57.87716089
55.13248568
52.54333941
50.7038282
50.2279627
50.12370705
48.5323718
46.69560501
44.56867103
43.83647466
43.39467607
42.3470658
40.87185954
40.32914406
40.53499291
39.94265089
41.33996499
43.00411773
44.9105586
46.70010778
48.20407568
49.91230773
52.3579096
53.20594274
54.93245865
56.44695203
57.97122466
59.3413364
59.04892275
59.18876194
58.20142148
57.52176369
59.07923794
61.90769732
62.97417112
62.04603876
61.4292402
60.82133181
61.70399632
62.09318385
61.85830459
59.49491388
58.91959201
58.5883946
58.1244793
57.65061268
54.55185717
51.518989
47.99221957
47.39008844
46.25579008
44.97497059
43.69887235
42.98595782
42.76636379
45.00513943
46.53196012
47.21570474
47.81944926
48.72942558
49.77512823
49.92016711
49.82696304
48.71794206
49.14334235
50.02662415
51.93346255
53.87624505
55.52436472
56.56986953
56.19408961
56.33855872
57.48758323
60.92254651
63.57838445
62.09426818
59.52844848
56.26173426
56.77147202
57.29229835
53.25506664
46.92516814
42.05130832
38.4731102
37.05702314
0
0
0
0
0
0
0
0
0
0
0
0
0
0
0
0
0
0
0
0
0
0
0
0
0
0
0
0
0
0
0
0
0
0
0
0
0
0
0
0
0
0
0
0
0
0
0
0
0
0
0
0
0
0
0
0
0
0
0
0
0
0
0
0
0
0
0
0
0
0
0
0
0
0
0
0
0
0
0
0
0
0
0
0
0
0
0
0
0
0
0
0
0
0
0
0
0
0
0
0
0
0
0
0
0
0
0
0
0
0
0
0
0
0
0
0
0
0
0
0
0
0
0
0
0
74.85392052
74.85392052
74.85392052
74.85392052
74.85392052
74.85392052
74.85392052
74.85392052
74.85392052
74.85392052
74.85392052
74.85392052
74.85392052
74.85392052
74.85392052
74.85392052
74.85392052
74.85392052
74.85392052
74.85392052
74.85392052
74.85392052
74.85392052
74.85392052
74.85392052
74.85392052
74.85392052
74.85392052
74.85392052
74.85392052
74.85392052
0
0
0
0
0
0
0
0
0
0
0
0
0
0
0
0
0
0
0
0
0
0
0
0
0
0
0
0
0
0
0
0
0
0
0
0
0
0
0
0
0
0
0
0
0
0
0
0
0
0
0
0
0
0
0
0
0
0
0
0
0
0
0
0
0
0
0
0
0
0
0
0
0
0
0
0
0
0
0
0
0
0
0
0
0
0
0
0
0
0
0
0
0
0
0
0
0
0
0
0
0
0
0
0
0
0
0
0
0
0
0
0
0
0
0
0
0
0
0
0
0
0
0
0
0
0
0
0
0
0
0
0
0
0
0
0
0
0
0
0
0
0
0
0
0
0
0
0
0
0
0
0
0
0
0
0
0
0
0
0
0
0
0
0
0
0
0
0
0
0
0
0
0
0
0
0
0
0
0
0
0
0
0
0
0
0
0
0
0
0
0
0
0
0
0
0
0
0
0
0
0
0
0
0
0
0
0
0
0
0
0
0
0
0
0
0
0
0
0
0
0
0
0
0
0
0
0
0
0
0
0
0
0
0
0
0
0
0
0
0
0
0
0
0
0
0
0
0
0
0
0
0
0
0
0
0
0
0
74.85392052
74.85392052
74.85392052
74.85392052
74.85392052
74.85392052
74.85392052
74.85392052
74.85392052
74.85392052
74.85392052
74.85392052
74.85392052
74.85392052
74.85392052
74.85392052
74.85392052
74.85392052
74.85392052
74.85392052
74.85392052
74.85392052
74.85392052
74.85392052
74.85392052
74.85392052
74.85392052
74.85392052
74.85392052
74.85392052
74.85392052
74.85392052
74.85392052
74.85392052
74.85392052
74.85392052
74.85392052
74.85392052
74.85392052
74.85392052
74.85392052
74.85392052
74.85392052
74.85392052
74.85392052
74.85392052
74.85392052
74.85392052
74.85392052
74.85392052
74.85392052
74.85392052
74.85392052
74.85392052
74.85392052
74.85392052
74.85392052
74.85392052
74.85392052
74.85392052
74.85392052
74.85392052
74.85392052
74.85392052
74.85392052
74.85392052
74.85392052
74.85392052
74.85392052
74.85392052
74.85392052
74.85392052
74.85392052
74.85392052
74.85392052
74.85392052
74.85392052
74.85392052
74.85392052
74.85392052
74.85392052
74.85392052
74.85392052
74.85392052
74.85392052
74.85392052
74.85392052
74.85392052
74.85392052
74.85392052
74.85392052
74.85392052
74.85392052
74.85392052
74.85392052
74.85392052
74.85392052
74.85392052
74.85392052
74.85392052
74.85392052
74.85392052
74.85392052
74.85392052
74.85392052
74.85392052
74.85392052
74.85392052
74.85392052
74.85392052
74.85392052
74.85392052
74.85392052
74.85392052
74.85392052
74.85392052
74.85392052
74.85392052
74.85392052
74.85392052
74.85392052
74.85392052
74.85392052
74.85392052
74.85392052
74.85392052
74.85392052
74.85392052
74.85392052
47.1405948
44.92846959
45.90563266
48.53411176
51.12504672
53.34527981
55.56598924
58.00725303
61.02226458
64.75504342
67.38243489
69.11018968
70.77555213
72.39058206
74.77093514
74.85392052
74.85392052
74.85392052
74.85392052
74.85392052
74.85392052
74.85392052
74.85392052
74.85392052
74.85392052
74.85392052
74.85392052
74.85392052
74.85392052
74.85392052
74.85392052
74.85392052
74.85392052
74.85392052
74.85392052
74.85392052
74.85392052
74.85392052
54.98556271
53.57081405
53.16837883
50.93155122
49.64533245
48.33835982
46.33512403
44.62377553
43.15801086
40.81004265
38.1634818
0
0
0
0
0
0
0
0
0
0
0
0
0
0
0
0
0
0
0
0
0
0
0
0
0
0
0
0
0
0
0
0
0
0
0
0
0
0
0
0
0
0
0
0
0
0
0
0
0
0
0
0
0
0
0
0
0
0
0
0
0
0
0
0
0
0
0
0
0
0
0
0
0
0
0
0
0
0
0
0
0
0
0
0
0
0
0
0
0
0
0
0
0
0
0
0
0
0
0
0
0
0
0
0
0
0
0
0
0
0
0
0
0
0
0
0
0
0
0
0
0
0
0
0
0
0
0
0
0
0
0
0
0
0
0
0
0
0
0
0
0
0
0
0
0
0
0
0
0
0
0
0
0
0
0
0
0
0
0
0
0
0
0
0
0
0
0
0
0
0
0
74.85392052
74.85392052
74.85392052
74.85392052
74.85392052
74.85392052
74.85392052
74.85392052
74.85392052
74.85392052
74.85392052
74.85392052
74.85392052
74.85392052
74.85392052
74.85392052
74.85392052
74.85392052
74.85392052
74.85392052
74.85392052
74.85392052
74.85392052
74.85392052
74.85392052
74.85392052
74.85392052
74.85392052
74.85392052
74.85392052
74.85392052
74.85392052
74.85392052
74.85392052
74.85392052
74.85392052
74.85392052
74.85392052
74.85392052
74.85392052
74.85392052
74.85392052
74.85392052
74.85392052
74.85392052
74.85392052
74.85392052
74.85392052
74.85392052
74.85392052
74.85392052
74.85392052
74.85392052
74.85392052
74.85392052
74.85392052
74.85392052
74.85392052
74.85392052
74.85392052
74.85392052
74.85392052
74.85392052
74.85392052
74.85392052
74.85392052
74.85392052
74.85392052
74.85392052
74.85392052
74.85392052
74.85392052
74.85392052
74.85392052
74.85392052
74.85392052
74.85392052
74.85392052
74.85392052
74.85392052
74.85392052
74.85392052
74.85392052
74.85392052
74.85392052
53.50102831
54.83582166
57.31514434
55.67674985
54.37132395
53.43697432
52.52723354
52.63609026
56.79873839
58.04809627
59.33857549
58.18734861
57.66730445
58.69137782
61.29493689
63.74872416
66.4330616
65.99614722
67.39282177
70.68124165
71.93031257
74.1745561
74.85392052
74.85392052
74.85392052
74.85392052
74.85392052
74.85392052
74.85392052
74.85392052
74.85392052
74.85392052
74.85392052
74.85392052
74.85392052
74.85392052
74.85392052
74.85392052
74.85392052
74.85392052
74.85392052
74.85392052
74.85392052
74.85392052
74.85392052
74.85392052
74.85392052
74.85392052
74.85392052
74.85392052
74.85392052
74.85392052
74.85392052
74.85392052
74.85392052
74.85392052
74.85392052
74.85392052
74.85392052
74.85392052
74.85392052
74.85392052
74.85392052
74.85392052
74.85392052
74.85392052
74.85392052
74.85392052
74.85392052
74.85392052
74.85392052
74.85392052
74.85392052
74.85392052
74.85392052
74.85392052
74.85392052
74.85392052
74.85392052
74.85392052
74.85392052
74.85392052
74.85392052
74.85392052
74.85392052
74.85392052
74.85392052
74.85392052
74.85392052
74.85392052
74.85392052
74.85392052
74.85392052
74.85392052
74.85392052
74.85392052
74.85392052
74.85392052
74.85392052
74.85392052
74.85392052
74.85392052
74.85392052
74.85392052
74.85392052
74.85392052
74.85392052
74.85392052
74.85392052
74.85392052
74.85392052
74.85392052
74.85392052
74.85392052
74.85392052
74.85392052
74.85392052
74.85392052
74.85392052
74.85392052
74.85392052
74.85392052
74.85392052
74.85392052
74.85392052
74.85392052
74.85392052
74.85392052
74.85392052
74.85392052
74.85392052
74.85392052
74.85392052
74.85392052
74.85392052
74.85392052
74.85392052
74.85392052
74.85392052
74.85392052
74.85392052
74.85392052
74.85392052
74.85392052
74.85392052
74.85392052
74.85392052
74.85392052
74.85392052
74.85392052
74.85392052
74.85392052
74.85392052
74.85392052
74.85392052
74.85392052
74.85392052
74.85392052
74.85392052
74.85392052
74.85392052
74.85392052
74.85392052
74.85392052
74.85392052
74.85392052
74.85392052
74.85392052
74.85392052
50.54140275
45.00175642
0
0
0
0
0
0
0
0
0
0
0
0
0
0
0
0
0
0
0
0
0
0
0
0
0
0
0
0
0
0
0
0
0
0
0
0
0
0
0
0
0
0
0
0
0
0
0
0
0
0
0
0
0
0
0
0
0
0
0
0
0
0
0
0
0
0
0
0
0
0
0
0
0
0
0
0
0
0
0
0
0
0
0
0
0
0
0
0
0
0
0
0
0
0
0
0
0
0
0
0
0
0
0
0
0
0
0
0
0
0
0
0
0
0
0
0
0
0
0
0
0
0
0
0
0
0
0
0
0
0
0
0
0
0
0
0
0
0
0
0
0
0
0
0
0
0
0
0
0
0
0
0
0
0
0
0
0
0
0
0
0
0
0
0
0
0
74.85392052
74.85392052
74.85392052
74.85392052
74.85392052
74.85392052
74.85392052
74.85392052
74.85392052
74.85392052
74.85392052
74.85392052
74.85392052
74.85392052
74.85392052
74.85392052
74.85392052
74.85392052
74.85392052
74.85392052
74.85392052
74.85392052
74.85392052
74.85392052
74.85392052
74.85392052
74.85392052
74.85392052
0
0
0
0
0
0
0
0
0
0
0
0
0
0
0
0
0
0
0
0
0
0
0
0
0
0
0
0
0
0
0
0
0
0
0
0
0
0
0
0
0
0
0
0
0
0
0
0
0
0
0
0
0
0
0
0
0
0
0
0
0
0
0
0
0
0
0
0
0
0
0
0
0
0
0
0
0
0
0
0
0
0
0
0
0
0
0
0
0
0
0
0
0
0
0
0
0
0
0
0
0
0
0
0
0
0
0
0
0
0
0
0
0
0
0
0
0
0
0
0
0
0
0
0
0
0
0
0
0
0
0
0
0
0
0
0
0
0
0
0
0
0
0
0
0
0
0
0
0
0
0
0
0
0
0
0
0
0
0
0
0
0
0
0
0
0
0
0
0
0
0
0
0
0
0
0
0
0
0
74.85392052
74.85392052
74.85392052
74.85392052
74.85392052
74.85392052
74.85392052
74.85392052
74.85392052
74.85392052
74.85392052
74.85392052
41.26170339
0
0
0
0
0
0
0
0
0
0
0
0
0
0
0
0
0
0
0
0
0
0
0
0
0
0
0
0
0
0
0
0
0
0
0
0
0
0
0
0
0
0
0
0
0
0
0
0
0
0
0
0
0
0
0
0
0
0
0
0
0
0
0
0
0
0
0
0
0
0
0
0
0
0
0
0
0
0
0
0
0
0
0
0
0
0
0
0
0
0
0
0
0
0
0
0
0
0
0
0
0
0
0
0
0
0
0
0
0
0
0
0
0
0
0
0
74.85392052
74.85392052
74.85392052
74.85392052
74.85392052
74.85392052
74.85392052
74.85392052
74.85392052
74.85392052
74.85392052
74.85392052
74.85392052
74.85392052
74.85392052
74.85392052
74.85392052
74.85392052
74.85392052
74.85392052
74.85392052
74.85392052
74.85392052
74.85392052
74.85392052
74.85392052
74.85392052
74.85392052
74.85392052
74.85392052
74.85392052
74.85392052
74.85392052
52.29354452
48.93394041
45.67200295
41.65579017
38.64442807
36.95594687
37.36119489
39.44353166
42.21578853
45.97886019
50.75514852
55.51815483
57.98924687
58.10617927
59.63082909
62.48180238
64.68118918
66.18201137
68.98529194
71.29761555
74.62268457
74.85392052
74.85392052
74.85392052
74.85392052
74.85392052
74.85392052
74.85392052
74.85392052
74.85392052
74.85392052
74.85392052
74.85392052
74.85392052
74.85392052
74.85392052
74.85392052
74.85392052
74.85392052
74.85392052
74.85392052
74.85392052
74.85392052
74.85392052
40.82903582
0
0
0
0
0
0
0
0
0
0
0
0
0
0
0
0
0
0
0
0
0
0
0
0
0
0
0
0
0
0
0
0
0
0
0
0
0
0
0
0
0
0
0
0
0
0
0
0
0
0
0
0
0
0
0
0
0
0
0
0
0
0
0
0
0
0
0
0
0
0
0
0
0
0
0
0
0
0
0
0
0
0
0
0
0
0
0
0
0
0
0
0
0
0
0
0
0
0
0
0
0
0
0
0
0
0
0
0
0
0
0
0
0
0
0
0
0
0
0
0
0
0
0
0
0
0
0
0
0
0
0
0
0
0
0
0
0
0
0
0
0
0
0
0
0
0
0
0
0
0
0
0
0
0
0
0
0
0
0
0
0
0
0
0
0
0
0
0
0
0
0
0
0
0
0
0
0
0
0
0
0
0
0
0
0
0
0
0
0
0
0
0
0
0
0
0
0
0
0
0
0
0
0
0
0
0
0
0
0
0
0
0
0
0
0
0
0
0
0
0
0
0
0
0
0
0
0
0
0
0
0
0
0
0
0
0
0
0
0
0
0
0
0
0
0
0
0
0
0
0
0
0
0
0
0
0
0
0
0
0
0
0
0
0
0
0
0
0
0
0
0
0
0
0
0
0
0
0
0
0
0
0
0
0
0
0
0
0
0
0
0
0
0
0
0
0
0
0
0
0
0
0
0
0
0
0
0
0
0
0
0
0
0
0
0
0
0
0
0
0
0
0
0
0
0
0
0
0
0
0
0
0
0
0
0
0
0
0
0
0
0
0
0
0
0
0
0
0
0
0
0
0
0
0
0
0
0
0
0
0
74.85392052
74.85392052
74.85392052
74.85392052
74.85392052
74.85392052
74.85392052
74.85392052
74.85392052
74.85392052
74.85392052
74.85392052
74.85392052
74.85392052
74.85392052
74.85392052
74.85392052
74.85392052
74.85392052
74.85392052
46.39048875
38.89163686
0
0
0
0
0
0
0
0
0
0
0
0
0
0
0
0
0
0
0
0
0
0
0
0
0
0
0
0
0
0
0
0
0
0
0
0
0
0
0
0
0
0
0
0
0
0
0
0
0
0
0
0
0
0
0
0
0
0
0
0
0
0
0
0
0
0
0
0
0
0
0
0
0
0
74.85392052
74.85392052
74.85392052
74.85392052
74.85392052
74.85392052
74.85392052
74.85392052
74.85392052
74.85392052
74.85392052
74.85392052
74.85392052
74.85392052
74.85392052
74.85392052
74.85392052
74.85392052
74.85392052
74.85392052
74.85392052
74.85392052
74.85392052
41.40976751
0
0
0
0
0
0
0
0
0
0
0
0
0
0
0
0
0
0
0
0
0
0
0
0
0
0
0
0
0
0
0
0
0
0
0
0
0
0
0
0
0
0
0
0
0
0
0
0
0
0
0
0
0
0
0
0
0
0
0
0
0
0
0
0
0
0
0
0
0
0
0
0
0
0
0
0
0
0
0
0
0
0
0
0
0
0
0
0
0
0
0
0
0
0
0
0
0
0
0
0
0
0
0
0
0
0
0
0
0
0
0
0
0
0
0
0
0
0
0
0
0
0
0
0
0
0
0
0
0
0
0
0
0
0
0
0
0
0
0
0
0
0
0
0
0
0
0
0
0
0
0
0
0
0
0
0
0
0
74.85392052
74.85392052
74.85392052
74.85392052
74.85392052
74.85392052
74.85392052
74.85392052
74.85392052
74.85392052
74.85392052
74.85392052
74.85392052
74.85392052
74.85392052
74.85392052
74.85392052
74.85392052
74.85392052
74.85392052
74.85392052
74.85392052
74.85392052
74.85392052
74.85392052
74.85392052
74.85392052
74.85392052
74.85392052
74.85392052
74.85392052
74.85392052
74.85392052
74.85392052
74.85392052
74.85392052
74.85392052
74.85392052
74.85392052
74.85392052
74.85392052
74.85392052
74.85392052
74.85392052
74.85392052
74.85392052
74.85392052
74.85392052
74.85392052
74.85392052
74.85392052
74.85392052
74.85392052
74.85392052
74.85392052
74.85392052
74.85392052
74.85392052
74.85392052
74.85392052
74.85392052
74.85392052
74.85392052
74.85392052
74.85392052
74.85392052
74.85392052
74.85392052
74.85392052
74.85392052
74.85392052
74.85392052
74.85392052
74.85392052
74.85392052
74.85392052
74.85392052
74.85392052
74.85392052
74.85392052
74.85392052
74.85392052
74.85392052
74.85392052
74.85392052
74.85392052
74.85392052
74.85392052
74.85392052
74.85392052
74.85392052
74.85392052
74.85392052
74.85392052
74.85392052
74.85392052
74.85392052
74.85392052
74.85392052
74.85392052
74.85392052
74.85392052
74.85392052
74.85392052
74.85392052
74.85392052
74.85392052
74.85392052
74.85392052
74.85392052
74.85392052
74.85392052
74.85392052
74.85392052
74.85392052
74.85392052
74.85392052
74.85392052
74.85392052
74.85392052
74.85392052
74.85392052
74.85392052
74.85392052
74.85392052
74.85392052
74.85392052
74.85392052
74.85392052
74.85392052
74.85392052
74.85392052
74.85392052
74.85392052
74.85392052
74.85392052
74.85392052
74.85392052
74.85392052
74.85392052
74.85392052
74.85392052
74.85392052
74.85392052
74.85392052
74.85392052
74.85392052
74.85392052
74.85392052
74.85392052
74.85392052
74.85392052
74.85392052
74.85392052
74.85392052
74.85392052
74.85392052
74.85392052
74.85392052
74.85392052
74.85392052
74.85392052
74.85392052
74.85392052
74.85392052
74.85392052
74.85392052
74.85392052
74.85392052
74.85392052
74.85392052
74.85392052
74.85392052
74.85392052
74.85392052
74.85392052
74.85392052
74.85392052
74.85392052
74.85392052
74.85392052
74.85392052
74.85392052
74.85392052
74.85392052
74.85392052
74.85392052
74.85392052
74.85392052
74.85392052
74.85392052
74.85392052
74.85392052
74.85392052
74.85392052
74.85392052
74.85392052
74.85392052
74.85392052
74.85392052
74.85392052
74.85392052
74.85392052
74.85392052
74.85392052
74.85392052
74.85392052
74.85392052
74.85392052
74.85392052
74.85392052
74.85392052
74.85392052
74.85392052
74.85392052
74.85392052
74.85392052
74.85392052
74.85392052
74.85392052
74.85392052
74.85392052
74.85392052
74.85392052
37.13809985
0
0
0
0
0
0
0
0
0
0
0
0
0
0
0
0
0
0
0
0
0
0
0
0
0
0
0
0
0
0
0
0
0
0
0
0
0
0
0
0
0
0
0
0
0
0
0
0
0
0
0
0
0
0
0
0
0
0
0
0
0
0
0
74.85392052
74.85392052
74.85392052
74.85392052
74.85392052
74.85392052
74.85392052
74.85392052
74.85392052
74.85392052
74.85392052
74.85392052
74.85392052
74.85392052
74.85392052
74.85392052
74.85392052
74.85392052
74.85392052
74.85392052
74.85392052
74.85392052
74.85392052
74.85392052
74.85392052
74.85392052
74.85392052
74.85392052
74.85392052
74.85392052
74.85392052
74.85392052
74.85392052
74.85392052
0
0
0
0
0
0
0
0
0
0
0
0
0
0
0
0
0
0
0
0
0
0
0
0
0
0
0
0
0
0
0
0
0
0
0
0
0
0
0
0
0
0
0
0
0
0
0
0
0
0
0
0
0
0
0
0
0
0
0
0
0
0
74.85392052
74.85392052
74.85392052
74.85392052
74.85392052
74.85392052
74.85392052
74.85392052
74.85392052
74.85392052
74.85392052
74.85392052
74.85392052
74.85392052
74.85392052
74.85392052
74.85392052
74.85392052
74.85392052
74.85392052
74.85392052
74.85392052
74.85392052
74.85392052
74.85392052
74.85392052
74.85392052
74.85392052
74.85392052
74.85392052
74.85392052
74.85392052
74.85392052
74.85392052
74.85392052
74.85392052
74.85392052
74.85392052
74.85392052
74.85392052
74.85392052
74.85392052
74.85392052
74.85392052
74.85392052
74.85392052
74.85392052
74.85392052
74.85392052
74.85392052
74.85392052
74.85392052
74.85392052
74.85392052
74.85392052
74.85392052
74.85392052
74.85392052
74.85392052
74.85392052
74.85392052
74.85392052
74.85392052
74.85392052
74.85392052
74.85392052
74.85392052
74.85392052
74.85392052
74.85392052
74.85392052
74.85392052
74.85392052
74.85392052
74.85392052
74.85392052
74.85392052
74.85392052
74.85392052
74.85392052
74.85392052
74.85392052
74.85392052
74.85392052
74.85392052
74.85392052
74.85392052
74.85392052
74.85392052
74.85392052
74.85392052
74.85392052
74.85392052
74.85392052
74.85392052
74.85392052
74.85392052
74.85392052
74.85392052
74.85392052
74.85392052
74.85392052
74.85392052
74.85392052
74.85392052
74.85392052
74.85392052
74.85392052
74.85392052
74.85392052
74.85392052
74.85392052
74.85392052
74.85392052
74.85392052
74.85392052
74.85392052
74.85392052
74.85392052
74.85392052
74.85392052
74.85392052
74.85392052
74.85392052
74.85392052
74.85392052
74.85392052
74.85392052
74.85392052
74.85392052
0
0
0
0
0
0
0
0
0
0
0
0
0
0
0
0
0
0
0
0
0
0
0
0
0
0
0
0
0
0
0
0
0
0
0
0
0
0
0
0
0
0
0
0
0
0
0
0
0
0
0
0
0
0
0
0
0
0
0
0
0
0
0
0
0
0
0
0
0
0
0
0
0
0
0
0
0
0
0
0
0
0
0
0
0
0
0
0
0
0
0
0
0
0
0
0
0
0
0
0
0
0
0
0
0
0
0
0
0
0
0
0
0
0
0
0
0
0
0
0
0
0
0
0
0
0
0
0
0
0
0
0
0
0
0
0
0
0
0
0
0
0
0
0
0
0
0
0
0
0
0
0
0
0
0
0
0
0
0
0
0
0
0
0
0
0
0
0
0
0
0
0
0
0
0
0
0
0
0
0
0
0
0
0
0
0
0
0
0
0
0
0
0
0
0
0
0
0
0
0
0
0
0
0
0
0
0
0
0
0
0
0
0
0
0
0
0
0
0
0
0
0
0
0
0
0
0
0
0
0
0
0
0
0
0
0
0
0
0
0
0
0
0
0
0
0
0
0
0
0
0
0
0
0
0
0
0
0
0
0
0
0
0
0
0
0
0
0
0
0
0
0
0
0
0
0
0
0
0
0
0
0
0
0
0
0
0
0
0
0
0
0
0
0
0
0
0
0
0
0
0
0
0
0
0
0
0
0
0
0
0
0
0
0
0
0
0
0
0
0
0
0
0
0
0
0
0
0
0
0
0
0
0
0
0
0
0
0
0
0
0
0
0
0
0
0
0
0
0
0
0
0
0
0
0
0
0
0
0
0
0
0
0
0
0
0
0
0
0
0
0
0
0
0
0
0
0
0
0
0
0
0
0
0
0
0
0
0
0
0
0
0
0
0
0
0
0
0
0
0
0
0
0
0
0
0
0
0
0
0
0
0
0
0
0
0
0
0
0
0
0
0
0
0
0
0
0
0
0
0
0
0
0
0
0
0
0
0
0
0
0
0
0
0
0
0
0
0
0
0
0
0
0
0
0
0
0
0
0
0
0
0
0
0
0
0
0
0
0
0
0
0
0
0
0
0
0
0
0
0
0
0
0
0
0
0
0
0
0
0
0
0
0
0
0
0
0
0
0
0
0
0
0
0
0
0
0
0
0
0
0
0
0
0
0
0
0
0
0
0
0
0
0
0
0
0
0
0
0
0
0
0
0
0
0
0
0
0
0
0
0
0
0
0
0
0
0
0
0
0
0
0
0
0
0
0
0
0
0
0
0
0
0
0
0
0
0
0
0
0
0
0
0
0
0
0
0
0
0
0
0
0
0
0
0
0
0
0
0
0
0
0
0
0
0
0
0
0
0
0
0
0
0
0
0
0
0
0
0
0
0
0
0
0
0
0
0
0
0
0
0
0
0
0
0
0
0
0
0
0
0
0
0
0
0
0
0
0
74.85392052
74.85392052
74.85392052
74.85392052
74.85392052
74.85392052
74.85392052
74.85392052
74.85392052
74.85392052
74.85392052
74.85392052
74.85392052
74.85392052
74.85392052
74.85392052
74.85392052
74.85392052
74.85392052
74.85392052
74.85392052
74.85392052
74.85392052
74.85392052
74.85392052
74.85392052
74.85392052
74.85392052
74.85392052
74.85392052
74.85392052
74.85392052
43.42024611
0
0
0
0
0
0
0
0
0
0
0
0
0
0
0
0
0
0
0
0
0
0
0
0
0
0
0
0
0
0
0
0
0
0
0
0
0
0
0
0
0
0
0
0
0
0
0
0
0
0
0
0
0
0
0
0
0
0
0
0
0
0
0
0
0
0
0
0
0
0
0
0
0
0
0
0
0
0
0
0
0
0
0
0
0
0
0
0
0
0
0
0
0
0
0
0
0
0
0
0
0
0
0
0
0
0
0
0
0
0
0
0
0
0
0
0
0
0
0
0
0
0
0
0
0
0
0
0
0
0
0
0
0
0
0
0
0
0
0
0
0
0
0
0
0
0
0
0
0
0
0
0
0
0
0
0
0
0
0
0
0
0
0
0
0
0
0
0
0
0
0
0
0
0
0
0
0
0
0
0
0
0
0
0
0
0
0
0
0
0
0
0
0
0
0
0
0
0
0
0
0
0
0
0
0
0
0
0
0
0
0
0
0
0
0
0
0
0
0
0
0
0
0
0
0
0
0
0
0
0
0
0
0
0
0
0
0
0
0
0
0
0
0
0
0
0
0
0
0
0
0
0
0
0
0
0
0
0
0
0
0
0
0
0
0
0
0
0
0
0
0
0
0
0
0
0
0
0
0
0
0
0
0
0
0
0
0
0
0
0
0
0
0
0
0
0
0
0
0
0
0
0
0
0
0
0
0
0
0
0
0
0
0
0
0
0
0
0
0
0
0
0
0
0
0
0
0
0
0
0
0
0
0
0
0
0
0
0
0
0
0
0
0
0
0
0
0
0
0
0
0
0
0
0
0
0
0
0
0
0
0
0
0
0
0
0
0
0
0
0
0
0
0
0
0
0
0
0
0
0
0
0
0
0
0
0
0
0
0
0
0
0
0
0
0
0
0
0
0
0
0
0
0
0
0
0
0
0
0
0
0
0
0
0
0
0
0
0
0
0
0
0
0
0
0
0
0
0
0
0
0
0
0
0
0
0
0
0
0
0
0
0
0
0
0
0
0
0
0
0
0
0
0
0
0
0
0
0
0
0
0
0
0
0
0
0
0
0
0
0
0
0
0
0
0
0
0
0
0
0
0
0
0
0
0
0
0
0
0
0
0
0
0
0
0
0
0
0
0
0
0
0
0
0
0
0
0
0
0
0
0
0
0
0
0
0
0
0
0
0
0
0
0
0
0
0
0
0
0
0
0
0
0
0
0
0
0
0
0
0
0
0
0
0
0
0
0
0
0
0
0
0
0
0
0
0
0
0
0
0
0
0
0
0
0
0
0
0
0
0
0
0
0
0
0
0
0
0
0
0
0
0
0
0
0
0
0
0
0
0
0
0
0
0
0
0
0
0
0
0
0
0
0
0
0
0
0
0
0
0
0
0
0
0
0
0
0
0
0
0
0
0
0
0
0
0
0
0
0
0
0
0
0
0
0
0
0
0
0
0
0
0
0
0
0
0
0
0
0
0
0
0
0
0
0
0
0
0
0
0
0
0
0
0
0
0
0
0
0
0
0
0
0
0
0
0
0
0
0
0
0
0
0
0
0
0
0
0
0
0
0
0
0
0
0
0
0
0
0
0
0
0
0
0
0
0
0
0
0
0
0
0
0
0
0
0
0
0
0
0
0
0
0
0
0
0
0
0
0
0
0
0
0
0
0
0
0
0
0
0
0
0
0
0
0
0
74.85392052
74.85392052
74.85392052
74.85392052
74.85392052
74.85392052
74.85392052
74.85392052
74.85392052
74.85392052
74.85392052
74.85392052
74.85392052
74.85392052
74.85392052
74.85392052
74.85392052
74.85392052
74.85392052
74.85392052
74.85392052
74.85392052
74.85392052
74.85392052
0
0
0
0
0
0
0
0
0
0
0
0
0
0
0
0
0
0
0
0
0
0
0
0
0
0
0
0
0
0
0
0
0
0
0
0
0
0
0
0
0
0
0
0
0
0
0
0
0
0
0
0
0
0
0
0
0
0
0
0
0
0
0
0
0
0
0
0
0
0
0
0
0
0
0
0
0
0
0
0
0
0
0
0
0
0
0
0
0
0
0
0
0
0
0
0
0
0
0
0
0
0
0
0
0
0
0
0
0
0
0
0
0
0
0
0
0
0
0
0
0
0
0
0
0
0
0
0
0
0
0
0
0
0
0
0
0
0
0
0
0
0
0
0
0
0
0
0
0
0
0
0
0
0
0
0
0
0
0
0
0
0
0
0
0
0
0
0
0
0
0
0
0
0
0
0
0
0
0
0
0
0
0
0
0
0
0
0
0
0
0
0
0
0
0
0
0
0
0
0
0
0
0
0
0
0
0
0
0
0
0
0
0
0
0
0
0
0
0
0
0
0
0
0
0
0
0
0
0
0
0
0
0
0
0
0
0
0
0
0
0
0
0
0
0
0
0
0
0
0
0
0
0
0
0
0
0
0
0
0
0
0
0
0
0
0
0
0
0
0
0
0
0
0
0
0
0
0
0
0
0
0
0
0
0
0
0
0
0
0
0
0
0
0
0
0
0
0
0
0
0
0
0
0
0
0
0
0
0
0
0
0
0
0
0
0
0
0
0
0
0
0
0
0
0
0
0
0
0
0
0
0
0
0
0
0
0
0
0
0
0
0
0
0
0
0
0
0
0
0
0
0
0
0
0
0
0
0
0
0
0
0
0
0
0
0
0
0
0
0
0
0
0
0
0
0
0
0
0
0
0
0
0
0
0
0
0
0
0
0
0
0
0
0
0
0
0
0
0
0
0
0
0
0
74.85392052
74.85392052
74.85392052
74.85392052
74.85392052
74.85392052
74.85392052
74.85392052
74.85392052
74.85392052
74.85392052
74.85392052
74.85392052
74.85392052
74.85392052
74.85392052
74.85392052
74.85392052
74.85392052
74.85392052
74.85392052
74.85392052
74.85392052
74.85392052
74.85392052
74.85392052
74.85392052
74.85392052
74.85392052
74.85392052
74.85392052
74.85392052
74.85392052
74.85392052
74.85392052
74.85392052
74.85392052
74.85392052
74.85392052
74.85392052
74.85392052
74.85392052
74.85392052
74.85392052
74.85392052
74.85392052
74.85392052
74.85392052
74.85392052
74.85392052
74.85392052
74.85392052
74.85392052
74.85392052
74.85392052
74.85392052
74.85392052
74.85392052
74.85392052
74.85392052
74.85392052
74.85392052
74.85392052
74.85392052
74.85392052
74.85392052
74.85392052
74.85392052
74.85392052
74.85392052
74.85392052
74.85392052
74.85392052
74.85392052
74.85392052
74.85392052
74.85392052
0
0
0
0
0
0
0
0
0
0
0
0
74.85392052
74.85392052
74.85392052
74.85392052
74.85392052
74.85392052
74.85392052
74.85392052
74.85392052
74.85392052
74.85392052
74.85392052
74.85392052
74.85392052
74.85392052
74.85392052
74.85392052
74.85392052
74.85392052
74.85392052
74.85392052
74.85392052
74.85392052
74.85392052
74.85392052
74.85392052
74.85392052
74.85392052
74.85392052
74.85392052
74.85392052
74.85392052
74.85392052
74.85392052
74.85392052
74.85392052
74.85392052
74.85392052
74.85392052
74.85392052
74.85392052
74.85392052
74.85392052
74.85392052
74.85392052
74.85392052
74.85392052
74.85392052
74.85392052
74.85392052
74.85392052
74.85392052
74.85392052
74.85392052
74.85392052
74.85392052
74.85392052
74.85392052
74.85392052
74.85392052
74.85392052
74.85392052
74.85392052
74.85392052
74.85392052
74.85392052
74.85392052
74.85392052
74.85392052
74.85392052
74.85392052
74.85392052
74.85392052
74.85392052
74.85392052
74.85392052
74.85392052
74.85392052
74.85392052
74.85392052
74.85392052
74.85392052
74.85392052
74.85392052
74.85392052
74.85392052
74.85392052
74.85392052
74.85392052
74.85392052
74.85392052
74.85392052
74.85392052
74.85392052
74.85392052
74.85392052
74.85392052
74.85392052
74.85392052
54.77896127
55.82407809
58.43965794
0
0
0
0
0
0
0
0
0
0
0
0
74.85392052
74.85392052
74.85392052
74.85392052
74.85392052
74.85392052
74.85392052
74.85392052
74.85392052
74.85392052
74.85392052
74.85392052
74.85392052
74.85392052
74.85392052
74.85392052
74.85392052
74.85392052
74.85392052
74.85392052
74.85392052
74.85392052
74.85392052
74.85392052
74.85392052
74.85392052
74.85392052
74.85392052
74.85392052
74.85392052
74.85392052
74.85392052
74.85392052
74.85392052
74.85392052
74.85392052
74.85392052
74.85392052
74.85392052
74.85392052
74.85392052
74.85392052
74.85392052
74.85392052
74.85392052
74.85392052
74.85392052
74.85392052
74.85392052
74.85392052
74.85392052
74.85392052
74.85392052
74.85392052
74.85392052
74.85392052
74.85392052
74.85392052
74.85392052
74.85392052
74.85392052
74.85392052
74.85392052
74.85392052
74.85392052
74.85392052
74.85392052
74.85392052
52.24014728
52.19633356
54.33976605
58.3962559
61.38568585
63.02798494
64.78176752
66.83759791
68.05633201
70.15069062
70.34362516
71.39147294
73.73030131
74.85392052
74.85392052
74.85392052
74.85392052
74.85392052
74.85392052
74.85392052
74.85392052
74.85392052
74.85392052
74.85392052
74.85392052
74.85392052
74.85392052
74.85392052
74.85392052
74.85392052
74.85392052
74.85392052
74.85392052
74.85392052
74.85392052
74.85392052
74.85392052
74.85392052
74.85392052
74.85392052
74.85392052
74.85392052
74.85392052
74.85392052
74.85392052
74.85392052
74.85392052
74.85392052
74.85392052
74.85392052
74.85392052
74.85392052
74.85392052
74.85392052
74.85392052
74.85392052
74.85392052
74.85392052
74.85392052
74.85392052
74.85392052
74.85392052
74.85392052
74.85392052
74.85392052
74.85392052
74.85392052
74.85392052
74.85392052
74.85392052
74.85392052
74.85392052
74.85392052
74.85392052
74.85392052
74.85392052
74.85392052
74.85392052
74.85392052
74.85392052
74.85392052
74.85392052
74.85392052
74.85392052
74.85392052
74.85392052
74.85392052
74.85392052
74.85392052
74.85392052
74.85392052
74.85392052
74.85392052
74.85392052
74.85392052
74.85392052
74.85392052
74.85392052
74.85392052
74.85392052
74.85392052
74.85392052
74.85392052
74.85392052
74.85392052
74.85392052
74.85392052
74.85392052
74.85392052
74.85392052
74.85392052
74.85392052
74.85392052
74.85392052
74.85392052
74.85392052
74.85392052
74.85392052
74.85392052
74.85392052
74.85392052
74.85392052
74.85392052
74.85392052
74.85392052
74.85392052
74.85392052
74.85392052
74.85392052
74.85392052
74.85392052
74.85392052
74.85392052
74.85392052
74.85392052
74.85392052
74.85392052
74.85392052
74.85392052
74.85392052
74.85392052
74.85392052
74.85392052
74.85392052
74.85392052
74.85392052
51.43800721
49.25247592
46.24533214
45.3486315
45.31414633
45.89562175
48.75425017
53.9201101
59.25329247
63.1111197
67.47633932
68.88747221
70.06445247
71.45996641
70.30921866
69.148682
67.92569592
68.36687314
69.59802633
69.80782306
69.87674463
70.28642093
72.24162835
73.4348409
74.14987889
74.85392052
74.85392052
74.85392052
74.85392052
74.85392052
74.85392052
74.85392052
74.85392052
74.85392052
74.85392052
74.85392052
74.85392052
74.85392052
74.85392052
74.85392052
74.85392052
44.34099346
0
0
0
0
0
0
0
0
0
0
0
0
0
0
0
0
0
0
0
0
0
0
0
0
0
0
0
0
0
0
0
0
0
0
0
0
0
0
0
0
0
0
0
0
0
0
0
0
0
0
0
0
0
0
0
0
0
0
0
0
0
0
0
0
0
0
0
0
0
0
0
0
0
0
0
0
0
0
0
0
0
0
0
0
0
0
0
0
0
0
0
0
0
0
0
0
0
0
0
0
0
0
0
0
0
0
0
0
0
0
0
0
0
74.85392052
74.85392052
74.85392052
74.85392052
74.85392052
74.85392052
74.85392052
74.85392052
74.85392052
74.85392052
74.85392052
74.85392052
74.85392052
74.85392052
74.85392052
74.85392052
74.85392052
74.85392052
74.85392052
74.85392052
74.85392052
74.85392052
74.85392052
74.85392052
74.85392052
74.85392052
74.85392052
74.85392052
74.85392052
74.85392052
74.85392052
74.85392052
74.85392052
74.85392052
74.85392052
74.85392052
74.85392052
74.85392052
74.85392052
74.85392052
74.85392052
74.85392052
74.85392052
74.85392052
74.85392052
74.85392052
74.85392052
74.85392052
74.85392052
74.85392052
74.85392052
74.85392052
74.85392052
74.85392052
74.85392052
74.85392052
74.85392052
74.85392052
74.85392052
74.85392052
74.85392052
74.85392052
74.85392052
74.85392052
74.85392052
74.85392052
74.85392052
74.85392052
74.85392052
74.85392052
74.85392052
74.85392052
74.85392052
74.85392052
74.85392052
74.85392052
74.85392052
74.85392052
74.85392052
74.85392052
74.85392052
74.85392052
74.85392052
74.85392052
74.85392052
74.85392052
62.18214055
61.21552079
60.70448394
60.06536829
57.3041084
0
0
0
0
0
0
0
0
0
0
0
0
0
0
0
0
0
0
0
74.85392052
74.85392052
74.85392052
74.85392052
74.85392052
74.85392052
74.85392052
74.85392052
74.85392052
74.85392052
74.85392052
74.85392052
74.85392052
74.85392052
74.85392052
74.85392052
74.85392052
74.85392052
74.85392052
74.85392052
74.85392052
74.85392052
74.85392052
74.85392052
74.85392052
74.85392052
74.85392052
74.85392052
74.85392052
74.85392052
74.85392052
74.85392052
74.85392052
74.85392052
74.85392052
74.85392052
74.85392052
74.85392052
74.85392052
74.85392052
74.85392052
74.85392052
74.85392052
74.85392052
74.85392052
74.85392052
74.85392052
74.85392052
74.85392052
74.85392052
74.85392052
74.85392052
74.85392052
74.85392052
74.85392052
74.85392052
74.85392052
74.85392052
74.85392052
74.85392052
74.85392052
74.85392052
74.85392052
74.85392052
74.85392052
74.85392052
74.85392052
50.27820285
47.25119884
45.48547806
43.52871232
44.37157696
46.8415962
51.45776708
55.40549683
57.45810252
57.37270631
58.37532347
62.60204917
66.71983583
67.73648035
69.4026354
72.19987952
74.85392052
74.85392052
74.85392052
74.85392052
74.85392052
74.85392052
74.85392052
74.85392052
74.85392052
74.85392052
74.85392052
74.85392052
74.85392052
74.85392052
74.85392052
74.85392052
74.85392052
74.85392052
74.85392052
74.85392052
74.85392052
74.85392052
74.85392052
74.85392052
74.85392052
74.85392052
74.85392052
74.85392052
74.85392052
74.85392052
74.85392052
74.85392052
74.85392052
74.85392052
74.85392052
74.85392052
74.85392052
74.85392052
74.85392052
74.85392052
74.85392052
74.85392052
55.65054558
58.44003075
59.55919848
60.91493582
60.85226945
64.19374577
65.93455328
67.6285568
65.91842977
65.05079409
65.40351812
65.80778622
67.88626104
72.2487205
72.49984699
74.39111937
74.12002321
72.19077103
70.90570995
69.59226052
68.01444519
65.40271375
61.94443962
60.07135951
56.60588864
54.15937254
51.38174011
48.90950955
45.86834923
41.06698133
39.32216125
36.44822587
0
0
0
0
0
0
0
0
0
0
0
0
0
0
0
0
0
0
0
0
0
0
0
0
0
0
0
0
0
0
0
0
0
0
0
0
0
0
0
0
0
0
0
0
0
0
0
0
0
0
0
0
0
0
0
0
0
0
0
0
0
0
0
0
0
0
0
0
0
0
0
0
0
0
0
0
0
0
0
0
0
0
0
0
0
0
0
0
0
0
0
0
0
0
0
0
0
0
0
0
0
0
0
0
0
0
0
0
0
0
0
0
0
0
0
0
0
0
0
0
0
0
74.85392052
74.85392052
74.85392052
74.85392052
74.85392052
74.85392052
74.85392052
74.85392052
74.85392052
74.85392052
74.85392052
74.85392052
74.85392052
74.85392052
74.85392052
74.85392052
74.85392052
74.85392052
74.85392052
74.85392052
74.85392052
74.85392052
74.85392052
74.85392052
74.85392052
74.85392052
74.85392052
74.85392052
74.85392052
74.85392052
74.85392052
74.85392052
74.85392052
52.33852594
49.19431163
47.35390526
46.24405414
48.2937696
49.17847878
51.20631661
55.28710904
56.52652247
55.93477357
56.97833719
57.8182996
59.18572536
61.34609217
63.29075629
66.4162267
70.5103029
73.73690827
74.85392052
74.85392052
74.85392052
74.85392052
74.85392052
74.85392052
74.85392052
74.85392052
74.85392052
74.85392052
74.85392052
74.85392052
74.85392052
74.85392052
74.85392052
74.85392052
74.85392052
74.85392052
74.85392052
74.85392052
74.85392052
74.85392052
74.85392052
74.85392052
74.85392052
74.85392052
74.85392052
74.85392052
74.85392052
74.85392052
74.85392052
74.85392052
74.85392052
74.85392052
74.85392052
74.85392052
74.85392052
74.85392052
74.85392052
74.85392052
74.85392052
74.85392052
74.85392052
74.85392052
74.85392052
74.85392052
74.85392052
74.85392052
74.85392052
74.85392052
74.85392052
74.85392052
74.85392052
74.85392052
74.85392052
74.85392052
74.85392052
74.85392052
74.85392052
74.85392052
74.85392052
74.85392052
74.85392052
74.85392052
74.85392052
74.85392052
74.85392052
74.85392052
74.85392052
74.85392052
74.85392052
74.85392052
74.85392052
74.85392052
52.57132794
49.50571037
47.02506332
45.1592764
43.03875353
42.04719398
43.3556596
46.89825817
53.08912479
59.97773352
65.54594415
69.60145667
70.76948057
71.8952417
73.55111548
74.06411917
73.81702181
73.78751895
73.83483328
74.01673042
73.17259645
73.28812413
74.85392052
74.85392052
74.85392052
74.85392052
74.85392052
74.85392052
74.85392052
74.85392052
74.85392052
74.85392052
74.85392052
74.85392052
74.85392052
74.85392052
74.85392052
74.85392052
74.85392052
74.85392052
74.85392052
74.85392052
74.85392052
74.85392052
74.85392052
0
0
0
0
0
0
0
0
0
0
0
0
0
0
0
0
0
0
0
0
0
0
0
0
0
0
0
0
0
0
0
0
0
0
0
0
0
0
0
0
0
0
0
0
0
0
0
0
0
0
0
0
0
0
0
0
0
0
0
0
0
0
0
74.85392052
74.85392052
74.85392052
74.85392052
74.85392052
74.85392052
74.85392052
74.85392052
74.85392052
74.85392052
74.85392052
74.85392052
74.85392052
74.85392052
74.85392052
74.85392052
74.85392052
74.85392052
74.85392052
74.85392052
74.85392052
74.85392052
74.85392052
74.85392052
74.85392052
74.85392052
74.85392052
74.85392052
74.85392052
74.85392052
74.85392052
74.85392052
74.85392052
74.85392052
74.85392052
0
0
0
0
0
0
0
0
0
0
0
0
0
0
0
74.85392052
74.85392052
74.85392052
74.85392052
74.85392052
74.85392052
74.85392052
74.85392052
74.85392052
74.85392052
74.85392052
74.85392052
74.85392052
74.85392052
74.85392052
74.85392052
74.85392052
74.85392052
74.85392052
74.85392052
74.85392052
74.85392052
74.85392052
74.85392052
74.85392052
74.85392052
74.85392052
74.85392052
74.85392052
74.85392052
74.85392052
74.85392052
74.85392052
74.85392052
74.85392052
74.85392052
74.85392052
74.85392052
74.85392052
74.85392052
74.85392052
74.85392052
74.85392052
74.85392052
74.85392052
74.85392052
74.85392052
74.85392052
74.85392052
74.85392052
74.85392052
74.85392052
74.85392052
74.85392052
74.85392052
74.85392052
74.85392052
74.85392052
74.85392052
74.85392052
74.85392052
74.85392052
74.85392052
74.85392052
74.85392052
74.85392052
74.85392052
74.85392052
74.85392052
74.85392052
74.85392052
74.85392052
74.85392052
74.85392052
74.85392052
74.85392052
74.85392052
74.85392052
74.85392052
74.85392052
74.85392052
74.85392052
74.85392052
74.85392052
74.85392052
74.85392052
74.85392052
74.85392052
74.85392052
74.85392052
74.85392052
74.85392052
74.85392052
74.85392052
74.85392052
74.85392052
74.85392052
74.85392052
74.85392052
74.85392052
74.85392052
74.85392052
74.85392052
74.85392052
74.85392052
74.85392052
74.85392052
74.85392052
74.85392052
74.85392052
74.85392052
74.85392052
74.85392052
74.85392052
74.85392052
74.85392052
74.85392052
74.85392052
74.85392052
74.85392052
74.85392052
74.85392052
74.85392052
74.85392052
74.85392052
74.85392052
46.58264431
41.26741875
36.64902874
0
0
0
0
0
0
0
0
0
0
0
0
0
0
0
0
0
0
0
0
0
0
0
0
0
0
0
0
0
0
0
0
0
0
0
0
0
0
0
0
0
0
0
0
0
0
0
0
0
0
0
0
0
0
0
0
0
0
0
0
0
0
0
0
0
0
74.85392052
74.85392052
74.85392052
74.85392052
74.85392052
74.85392052
74.85392052
74.85392052
74.85392052
74.85392052
74.85392052
74.85392052
74.85392052
74.85392052
74.85392052
74.85392052
74.85392052
74.85392052
74.85392052
74.85392052
74.85392052
74.85392052
74.85392052
74.85392052
74.85392052
74.85392052
74.85392052
74.85392052
74.85392052
74.85392052
74.85392052
74.85392052
74.85392052
74.85392052
74.85392052
74.85392052
74.85392052
74.85392052
74.85392052
74.85392052
74.85392052
74.85392052
74.85392052
74.85392052
74.85392052
74.85392052
74.85392052
74.85392052
74.85392052
74.85392052
74.85392052
74.85392052
74.85392052
74.85392052
74.85392052
74.85392052
74.85392052
74.85392052
74.85392052
74.85392052
74.85392052
74.85392052
74.85392052
74.85392052
74.85392052
74.85392052
74.85392052
74.85392052
74.85392052
74.85392052
74.85392052
74.85392052
74.85392052
74.85392052
74.85392052
74.85392052
74.85392052
74.85392052
74.85392052
74.85392052
74.85392052
74.85392052
0
0
0
0
0
0
0
0
0
0
0
0
0
0
74.85392052
74.85392052
74.85392052
74.85392052
74.85392052
74.85392052
74.85392052
74.85392052
74.85392052
74.85392052
74.85392052
74.85392052
74.85392052
74.85392052
74.85392052
74.85392052
74.85392052
74.85392052
74.85392052
74.85392052
74.85392052
74.85392052
74.85392052
74.85392052
74.85392052
74.85392052
74.85392052
74.85392052
74.85392052
74.85392052
74.85392052
74.85392052
74.85392052
74.85392052
74.85392052
74.85392052
74.85392052
74.85392052
74.85392052
74.85392052
74.85392052
74.85392052
74.85392052
74.85392052
74.85392052
74.85392052
74.85392052
74.85392052
74.85392052
74.85392052
74.85392052
74.85392052
74.85392052
74.85392052
74.85392052
74.85392052
74.85392052
74.85392052
74.85392052
74.85392052
74.85392052
74.85392052
74.85392052
74.85392052
74.85392052
74.85392052
74.85392052
74.85392052
74.85392052
74.85392052
74.85392052
74.85392052
74.85392052
74.85392052
74.85392052
74.85392052
74.85392052
44.99886802
0
0
0
0
0
0
0
0
0
0
0
0
0
0
0
0
0
0
0
0
0
0
0
0
0
0
0
0
0
0
0
0
0
0
0
0
0
0
0
0
0
0
0
0
0
0
0
0
0
0
0
0
0
0
0
0
0
0
0
0
0
0
0
0
0
0
0
0
0
0
0
0
0
0
0
0
0
0
0
0
0
0
74.85392052
74.85392052
74.85392052
74.85392052
74.85392052
74.85392052
74.85392052
74.85392052
74.85392052
74.85392052
74.85392052
74.85392052
74.85392052
0
0
0
0
0
0
0
0
0
0
0
0
0
0
0
0
0
0
0
0
0
0
0
0
0
0
0
0
74.85392052
74.85392052
74.85392052
74.85392052
74.85392052
74.85392052
74.85392052
74.85392052
74.85392052
74.85392052
74.85392052
74.85392052
74.85392052
74.85392052
74.85392052
74.85392052
74.85392052
74.85392052
74.85392052
74.85392052
74.85392052
74.85392052
74.85392052
52.88379838
51.34865877
50.40874591
0
0
0
0
0
74.85392052
74.85392052
74.85392052
74.85392052
74.85392052
74.85392052
74.85392052
74.85392052
74.85392052
74.85392052
74.85392052
74.85392052
74.85392052
74.85392052
74.85392052
74.85392052
74.85392052
74.85392052
74.85392052
74.85392052
74.85392052
74.85392052
74.85392052
74.85392052
74.85392052
74.85392052
74.85392052
74.85392052
74.85392052
74.85392052
74.85392052
74.85392052
74.85392052
74.85392052
74.85392052
74.85392052
39.35037132
0
0
0
0
0
0
0
0
0
0
0
0
0
0
0
0
0
0
0
0
0
0
0
0
0
0
0
0
0
0
0
0
0
0
0
0
0
0
0
0
0
0
0
0
0
0
0
0
0
0
0
0
0
0
0
0
0
0
0
0
74.85392052
74.85392052
74.85392052
74.85392052
74.85392052
74.85392052
74.85392052
74.85392052
74.85392052
74.85392052
74.85392052
74.85392052
74.85392052
74.85392052
74.85392052
74.85392052
74.85392052
74.85392052
74.85392052
74.85392052
74.85392052
74.85392052
74.85392052
74.85392052
74.85392052
74.85392052
74.85392052
74.85392052
74.85392052
74.85392052
74.85392052
74.85392052
74.85392052
74.85392052
74.85392052
74.85392052
74.85392052
74.85392052
74.85392052
46.61160906
46.55927703
48.31497922
51.16972898
54.15132148
57.34644845
61.32342294
65.84266149
68.52120918
70.35096749
74.4783295
74.85392052
74.85392052
74.85392052
74.85392052
74.85392052
74.85392052
74.85392052
74.85392052
74.85392052
74.85392052
74.85392052
74.85392052
74.85392052
74.85392052
74.85392052
74.85392052
74.85392052
74.85392052
74.85392052
74.85392052
74.85392052
74.85392052
74.85392052
74.85392052
74.85392052
74.85392052
74.85392052
74.85392052
74.85392052
74.85392052
74.85392052
74.85392052
74.85392052
74.85392052
74.85392052
74.85392052
74.85392052
74.85392052
74.85392052
74.85392052
74.85392052
74.85392052
74.85392052
74.85392052
74.85392052
74.85392052
74.85392052
74.85392052
74.85392052
74.85392052
74.85392052
74.85392052
74.85392052
74.85392052
74.85392052
74.85392052
74.85392052
74.85392052
74.85392052
74.85392052
74.85392052
74.85392052
74.85392052
74.85392052
74.85392052
74.85392052
74.85392052
74.85392052
74.85392052
74.85392052
74.85392052
74.85392052
74.85392052
74.85392052
74.85392052
74.85392052
74.85392052
74.85392052
74.85392052
74.85392052
74.85392052
74.85392052
74.85392052
74.85392052
74.85392052
74.85392052
74.85392052
74.85392052
74.85392052
74.85392052
74.85392052
74.85392052
74.85392052
74.85392052
74.85392052
74.85392052
74.85392052
74.85392052
74.85392052
74.85392052
74.85392052
74.85392052
74.85392052
74.85392052
74.85392052
74.85392052
74.85392052
74.85392052
74.85392052
74.85392052
74.85392052
74.85392052
74.85392052
74.85392052
74.85392052
74.85392052
74.85392052
74.85392052
74.85392052
74.85392052
74.85392052
74.85392052
74.85392052
74.85392052
74.85392052
74.85392052
74.85392052
74.85392052
74.85392052
74.85392052
74.85392052
74.85392052
74.85392052
74.85392052
74.85392052
74.85392052
74.85392052
74.85392052
74.85392052
74.85392052
74.85392052
74.85392052
74.85392052
74.85392052
74.85392052
74.85392052
74.85392052
74.85392052
74.85392052
74.85392052
74.85392052
74.85392052
74.85392052
74.85392052
74.85392052
74.85392052
74.85392052
74.85392052
74.85392052
74.85392052
74.85392052
74.85392052
74.85392052
74.85392052
74.85392052
74.85392052
74.85392052
74.85392052
74.85392052
74.85392052
74.85392052
74.85392052
74.85392052
74.85392052
74.85392052
74.85392052
74.85392052
74.85392052
74.85392052
74.85392052
0
0
0
0
0
0
0
0
0
0
0
0
0
0
0
0
0
0
0
0
0
0
0
0
0
0
0
0
0
0
0
0
0
0
0
0
0
0
0
0
0
0
0
0
0
0
0
0
0
0
0
0
0
0
0
0
0
0
0
74.85392052
74.85392052
74.85392052
74.85392052
74.85392052
74.85392052
74.85392052
74.85392052
74.85392052
74.85392052
74.85392052
74.85392052
74.85392052
74.85392052
74.85392052
74.85392052
74.85392052
74.85392052
74.85392052
74.85392052
74.85392052
74.85392052
74.85392052
74.85392052
74.85392052
74.85392052
74.85392052
74.85392052
74.85392052
74.85392052
48.84706146
41.85812885
0
0
0
0
0
0
0
0
0
0
0
0
0
0
0
0
0
0
0
0
0
0
0
0
0
0
0
0
0
0
0
0
0
0
0
0
0
0
0
0
0
0
0
0
0
0
0
0
0
0
0
0
0
0
0
0
0
0
0
0
0
74.85392052
74.85392052
74.85392052
74.85392052
74.85392052
74.85392052
74.85392052
74.85392052
74.85392052
74.85392052
74.85392052
74.85392052
74.85392052
74.85392052
74.85392052
74.85392052
74.85392052
74.85392052
74.85392052
74.85392052
74.85392052
74.85392052
74.85392052
74.85392052
74.85392052
74.85392052
74.85392052
74.85392052
74.85392052
74.85392052
74.85392052
74.85392052
74.85392052
74.85392052
74.85392052
74.85392052
74.85392052
74.85392052
74.85392052
74.85392052
74.85392052
74.85392052
74.85392052
74.85392052
74.85392052
74.85392052
74.85392052
74.85392052
74.85392052
74.85392052
74.85392052
74.85392052
74.85392052
74.85392052
74.85392052
74.85392052
74.85392052
74.85392052
74.85392052
74.85392052
74.85392052
74.85392052
74.85392052
74.85392052
74.85392052
74.85392052
74.85392052
74.85392052
74.85392052
74.85392052
74.85392052
74.85392052
74.85392052
74.85392052
74.85392052
74.85392052
74.85392052
74.85392052
74.85392052
74.85392052
74.85392052
74.85392052
74.85392052
74.85392052
74.85392052
74.85392052
74.85392052
74.85392052
74.85392052
74.85392052
74.85392052
74.85392052
74.85392052
74.85392052
74.85392052
74.85392052
74.85392052
74.85392052
74.85392052
74.85392052
74.85392052
74.85392052
74.85392052
74.85392052
74.85392052
74.85392052
74.85392052
74.85392052
74.85392052
74.85392052
74.85392052
74.85392052
74.85392052
74.85392052
74.85392052
74.85392052
74.85392052
74.85392052
74.85392052
74.85392052
74.85392052
74.85392052
74.85392052
74.85392052
74.85392052
74.85392052
74.85392052
74.85392052
74.85392052
74.85392052
74.85392052
74.85392052
74.85392052
74.85392052
0
0
0
0
0
0
0
0
0
0
0
0
0
0
0
0
0
0
0
0
0
0
0
0
0
0
74.85392052
74.85392052
74.85392052
74.85392052
74.85392052
74.85392052
74.85392052
74.85392052
74.85392052
74.85392052
74.85392052
74.85392052
74.85392052
74.85392052
74.85392052
74.85392052
74.85392052
74.85392052
74.85392052
74.85392052
74.85392052
74.85392052
74.85392052
74.85392052
74.85392052
74.85392052
74.85392052
74.85392052
74.85392052
74.85392052
74.85392052
74.85392052
74.85392052
74.85392052
74.85392052
74.85392052
74.85392052
74.85392052
74.85392052
74.85392052
74.85392052
74.85392052
74.85392052
74.85392052
74.85392052
74.85392052
74.85392052
74.85392052
74.85392052
74.85392052
74.85392052
74.85392052
74.85392052
74.85392052
74.85392052
74.85392052
74.85392052
74.85392052
74.85392052
74.85392052
74.85392052
74.85392052
74.85392052
74.85392052
74.85392052
74.85392052
74.85392052
74.85392052
74.85392052
74.85392052
74.85392052
74.85392052
74.85392052
52.81441386
52.46305237
52.50450485
53.05569494
54.46381922
56.9874207
58.96936751
60.76794541
62.56630196
64.48090861
66.27563694
68.07950471
69.77732561
71.20273371
73.25390836
74.85392052
74.85392052
74.85392052
74.85392052
74.85392052
74.85392052
74.85392052
74.85392052
74.85392052
74.85392052
74.85392052
74.85392052
74.85392052
74.85392052
74.85392052
74.85392052
74.85392052
74.85392052
74.85392052
74.85392052
74.85392052
74.85392052
74.85392052
74.85392052
74.85392052
74.85392052
74.85392052
74.85392052
74.85392052
74.85392052
74.85392052
74.85392052
74.85392052
74.85392052
74.85392052
74.85392052
74.85392052
74.85392052
74.85392052
74.85392052
74.85392052
74.85392052
74.85392052
74.85392052
74.85392052
74.85392052
74.85392052
74.85392052
74.85392052
74.85392052
74.85392052
74.85392052
74.85392052
74.85392052
74.85392052
74.85392052
74.85392052
74.85392052
74.85392052
74.85392052
74.85392052
74.85392052
74.85392052
74.85392052
74.85392052
74.85392052
74.85392052
74.85392052
74.85392052
74.85392052
74.85392052
74.85392052
74.85392052
74.85392052
74.85392052
74.85392052
74.85392052
74.85392052
74.85392052
74.85392052
74.85392052
74.85392052
74.85392052
74.85392052
74.85392052
74.85392052
74.85392052
74.85392052
74.85392052
74.85392052
74.85392052
74.85392052
74.85392052
74.85392052
74.85392052
74.85392052
74.85392052
74.85392052
74.85392052
74.85392052
74.85392052
74.85392052
74.85392052
74.85392052
74.85392052
74.85392052
74.85392052
74.85392052
74.85392052
74.85392052
74.85392052
74.85392052
74.85392052
74.85392052
74.85392052
74.85392052
74.85392052
74.85392052
74.85392052
74.85392052
74.85392052
74.85392052
74.85392052
74.85392052
74.85392052
74.85392052
74.85392052
74.85392052
74.85392052
74.85392052
74.85392052
74.85392052
74.85392052
74.85392052
74.85392052
74.85392052
74.85392052
74.85392052
74.85392052
74.85392052
74.85392052
74.85392052
74.85392052
74.85392052
74.85392052
74.85392052
74.85392052
74.85392052
74.85392052
74.85392052
74.85392052
74.85392052
74.85392052
74.85392052
74.85392052
74.85392052
74.85392052
74.85392052
74.85392052
74.85392052
74.85392052
74.85392052
74.85392052
74.85392052
74.85392052
48.388995
42.06830617
0
0
0
0
0
0
0
0
0
0
0
0
0
0
0
0
0
0
0
0
0
0
0
0
0
0
0
0
0
0
0
0
0
0
0
0
0
0
0
0
0
0
0
0
0
0
0
0
0
0
0
0
0
0
0
0
0
0
0
0
0
0
0
0
0
0
0
0
0
0
0
0
0
0
0
0
0
0
0
0
0
0
0
0
0
0
0
0
0
0
0
0
0
0
0
0
0
0
0
0
0
0
0
0
0
0
0
0
0
0
0
0
0
0
0
0
0
0
0
0
0
0
0
0
0
0
0
0
0
0
0
0
0
0
0
0
0
0
0
0
0
0
0
0
0
0
0
0
0
0
0
0
0
0
0
0
0
0
0
0
0
0
0
0
0
0
0
0
0
0
0
0
0
0
0
0
0
0
0
0
74.85392052
74.85392052
74.85392052
74.85392052
74.85392052
74.85392052
74.85392052
74.85392052
74.85392052
74.85392052
74.85392052
74.85392052
74.85392052
74.85392052
74.85392052
74.85392052
74.85392052
74.85392052
74.85392052
74.85392052
43.1699675
0
0
0
0
0
0
0
0
0
0
0
0
0
0
0
0
0
0
0
0
0
74.85392052
74.85392052
74.85392052
74.85392052
74.85392052
74.85392052
74.85392052
74.85392052
74.85392052
74.85392052
74.85392052
74.85392052
74.85392052
74.85392052
74.85392052
74.85392052
74.85392052
74.85392052
74.85392052
74.85392052
74.85392052
74.85392052
74.85392052
74.85392052
74.85392052
74.85392052
74.85392052
74.85392052
74.85392052
74.85392052
74.85392052
74.85392052
74.85392052
74.85392052
74.85392052
74.85392052
74.85392052
74.85392052
74.85392052
74.85392052
74.85392052
74.85392052
74.85392052
74.85392052
74.85392052
74.85392052
74.85392052
74.85392052
74.85392052
74.85392052
74.85392052
74.85392052
74.85392052
74.85392052
74.85392052
74.85392052
74.85392052
74.85392052
74.85392052
74.85392052
74.85392052
74.85392052
74.85392052
74.85392052
74.85392052
74.85392052
74.85392052
74.85392052
74.85392052
74.85392052
74.85392052
74.85392052
74.85392052
74.85392052
74.85392052
74.85392052
74.85392052
74.85392052
74.85392052
74.85392052
74.85392052
74.85392052
74.85392052
74.85392052
74.85392052
74.85392052
74.85392052
74.85392052
74.85392052
74.85392052
74.85392052
74.85392052
74.85392052
74.85392052
74.85392052
74.85392052
74.85392052
74.85392052
74.85392052
74.85392052
74.85392052
74.85392052
74.85392052
74.85392052
74.85392052
74.85392052
74.85392052
74.85392052
74.85392052
74.85392052
74.85392052
74.85392052
74.85392052
74.85392052
74.85392052
74.85392052
74.85392052
74.85392052
74.85392052
74.85392052
74.85392052
74.85392052
74.85392052
74.85392052
74.85392052
74.85392052
74.85392052
74.85392052
74.85392052
74.85392052
74.85392052
74.85392052
74.85392052
74.85392052
74.85392052
74.85392052
74.85392052
74.85392052
74.85392052
74.85392052
74.85392052
74.85392052
74.85392052
74.85392052
74.85392052
74.85392052
74.85392052
74.85392052
74.85392052
74.85392052
74.85392052
74.85392052
74.85392052
74.85392052
74.85392052
74.85392052
74.85392052
74.85392052
74.85392052
74.85392052
74.85392052
74.85392052
74.85392052
74.85392052
74.85392052
74.85392052
74.85392052
74.85392052
74.85392052
74.85392052
74.85392052
74.85392052
74.85392052
47.68691726
47.83204685
48.93434025
51.90254462
54.82850725
58.9669744
62.46710601
64.86837572
66.00069202
67.70043755
69.75376322
71.10692684
71.74338759
72.52608775
73.95307049
74.61599517
74.85392052
74.85392052
74.85392052
74.85392052
74.85392052
74.85392052
74.85392052
74.85392052
74.85392052
74.85392052
74.85392052
74.85392052
74.85392052
74.85392052
74.85392052
74.85392052
74.85392052
74.85392052
74.85392052
74.85392052
74.85392052
74.85392052
74.85392052
74.85392052
74.85392052
74.85392052
74.85392052
74.85392052
74.85392052
74.85392052
74.85392052
74.85392052
74.85392052
74.85392052
74.85392052
74.85392052
74.85392052
74.85392052
74.85392052
74.85392052
74.85392052
74.85392052
74.85392052
74.85392052
74.85392052
74.85392052
74.85392052
74.85392052
74.85392052
74.85392052
74.85392052
74.85392052
74.85392052
74.85392052
74.85392052
74.85392052
74.85392052
49.83331438
46.2089638
41.90892969
41.14002737
40.06395783
37.36630937
0
0
0
0
0
0
0
0
0
0
0
0
0
0
0
0
0
0
0
0
0
0
0
0
0
0
0
0
0
0
0
0
0
0
0
0
0
0
0
0
0
0
0
0
0
0
0
0
0
0
0
0
0
0
0
0
0
0
0
0
0
0
0
0
0
0
0
0
0
0
0
0
0
0
0
0
0
0
0
0
0
0
0
0
0
0
0
0
0
0
0
0
0
0
0
0
0
0
0
0
0
0
0
0
0
0
0
0
0
0
0
0
0
0
0
0
0
0
0
0
0
0
0
0
0
0
0
0
0
0
0
0
0
0
0
0
0
0
0
0
0
0
0
0
0
0
0
0
0
0
0
0
0
0
0
0
0
0
0
0
0
0
0
0
0
0
0
0
0
0
0
0
0
0
0
0
0
0
0
0
0
0
0
0
0
0
0
0
0
0
0
0
0
0
0
0
0
0
0
0
0
0
0
0
0
0
0
0
0
0
0
0
0
0
0
0
0
0
0
0
0
0
0
0
0
0
0
0
0
0
0
0
0
0
0
0
0
0
0
0
0
0
0
0
0
0
0
0
0
0
0
0
0
0
0
0
0
0
0
0
0
0
0
0
0
0
0
0
0
0
0
0
0
0
0
0
0
0
0
0
0
0
0
0
0
0
0
0
0
0
0
0
0
0
0
0
0
0
0
0
0
0
0
0
0
0
0
0
0
0
0
0
0
0
0
0
0
0
0
0
0
0
0
0
0
0
0
0
0
0
0
0
0
0
0
0
0
0
0
0
0
0
0
0
0
0
0
0
0
0
0
0
0
0
0
0
0
0
0
0
0
0
0
0
74.85392052
74.85392052
74.85392052
74.85392052
74.85392052
74.85392052
74.85392052
74.85392052
74.85392052
74.85392052
74.85392052
74.85392052
74.85392052
74.85392052
74.85392052
74.85392052
74.85392052
74.85392052
74.85392052
74.85392052
74.85392052
74.85392052
74.85392052
74.85392052
74.85392052
74.85392052
74.85392052
74.85392052
74.85392052
74.85392052
74.85392052
74.85392052
74.85392052
74.85392052
74.85392052
74.85392052
74.85392052
74.85392052
74.85392052
74.85392052
74.85392052
74.85392052
74.85392052
74.85392052
74.85392052
74.85392052
74.85392052
74.85392052
74.85392052
74.85392052
74.85392052
74.85392052
74.85392052
74.85392052
74.85392052
74.85392052
74.85392052
74.85392052
74.85392052
74.85392052
74.85392052
74.85392052
74.85392052
74.85392052
74.85392052
74.85392052
74.85392052
74.85392052
74.85392052
74.85392052
74.85392052
74.85392052
74.85392052
74.85392052
74.85392052
74.85392052
74.85392052
74.85392052
74.85392052
74.85392052
74.85392052
74.85392052
74.85392052
74.85392052
74.85392052
74.85392052
74.85392052
74.85392052
74.85392052
74.85392052
74.85392052
74.85392052
74.85392052
74.85392052
74.85392052
74.85392052
74.85392052
74.85392052
74.85392052
74.85392052
74.85392052
74.85392052
74.85392052
74.85392052
74.85392052
74.85392052
74.85392052
74.85392052
74.85392052
74.85392052
74.85392052
74.85392052
74.85392052
74.85392052
74.85392052
74.85392052
74.85392052
74.85392052
74.85392052
74.85392052
74.85392052
74.85392052
74.85392052
74.85392052
74.85392052
74.85392052
74.85392052
74.85392052
74.85392052
74.85392052
0
0
0
0
0
0
0
0
0
0
0
0
0
0
0
0
0
0
0
0
0
0
0
0
0
0
0
0
0
0
0
0
0
0
0
0
0
0
0
0
0
0
0
0
0
0
0
0
0
0
0
0
0
0
0
0
0
0
0
0
0
0
0
0
0
0
0
0
0
0
0
0
0
74.85392052
74.85392052
74.85392052
74.85392052
74.85392052
74.85392052
74.85392052
74.85392052
74.85392052
74.85392052
74.85392052
74.85392052
74.85392052
74.85392052
74.85392052
74.85392052
74.85392052
74.85392052
74.85392052
74.85392052
74.85392052
74.85392052
74.85392052
74.85392052
74.85392052
45.91957923
36.71897745
0
0
0
0
0
0
0
0
0
0
0
0
0
0
0
0
0
0
0
0
0
0
0
0
0
0
0
0
74.85392052
74.85392052
74.85392052
74.85392052
74.85392052
74.85392052
74.85392052
74.85392052
74.85392052
74.85392052
74.85392052
74.85392052
74.85392052
74.85392052
74.85392052
74.85392052
74.85392052
74.85392052
74.85392052
74.85392052
74.85392052
53.99771528
53.24530562
51.98851841
52.06402215
52.41892071
54.80085176
61.06067964
67.20168157
70.95348871
73.08335429
74.85392052
74.85392052
74.85392052
74.85392052
74.85392052
74.85392052
74.85392052
74.85392052
74.85392052
74.85392052
74.85392052
74.85392052
74.85392052
74.85392052
74.85392052
74.85392052
74.85392052
74.85392052
74.85392052
74.85392052
74.85392052
74.85392052
74.85392052
74.85392052
74.85392052
74.85392052
74.85392052
74.85392052
74.85392052
74.85392052
74.85392052
74.85392052
74.85392052
74.85392052
74.85392052
74.85392052
74.85392052
74.85392052
74.85392052
74.85392052
49.43978235
48.85534576
51.50958679
55.7894074
61.23789157
67.30702586
73.19876586
74.85392052
74.85392052
74.85392052
74.85392052
74.85392052
74.85392052
74.85392052
74.85392052
74.85392052
74.85392052
74.85392052
74.85392052
74.85392052
74.85392052
74.85392052
74.85392052
74.85392052
74.85392052
74.85392052
74.85392052
74.85392052
74.85392052
74.85392052
74.85392052
74.85392052
74.85392052
74.85392052
74.85392052
74.85392052
74.85392052
74.85392052
74.85392052
74.85392052
74.85392052
74.85392052
74.85392052
74.85392052
74.85392052
74.85392052
74.85392052
74.85392052
74.85392052
74.85392052
74.85392052
74.85392052
74.85392052
74.85392052
74.85392052
74.85392052
74.85392052
74.85392052
74.85392052
74.85392052
74.85392052
74.85392052
74.85392052
74.85392052
74.85392052
74.85392052
74.85392052
74.85392052
74.85392052
74.85392052
74.85392052
74.85392052
74.85392052
74.85392052
74.85392052
74.85392052
74.85392052
74.85392052
74.85392052
74.85392052
74.85392052
74.85392052
74.85392052
74.85392052
74.85392052
74.85392052
74.85392052
74.85392052
74.85392052
74.85392052
74.85392052
74.85392052
74.85392052
74.85392052
74.85392052
74.85392052
47.9933002
48.25122677
50.67779248
54.87277938
58.72698562
63.62546966
68.83306835
72.29954201
74.85392052
74.85392052
74.85392052
74.85392052
74.85392052
74.85392052
74.85392052
74.85392052
74.85392052
74.85392052
74.85392052
74.85392052
74.85392052
74.85392052
74.85392052
74.85392052
74.85392052
74.85392052
74.85392052
74.85392052
74.85392052
74.85392052
74.85392052
74.85392052
74.85392052
74.85392052
74.85392052
74.85392052
74.85392052
74.85392052
74.85392052
74.85392052
74.85392052
74.85392052
74.85392052
74.85392052
74.85392052
74.85392052
74.85392052
74.85392052
74.85392052
74.85392052
74.85392052
74.85392052
74.85392052
74.85392052
74.85392052
74.85392052
74.85392052
74.85392052
74.85392052
74.85392052
74.85392052
74.85392052
74.85392052
74.85392052
74.85392052
74.85392052
74.85392052
74.85392052
74.85392052
74.85392052
74.85392052
74.85392052
74.85392052
74.85392052
74.85392052
74.85392052
74.85392052
74.85392052
74.85392052
74.85392052
74.85392052
74.85392052
74.85392052
74.85392052
74.85392052
74.85392052
74.85392052
74.85392052
74.85392052
74.85392052
74.85392052
74.85392052
74.85392052
74.85392052
74.85392052
74.85392052
74.85392052
51.67279675
50.91127131
52.23367128
53.14259314
53.63781267
53.82837837
54.12415362
54.21366398
55.05495577
55.14476953
58.8681157
59.9277906
60.50874025
60.7667785
61.06565162
61.74215928
62.04032557
62.34576461
60.84966421
59.4737876
59.41954344
57.67216741
57.54742999
54.85723889
55.04110629
55.95609322
56.3797371
57.37482177
57.42449149
54.67151512
50.6211181
48.17508991
45.7200527
43.79252359
42.65901418
41.82150886
39.49982808
38.87125878
36.93009457
0
0
0
0
0
0
0
0
0
0
0
0
0
0
0
0
0
0
0
0
0
0
0
0
0
0
0
0
0
0
0
0
0
0
0
0
0
0
0
0
0
0
0
0
0
0
0
0
0
0
0
0
0
0
0
0
0
0
0
0
0
0
0
0
0
0
0
0
0
0
0
0
0
0
0
74.85392052
74.85392052
74.85392052
74.85392052
74.85392052
74.85392052
74.85392052
74.85392052
74.85392052
74.85392052
74.85392052
74.85392052
74.85392052
74.85392052
74.85392052
74.85392052
74.85392052
74.85392052
74.85392052
74.85392052
74.85392052
74.85392052
74.85392052
74.85392052
74.85392052
74.85392052
74.85392052
74.85392052
74.85392052
74.85392052
74.85392052
74.85392052
74.85392052
74.85392052
74.85392052
74.85392052
74.85392052
74.85392052
74.85392052
74.85392052
74.85392052
74.85392052
74.85392052
74.85392052
74.85392052
74.85392052
74.85392052
74.85392052
74.85392052
74.85392052
74.85392052
74.85392052
74.85392052
74.85392052
74.85392052
74.85392052
74.85392052
74.85392052
74.85392052
74.85392052
74.85392052
74.85392052
74.85392052
74.85392052
74.85392052
74.85392052
74.85392052
74.85392052
74.85392052
74.85392052
74.85392052
74.85392052
74.85392052
46.68525941
41.33537236
37.67142191
0
0
0
0
0
0
0
0
0
0
0
0
0
0
0
0
0
0
0
0
0
0
0
0
0
0
0
0
0
0
0
0
0
0
0
0
0
0
0
0
0
0
0
0
0
0
0
0
0
0
0
0
0
0
0
0
0
0
0
0
0
0
0
0
0
0
0
0
0
0
0
0
0
0
0
0
0
0
0
0
0
0
0
0
0
0
0
0
0
0
0
0
0
0
0
0
0
0
0
0
0
0
0
0
0
0
0
0
0
0
0
0
0
0
0
0
0
0
0
0
0
0
0
0
0
0
0
0
0
0
0
0
0
0
0
0
0
0
0
0
0
0
0
0
0
0
0
0
0
0
0
0
0
0
0
0
0
0
0
0
0
0
0
0
0
0
0
0
0
0
0
0
0
0
0
0
0
0
0
0
0
0
0
0
0
0
0
0
0
0
0
0
0
0
0
0
0
0
0
0
0
0
0
0
0
0
0
0
0
0
0
0
0
0
0
0
0
0
0
0
0
0
0
0
0
0
0
0
0
0
0
0
0
0
0
0
0
0
0
0
0
0
0
0
0
0
0
0
0
0
0
0
0
0
0
0
0
0
0
0
0
0
0
0
0
0
0
0
0
0
0
0
0
0
0
0
0
0
0
0
0
0
0
0
0
0
0
0
0
0
0
0
0
0
0
0
0
0
0
0
0
0
0
0
0
0
0
0
0
0
0
0
0
0
0
0
0
0
0
0
0
0
0
0
0
0
0
0
0
0
0
0
0
0
0
0
0
0
0
0
0
0
0
0
0
0
0
0
0
0
74.85392052
74.85392052
74.85392052
74.85392052
74.85392052
74.85392052
74.85392052
74.85392052
74.85392052
74.85392052
74.85392052
74.85392052
74.85392052
74.85392052
74.85392052
74.85392052
74.85392052
74.85392052
74.85392052
74.85392052
74.85392052
74.85392052
74.85392052
74.85392052
74.85392052
74.85392052
74.85392052
74.85392052
74.85392052
74.85392052
74.85392052
74.85392052
43.66877268
0
0
0
0
0
0
0
0
0
0
0
0
0
0
0
0
0
0
0
0
0
0
0
0
0
0
0
0
0
0
0
0
0
0
0
0
0
0
0
0
0
0
0
0
0
0
0
0
0
0
0
0
0
0
0
0
0
0
0
0
0
0
0
0
0
0
0
0
0
0
0
0
0
0
0
0
0
0
0
0
0
0
0
0
0
0
0
0
0
0
0
0
0
0
0
0
0
0
0
0
0
0
0
0
0
0
0
0
0
0
0
0
0
0
0
0
0
0
0
0
0
0
0
0
0
0
0
0
0
0
0
0
0
0
0
0
0
0
0
0
0
0
0
0
0
0
0
0
0
0
0
0
0
0
0
0
0
0
0
0
0
0
0
0
0
0
0
0
0
0
0
0
0
0
0
0
0
0
0
0
0
0
0
0
0
0
0
0
0
0
0
0
0
0
0
0
0
0
0
0
0
0
0
0
0
0
0
0
0
0
0
0
0
0
0
0
0
0
0
0
0
0
0
0
0
0
0
0
0
0
0
0
0
0
0
0
0
0
0
0
0
0
0
0
0
0
0
0
0
0
0
0
0
0
0
0
0
0
0
0
0
0
74.85392052
74.85392052
74.85392052
74.85392052
74.85392052
74.85392052
74.85392052
74.85392052
74.85392052
74.85392052
74.85392052
74.85392052
74.85392052
74.85392052
74.85392052
74.85392052
74.85392052
74.85392052
74.85392052
74.85392052
74.85392052
74.85392052
74.85392052
74.85392052
74.85392052
74.85392052
74.85392052
37.64712549
0
0
0
0
0
0
0
0
0
0
0
0
0
0
0
0
0
0
0
0
0
0
0
0
0
0
0
0
0
0
0
0
0
0
0
0
0
0
0
0
0
0
0
0
0
0
0
0
0
0
0
0
0
0
0
0
0
0
0
0
0
0
0
0
0
0
74.85392052
74.85392052
74.85392052
74.85392052
74.85392052
74.85392052
74.85392052
74.85392052
74.85392052
74.85392052
74.85392052
74.85392052
74.85392052
74.85392052
74.85392052
74.85392052
74.85392052
74.85392052
74.85392052
74.85392052
74.85392052
74.85392052
74.85392052
74.85392052
74.85392052
74.85392052
74.85392052
74.85392052
74.85392052
74.85392052
74.85392052
74.85392052
74.85392052
74.85392052
74.85392052
74.85392052
74.85392052
74.85392052
74.85392052
74.85392052
74.85392052
74.85392052
74.85392052
74.85392052
74.85392052
74.85392052
74.85392052
74.85392052
74.85392052
74.85392052
74.85392052
74.85392052
74.85392052
74.85392052
74.85392052
74.85392052
74.85392052
74.85392052
74.85392052
74.85392052
74.85392052
74.85392052
74.85392052
74.85392052
74.85392052
74.85392052
74.85392052
74.85392052
74.85392052
74.85392052
74.85392052
74.85392052
74.85392052
74.85392052
74.85392052
74.85392052
74.85392052
74.85392052
74.85392052
74.85392052
74.85392052
74.85392052
74.85392052
74.85392052
74.85392052
74.85392052
74.85392052
74.85392052
74.85392052
74.85392052
74.85392052
74.85392052
74.85392052
74.85392052
74.85392052
74.85392052
74.85392052
74.85392052
74.85392052
74.85392052
74.85392052
74.85392052
74.85392052
74.85392052
74.85392052
74.85392052
74.85392052
74.85392052
74.85392052
74.85392052
74.85392052
74.85392052
74.85392052
74.85392052
74.85392052
74.85392052
74.85392052
74.85392052
74.85392052
74.85392052
74.85392052
74.85392052
74.85392052
74.85392052
74.85392052
74.85392052
74.85392052
74.85392052
74.85392052
74.85392052
74.85392052
74.85392052
74.85392052
74.85392052
74.85392052
74.85392052
74.85392052
74.85392052
74.85392052
74.85392052
74.85392052
74.85392052
74.85392052
74.85392052
74.85392052
74.85392052
74.85392052
74.85392052
74.85392052
74.85392052
74.85392052
74.85392052
74.85392052
74.85392052
74.85392052
74.85392052
74.85392052
74.85392052
74.85392052
74.85392052
74.85392052
74.85392052
74.85392052
74.85392052
74.85392052
74.85392052
74.85392052
74.85392052
74.85392052
74.85392052
74.85392052
74.85392052
74.85392052
74.85392052
74.85392052
74.85392052
74.85392052
74.85392052
74.85392052
74.85392052
74.85392052
74.85392052
74.85392052
74.85392052
74.85392052
74.85392052
74.85392052
74.85392052
74.85392052
74.85392052
74.85392052
74.85392052
74.85392052
74.85392052
74.85392052
74.85392052
74.85392052
74.85392052
74.85392052
74.85392052
74.85392052
74.85392052
74.85392052
74.85392052
74.85392052
74.85392052
74.85392052
74.85392052
74.85392052
74.85392052
74.85392052
74.85392052
74.85392052
74.85392052
74.85392052
74.85392052
74.85392052
74.85392052
74.85392052
74.85392052
74.85392052
74.85392052
46.23450889
42.90467464
42.31971802
41.36874825
40.26570073
40.16835608
38.63010176
39.67859402
42.54614636
43.51748041
42.01383609
40.98891814
41.16889761
41.07005174
40.5558657
39.88964684
40.21163676
39.2480045
38.26976009
38.34270543
0
0
0
0
0
0
0
0
0
0
0
0
0
0
0
0
0
0
0
0
0
0
0
0
0
0
0
0
0
0
0
0
0
0
0
0
0
0
0
0
0
0
0
0
0
74.85392052
74.85392052
74.85392052
74.85392052
74.85392052
74.85392052
74.85392052
74.85392052
74.85392052
74.85392052
74.85392052
74.85392052
74.85392052
74.85392052
74.85392052
74.85392052
74.85392052
74.85392052
74.85392052
74.85392052
74.85392052
74.85392052
74.85392052
74.85392052
74.85392052
74.85392052
46.1865953
36.84352083
0
0
0
0
0
0
0
0
0
0
0
0
0
0
0
0
0
0
0
0
0
0
0
0
0
0
0
0
0
0
0
0
0
0
0
0
0
0
0
0
0
0
0
0
0
0
0
0
0
0
0
0
0
0
0
0
0
0
0
0
0
0
0
74.85392052
74.85392052
74.85392052
74.85392052
74.85392052
74.85392052
74.85392052
74.85392052
74.85392052
74.85392052
74.85392052
74.85392052
74.85392052
74.85392052
74.85392052
74.85392052
74.85392052
74.85392052
74.85392052
74.85392052
74.85392052
74.85392052
74.85392052
74.85392052
74.85392052
74.85392052
74.85392052
74.85392052
74.85392052
74.85392052
74.85392052
74.85392052
74.85392052
74.85392052
46.40308571
36.4926701
0
0
0
0
0
0
0
0
0
0
0
0
0
0
0
0
0
0
0
0
0
0
0
0
0
0
0
0
0
0
0
0
0
0
0
0
0
0
0
0
0
0
0
0
0
0
0
0
0
0
0
0
0
0
0
0
0
0
0
74.85392052
74.85392052
74.85392052
74.85392052
74.85392052
74.85392052
74.85392052
74.85392052
74.85392052
74.85392052
74.85392052
74.85392052
74.85392052
74.85392052
74.85392052
74.85392052
74.85392052
74.85392052
74.85392052
74.85392052
74.85392052
74.85392052
74.85392052
74.85392052
74.85392052
74.85392052
74.85392052
74.85392052
74.85392052
74.85392052
74.85392052
74.85392052
74.85392052
74.85392052
74.85392052
74.85392052
74.85392052
74.85392052
74.85392052
74.85392052
74.85392052
74.85392052
74.85392052
74.85392052
74.85392052
74.85392052
74.85392052
74.85392052
74.85392052
74.85392052
74.85392052
74.85392052
74.85392052
74.85392052
74.85392052
74.85392052
74.85392052
74.85392052
74.85392052
74.85392052
74.85392052
74.85392052
74.85392052
74.85392052
74.85392052
74.85392052
74.85392052
74.85392052
74.85392052
74.85392052
74.85392052
74.85392052
74.85392052
74.85392052
74.85392052
74.85392052
74.85392052
74.85392052
74.85392052
74.85392052
74.85392052
74.85392052
74.85392052
74.85392052
74.85392052
74.85392052
74.85392052
74.85392052
74.85392052
74.85392052
74.85392052
74.85392052
74.85392052
74.85392052
74.85392052
74.85392052
74.85392052
74.85392052
74.85392052
74.85392052
74.85392052
74.85392052
74.85392052
74.85392052
74.85392052
74.85392052
74.85392052
74.85392052
74.85392052
74.85392052
74.85392052
74.85392052
74.85392052
74.85392052
74.85392052
74.85392052
74.85392052
74.85392052
74.85392052
74.85392052
74.85392052
74.85392052
74.85392052
74.85392052
74.85392052
74.85392052
74.85392052
74.85392052
74.85392052
74.85392052
74.85392052
74.85392052
74.85392052
74.85392052
74.85392052
74.85392052
74.85392052
74.85392052
74.85392052
74.85392052
74.85392052
74.85392052
74.85392052
74.85392052
74.85392052
74.85392052
74.85392052
74.85392052
74.85392052
74.85392052
74.85392052
74.85392052
74.85392052
74.85392052
74.85392052
74.85392052
74.85392052
74.85392052
74.85392052
74.85392052
74.85392052
74.85392052
74.85392052
74.85392052
74.85392052
74.85392052
74.85392052
74.85392052
74.85392052
74.85392052
74.85392052
74.85392052
74.85392052
74.85392052
74.85392052
74.85392052
74.85392052
74.85392052
74.85392052
74.85392052
74.85392052
74.85392052
74.85392052
74.85392052
74.85392052
74.85392052
74.85392052
74.85392052
74.85392052
74.85392052
74.85392052
74.85392052
74.85392052
74.85392052
74.85392052
74.85392052
74.85392052
74.85392052
74.85392052
74.85392052
74.85392052
74.85392052
74.85392052
74.85392052
53.78286536
55.13082432
53.56661567
51.22703771
48.78856798
47.84784638
47.52281021
48.04246003
46.37975597
44.60181448
43.97367594
43.54929334
43.79981703
43.84525402
43.08313215
43.24840306
41.35742219
0
0
0
0
0
0
0
0
0
0
0
0
0
0
0
0
74.85392052
74.85392052
74.85392052
74.85392052
74.85392052
74.85392052
74.85392052
74.85392052
74.85392052
74.85392052
74.85392052
74.85392052
74.85392052
74.85392052
74.85392052
74.85392052
74.85392052
74.85392052
74.85392052
74.85392052
74.85392052
74.85392052
74.85392052
74.85392052
74.85392052
74.85392052
74.85392052
74.85392052
74.85392052
74.85392052
74.85392052
74.85392052
74.85392052
74.85392052
74.85392052
74.85392052
74.85392052
74.85392052
74.85392052
74.85392052
74.85392052
74.85392052
74.85392052
74.85392052
74.85392052
74.85392052
74.85392052
74.85392052
74.85392052
74.85392052
74.85392052
74.85392052
74.85392052
74.85392052
74.85392052
74.85392052
74.85392052
74.85392052
74.85392052
74.85392052
74.85392052
74.85392052
74.85392052
74.85392052
74.85392052
74.85392052
74.85392052
74.85392052
74.85392052
74.85392052
74.85392052
74.85392052
74.85392052
74.85392052
74.85392052
74.85392052
74.85392052
74.85392052
74.85392052
74.85392052
74.85392052
74.85392052
74.85392052
74.85392052
52.69046695
51.45446211
52.35388223
52.32819707
53.39399951
53.64881842
56.09821358
58.78449156
61.77719979
64.63989725
67.21049461
69.43380036
70.93688862
71.66458649
73.49674588
74.85392052
74.85392052
74.85392052
74.85392052
74.85392052
74.85392052
74.85392052
74.85392052
74.85392052
74.85392052
74.85392052
74.85392052
74.85392052
74.85392052
74.85392052
74.85392052
74.85392052
74.85392052
74.85392052
74.85392052
74.85392052
74.85392052
74.85392052
74.85392052
74.85392052
74.85392052
74.85392052
74.85392052
74.85392052
74.85392052
74.85392052
74.85392052
74.85392052
74.85392052
74.85392052
74.85392052
74.85392052
74.85392052
74.85392052
74.85392052
74.85392052
74.85392052
52.97555936
53.88995484
53.26353851
51.72194108
51.67832529
51.78904991
51.73319738
52.77417441
54.53014033
56.81122811
57.14445289
58.10175975
59.13397316
61.01795915
60.11275697
60.2656255
57.78225017
56.47608088
57.27111308
59.92849726
61.65067137
64.03345455
64.20340742
65.93084319
71.00790118
73.62099098
72.31236841
71.40125449
71.71505701
70.91729552
70.77767182
70.77368763
70.39794763
71.50828044
69.61458345
67.50684666
68.30881285
67.44774316
62.66121547
60.12978884
56.13926641
51.50535087
50.42895975
52.91060657
55.24287414
56.12239462
55.59985938
53.32280708
51.35021889
49.95760444
49.06028916
51.04065383
54.11665733
56.83607329
58.85666082
60.2194709
61.13770891
63.13875928
64.93851829
66.34417529
67.9787883
69.66356635
71.84966337
74.16960308
73.58135345
74.13084063
74.85392052
74.85392052
74.85392052
74.85392052
74.85392052
74.85392052
74.85392052
74.85392052
74.85392052
74.85392052
74.85392052
74.85392052
74.85392052
74.85392052
74.85392052
74.85392052
74.85392052
74.85392052
74.85392052
74.85392052
74.85392052
74.85392052
74.85392052
74.85392052
74.85392052
74.85392052
74.85392052
74.85392052
74.85392052
74.85392052
74.85392052
74.85392052
74.85392052
74.85392052
74.85392052
74.85392052
74.85392052
74.85392052
74.85392052
74.85392052
74.85392052
74.85392052
74.85392052
74.85392052
74.85392052
74.85392052
74.85392052
74.85392052
74.85392052
74.85392052
74.85392052
74.85392052
74.85392052
74.85392052
74.85392052
74.85392052
74.85392052
74.85392052
74.85392052
74.85392052
74.85392052
74.85392052
74.85392052
74.85392052
74.85392052
74.85392052
74.85392052
74.85392052
74.85392052
74.85392052
74.85392052
74.85392052
74.85392052
74.85392052
39.59487104
0
0
0
0
0
0
0
0
0
0
0
0
0
0
0
0
0
0
0
0
0
0
0
0
0
0
0
0
0
0
0
0
0
0
0
0
0
0
0
0
0
0
0
0
0
0
0
0
0
74.85392052
74.85392052
74.85392052
74.85392052
74.85392052
74.85392052
74.85392052
74.85392052
74.85392052
74.85392052
74.85392052
74.85392052
74.85392052
74.85392052
74.85392052
74.85392052
74.85392052
74.85392052
74.85392052
74.85392052
74.85392052
74.85392052
74.85392052
74.85392052
74.85392052
74.85392052
74.85392052
74.85392052
74.85392052
74.85392052
74.85392052
74.85392052
74.85392052
74.85392052
74.85392052
74.85392052
74.85392052
74.85392052
74.85392052
74.85392052
74.85392052
39.47509517
0
0
0
0
0
0
0
0
0
0
0
0
0
0
0
0
0
0
0
0
0
0
0
0
0
0
0
0
0
0
0
0
0
0
0
0
0
0
0
0
0
0
0
0
0
0
0
0
0
0
0
0
0
0
0
0
0
74.85392052
74.85392052
74.85392052
74.85392052
74.85392052
74.85392052
74.85392052
74.85392052
74.85392052
74.85392052
74.85392052
74.85392052
74.85392052
74.85392052
74.85392052
74.85392052
74.85392052
74.85392052
74.85392052
74.85392052
74.85392052
74.85392052
74.85392052
74.85392052
74.85392052
74.85392052
74.85392052
74.85392052
74.85392052
74.85392052
74.85392052
74.85392052
74.85392052
74.85392052
74.85392052
74.85392052
74.85392052
47.60158073
40.35597029
0
0
0
0
0
0
0
0
0
0
0
0
0
0
0
0
74.85392052
74.85392052
74.85392052
74.85392052
74.85392052
74.85392052
74.85392052
74.85392052
74.85392052
74.85392052
74.85392052
74.85392052
74.85392052
74.85392052
74.85392052
74.85392052
74.85392052
74.85392052
74.85392052
74.85392052
74.85392052
74.85392052
74.85392052
74.85392052
74.85392052
74.85392052
74.85392052
74.85392052
74.85392052
74.85392052
74.85392052
74.85392052
74.85392052
74.85392052
74.85392052
74.85392052
74.85392052
74.85392052
74.85392052
74.85392052
74.85392052
74.85392052
74.85392052
74.85392052
74.85392052
74.85392052
74.85392052
74.85392052
74.85392052
74.85392052
74.85392052
74.85392052
74.85392052
74.85392052
74.85392052
74.85392052
74.85392052
74.85392052
74.85392052
74.85392052
74.85392052
74.85392052
74.85392052
74.85392052
74.85392052
74.85392052
74.85392052
74.85392052
74.85392052
74.85392052
74.85392052
74.85392052
74.85392052
74.85392052
74.85392052
74.85392052
74.85392052
74.85392052
74.85392052
74.85392052
74.85392052
0
0
0
0
0
0
0
0
74.85392052
74.85392052
74.85392052
74.85392052
74.85392052
74.85392052
74.85392052
74.85392052
74.85392052
74.85392052
74.85392052
74.85392052
74.85392052
74.85392052
74.85392052
74.85392052
74.85392052
74.85392052
74.85392052
74.85392052
74.85392052
74.85392052
74.85392052
74.85392052
74.85392052
74.85392052
74.85392052
74.85392052
74.85392052
74.85392052
74.85392052
74.85392052
74.85392052
74.85392052
74.85392052
74.85392052
74.85392052
74.85392052
74.85392052
74.85392052
74.85392052
74.85392052
74.85392052
74.85392052
74.85392052
74.85392052
74.85392052
74.85392052
74.85392052
74.85392052
74.85392052
74.85392052
74.85392052
74.85392052
74.85392052
74.85392052
74.85392052
74.85392052
74.85392052
74.85392052
74.85392052
74.85392052
74.85392052
74.85392052
74.85392052
74.85392052
74.85392052
74.85392052
74.85392052
74.85392052
74.85392052
74.85392052
74.85392052
74.85392052
74.85392052
74.85392052
74.85392052
74.85392052
74.85392052
74.85392052
74.85392052
74.85392052
74.85392052
74.85392052
74.85392052
74.85392052
74.85392052
74.85392052
74.85392052
74.85392052
74.85392052
74.85392052
74.85392052
74.85392052
74.85392052
74.85392052
74.85392052
74.85392052
74.85392052
74.85392052
74.85392052
74.85392052
74.85392052
74.85392052
74.85392052
74.85392052
74.85392052
74.85392052
74.85392052
74.85392052
74.85392052
74.85392052
74.85392052
74.85392052
74.85392052
74.85392052
74.85392052
74.85392052
74.85392052
74.85392052
74.85392052
74.85392052
74.85392052
74.85392052
74.85392052
74.85392052
74.85392052
74.85392052
74.85392052
74.85392052
74.85392052
74.85392052
74.85392052
74.85392052
74.85392052
74.85392052
74.85392052
54.98337869
57.39970678
61.31595077
68.75829992
74.85392052
74.85392052
74.85392052
74.85392052
74.85392052
74.85392052
74.85392052
74.85392052
74.85392052
74.85392052
74.85392052
74.85392052
74.85392052
74.85392052
74.85392052
74.85392052
74.85392052
74.85392052
74.85392052
74.85392052
74.85392052
74.85392052
74.85392052
74.85392052
74.85392052
74.85392052
74.85392052
74.85392052
74.85392052
74.85392052
74.85392052
74.85392052
74.85392052
74.85392052
74.85392052
74.85392052
74.85392052
74.85392052
74.85392052
74.85392052
74.85392052
74.85392052
41.84932321
0
0
0
0
0
0
0
0
0
0
0
0
0
0
0
0
0
0
0
0
0
0
0
0
0
0
0
0
0
0
0
0
0
0
0
0
0
0
0
0
0
0
0
0
0
0
0
0
0
0
0
0
0
0
0
0
0
0
0
0
0
0
0
0
0
0
0
0
0
0
0
0
0
0
0
0
0
0
0
0
0
0
0
0
0
0
0
0
0
0
0
0
0
0
0
0
0
0
0
0
0
0
0
0
0
0
0
0
0
0
0
0
0
0
0
0
0
0
0
0
0
0
0
0
0
0
0
0
0
0
0
0
0
0
0
0
0
0
0
0
0
0
0
0
0
0
0
0
0
0
0
0
0
0
0
0
0
0
0
0
0
0
0
0
0
0
0
0
0
0
0
0
0
0
0
0
0
0
0
0
0
0
0
0
0
0
0
0
0
0
0
0
0
0
0
0
0
0
0
0
0
0
0
0
0
0
0
0
0
0
0
0
0
0
0
0
0
0
0
0
0
0
0
0
0
0
0
0
0
0
0
0
0
0
0
0
0
0
0
0
0
0
0
0
0
0
0
74.85392052
74.85392052
74.85392052
74.85392052
74.85392052
74.85392052
74.85392052
74.85392052
74.85392052
74.85392052
74.85392052
74.85392052
74.85392052
74.85392052
74.85392052
74.85392052
74.85392052
74.85392052
74.85392052
74.85392052
74.85392052
74.85392052
74.85392052
74.85392052
74.85392052
74.85392052
74.85392052
74.85392052
74.85392052
74.85392052
74.85392052
74.85392052
74.85392052
74.85392052
74.85392052
74.85392052
74.85392052
74.85392052
74.85392052
74.85392052
74.85392052
74.85392052
74.85392052
74.85392052
74.85392052
40.63269069
0
0
0
0
0
0
0
0
0
0
0
0
0
0
0
0
0
0
0
0
0
0
0
0
0
0
0
0
0
0
0
0
0
0
0
0
0
0
0
0
0
0
0
0
0
0
0
0
0
74.85392052
74.85392052
74.85392052
74.85392052
74.85392052
74.85392052
74.85392052
74.85392052
74.85392052
74.85392052
74.85392052
74.85392052
74.85392052
74.85392052
74.85392052
74.85392052
74.85392052
74.85392052
74.85392052
74.85392052
74.85392052
74.85392052
74.85392052
74.85392052
74.85392052
74.85392052
74.85392052
74.85392052
74.85392052
74.85392052
74.85392052
74.85392052
74.85392052
54.64272805
55.08364774
53.94699354
52.67758406
50.92148028
47.67912727
41.65628132
0
0
0
0
0
0
0
0
0
0
0
0
0
0
0
0
0
0
0
0
0
0
0
0
0
0
0
74.85392052
74.85392052
74.85392052
74.85392052
74.85392052
74.85392052
74.85392052
74.85392052
74.85392052
74.85392052
74.85392052
74.85392052
74.85392052
74.85392052
74.85392052
74.85392052
74.85392052
74.85392052
74.85392052
74.85392052
74.85392052
74.85392052
74.85392052
74.85392052
74.85392052
74.85392052
74.85392052
74.85392052
74.85392052
74.85392052
74.85392052
74.85392052
74.85392052
74.85392052
74.85392052
74.85392052
74.85392052
74.85392052
74.85392052
74.85392052
74.85392052
74.85392052
74.85392052
74.85392052
74.85392052
74.85392052
74.85392052
74.85392052
74.85392052
74.85392052
74.85392052
74.85392052
74.85392052
74.85392052
74.85392052
74.85392052
74.85392052
74.85392052
74.85392052
74.85392052
74.85392052
74.85392052
74.85392052
74.85392052
74.85392052
74.85392052
74.85392052
74.85392052
74.85392052
74.85392052
74.85392052
74.85392052
74.85392052
74.85392052
74.85392052
74.85392052
74.85392052
74.85392052
74.85392052
74.85392052
74.85392052
74.85392052
74.85392052
74.85392052
74.85392052
74.85392052
74.85392052
74.85392052
74.85392052
74.85392052
74.85392052
74.85392052
74.85392052
74.85392052
74.85392052
74.85392052
74.85392052
74.85392052
74.85392052
74.85392052
74.85392052
74.85392052
74.85392052
74.85392052
74.85392052
74.85392052
74.85392052
74.85392052
74.85392052
74.85392052
74.85392052
74.85392052
74.85392052
74.85392052
74.85392052
74.85392052
74.85392052
74.85392052
74.85392052
74.85392052
74.85392052
74.85392052
74.85392052
74.85392052
74.85392052
74.85392052
74.85392052
74.85392052
74.85392052
74.85392052
74.85392052
74.85392052
74.85392052
74.85392052
74.85392052
74.85392052
74.85392052
74.85392052
74.85392052
74.85392052
74.85392052
74.85392052
74.85392052
74.85392052
74.85392052
74.85392052
74.85392052
74.85392052
74.85392052
74.85392052
74.85392052
74.85392052
74.85392052
74.85392052
74.85392052
74.85392052
74.85392052
74.85392052
74.85392052
74.85392052
74.85392052
74.85392052
74.85392052
74.85392052
74.85392052
74.85392052
74.85392052
74.85392052
74.85392052
74.85392052
74.85392052
74.85392052
74.85392052
74.85392052
74.85392052
74.85392052
74.85392052
74.85392052
74.85392052
74.85392052
74.85392052
74.85392052
74.85392052
74.85392052
74.85392052
74.85392052
74.85392052
74.85392052
74.85392052
74.85392052
74.85392052
74.85392052
74.85392052
74.85392052
74.85392052
74.85392052
74.85392052
74.85392052
74.85392052
74.85392052
74.85392052
74.85392052
74.85392052
74.85392052
74.85392052
74.85392052
74.85392052
74.85392052
74.85392052
74.85392052
74.85392052
74.85392052
74.85392052
74.85392052
74.85392052
74.85392052
74.85392052
74.85392052
74.85392052
74.85392052
74.85392052
74.85392052
74.85392052
74.85392052
74.85392052
74.85392052
74.85392052
74.85392052
74.85392052
74.85392052
74.85392052
74.85392052
74.85392052
74.85392052
74.85392052
74.85392052
74.85392052
74.85392052
74.85392052
74.85392052
74.85392052
74.85392052
74.85392052
74.85392052
74.85392052
74.85392052
74.85392052
74.85392052
74.85392052
74.85392052
74.85392052
74.85392052
74.85392052
74.85392052
74.85392052
74.85392052
74.85392052
74.85392052
74.85392052
49.53383968
44.89396011
40.85958868
0
0
0
0
0
0
0
0
0
0
0
0
0
0
0
0
0
0
0
0
0
0
0
0
74.85392052
74.85392052
74.85392052
74.85392052
74.85392052
74.85392052
74.85392052
74.85392052
74.85392052
74.85392052
74.85392052
74.85392052
74.85392052
74.85392052
74.85392052
74.85392052
74.85392052
74.85392052
74.85392052
74.85392052
74.85392052
74.85392052
74.85392052
74.85392052
74.85392052
74.85392052
74.85392052
74.85392052
74.85392052
74.85392052
74.85392052
74.85392052
74.85392052
74.85392052
74.85392052
74.85392052
74.85392052
74.85392052
74.85392052
74.85392052
74.85392052
74.85392052
74.85392052
74.85392052
74.85392052
74.85392052
74.85392052
74.85392052
74.85392052
74.85392052
74.85392052
74.85392052
74.85392052
74.85392052
74.85392052
74.85392052
74.85392052
74.85392052
74.85392052
74.85392052
74.85392052
74.85392052
74.85392052
74.85392052
74.85392052
74.85392052
74.85392052
74.85392052
74.85392052
74.85392052
74.85392052
74.85392052
74.85392052
74.85392052
74.85392052
74.85392052
74.85392052
74.85392052
74.85392052
74.85392052
74.85392052
74.85392052
74.85392052
74.85392052
74.85392052
74.85392052
74.85392052
74.85392052
74.85392052
74.85392052
74.85392052
74.85392052
74.85392052
74.85392052
74.85392052
74.85392052
74.85392052
74.85392052
74.85392052
74.85392052
74.85392052
74.85392052
74.85392052
74.85392052
74.85392052
74.85392052
74.85392052
74.85392052
74.85392052
74.85392052
74.85392052
74.85392052
74.85392052
74.85392052
74.85392052
74.85392052
74.85392052
74.85392052
74.85392052
74.85392052
74.85392052
53.33637613
53.38434511
53.6509922
54.97489228
54.64769261
56.81002778
58.94187571
59.02049604
57.59458805
61.75227141
67.1512887
68.62985695
67.8003548
69.37192003
69.38755726
67.37227061
68.77525142
68.26245668
67.09842134
66.02177457
65.48466535
65.09132508
64.80396819
64.5142143
62.40093324
62.11674559
61.13793695
59.8183895
57.43917468
57.72460612
56.63785635
55.86699144
54.95927692
54.4222017
57.95477842
58.22435965
55.67257064
52.10357121
48.56195668
45.02763855
41.61142329
38.03262352
0
0
0
0
0
0
0
0
0
0
0
0
0
0
0
0
0
0
0
0
0
0
0
0
0
0
0
0
0
0
0
0
0
0
0
0
0
0
0
0
0
0
0
0
0
0
0
0
0
0
0
0
0
0
0
0
0
0
0
0
0
0
0
0
0
0
0
0
0
0
0
0
0
0
0
0
0
0
0
0
0
0
0
0
0
0
0
0
0
0
0
0
0
0
0
0
0
0
0
0
0
0
0
0
0
0
0
0
0
0
0
0
0
0
0
0
0
0
0
0
0
0
0
0
0
0
0
0
0
0
0
0
0
0
0
0
0
0
0
0
0
0
0
0
0
0
0
0
0
0
0
0
0
0
0
0
0
0
0
0
0
0
0
0
0
0
0
0
0
0
0
0
0
0
0
0
0
0
0
0
0
0
0
0
0
0
0
0
0
0
0
0
0
0
0
0
0
0
0
0
0
0
0
0
0
0
0
0
0
0
0
0
0
0
0
0
0
0
0
0
0
0
0
0
0
0
0
0
0
0
0
0
0
0
0
0
0
0
0
0
0
0
0
0
0
0
0
0
0
0
0
0
0
0
0
0
0
0
0
0
0
0
0
0
0
0
0
0
0
0
0
0
0
0
0
0
0
0
0
0
0
0
0
0
0
0
0
0
0
0
0
0
0
0
0
0
0
0
0
0
0
0
0
0
0
0
0
0
0
0
0
0
0
0
0
0
0
0
0
0
0
0
0
0
0
0
0
0
0
0
0
0
0
0
0
0
0
0
0
0
0
0
0
0
0
0
0
0
0
0
0
0
74.85392052
74.85392052
74.85392052
74.85392052
74.85392052
74.85392052
74.85392052
74.85392052
74.85392052
74.85392052
74.85392052
74.85392052
74.85392052
74.85392052
74.85392052
74.85392052
74.85392052
74.85392052
74.85392052
74.85392052
74.85392052
74.85392052
74.85392052
74.85392052
50.28377288
47.69974867
45.09062471
43.63800583
43.80837608
46.05862132
47.62828997
45.94202676
47.92483609
50.859591
49.59066075
47.17865107
44.1224687
42.17219665
40.73222258
38.25361889
37.41887113
36.74318097
0
0
0
0
0
0
0
0
0
0
0
0
0
0
0
0
0
0
0
0
0
0
0
0
0
0
0
0
0
0
0
0
0
0
0
0
0
0
0
0
0
0
0
0
0
0
0
0
0
0
0
0
0
0
0
0
0
0
0
0
0
0
0
0
0
74.85392052
74.85392052
74.85392052
74.85392052
74.85392052
74.85392052
74.85392052
74.85392052
74.85392052
74.85392052
74.85392052
74.85392052
74.85392052
74.85392052
74.85392052
74.85392052
74.85392052
74.85392052
74.85392052
74.85392052
74.85392052
74.85392052
74.85392052
74.85392052
74.85392052
74.85392052
37.76156018
0
0
0
0
0
0
0
0
0
0
0
0
0
0
0
0
0
0
0
0
0
0
0
0
0
0
0
0
0
0
0
0
0
0
0
0
0
0
0
0
0
0
0
0
0
0
0
0
0
0
0
0
0
0
0
74.85392052
74.85392052
74.85392052
74.85392052
74.85392052
74.85392052
74.85392052
74.85392052
74.85392052
74.85392052
74.85392052
74.85392052
74.85392052
74.85392052
74.85392052
74.85392052
74.85392052
74.85392052
74.85392052
74.85392052
74.85392052
74.85392052
74.85392052
74.85392052
74.85392052
74.85392052
74.85392052
74.85392052
74.85392052
74.85392052
74.85392052
74.85392052
74.85392052
74.85392052
74.85392052
74.85392052
74.85392052
74.85392052
74.85392052
74.85392052
74.85392052
74.85392052
74.85392052
74.85392052
74.85392052
74.85392052
74.85392052
74.85392052
74.85392052
74.85392052
74.85392052
74.85392052
74.85392052
74.85392052
74.85392052
74.85392052
74.85392052
74.85392052
74.85392052
74.85392052
74.85392052
74.85392052
74.85392052
74.85392052
74.85392052
74.85392052
74.85392052
74.85392052
74.85392052
74.85392052
74.85392052
74.85392052
74.85392052
74.85392052
74.85392052
74.85392052
74.85392052
74.85392052
74.85392052
74.85392052
74.85392052
74.85392052
74.85392052
74.85392052
74.85392052
74.85392052
74.85392052
74.85392052
74.85392052
74.85392052
74.85392052
74.85392052
74.85392052
74.85392052
74.85392052
74.85392052
74.85392052
74.85392052
74.85392052
74.85392052
74.85392052
74.85392052
74.85392052
74.85392052
74.85392052
74.85392052
74.85392052
74.85392052
74.85392052
74.85392052
74.85392052
74.85392052
74.85392052
74.85392052
74.85392052
74.85392052
74.85392052
74.85392052
74.85392052
74.85392052
74.85392052
74.85392052
74.85392052
74.85392052
74.85392052
74.85392052
74.85392052
74.85392052
74.85392052
74.85392052
74.85392052
74.85392052
74.85392052
74.85392052
74.85392052
74.85392052
74.85392052
74.85392052
47.34401889
44.2289489
43.26361992
41.8586221
40.52195417
40.78651427
43.43322148
47.01218196
47.20986982
47.85268692
51.10368726
53.9027875
54.7802308
53.42849612
54.01765412
57.13316139
60.95864889
63.53107597
65.87567881
68.26016289
68.27987599
68.33131411
69.7010715
68.94563379
66.7176031
64.97764245
64.08711542
62.79337315
60.99561515
58.44915983
56.27645441
56.96683365
56.86941925
54.61185093
53.08828832
52.55423969
48.92312543
45.62736575
41.9204611
37.34396256
0
0
0
0
0
0
0
0
0
0
0
0
0
0
0
0
0
0
0
0
0
0
0
0
0
0
0
0
0
0
0
0
0
0
0
0
0
0
0
0
0
0
0
0
0
0
0
0
0
0
0
0
0
0
0
0
0
0
0
0
0
0
0
0
0
0
0
0
0
0
0
0
0
0
0
0
0
0
0
0
74.85392052
74.85392052
74.85392052
74.85392052
74.85392052
74.85392052
74.85392052
74.85392052
74.85392052
74.85392052
74.85392052
74.85392052
74.85392052
74.85392052
74.85392052
74.85392052
74.85392052
74.85392052
74.85392052
74.85392052
74.85392052
74.85392052
74.85392052
74.85392052
74.85392052
74.85392052
74.85392052
74.85392052
74.85392052
74.85392052
74.85392052
74.85392052
74.85392052
74.85392052
74.85392052
74.85392052
74.85392052
74.85392052
74.85392052
74.85392052
74.85392052
74.85392052
74.85392052
74.85392052
74.85392052
74.85392052
74.85392052
74.85392052
74.85392052
74.85392052
74.85392052
74.85392052
74.85392052
74.85392052
74.85392052
74.85392052
74.85392052
74.85392052
74.85392052
74.85392052
74.85392052
74.85392052
74.85392052
74.85392052
74.85392052
74.85392052
74.85392052
74.85392052
74.85392052
74.85392052
74.85392052
74.85392052
74.85392052
74.85392052
74.85392052
74.85392052
74.85392052
74.85392052
74.85392052
74.85392052
74.85392052
74.85392052
74.85392052
74.85392052
74.85392052
74.85392052
74.85392052
74.85392052
74.85392052
74.85392052
74.85392052
74.85392052
74.85392052
74.85392052
74.85392052
74.85392052
74.85392052
74.85392052
74.85392052
74.85392052
74.85392052
74.85392052
74.85392052
74.85392052
74.85392052
74.85392052
74.85392052
74.85392052
74.85392052
74.85392052
74.85392052
74.85392052
74.85392052
74.85392052
74.85392052
74.85392052
74.85392052
74.85392052
74.85392052
74.85392052
74.85392052
74.85392052
74.85392052
74.85392052
74.85392052
74.85392052
74.85392052
74.85392052
74.85392052
74.85392052
74.85392052
74.85392052
74.85392052
74.85392052
74.85392052
74.85392052
74.85392052
74.85392052
74.85392052
74.85392052
74.85392052
74.85392052
74.85392052
74.85392052
74.85392052
74.85392052
74.85392052
74.85392052
74.85392052
74.85392052
74.85392052
74.85392052
74.85392052
74.85392052
74.85392052
74.85392052
74.85392052
74.85392052
74.85392052
74.85392052
74.85392052
74.85392052
74.85392052
74.85392052
74.85392052
74.85392052
74.85392052
74.85392052
74.85392052
45.12694368
0
0
0
0
0
0
0
0
0
0
0
0
0
0
0
0
0
0
0
74.85392052
74.85392052
74.85392052
74.85392052
74.85392052
74.85392052
74.85392052
74.85392052
74.85392052
74.85392052
74.85392052
74.85392052
74.85392052
74.85392052
74.85392052
74.85392052
74.85392052
74.85392052
74.85392052
74.85392052
74.85392052
74.85392052
74.85392052
74.85392052
74.85392052
74.85392052
74.85392052
74.85392052
74.85392052
74.85392052
74.85392052
74.85392052
74.85392052
74.85392052
74.85392052
74.85392052
74.85392052
74.85392052
74.85392052
74.85392052
74.85392052
74.85392052
74.85392052
74.85392052
74.85392052
74.85392052
74.85392052
74.85392052
74.85392052
74.85392052
74.85392052
74.85392052
74.85392052
74.85392052
74.85392052
74.85392052
74.85392052
74.85392052
74.85392052
74.85392052
74.85392052
74.85392052
74.85392052
74.85392052
74.85392052
74.85392052
74.85392052
74.85392052
74.85392052
74.85392052
74.85392052
74.85392052
74.85392052
74.85392052
74.85392052
74.85392052
74.85392052
74.85392052
74.85392052
74.85392052
74.85392052
74.85392052
74.85392052
74.85392052
74.85392052
74.85392052
74.85392052
74.85392052
74.85392052
74.85392052
74.85392052
51.99696001
49.77703262
46.69651708
0
0
0
0
0
0
0
0
0
0
0
0
0
0
0
0
0
0
0
0
0
0
0
0
0
0
0
0
0
0
0
0
0
0
0
0
0
0
0
0
0
0
0
0
0
0
0
0
0
0
0
0
0
0
0
0
0
0
0
0
0
0
0
0
0
0
0
0
0
0
0
0
0
0
0
0
0
0
0
0
0
0
0
0
0
0
0
0
0
0
0
0
0
0
0
0
0
0
0
0
0
0
0
0
0
0
0
0
0
0
0
0
0
0
0
0
0
0
0
0
0
0
0
0
0
0
0
0
0
0
0
0
0
0
0
0
0
0
0
0
0
0
0
0
0
0
0
0
0
0
0
0
0
0
0
0
0
0
0
0
0
0
0
0
0
0
0
0
0
0
0
0
0
0
0
0
0
0
0
0
0
0
0
0
0
0
0
0
0
0
0
0
0
0
0
0
0
0
0
0
0
0
0
0
0
0
0
0
0
0
0
0
0
0
0
0
0
0
0
0
0
0
0
0
0
0
0
0
0
0
74.85392052
74.85392052
74.85392052
74.85392052
74.85392052
74.85392052
74.85392052
74.85392052
74.85392052
74.85392052
74.85392052
74.85392052
74.85392052
74.85392052
74.85392052
74.85392052
74.85392052
74.85392052
74.85392052
74.85392052
74.85392052
74.85392052
74.85392052
74.85392052
74.85392052
74.85392052
74.85392052
74.85392052
74.85392052
74.85392052
74.85392052
74.85392052
74.85392052
74.85392052
74.85392052
74.85392052
74.85392052
74.85392052
50.53676472
49.31546043
47.28585474
46.00202684
44.25427052
43.81654128
44.84992469
46.05563028
46.43675118
47.27072101
49.56896062
51.60044889
53.79602926
56.9533335
59.3142095
60.80568875
62.43366079
63.892992
64.24528258
65.32755665
66.45336373
67.06982778
68.06049454
68.35297987
68.71672858
67.99664557
67.93761777
68.76182618
69.24582797
69.08196843
67.73060084
66.28166321
64.83820573
64.97643367
65.71873927
66.70722508
68.21945386
68.18172115
68.74950163
68.38580419
66.62542289
65.12782714
63.53301045
62.08403478
59.46477537
56.73041597
55.02502145
55.07751751
53.20835397
52.51440263
53.68407975
55.19960961
56.6941112
60.10240131
63.04865144
65.12284035
68.01185519
70.98801035
73.28145278
73.47589184
74.78006866
73.12876238
74.32166155
74.85392052
74.85392052
74.85392052
74.85392052
74.85392052
74.85392052
74.85392052
74.85392052
74.85392052
74.85392052
74.85392052
74.85392052
74.85392052
74.85392052
74.85392052
74.85392052
74.85392052
74.85392052
74.85392052
74.85392052
74.85392052
74.85392052
74.85392052
74.85392052
74.85392052
74.85392052
74.85392052
74.85392052
74.85392052
74.85392052
74.85392052
74.85392052
74.85392052
74.85392052
74.85392052
74.85392052
74.85392052
47.75826852
45.98034737
45.83729778
45.35617011
46.50774523
45.31097984
42.31658438
40.08424961
38.99237005
38.8325984
40.27805755
41.60862113
42.55342054
46.13926599
48.35621323
49.76473625
51.21984879
50.23649838
51.23309479
52.28839343
50.95051605
48.96940232
46.26961833
44.63233551
41.45228191
39.8510986
39.69285204
40.00041523
40.61006497
40.91177821
40.60279519
42.09215974
40.94806965
38.80174697
0
0
0
0
0
0
0
0
0
0
0
0
0
0
0
0
0
0
0
0
0
0
0
0
0
0
0
0
0
0
0
0
0
0
0
0
0
0
0
0
0
0
0
0
0
0
0
0
0
0
0
0
0
0
0
0
0
0
0
0
0
0
0
0
0
0
0
0
0
0
0
0
0
0
0
0
0
0
0
0
0
0
0
0
0
0
0
0
0
0
0
0
0
0
0
0
0
0
0
0
0
0
0
0
0
0
0
0
0
0
0
0
0
0
0
0
0
0
0
0
0
0
0
0
0
0
0
0
0
0
0
0
0
0
0
0
0
0
0
0
0
0
0
0
0
0
0
0
0
0
0
0
0
0
0
0
0
0
0
0
0
0
0
0
0
0
0
0
0
0
0
0
0
0
0
0
74.85392052
74.85392052
74.85392052
74.85392052
74.85392052
74.85392052
74.85392052
74.85392052
74.85392052
74.85392052
74.85392052
74.85392052
74.85392052
74.85392052
74.85392052
74.85392052
74.85392052
74.85392052
74.85392052
74.85392052
74.85392052
74.85392052
48.8021276
45.93086556
43.76905867
43.02438942
40.8676198
41.72883754
43.32438441
44.95639954
46.72575054
50.12179242
52.10061882
51.5143651
49.49447514
48.80086823
52.16871445
58.24220638
60.02451471
62.32764215
63.84906485
65.90016036
64.81481991
65.35666584
64.1938597
62.13859068
63.5584339
65.21080092
65.60845342
65.7033115
65.61255078
67.01583735
68.24959024
67.42874389
66.4343427
63.88481747
61.78504939
61.82638765
60.55650246
58.08126518
55.65236058
53.76553803
54.07893686
55.88635689
55.51342264
54.27602788
52.53955166
48.43037587
47.86909054
46.73476916
43.84906407
44.41321308
41.93638348
42.73750568
40.86007955
36.87621082
0
0
0
0
0
0
0
0
0
0
0
0
0
0
0
0
0
0
0
0
0
0
0
0
0
0
0
0
0
0
0
0
0
0
0
0
0
0
0
0
0
0
0
0
0
0
0
0
0
0
0
0
0
0
0
0
0
0
0
0
0
0
0
0
0
0
0
0
0
0
0
0
0
0
0
0
0
0
0
0
0
0
0
0
0
0
0
0
0
0
0
0
0
0
0
0
0
0
0
0
0
0
0
0
0
0
0
0
0
0
0
0
0
0
0
0
0
0
0
0
74.85392052
74.85392052
74.85392052
74.85392052
74.85392052
74.85392052
74.85392052
74.85392052
74.85392052
74.85392052
74.85392052
74.85392052
74.85392052
74.85392052
74.85392052
74.85392052
74.85392052
74.85392052
74.85392052
74.85392052
74.85392052
74.85392052
74.85392052
74.85392052
74.85392052
74.85392052
74.85392052
74.85392052
74.85392052
74.85392052
74.85392052
74.85392052
74.85392052
74.85392052
74.85392052
74.85392052
74.85392052
74.85392052
74.85392052
74.85392052
74.85392052
74.85392052
74.85392052
74.85392052
74.85392052
74.85392052
74.85392052
74.85392052
74.85392052
74.85392052
74.85392052
74.85392052
74.85392052
74.85392052
74.85392052
74.85392052
74.85392052
74.85392052
74.85392052
74.85392052
74.85392052
74.85392052
74.85392052
74.85392052
74.85392052
74.85392052
74.85392052
74.85392052
74.85392052
74.85392052
74.85392052
52.14597981
49.44636476
46.74861216
43.19611669
41.85488973
41.43564975
42.14870038
42.0550649
41.84541245
41.61599939
42.28187019
43.13117654
44.31970399
45.17397991
45.59771804
47.37757178
48.99679786
50.78814697
52.32127762
53.9052982
54.10509782
54.92514623
54.31408301
54.43977165
55.37834759
54.86277605
56.11581526
54.47490244
53.01256404
52.08612346
51.71738002
49.62892335
47.093441
44.8149874
41.57399929
39.14130079
37.15900426
0
0
0
0
0
0
0
0
0
0
0
0
0
0
0
0
0
0
0
0
0
0
0
0
0
0
0
0
0
0
0
0
0
0
0
0
0
0
0
0
0
0
0
0
0
0
0
0
0
0
0
0
0
0
0
0
0
0
0
0
0
0
0
0
0
0
0
0
0
0
0
0
0
0
0
0
0
0
0
0
0
0
0
0
0
0
0
0
0
0
0
0
0
0
0
0
0
0
0
0
0
0
0
0
0
0
0
0
0
0
0
0
0
0
0
0
0
0
0
0
0
0
0
0
0
0
0
0
0
0
0
0
0
0
0
0
0
0
0
0
0
0
0
0
0
0
0
0
0
0
0
0
0
0
0
0
0
0
0
0
0
0
0
0
0
0
0
0
0
0
0
0
0
0
0
0
0
0
0
0
0
0
0
0
0
0
0
0
0
0
0
0
0
0
0
0
0
0
0
0
0
0
0
0
0
0
0
0
0
0
0
0
0
0
0
0
0
0
0
0
0
0
0
0
0
0
0
0
0
0
0
0
0
0
0
0
0
0
0
0
0
0
0
0
0
0
0
0
0
0
0
0
0
0
0
0
0
0
0
0
0
0
0
0
0
0
0
0
0
0
0
0
0
0
0
0
0
0
0
0
0
0
0
0
0
0
0
0
0
0
0
0
0
0
0
0
0
0
0
0
0
0
0
0
0
0
0
0
0
0
0
74.85392052
74.85392052
74.85392052
74.85392052
74.85392052
74.85392052
74.85392052
74.85392052
74.85392052
74.85392052
74.85392052
74.85392052
74.85392052
74.85392052
74.85392052
74.85392052
74.85392052
74.85392052
74.85392052
74.85392052
74.85392052
51.92468592
48.1415722
46.30718449
41.93293001
0
0
0
0
0
0
0
0
0
0
0
0
0
0
0
0
0
0
0
0
0
0
0
0
0
0
0
0
0
0
0
0
0
0
0
0
0
0
0
0
0
0
0
0
0
0
0
0
0
0
0
0
0
0
0
0
0
0
0
0
0
0
0
0
0
0
0
0
0
0
0
0
0
0
0
0
0
0
0
0
0
0
0
0
0
0
0
0
0
0
0
0
0
0
0
0
0
0
0
0
0
0
0
0
0
0
0
0
0
0
0
0
0
0
0
0
0
0
0
0
0
0
0
0
0
0
0
0
0
0
0
0
0
0
0
0
0
0
0
0
0
0
0
0
0
0
0
0
0
0
0
0
0
0
0
0
0
0
0
0
0
0
0
0
0
0
0
0
0
0
0
0
0
0
0
0
0
0
0
0
0
0
0
0
0
0
0
0
0
0
0
0
0
0
0
0
0
0
0
0
0
0
0
0
0
0
0
0
0
0
0
0
0
0
0
0
0
0
0
0
0
0
0
0
0
0
0
0
0
0
0
0
0
0
0
0
0
0
0
0
0
0
0
0
0
0
0
0
0
0
0
0
0
0
0
0
0
0
0
0
0
0
0
0
0
0
0
0
0
0
0
0
0
0
0
0
0
0
0
0
0
0
0
0
0
0
0
0
0
0
0
0
0
0
0
0
0
0
0
0
0
0
0
0
0
0
0
0
0
0
0
0
0
0
0
0
0
0
0
0
0
0
0
0
0
0
0
0
0
0
0
0
0
0
0
0
0
0
0
0
0
0
0
0
0
0
0
0
0
0
0
0
0
0
0
0
0
0
0
0
0
0
0
0
0
0
0
0
0
0
0
0
0
0
0
0
0
0
0
0
0
0
0
0
0
0
0
0
0
0
0
0
0
0
0
0
0
0
0
0
0
0
0
0
0
0
0
0
0
0
0
0
0
0
0
0
0
0
0
0
0
0
0
0
0
0
0
0
0
0
0
0
0
0
0
0
0
0
0
0
0
0
0
0
0
74.85392052
74.85392052
74.85392052
74.85392052
74.85392052
74.85392052
74.85392052
74.85392052
74.85392052
74.85392052
74.85392052
74.85392052
74.85392052
74.85392052
74.85392052
74.85392052
74.85392052
74.85392052
74.85392052
74.85392052
74.85392052
74.85392052
74.85392052
74.85392052
74.85392052
74.85392052
74.85392052
74.85392052
74.85392052
74.85392052
74.85392052
74.85392052
74.85392052
74.85392052
74.85392052
74.85392052
74.85392052
74.85392052
74.85392052
54.21243672
52.67933639
53.53777526
55.05026526
53.47688627
52.42332869
50.37202032
47.49971266
46.53373337
45.11333835
43.08809092
42.46832156
41.46353803
41.29888944
41.70471777
43.35267049
44.53810879
46.23599562
47.07254336
48.87602123
49.28001581
49.18889578
47.59075074
46.11298822
47.26489466
47.41624904
47.57333892
47.47073613
46.52510898
45.51150301
43.98499008
43.58458142
42.26116536
40.8244892
41.10213719
40.14355011
39.25772675
38.92960293
37.31172046
37.67337359
39.92233007
41.53654416
43.27756782
40.87878488
41.19269285
39.33026736
37.85706425
0
0
0
0
0
0
0
0
0
0
0
0
0
0
0
0
0
0
0
0
0
0
0
0
0
0
0
0
0
0
0
0
0
0
0
0
0
0
0
0
0
0
0
0
0
0
0
0
0
0
0
0
0
0
0
0
0
0
0
0
0
0
0
0
0
0
0
0
0
0
0
0
0
0
0
0
0
0
0
0
0
0
0
0
0
0
0
0
0
0
0
0
0
0
0
0
0
0
0
0
0
0
0
0
0
0
0
0
0
0
0
0
0
0
0
0
0
0
0
0
0
0
0
0
0
0
0
0
0
0
0
0
0
0
0
0
0
0
0
0
0
0
0
0
0
0
0
0
0
0
0
0
0
0
0
0
0
0
0
0
0
0
0
0
0
0
0
0
0
0
0
0
0
0
0
0
0
0
0
0
0
0
0
0
0
0
0
0
0
0
0
0
0
0
0
0
0
0
0
0
0
0
0
0
0
0
0
0
0
0
0
0
0
0
0
0
0
0
0
0
0
0
0
0
0
0
0
0
0
0
0
0
0
0
0
0
0
0
0
0
0
0
0
0
0
0
0
0
0
0
0
0
0
0
0
0
0
0
0
0
0
0
0
0
0
0
0
0
0
0
0
0
0
0
0
0
0
0
0
0
0
0
0
0
0
0
0
0
0
0
0
0
0
0
0
0
0
0
74.85392052
74.85392052
74.85392052
74.85392052
74.85392052
74.85392052
74.85392052
74.85392052
74.85392052
74.85392052
74.85392052
74.85392052
74.85392052
74.85392052
74.85392052
74.85392052
74.85392052
74.85392052
74.85392052
74.85392052
74.85392052
74.85392052
74.85392052
74.85392052
74.85392052
74.85392052
74.85392052
74.85392052
74.85392052
74.85392052
74.85392052
74.85392052
74.85392052
74.85392052
74.85392052
74.85392052
74.85392052
74.85392052
74.85392052
74.85392052
74.85392052
74.85392052
74.85392052
74.85392052
74.85392052
51.74365719
48.92010905
47.46278432
45.37186688
45.10574615
44.9281805
44.91522859
45.08639149
46.49765286
47.48461352
48.17680567
49.05547808
50.32421232
51.93501349
53.960558
55.60852419
58.41076984
60.79012664
62.04406361
63.27646366
64.55682301
65.49874684
66.81618894
67.43480622
68.3823387
69.85541533
71.55494427
71.92779947
72.51145345
72.54949486
72.90008864
72.49080055
73.26809404
73.69020085
74.43419288
74.46618995
74.26775376
74.16145677
74.20347645
72.9595653
71.58980591
71.26941061
70.15698286
68.58338212
67.79960277
65.74859776
65.33675725
64.10462444
65.20176051
67.55093687
70.56467166
74.10867571
74.85392052
74.85392052
74.85392052
74.85392052
74.85392052
74.85392052
74.85392052
74.85392052
74.85392052
74.85392052
74.85392052
74.85392052
74.85392052
74.85392052
74.85392052
74.85392052
74.85392052
74.85392052
74.85392052
53.04527435
51.09606436
48.57376938
48.94203278
48.7353502
48.04151565
47.64962407
48.00203752
48.77987852
48.92403366
48.7182736
46.41544612
47.64337338
48.74470744
49.03724545
50.70795856
51.40165857
50.61566691
51.73340197
52.58009817
50.69204539
48.50913227
47.45054885
46.63210461
44.72886467
41.7966961
37.82000818
0
0
0
0
0
0
0
0
0
0
0
0
0
0
0
0
0
0
0
0
0
0
0
0
0
0
0
0
0
0
0
0
0
0
0
0
0
0
0
0
0
0
0
0
0
0
0
0
0
0
0
0
0
0
0
0
0
0
0
0
0
0
0
0
0
0
0
0
0
0
0
0
0
0
0
0
0
0
0
0
0
0
0
0
0
0
0
0
0
0
0
0
0
0
0
0
0
0
0
0
0
0
0
0
0
0
0
0
0
0
0
0
0
0
0
0
0
0
0
0
0
0
0
0
0
0
0
0
0
0
0
0
0
0
0
0
0
0
0
0
0
0
0
0
0
0
0
0
0
0
0
0
0
0
0
0
0
0
0
0
0
0
0
0
0
0
0
0
0
0
0
0
0
0
0
0
0
0
0
0
0
0
0
0
0
0
0
0
0
0
0
0
0
0
0
0
0
0
0
0
0
0
0
0
0
0
0
0
0
0
0
0
0
0
0
0
0
0
0
0
0
0
0
0
0
0
0
0
0
0
0
0
0
0
0
0
0
0
0
0
0
0
0
0
0
0
0
0
0
0
0
0
0
0
0
0
0
0
0
0
0
0
0
0
0
0
0
0
0
0
0
0
0
0
0
0
0
0
0
0
0
0
0
0
0
0
0
0
0
0
0
0
0
0
0
0
0
0
0
0
0
0
0
0
0
0
0
0
0
0
0
0
0
0
0
0
0
0
0
0
0
0
0
0
0
0
0
0
0
0
0
0
0
0
0
0
0
0
0
0
0
0
0
0
0
0
0
0
0
0
0
0
0
0
0
0
0
0
0
0
0
0
0
0
0
0
0
0
0
0
0
0
0
0
0
0
0
0
0
0
0
0
0
0
0
0
0
0
0
0
0
0
0
0
0
0
0
0
0
0
0
0
0
0
0
0
0
0
0
0
0
0
0
0
0
0
0
0
0
0
0
0
0
0
0
0
0
0
0
0
0
0
0
0
0
0
0
0
0
0
0
0
0
0
0
0
0
0
0
0
0
0
0
0
0
0
0
0
0
0
0
0
0
0
0
0
0
0
0
0
0
0
0
0
0
0
0
0
0
0
0
0
0
0
0
0
0
0
0
0
0
0
0
0
0
0
0
0
0
0
0
0
0
0
0
0
0
0
0
0
0
0
0
0
0
0
0
0
0
0
0
0
0
0
0
0
0
0
0
0
0
0
0
0
0
0
0
0
0
0
0
0
0
0
0
0
0
0
0
0
0
0
0
0
0
0
0
0
0
0
0
0
0
0
0
0
0
0
0
0
0
0
0
0
0
0
0
0
0
0
0
0
0
0
0
0
0
0
0
0
0
0
0
0
0
0
0
0
0
0
0
0
0
0
0
0
0
0
0
0
0
0
0
0
0
0
0
0
0
0
0
0
0
0
0
0
0
0
0
0
0
0
0
0
0
0
0
0
0
0
0
0
0
0
0
0
0
0
0
0
0
0
0
0
0
0
0
0
0
0
0
0
0
0
0
0
0
0
0
0
0
0
0
0
0
0
0
0
0
0
0
0
0
0
0
0
0
0
0
0
0
0
0
0
0
0
0
0
0
0
0
0
0
0
0
0
0
0
0
0
0
0
0
0
0
0
0
0
0
0
0
0
0
0
0
0
0
0
0
0
0
0
0
0
0
0
0
0
0
0
0
0
0
0
0
0
0
0
0
0
0
0
0
0
0
0
74.85392052
74.85392052
74.85392052
74.85392052
74.85392052
74.85392052
74.85392052
74.85392052
74.85392052
74.85392052
74.85392052
74.85392052
74.85392052
50.59405634
49.05919007
47.06320527
47.14957171
48.89906828
49.86034007
49.79846903
51.48841267
55.35443937
56.42261138
56.1419563
55.10130496
55.64073043
55.13987487
54.49717862
51.52284708
54.06775242
56.68454898
58.01913758
59.60662473
59.16379454
53.93261519
49.32940633
46.36584846
47.28579684
45.79100946
43.63376369
40.91049916
36.43550361
0
0
0
0
0
0
0
0
0
0
0
0
0
0
0
0
0
0
0
0
0
0
0
0
0
0
0
0
0
0
0
0
0
0
0
0
0
0
0
0
0
0
0
0
0
0
0
0
0
0
0
0
0
0
0
0
0
0
0
0
0
0
0
0
0
0
0
0
0
0
0
0
0
0
0
0
0
0
0
0
0
0
0
0
0
0
0
0
0
0
0
0
0
0
0
0
0
0
0
0
0
0
0
0
0
0
0
0
0
0
0
0
0
0
0
0
0
0
0
0
0
0
0
0
0
0
0
0
0
0
0
0
0
0
0
0
0
0
0
0
0
0
0
0
0
0
0
0
0
0
0
0
0
0
0
0
0
0
0
0
0
0
0
0
0
0
0
0
0
0
0
0
0
0
0
0
0
0
0
0
0
0
0
0
0
0
0
0
0
0
0
0
0
0
0
0
0
0
0
0
0
0
0
0
0
0
0
0
0
0
0
0
0
0
0
0
0
0
0
0
0
0
0
0
0
0
0
0
0
0
0
0
0
0
0
0
0
0
0
0
0
0
0
0
0
0
0
0
0
0
0
0
0
0
0
0
0
0
0
0
0
0
0
0
0
0
0
0
0
0
0
0
0
0
0
0
0
0
0
0
0
0
0
0
0
0
0
0
0
0
0
0
0
0
0
0
0
0
0
0
0
0
0
0
0
0
0
0
0
0
0
0
0
0
0
0
0
0
0
0
0
0
0
0
0
0
0
0
0
0
0
0
0
0
0
0
0
0
0
0
0
0
0
0
0
0
0
0
0
0
0
0
0
0
0
0
0
0
0
0
0
0
0
0
0
0
0
0
0
0
0
0
0
0
0
0
0
0
0
0
0
0
0
0
0
0
0
0
0
0
0
0
0
0
0
0
0
0
0
0
0
0
0
0
0
0
0
0
0
74.85392052
74.85392052
74.85392052
74.85392052
74.85392052
74.85392052
74.85392052
74.85392052
74.85392052
74.85392052
74.85392052
74.85392052
74.85392052
74.85392052
74.85392052
74.85392052
74.85392052
74.85392052
74.85392052
74.85392052
74.85392052
74.85392052
74.85392052
74.85392052
74.85392052
74.85392052
51.75779778
47.44189343
46.32136073
43.85825636
43.25515307
44.53398131
46.87037554
48.03783839
48.95886215
49.05464146
48.9463678
46.86344145
46.14932441
42.17849182
41.16057775
41.41814265
42.59755924
43.03779344
42.9178827
41.54101837
41.19239442
42.02845031
43.47284705
44.29701776
45.72057944
45.07812278
43.93133724
43.66568855
44.86689724
46.10937274
48.83765245
50.77119006
52.6740142
54.64046004
56.86096258
58.39154118
60.81907504
63.36757809
65.96026322
67.17237867
68.5908564
71.15519597
71.98652595
73.68440891
74.42748382
74.85392052
74.85392052
74.85392052
74.85392052
74.85392052
74.85392052
74.85392052
74.85392052
74.85392052
74.85392052
74.85392052
74.85392052
74.85392052
74.85392052
74.85392052
74.85392052
74.85392052
74.85392052
74.85392052
74.85392052
74.85392052
74.85392052
74.85392052
74.85392052
74.85392052
74.85392052
74.85392052
74.85392052
74.85392052
74.85392052
74.85392052
74.85392052
74.85392052
74.85392052
74.85392052
74.85392052
74.85392052
74.85392052
74.85392052
74.85392052
74.85392052
74.85392052
74.85392052
50.40595575
48.12731021
47.8160127
47.31874462
46.73394036
45.80691048
44.75396342
43.75861484
43.61229562
44.5923931
44.40756082
44.79406062
44.32370763
44.17269122
43.00213695
41.94006229
41.66184161
40.65769206
40.34331077
39.78111764
37.26484471
0
0
0
0
0
0
0
0
0
0
0
0
0
0
0
0
0
0
0
0
0
0
0
0
0
0
0
0
0
0
0
0
0
0
0
0
0
0
0
0
0
0
0
0
0
0
0
0
0
0
0
0
0
0
0
0
0
0
0
0
0
0
0
0
0
0
0
0
0
0
0
0
0
0
0
0
0
0
0
0
0
0
0
0
0
0
0
0
0
0
0
0
0
0
0
0
0
0
0
0
0
0
0
0
0
0
0
0
0
0
0
0
0
0
0
0
0
0
0
0
0
0
0
0
0
0
0
0
0
0
0
0
0
0
0
0
0
0
0
0
0
0
0
0
0
0
0
0
0
0
0
0
0
0
0
0
0
0
0
0
0
0
0
0
0
0
0
0
0
0
0
0
0
0
0
0
0
0
0
0
0
0
0
0
0
0
0
0
0
0
0
0
0
0
0
0
0
0
0
0
0
0
0
0
0
0
0
0
0
0
0
0
0
0
0
0
0
0
0
0
0
0
0
0
0
0
0
0
0
0
0
0
0
0
0
0
0
0
0
0
0
0
0
0
0
0
0
0
0
0
0
0
0
0
0
0
0
0
0
0
0
0
0
0
0
0
0
0
0
0
0
0
0
0
0
0
0
0
0
0
0
0
0
0
0
0
0
0
0
0
0
0
0
0
0
0
0
0
0
0
0
0
0
0
0
0
0
0
0
0
0
0
0
0
0
0
0
0
0
0
0
0
0
0
0
0
0
0
0
0
0
0
0
0
0
0
0
0
0
0
0
0
0
0
0
0
0
0
0
0
0
0
0
0
0
0
0
0
0
0
0
0
0
0
0
0
0
0
0
0
0
0
0
0
0
0
0
0
0
0
0
0
0
0
0
0
0
0
0
0
0
0
0
0
0
0
0
0
0
0
0
0
0
0
0
0
0
0
0
0
0
0
0
0
0
0
0
0
0
0
0
0
0
0
0
0
0
0
0
0
0
0
0
0
0
0
74.85392052
74.85392052
74.85392052
74.85392052
74.85392052
74.85392052
74.85392052
74.85392052
74.85392052
74.85392052
74.85392052
74.85392052
74.85392052
74.85392052
74.85392052
74.85392052
74.85392052
74.85392052
74.85392052
74.85392052
74.85392052
74.85392052
74.85392052
74.85392052
74.85392052
74.85392052
74.85392052
74.85392052
74.85392052
74.85392052
74.85392052
74.85392052
74.85392052
74.85392052
74.85392052
74.85392052
74.85392052
74.85392052
74.85392052
74.85392052
74.85392052
74.85392052
74.85392052
74.85392052
49.69944967
46.18022046
42.70250882
39.56006856
37.23116586
0
0
0
0
0
0
0
0
0
0
0
0
0
0
0
0
0
0
0
0
0
0
0
0
0
0
0
0
0
0
0
0
0
0
0
0
0
0
0
0
0
0
0
0
0
0
0
0
0
0
0
0
0
0
0
0
0
0
0
0
0
0
0
0
0
0
0
0
0
0
0
0
0
0
0
0
0
0
0
0
0
0
0
0
0
0
0
0
0
0
0
0
0
0
0
0
0
0
0
0
0
0
0
0
0
0
0
0
0
0
0
0
0
0
0
0
0
0
0
0
0
0
0
0
0
0
0
0
0
0
0
0
0
0
0
0
0
0
0
0
0
0
0
0
0
0
0
0
0
0
0
0
0
0
0
0
0
0
0
0
0
0
0
0
0
0
0
0
0
0
0
0
0
0
0
0
0
0
0
0
0
0
0
0
0
0
0
0
0
0
0
0
0
0
0
0
0
0
0
0
0
0
0
0
0
0
0
0
0
0
0
0
0
0
0
0
0
0
0
0
0
0
0
0
0
0
0
0
0
0
0
0
0
0
0
0
0
0
0
0
0
0
0
0
0
0
0
0
0
0
0
0
0
0
0
0
0
0
0
0
0
0
0
0
0
0
0
0
0
0
0
0
0
0
0
0
0
0
0
0
0
0
0
0
0
0
0
0
0
0
0
0
0
0
0
0
0
0
0
0
0
0
0
0
0
0
0
0
0
0
0
0
0
0
0
0
0
0
0
0
0
0
0
0
0
0
0
0
0
0
0
0
0
0
0
0
0
0
0
0
0
0
0
0
0
0
0
0
0
0
0
0
0
0
0
0
0
0
0
0
0
0
0
0
0
0
0
0
0
0
0
0
0
0
0
0
0
0
0
0
0
0
0
0
0
0
0
0
0
0
0
0
0
0
0
0
0
0
0
0
0
0
0
0
0
0
0
0
0
0
0
0
0
0
0
0
0
0
0
0
0
0
0
0
0
0
0
0
0
0
0
0
0
0
0
0
0
0
0
0
0
0
0
0
0
0
0
0
0
0
0
0
0
0
0
0
0
0
0
0
0
0
0
0
0
0
0
0
0
0
0
0
0
0
0
0
0
0
0
0
0
0
0
0
0
0
0
0
0
0
0
0
0
0
0
0
0
0
0
0
0
0
0
0
0
0
0
0
0
0
0
0
0
0
0
0
0
0
0
0
0
0
0
0
0
0
0
0
0
0
0
0
0
0
0
0
0
0
0
0
0
0
0
0
0
0
0
0
0
0
0
0
0
0
0
0
0
0
0
0
0
0
0
0
0
0
0
0
0
0
0
0
0
0
0
0
0
0
0
0
0
0
0
0
0
0
0
0
0
0
0
0
0
0
0
0
0
0
0
0
0
0
0
0
0
0
0
0
0
0
0
0
0
0
0
0
0
0
0
0
0
0
0
0
0
0
0
0
0
0
0
0
0
0
0
0
0
0
0
0
0
0
0
0
0
0
0
0
0
0
0
0
0
0
0
0
0
0
0
0
0
0
0
0
0
0
0
0
0
0
0
0
0
0
0
0
0
0
0
0
0
0
0
0
0
0
0
0
0
0
0
0
0
0
0
0
0
0
0
0
0
0
0
0
0
0
0
0
0
0
0
0
0
0
0
0
0
74.85392052
74.85392052
74.85392052
74.85392052
74.85392052
74.85392052
74.85392052
74.85392052
74.85392052
74.85392052
74.85392052
74.85392052
74.85392052
74.85392052
74.85392052
74.85392052
74.85392052
74.85392052
74.85392052
74.85392052
74.85392052
74.85392052
74.85392052
74.85392052
74.85392052
74.85392052
74.85392052
74.85392052
74.85392052
74.85392052
74.85392052
74.85392052
74.85392052
74.85392052
74.85392052
74.85392052
74.85392052
74.85392052
74.85392052
74.85392052
74.85392052
74.85392052
74.85392052
74.85392052
74.85392052
74.85392052
74.85392052
74.85392052
50.82954665
48.75210907
46.46760533
44.83754112
44.26715711
44.8985003
46.14270835
47.06130836
48.21374909
49.55691742
50.43014168
50.85234137
52.14999476
53.40746885
54.94721987
55.83093097
56.55665712
57.7160589
58.9118667
60.24139398
60.00957058
60.57576608
61.14194915
61.82312484
62.29899808
63.29744417
63.02197844
62.98589992
63.30568392
62.95729913
62.32557514
61.51141512
61.83853905
61.41602854
61.67362785
61.99057876
62.53129801
63.00745814
61.73544672
61.42153441
60.91520883
60.44930045
59.56579253
58.89208813
58.82598648
59.98175887
61.85046907
63.84363749
67.23258944
69.89181141
71.54480292
72.86035507
74.85392052
74.85392052
74.78378115
74.76378796
74.80135709
74.47681785
73.7817271
72.57718725
71.56324785
71.53597099
71.46821262
69.41015154
69.05318161
69.45137906
68.26963295
0
0
0
0
0
0
0
0
0
0
0
0
0
0
0
0
0
0
0
0
0
0
0
0
0
0
0
0
0
0
0
0
0
0
0
0
0
0
0
0
0
0
0
0
0
0
0
0
0
0
0
0
0
0
0
0
0
0
0
0
0
0
0
0
0
0
0
0
0
0
0
0
0
0
0
0
0
0
0
0
74.85392052
74.85392052
74.85392052
74.85392052
74.85392052
74.85392052
74.85392052
74.85392052
74.85392052
74.85392052
74.85392052
74.85392052
74.85392052
74.85392052
74.85392052
74.85392052
74.85392052
74.85392052
74.85392052
74.85392052
74.85392052
74.85392052
74.85392052
74.85392052
74.85392052
74.85392052
74.85392052
74.85392052
74.85392052
74.85392052
74.85392052
74.85392052
74.85392052
74.85392052
74.85392052
74.85392052
74.85392052
74.85392052
74.85392052
74.85392052
74.85392052
74.85392052
74.85392052
74.85392052
74.85392052
74.85392052
52.30978826
51.10329688
49.74338502
48.97514552
48.32053098
48.3258096
47.89920299
48.34330065
49.06423819
50.15187128
51.41607243
51.59597802
52.31708992
52.74463318
52.6331973
52.9383524
53.53366948
54.14952149
54.9554752
55.43608652
56.22457685
56.88847208
58.50086317
59.82783139
60.24675857
60.75901257
61.04622204
61.09650855
60.04198004
57.91733193
56.35922085
54.8142028
54.52131201
53.16976633
52.00023611
49.8501008
47.69803297
44.76852445
42.01773959
39.77971189
37.49858674
0
0
0
0
0
0
0
0
0
0
0
0
0
0
0
0
0
0
0
0
0
0
0
0
0
0
0
0
0
0
0
0
0
0
0
0
0
0
0
0
0
0
0
0
0
0
0
0
0
0
0
0
0
0
0
0
0
0
0
0
0
0
0
0
0
0
0
0
0
0
0
0
0
0
0
0
0
0
0
0
0
0
0
0
0
0
0
0
0
0
0
0
0
0
0
0
0
0
0
0
0
0
0
0
0
0
0
0
0
0
0
0
0
0
0
0
0
0
0
0
0
0
0
0
0
0
0
0
0
0
0
0
0
0
0
0
0
0
0
0
0
0
0
0
0
0
0
0
0
0
0
0
0
0
0
0
0
0
0
0
0
0
0
0
0
0
0
0
0
0
0
0
0
0
0
0
0
0
0
0
0
0
0
0
0
0
0
0
0
0
0
0
0
0
0
0
0
0
0
0
0
0
0
0
0
0
0
0
0
0
0
0
0
0
0
0
0
0
0
0
0
0
0
0
0
0
0
0
0
0
0
0
0
0
0
0
0
0
0
0
0
0
0
0
0
0
0
0
0
0
0
0
0
0
0
0
0
0
0
0
0
0
0
0
0
0
0
0
0
0
0
0
0
0
0
0
0
0
0
0
0
0
0
0
0
0
0
0
0
0
0
0
0
0
0
0
0
0
0
0
0
0
0
0
0
0
0
0
0
0
0
0
0
0
0
0
0
0
0
0
0
0
0
0
0
0
0
0
0
0
0
0
0
0
0
0
0
0
0
0
0
0
0
0
0
0
0
0
0
0
0
0
0
0
0
0
0
0
0
0
0
0
0
0
0
0
0
0
0
0
0
0
0
0
0
0
0
0
0
0
0
0
0
0
0
0
0
0
0
0
0
0
0
0
0
0
0
0
0
0
0
0
0
0
0
0
0
0
0
0
0
0
0
0
0
0
0
0
0
0
0
0
0
0
0
0
0
0
0
0
0
0
0
0
0
0
0
0
0
0
0
0
0
0
0
0
0
0
0
0
0
0
0
0
0
0
0
0
0
0
0
0
0
0
0
0
0
0
0
0
0
0
0
0
0
0
0
0
0
0
0
0
0
0
0
0
0
0
0
0
0
0
0
0
0
0
0
0
0
0
0
0
0
0
0
0
0
0
0
0
0
0
0
0
0
0
0
0
0
0
0
0
0
0
0
0
0
0
0
0
0
0
0
0
0
0
0
0
0
0
0
0
0
0
0
0
0
0
0
0
0
0
0
0
0
0
0
0
0
0
0
0
0
0
0
0
0
0
0
0
0
0
0
0
0
0
0
0
0
0
0
0
0
0
0
0
0
0
0
0
0
0
0
0
0
0
0
0
0
0
0
0
0
0
0
0
0
0
0
0
0
0
0
0
0
0
0
0
0
0
0
0
0
0
0
0
0
0
0
0
0
0
0
0
0
0
0
0
0
0
0
0
0
0
0
0
0
0
0
0
0
0
0
0
0
0
0
0
0
0
0
0
0
0
0
0
0
0
0
0
0
0
0
0
0
0
0
0
0
0
0
0
0
0
0
0
0
0
0
0
0
0
0
0
0
0
0
0
0
0
0
0
0
0
0
0
0
0
0
0
0
0
0
0
0
0
0
0
0
0
0
0
0
0
0
0
0
0
0
0
0
0
0
0
0
0
0
0
0
0
0
0
0
0
0
0
0
0
0
0
0
0
0
0
0
0
0
0
0
0
0
0
0
0
0
0
0
0
0
0
0
0
0
0
0
0
0
0
0
0
0
0
0
0
0
0
0
0
0
0
0
0
0
0
0
0
0
0
0
0
0
0
0
0
0
0
0
0
0
0
0
0
0
0
0
0
0
0
0
0
0
0
0
0
0
0
0
0
0
0
0
0
0
0
0
0
0
0
0
0
0
0
0
0
0
0
0
0
0
0
0
0
0
0
0
0
0
0
0
0
0
0
0
0
0
0
0
0
0
0
0
0
0
0
0
0
0
0
0
0
0
0
0
0
0
0
0
0
0
0
0
0
0
0
0
0
0
0
0
0
0
0
0
0
0
0
0
0
0
0
0
0
0
0
0
0
0
0
0
0
0
0
0
0
0
0
0
0
0
0
0
0
0
0
0
0
0
0
0
0
0
0
0
0
0
0
0
0
0
0
0
0
0
0
0
0
0
0
0
0
0
0
0
0
0
0
0
0
0
0
0
0
0
0
0
0
0
0
0
0
0
0
0
0
0
0
0
0
0
0
0
0
0
0
0
0
0
0
0
0
0
0
0
0
0
0
0
0
0
0
0
0
0
0
0
0
0
0
0
0
0
0
0
0
0
0
0
0
0
0
0
0
0
0
0
0
0
0
0
0
0
0
0
0
0
0
0
0
0
0
0
0
0
0
0
0
0
0
0
0
0
0
0
0
0
0
0
0
0
0
0
0
0
0
0
0
0
0
0
0
0
0
0
0
0
0
0
0
0
0
0
0
0
0
0
0
0
0
0
0
0
0
0
0
0
0
0
0
0
0
0
0
0
0
0
0
0
0
0
0
0
0
0
0
0
0
0
0
0
0
0
0
0
0
0
0
0
0
0
0
0
0
0
0
0
0
0
0
0
0
0
0
0
0
0
0
0
0
0
0
0
0
0
0
0
0
0
0
0
0
0
0
0
0
0
0
0
0
0
0
0
0
0
0
0
0
0
0
0
0
0
0
0
0
0
0
0
0
0
0
0
0
0
0
0
0
0
0
0
0
0
0
0
0
0
0
0
0
0
0
0
0
0
0
0
0
0
0
0
0
0
0
0
0
0
0
0
0
0
0
0
0
0
0
0
0
0
0
0
0
0
0
0
0
0
0
0
0
0
0
0
0
0
0
0
0
0
0
0
0
0
0
0
0
0
0
0
0
0
0
0
0
0
0
0
0
0
0
0
0
0
0
0
0
0
0
0
0
0
0
0
0
0
0
0
0
0
0
0
0
0
0
0
0
0
0
0
0
0
0
0
0
0
0
0
0
0
0
0
0
0
0
0
0
0
0
0
0
0
0
0
0
0
0
0
0
0
0
0
0
0
0
0
0
0
0
0
0
0
0
0
0
0
0
0
0
0
0
0
0
0
0
0
0
0
0
0
0
0
0
0
0
0
0
0
0
0
0
0
0
0
0
0
0
0
0
0
0
0
0
0
0
0
0
0
0
0
0
0
0
0
0
0
0
0
0
0
0
0
0
0
0
0
0
0
0
0
0
0
0
0
0
0
0
0
0
0
0
0
0
0
0
0
0
0
0
0
0
0
0
0
74.85392052
74.85392052
74.85392052
74.85392052
74.85392052
74.85392052
74.85392052
74.85392052
74.85392052
74.85392052
74.85392052
74.85392052
74.85392052
74.85392052
52.77900638
51.61596983
49.38340888
47.44277264
45.64111683
43.6717877
41.75800589
40.44757596
38.54384765
37.6865855
36.84547366
36.55333592
0
0
0
0
0
0
0
0
0
0
0
0
0
0
0
0
0
0
0
0
0
0
0
0
0
0
0
0
0
0
0
0
0
0
0
0
0
0
0
0
0
0
0
0
0
0
0
0
0
0
0
0
0
0
0
0
0
0
0
0
0
0
0
0
0
0
0
0
0
0
0
0
0
0
0
0
0
0
0
0
0
0
0
0
0
0
0
0
0
0
0
0
0
0
0
0
0
0
0
0
0
0
0
0
0
0
0
0
0
0
0
0
0
0
0
0
0
0
0
0
0
0
0
0
0
0
0
0
0
0
0
0
0
0
0
0
0
0
0
0
0
0
0
0
0
0
0
0
0
0
0
0
0
0
0
0
0
0
0
0
0
0
0
0
0
0
0
0
0
0
0
0
0
0
0
0
0
0
0
0
0
0
0
0
0
0
0
0
0
0
0
0
0
0
0
0
0
0
0
0
0
0
0
0
0
0
0
0
0
0
0
0
0
0
0
0
0
0
0
0
0
0
0
0
0
0
0
0
0
0
0
0
0
0
0
0
0
0
0
0
0
0
0
0
0
0
0
0
0
0
0
0
0
0
0
0
0
0
0
0
0
0
0
0
0
0
0
0
0
0
0
0
0
0
0
0
0
0
0
0
0
0
0
0
0
0
0
0
0
0
0
0
0
0
0
0
0
0
0
0
0
0
0
0
0
0
0
0
0
0
0
0
0
0
0
0
0
0
0
0
0
0
0
0
0
0
0
0
0
0
0
0
0
0
0
0
0
0
0
0
0
0
0
0
0
0
0
0
0
0
0
0
0
0
0
0
0
0
0
0
0
0
0
0
0
0
0
0
0
0
0
0
0
0
0
0
0
0
0
0
0
0
0
0
0
0
0
0
0
0
0
0
0
0
0
0
0
0
0
0
0
0
0
0
0
0
0
0
0
0
0
0
0
0
0
0
0
0
0
0
0
0
0
0
0
0
0
0
0
0
0
0
0
0
0
0
0
0
0
0
0
0
0
0
0
0
0
0
0
0
0
0
0
0
0
0
0
0
0
0
0
0
0
0
0
0
0
0
0
0
0
0
0
0
0
0
0
0
0
0
0
0
0
0
0
0
0
0
0
0
0
0
0
0
0
0
0
0
0
0
0
0
0
0
0
0
0
0
0
0
0
0
0
0
0
0
0
0
0
0
0
0
0
0
0
0
0
0
0
0
0
0
0
0
0
0
0
0
0
0
0
0
0
0
0
0
0
0
0
0
0
0
0
0
0
0
0
0
0
0
0
0
0
0
0
0
0
0
0
0
0
0
0
0
0
0
0
0
0
0
0
0
0
0
0
0
0
0
0
0
0
0
0
0
0
0
0
0
0
0
0
0
0
0
0
0
0
0
0
0
0
0
0
0
0
0
0
0
0
0
0
0
0
0
0
0
0
0
0
0
0
0
0
0
0
0
0
0
0
0
0
0
0
0
0
0
0
0
0
0
0
0
0
0
0
0
0
0
0
0
0
0
0
0
0
0
0
0
0
0
0
0
0
0
0
0
0
0
0
0
0
0
0
0
0
0
0
0
0
0
0
0
0
0
0
0
0
0
0
0
0
0
0
0
0
0
0
0
0
0
0
0
0
0
0
0
0
0
0
0
0
0
0
0
0
0
0
0
0
0
0
0
0
0
0
0
0
0
0
0
0
0
0
0
0
0
0
0
0
0
0
0
0
0
0
0
0
0
0
0
0
0
0
0
0
0
0
0
0
0
0
0
0
0
0
0
0
0
0
0
0
0
0
0
0
0
0
0
0
0
0
0
0
0
0
0
0
0
0
0
0
0
0
0
0
0
0
0
0
0
0
0
0
0
0
0
0
0
0
0
0
0
0
0
0
0
0
0
0
0
0
0
0
0
0
0
0
0
0
0
0
0
0
0
0
0
0
0
0
0
0
0
0
0
0
0
0
0
0
0
0
0
0
0
0
0
0
0
0
0
0
0
0
0
0
0
0
0
0
0
0
0
0
0
0
0
0
0
0
0
0
0
0
0
0
0
0
0
0
0
0
0
0
0
0
0
0
0
0
0
0
0
0
0
0
0
0
0
0
0
0
0
0
0
0
0
0
0
0
0
0
0
0
0
0
0
0
0
74.85392052
74.85392052
74.85392052
74.85392052
74.85392052
74.85392052
74.85392052
74.85392052
51.70778878
49.76435892
48.51705669
47.26910484
46.71435763
45.69573431
45.13071349
44.99425547
45.08866396
45.16199603
45.04275091
43.92562716
44.18707243
44.34371087
43.53936751
43.1980759
42.43145052
41.83745088
41.73948115
41.19636331
40.84733047
40.89026726
40.61896489
39.31338042
38.34461837
37.47228152
36.50850143
0
0
0
0
0
0
0
0
0
0
0
0
0
0
0
0
0
0
0
0
0
0
0
0
0
0
0
0
0
0
0
0
0
0
0
0
0
0
0
0
0
0
0
0
0
0
0
0
0
0
0
0
0
0
0
0
0
0
0
0
0
0
0
0
0
0
0
0
0
0
0
0
0
0
0
0
0
0
0
0
0
0
0
0
0
0
0
0
0
0
0
0
0
0
0
0
0
0
0
0
0
0
0
0
0
0
0
0
0
0
0
0
0
0
0
0
0
0
0
0
0
0
0
0
0
0
0
0
0
0
0
0
0
0
0
0
0
0
0
0
0
0
0
0
0
0
0
0
0
0
0
0
0
0
0
0
0
0
0
0
0
0
0
0
0
0
0
0
0
0
0
0
0
0
0
0
0
0
0
0
0
0
0
0
0
0
0
0
0
0
0
0
0
0
0
0
0
0
0
0
0
0
0
0
0
0
0
0
0
0
0
0
0
0
0
0
0
0
0
0
0
0
0
0
0
0
0
0
0
0
0
0
0
0
0
0
0
0
0
0
0
0
0
0
0
0
0
0
0
0
0
0
0
0
0
0
0
0
0
0
0
0
0
0
0
0
0
0
0
0
0
0
0
0
0
0
0
0
0
0
0
0
0
0
0
0
0
0
0
0
0
0
0
0
0
0
0
0
0
0
0
0
0
0
0
0
0
0
0
0
0
0
0
0
0
0
0
0
0
0
0
0
0
0
0
0
0
0
0
0
0
0
0
0
0
0
0
0
0
0
0
0
0
0
0
0
0
0
0
0
0
0
0
0
0
0
0
0
0
0
0
0
0
0
0
0
0
0
0
0
0
0
0
0
0
0
0
0
0
0
0
0
0
0
0
0
0
0
0
0
0
0
0
0
0
0
0
0
0
0
0
0
0
0
0
0
0
0
0
0
0
0
0
0
0
0
0
0
0
0
0
0
0
0
0
0
0
0
0
0
0
0
0
0
0
0
0
0
0
0
0
0
0
0
0
0
0
0
0
0
0
0
0
0
0
0
0
0
0
0
0
0
0
0
0
0
0
0
0
0
0
0
0
0
0
0
0
0
0
0
0
0
0
0
0
0
0
0
0
0
0
0
0
0
0
0
0
0
0
0
0
0
0
0
0
0
0
0
0
0
0
0
0
0
0
0
0
0
0
0
0
0
0
0
0
0
0
0
0
0
0
0
0
0
0
0
0
0
0
0
0
0
0
0
0
0
0
0
0
0
0
0
0
0
0
0
0
0
0
0
0
0
0
0
0
0
0
0
0
0
0
0
0
0
0
0
0
0
0
0
0
0
0
0
0
0
0
0
0
0
0
0
0
0
0
0
0
0
0
0
0
0
0
0
0
0
0
0
0
0
0
0
0
0
0
0
0
0
0
0
0
0
0
0
0
0
0
0
0
0
0
0
0
0
0
0
0
0
0
0
0
0
0
0
0
0
0
0
0
0
0
0
0
0
0
0
0
0
0
0
0
0
0
0
0
0
0
0
0
0
0
0
0
0
0
0
0
0
0
0
0
0
0
0
0
0
0
0
0
0
0
0
0
0
0
0
0
0
0
0
0
0
0
0
0
0
0
0
0
0
0
0
0
0
0
0
0
0
0
0
0
0
0
0
0
0
0
0
0
0
0
0
0
0
0
0
0
0
0
0
0
0
0
0
0
0
0
0
0
0
0
0
0
0
0
0
0
0
0
0
0
0
0
0
0
0
0
0
0
0
0
0
0
0
0
0
0
0
0
0
0
0
0
0
0
0
0
0
0
0
0
0
0
0
0
0
0
0
0
0
0
0
0
0
0
0
0
0
0
0
0
0
0
0
0
0
0
0
0
0
0
0
0
0
0
0
0
0
0
0
0
0
0
0
0
0
0
0
0
0
0
0
0
0
0
0
0
0
0
0
0
0
0
0
0
0
0
0
0
0
0
0
0
0
0
0
0
0
0
0
0
0
0
0
0
0
0
0
0
0
0
0
0
0
0
0
0
0
0
0
0
0
0
0
0
0
0
0
0
0
0
0
0
0
0
0
0
0
0
0
0
0
0
0
0
0
0
0
0
0
0
0
0
0
0
0
0
0
0
0
0
0
0
0
0
0
0
0
0
0
0
0
0
0
0
0
0
0
0
0
0
0
0
0
0
0
0
0
0
0
0
0
0
0
0
0
0
0
0
0
0
0
0
0
0
0
0
0
0
0
0
0
0
0
0
0
0
0
0
0
0
0
0
0
0
0
0
0
0
0
0
0
0
0
0
0
0
0
0
0
0
0
0
0
0
0
0
0
0
0
0
0
0
0
0
0
0
0
0
0
0
0
0
0
0
0
0
0
0
0
0
0
0
0
0
0
0
0
0
0
0
0
0
0
0
0
0
0
0
0
0
0
0
0
0
0
0
0
0
0
0
0
0
0
0
0
0
0
0
0
0
0
0
0
0
0
0
0
0
0
0
0
0
0
0
0
0
0
0
0
0
0
0
0
0
0
0
0
0
0
0
0
0
0
0
0
0
0
0
0
0
0
0
0
0
0
0
0
0
0
0
0
0
0
0
0
0
0
0
0
0
0
0
0
0
0
0
0
0
0
0
0
0
0
0
0
0
0
0
0
0
0
0
0
0
0
0
0
0
0
0
0
0
0
0
0
0
0
0
0
0
0
0
0
0
0
0
0
0
0
0
0
0
0
0
0
0
0
0
0
0
0
0
0
0
0
0
0
0
0
0
0
0
0
0
0
0
0
0
0
0
0
0
0
0
0
0
0
0
0
0
0
0
0
0
0
0
0
0
0
0
0
0
0
0
0
0
0
0
0
0
0
0
0
0
0
0
0
0
0
0
0
0
0
0
0
0
0
0
0
0
0
0
0
0
0
0
0
0
0
0
0
0
0
0
0
0
0
0
0
0
0
0
0
0
0
0
0
0
0
0
0
0
0
0
0
0
0
0
0
0
0
74.85392052
74.85392052
74.85392052
74.85392052
74.85392052
74.85392052
74.85392052
74.85392052
74.85392052
74.85392052
74.85392052
74.85392052
74.85392052
74.85392052
74.85392052
74.85392052
74.85392052
74.85392052
74.85392052
74.85392052
74.85392052
74.85392052
74.85392052
74.85392052
74.85392052
74.85392052
74.85392052
74.85392052
74.85392052
74.85392052
74.85392052
74.85392052
74.85392052
74.85392052
52.63885902
49.06554874
44.16366245
39.50550947
0
0
0
0
0
0
0
0
0
0
0
0
0
0
0
0
0
0
0
0
0
0
0
0
0
0
0
0
0
0
0
0
0
0
0
0
0
0
0
0
0
0
0
0
0
0
0
0
0
0
0
0
0
0
74.85392052
74.85392052
74.85392052
74.85392052
74.85392052
74.85392052
74.85392052
74.85392052
74.85392052
74.85392052
74.85392052
74.85392052
74.85392052
74.85392052
74.85392052
74.85392052
74.85392052
74.85392052
74.85392052
74.85392052
74.85392052
74.85392052
74.85392052
74.85392052
74.85392052
74.85392052
74.85392052
54.86105702
55.90479447
55.70004352
55.75394914
55.74663973
56.22595831
55.53487208
55.38300243
55.12335534
52.73239301
50.1841971
46.21730028
41.88225971
36.69270009
0
0
0
0
0
0
0
0
0
0
0
0
0
0
0
0
0
0
0
0
0
0
0
0
0
0
0
0
0
0
0
0
0
0
0
0
0
0
0
0
0
0
0
0
0
0
0
0
0
0
0
0
0
74.85392052
74.85392052
74.85392052
74.85392052
74.85392052
74.85392052
74.85392052
74.85392052
74.85392052
74.85392052
74.85392052
74.85392052
74.85392052
74.85392052
74.85392052
74.85392052
74.85392052
74.85392052
74.85392052
74.85392052
74.85392052
74.85392052
74.85392052
74.85392052
74.85392052
74.85392052
74.85392052
74.85392052
74.85392052
74.85392052
74.85392052
74.85392052
74.85392052
74.85392052
74.85392052
74.85392052
54.07062861
53.35248526
50.32217113
47.13172194
44.13747296
40.26433013
0
0
0
0
0
0
0
0
0
0
0
0
0
0
0
0
0
0
0
0
0
0
0
0
0
0
0
0
0
0
0
0
0
0
0
0
0
0
0
0
0
0
0
0
0
0
0
0
0
0
0
0
0
0
74.85392052
74.85392052
74.85392052
74.85392052
74.85392052
74.85392052
74.85392052
74.85392052
74.85392052
74.85392052
74.85392052
74.85392052
74.85392052
74.85392052
74.85392052
74.85392052
74.85392052
74.85392052
74.85392052
74.85392052
74.85392052
74.85392052
74.85392052
74.85392052
74.85392052
74.85392052
74.85392052
74.85392052
74.85392052
74.85392052
74.85392052
74.85392052
74.85392052
74.85392052
74.85392052
52.29288134
50.8056194
49.19182049
46.36781314
41.87251594
38.84558937
0
0
0
0
0
0
0
0
0
0
0
0
0
0
0
0
0
0
0
0
0
0
0
0
0
0
0
0
0
0
0
0
0
0
0
0
0
0
0
0
0
0
0
0
0
0
0
0
0
0
0
0
0
0
0
0
0
0
0
0
0
0
0
0
0
0
0
0
0
0
0
0
0
0
0
0
0
0
0
0
0
0
0
0
0
0
0
0
0
0
0
0
0
0
0
0
0
0
0
0
0
0
0
0
0
0
0
0
0
0
0
0
0
0
0
0
0
0
0
0
0
0
0
0
0
0
0
0
0
0
0
0
0
0
0
0
0
0
0
0
0
0
0
0
0
0
0
0
0
0
0
0
0
0
0
0
0
0
0
0
0
0
0
0
0
0
0
0
0
0
0
0
0
0
0
0
0
0
0
0
0
0
0
0
0
0
0
0
0
0
0
0
0
0
0
0
0
0
0
0
0
0
0
0
0
0
0
0
0
0
0
0
0
0
0
0
0
0
0
0
0
0
0
0
0
0
0
0
0
0
0
0
0
0
0
0
0
0
0
0
0
0
0
0
0
0
0
0
0
0
0
0
0
0
0
0
0
0
0
0
0
0
0
0
0
0
0
0
0
0
0
0
0
0
0
0
0
0
0
0
0
0
0
0
0
0
0
0
0
0
0
0
0
0
0
0
0
0
0
0
0
0
0
0
0
0
0
0
0
0
0
0
0
0
0
0
0
0
0
0
0
0
0
0
0
0
0
0
0
0
0
0
0
0
0
0
0
0
0
0
0
0
0
0
0
0
0
0
0
0
0
0
0
0
0
0
0
0
0
0
0
0
0
0
0
0
0
0
0
0
0
0
0
0
0
0
0
0
0
0
0
0
0
0
0
0
0
0
0
0
0
0
0
0
0
0
0
0
0
0
0
0
0
0
0
0
0
0
0
0
0
0
0
0
0
0
0
0
0
0
0
0
0
0
0
0
0
0
0
0
0
0
0
0
0
0
0
0
0
0
0
0
0
0
0
0
0
0
0
0
0
0
0
0
0
0
0
0
0
0
0
0
0
0
0
0
0
0
0
0
0
0
0
0
0
0
0
0
0
0
0
0
0
0
0
0
0
0
0
0
0
0
0
0
0
0
0
0
0
0
0
0
0
0
0
0
0
0
0
0
0
0
0
0
0
0
0
0
0
0
0
0
0
0
0
0
0
0
0
0
0
0
0
0
0
0
0
0
0
0
0
0
0
0
0
0
0
0
0
0
0
0
0
0
0
0
0
0
0
0
0
0
0
0
0
0
0
0
0
0
0
0
0
0
0
0
0
0
0
0
0
0
0
0
0
0
0
0
0
0
0
0
0
0
0
0
0
0
0
0
0
0
0
0
0
0
0
0
0
0
0
0
0
0
0
0
0
0
0
0
0
0
0
0
0
0
0
0
0
0
0
0
0
0
0
0
0
0
0
0
0
0
0
0
0
0
0
0
0
0
0
0
0
0
0
0
0
0
0
0
0
0
0
0
0
0
0
0
0
0
0
0
0
0
0
0
0
0
0
0
0
0
0
0
0
0
0
0
0
0
0
0
0
0
0
0
0
0
0
0
0
0
0
0
0
0
0
0
0
0
0
0
0
0
0
0
0
0
0
0
0
0
0
0
0
0
0
0
0
0
0
0
0
0
0
0
0
0
0
0
0
0
0
0
0
0
0
0
0
0
0
0
0
0
0
0
0
0
0
0
0
0
0
0
0
0
0
0
0
0
0
0
0
0
0
0
0
0
0
0
0
0
0
0
0
0
0
0
0
0
0
0
0
0
0
0
0
0
0
0
0
0
0
0
0
0
0
0
0
0
0
0
0
0
0
0
0
0
0
0
0
0
0
0
0
0
0
0
0
0
0
0
0
0
0
0
0
0
0
0
0
0
0
0
0
0
0
0
0
0
0
0
0
0
0
0
0
0
0
0
0
0
0
0
0
0
0
0
0
0
0
0
0
0
0
0
0
0
0
0
0
0
0
0
0
0
0
0
0
0
0
0
0
0
0
0
0
0
0
0
0
0
0
0
0
0
0
0
0
0
0
0
0
0
0
0
0
0
0
0
0
0
0
0
0
0
0
0
0
0
0
0
0
0
0
0
0
0
0
0
0
0
0
0
0
0
0
0
0
0
0
0
0
0
0
0
0
0
0
0
0
0
0
0
0
0
0
0
0
0
0
0
0
0
0
0
0
0
0
0
0
0
0
0
0
0
0
0
0
0
0
0
0
0
0
0
0
0
0
0
0
0
0
0
0
0
0
0
0
0
0
0
0
0
0
0
0
0
0
0
0
0
0
0
0
0
0
0
0
0
0
0
0
0
0
0
0
0
0
0
0
0
0
0
0
0
0
0
0
0
0
0
0
0
0
0
0
0
0
0
0
0
0
0
0
0
0
0
0
0
0
0
0
0
0
0
0
0
0
0
0
0
0
0
0
0
0
0
0
0
0
0
0
0
0
0
0
0
0
0
0
0
0
0
0
0
0
0
0
0
0
0
0
0
0
0
0
0
0
0
0
0
0
0
0
0
0
0
0
0
0
0
0
0
0
0
0
0
0
0
0
0
0
0
0
0
0
0
0
0
0
0
0
0
0
0
0
0
0
0
0
0
0
0
0
0
0
0
0
0
0
0
0
0
0
0
0
0
0
0
0
0
0
0
0
0
0
0
0
0
0
0
0
0
0
0
0
0
0
0
0
0
0
0
0
0
0
0
0
0
0
0
0
0
0
0
0
0
0
0
0
0
0
0
0
0
0
0
0
0
0
0
0
0
0
0
0
0
0
0
0
0
0
0
0
0
0
0
0
0
0
0
0
0
0
0
0
0
0
0
0
0
0
0
0
0
0
0
0
0
0
0
0
0
0
0
0
0
0
0
0
0
0
0
0
0
0
0
0
0
0
0
0
0
0
0
0
0
0
0
0
0
0
0
0
0
0
0
0
0
0
0
0
0
0
0
0
0
0
0
0
0
0
0
0
0
0
0
0
0
0
0
0
0
0
0
0
0
0
0
0
0
0
0
0
0
0
0
0
0
0
0
0
0
0
0
0
0
0
0
0
0
0
0
0
0
0
0
0
0
0
0
0
0
0
0
0
0
0
0
0
0
0
0
0
0
0
0
0
0
0
0
0
0
0
0
0
0
0
0
0
0
0
0
0
0
0
0
0
0
0
0
0
0
0
0
0
0
0
0
0
0
0
0
0
0
0
0
0
0
0
0
0
0
0
0
0
0
0
0
0
0
0
0
0
0
0
0
0
0
0
0
0
0
0
0
0
0
0
0
0
0
0
0
0
0
0
0
0
0
0
0
0
0
0
0
0
0
0
0
0
0
0
0
0
0
0
0
0
0
0
0
0
0
0
0
0
0
0
0
0
0
0
0
0
0
0
0
0
0
0
0
0
0
0
0
0
0
0
0
0
0
0
0
0
0
0
0
0
0
0
0
0
0
0
0
0
0
0
0
0
0
0
0
0
0
0
0
0
0
0
0
0
0
0
0
0
0
0
0
0
0
0
0
0
0
0
0
0
0
0
0
0
0
0
0
0
0
0
0
0
0
0
0
0
0
0
0
0
0
0
0
0
0
0
0
0
0
0
0
0
0
0
0
0
0
0
0
0
0
0
0
0
0
0
0
0
0
0
0
0
0
0
0
0
0
0
0
0
0
0
0
0
0
0
0
0
0
0
0
0
0
0
0
0
0
0
0
0
0
0
0
0
0
0
0
0
0
0
0
0
0
0
0
0
0
0
0
0
0
0
0
0
0
0
0
0
0
0
0
0
0
0
0
0
0
0
0
0
0
0
0
0
0
0
0
0
0
0
0
0
0
0
0
0
0
0
0
0
0
0
0
0
0
0
0
0
0
0
0
0
0
0
0
0
0
0
0
0
0
0
0
0
0
0
0
0
0
0
0
0
0
0
0
0
0
0
0
0
0
0
0
0
0
0
0
0
0
0
0
0
0
0
0
0
0
0
0
0
0
0
0
0
0
0
0
0
0
0
0
0
0
0
0
0
0
0
0
0
0
0
0
0
0
0
0
0
0
0
0
0
0
0
0
0
0
0
0
0
0
0
0
0
0
0
0
0
0
0
0
0
0
0
0
0
0
0
0
0
0
0
0
0
0
0
0
0
0
0
0
0
0
0
0
0
0
0
0
0
0
0
0
0
0
0
0
0
0
0
0
0
0
0
0
0
0
0
0
0
0
0
0
0
0
0
0
0
0
0
0
0
0
0
0
0
0
0
0
0
0
0
0
0
0
0
0
0
0
0
0
0
0
0
0
0
0
0
0
0
0
0
0
0
0
0
0
0
0
0
0
0
0
0
0
0
0
0
0
0
0
0
0
0
0
0
0
0
0
0
0
0
0
0
0
0
0
0
0
0
0
0
0
0
0
0
0
0
0
0
0
0
0
0
0
0
0
0
0
0
0
0
0
0
0
0
0
0
0
0
0
0
0
0
0
0
0
0
0
0
0
0
0
0
0
0
0
0
0
0
0
0
0
0
0
0
0
0
0
0
0
0
0
0
0
0
0
0
0
0
0
0
0
0
0
0
0
0
0
0
0
0
0
0
0
0
0
0
0
0
0
0
0
0
0
0
0
0
0
0
0
0
0
0
0
0
0
0
0
0
0
0
0
0
0
0
0
0
0
0
0
0
0
0
0
0
0
0
0
0
0
0
0
0
0
0
0
0
0
0
0
0
0
0
0
0
0
0
0
0
0
0
0
0
0
0
0
0
0
0
0
0
0
0
0
0
0
0
0
0
0
0
0
0
0
0
0
0
0
0
0
0
0
0
0
0
0
0
0
0
0
0
0
0
0
0
0
0
0
0
0
0
0
0
0
0
0
0
0
0
0
0
0
0
0
0
0
0
0
0
0
0
0
0
0
0
0
0
0
0
0
0
0
0
0
0
0
0
0
0
0
0
0
0
0
0
0
0
0
0
0
0
0
0
0
0
0
0
0
0
0
0
0
0
0
0
0
0
0
0
0
0
0
0
0
0
0
0
0
0
0
0
0
0
0
0
0
0
0
0
0
0
0
0
0
0
0
0
0
0
0
0
0
0
0
0
0
0
0
0
0
0
0
0
0
0
0
0
0
0
0
0
0
0
0
0
0
0
0
0
0
0
0
0
0
0
0
0
0
0
0
0
0
0
0
0
0
0
0
0
0
0
0
0
0
0
0
0
0
0
0
0
0
0
0
0
0
0
0
0
0
0
0
0
0
0
0
0
0
0
0
0
0
0
0
0
0
0
0
0
0
0
0
0
0
0
0
0
0
0
0
0
0
0
0
0
0
0
0
0
0
0
0
0
0
0
0
0
0
0
0
0
0
0
0
0
0
0
0
0
0
0
0
0
0
0
0
0
0
0
0
0
0
0
0
0
0
0
0
0
0
0
0
0
0
0
0
0
0
0
0
0
0
0
0
0
0
0
0
0
0
0
0
0
0
0
0
0
0
0
0
0
0
0
0
0
0
0
0
0
0
0
0
0
0
0
0
0
0
0
0
0
0
0
0
0
0
0
0
0
0
0
0
0
0
0
0
0
0
0
0
0
0
0
0
0
0
0
0
0
0
0
0
0
0
0
0
0
0
0
0
0
0
0
0
0
0
0
0
0
0
0
0
0
0
0
0
0
0
0
0
0
0
0
0
0
0
0
0
0
0
0
0
0
0
0
0
0
0
0
0
0
0
0
0
0
0
0
0
0
0
0
0
0
0
0
0
0
0
0
0
0
0
0
0
0
0
0
0
0
0
0
0
0
0
0
0
0
0
0
0
0
0
0
0
0
0
0
0
0
0
0
0
0
0
0
0
0
0
0
0
0
0
0
0
0
0
0
0
0
0
0
0
0
0
0
0
0
0
0
0
0
0
0
0
0
0
0
0
0
0
0
0
0
0
0
0
0
0
0
0
0
0
0
0
0
0
0
0
0
0
0
0
0
0
0
0
0
0
0
0
0
0
0
0
0
0
0
0
0
0
0
0
0
0
0
0
0
0
0
0
0
0
0
0
0
0
0
0
0
0
0
0
0
0
0
0
0
0
0
0
0
0
0
0
0
0
0
0
0
0
0
0
0
0
0
0
0
0
0
0
0
0
0
0
0
0
0
0
0
0
0
0
0
0
0
0
0
0
0
0
0
0
0
0
0
0
0
0
0
0
0
0
0
0
0
0
0
0
0
0
0
0
0
0
0
0
0
0
0
0
0
0
0
0
0
0
0
0
0
0
0
0
0
0
0
0
0
0
0
0
0
0
0
0
0
0
0
0
0
0
0
0
0
0
0
0
0
0
0
0
0
0
0
0
0
0
0
0
0
0
0
0
0
0
0
0
0
0
0
0
0
0
0
0
0
0
0
0
0
0
0
0
0
0
0
0
0
0
0
0
0
0
0
0
0
0
0
0
0
0
0
0
0
0
0
0
0
0
0
0
0
0
0
0
0
0
0
0
0
0
0
0
0
0
0
0
0
0
0
0
0
0
0
0
0
0
0
0
0
0
0
0
0
0
0
0
0
0
0
0
0
0
0
0
0
0
0
0
0
0
0
0
0
0
0
0
0
0
0
0
0
0
0
0
0
0
0
0
0
0
0
0
0
0
0
0
0
0
0
0
0
0
0
0
0
0
0
0
0
0
0
0
0
0
0
0
0
0
0
0
0
0
0
0
0
0
0
0
0
0
0
0
0
0
0
0
0
0
0
0
0
0
0
0
0
0
0
0
0
0
0
0
0
0
0
0
0
0
0
0
0
0
0
0
0
0
0
0
0
0
0
0
0
0
0
0
0
0
0
0
0
0
0
0
0
0
0
0
0
0
0
0
0
0
0
0
0
0
0
0
0
0
0
0
0
0
0
0
0
0
0
0
0
0
0
0
0
0
0
0
0
0
0
0
0
0
0
0
0
0
0
0
0
0
0
0
0
0
0
0
0
0
0
0
0
0
0
0
0
0
0
0
0
0
0
0
0
0
0
0
0
0
0
0
0
0
0
0
0
0
0
0
0
0
0
0
0
0
0
0
0
0
0
0
0
0
0
0
0
0
0
0
0
0
0
0
0
0
0
0
0
0
0
0
0
0
0
0
0
0
0
0
0
0
0
0
0
0
0
0
0
0
0
0
0
0
0
0
0
0
0
0
0
0
0
0
0
0
0
0
0
0
0
0
0
0
0
0
0
0
0
0
0
0
0
0
0
0
0
0
0
0
0
0
0
0
0
0
0
0
0
0
0
0
0
0
0
0
0
0
0
0
0
0
0
0
0
0
0
0
0
0
0
0
0
0
0
0
0
0
0
0
0
0
0
0
0
0
0
0
0
0
0
0
0
0
0
0
0
0
0
0
0
0
0
0
0
0
0
0
0
0
0
0
0
0
0
0
0
0
0
0
0
0
0
0
0
0
0
0
0
0
0
0
0
0
0
0
0
0
0
0
0
0
0
0
0
0
0
0
0
0
0
0
0
0
0
0
0
0
0
0
0
0
0
0
0
0
0
0
0
0
0
0
0
0
0
0
0
0
0
0
0
0
0
0
0
0
0
0
0
0
0
0
0
0
0
0
0
0
0
0
0
0
0
0
0
0
0
0
0
0
0
0
0
0
0
0
0
0
0
0
0
0
0
0
0
0
0
0
0
0
0
0
0
0
0
0
0
0
0
0
0
0
0
0
0
0
0
0
0
0
0
0
0
0
0
0
0
0
0
0
0
0
0
0
0
0
0
0
0
0
0
0
0
0
0
0
0
0
0
0
0
0
0
0
0
0
0
0
0
0
0
0
0
0
0
0
0
0
0
0
0
0
0
0
0
0
0
0
0
0
0
0
0
0
0
0
0
0
0
0
0
0
0
0
0
0
0
0
0
0
0
0
0
0
0
0
0
0
0
0
0
0
0
0
0
0
0
0
0
0
0
0
0
0
0
0
0
0
0
0
0
0
0
0
0
0
0
0
0
0
0
0
0
0
0
0
0
0
0
0
0
0
0
0
0
0
0
0
0
0
0
0
0
0
0
0
0
0
0
0
0
0
0
0
0
0
0
0
0
0
0
0
0
0
0
0
0
0
0
0
0
0
0
0
0
0
0
0
0
0
0
0
0
0
0
0
0
0
0
0
0
0
0
0
0
0
74.85392052
74.85392052
74.85392052
74.85392052
74.85392052
74.85392052
74.85392052
74.85392052
74.85392052
74.85392052
74.85392052
74.85392052
74.85392052
74.85392052
74.85392052
74.85392052
74.85392052
74.85392052
74.85392052
74.85392052
74.85392052
74.85392052
74.85392052
74.85392052
74.85392052
74.85392052
74.85392052
74.85392052
74.85392052
74.85392052
74.85392052
74.85392052
74.85392052
74.85392052
74.85392052
48.99747895
41.64406459
0
0
0
0
0
0
0
0
0
0
0
0
0
0
0
0
0
0
0
0
0
0
0
0
0
0
0
0
0
0
0
0
0
0
0
0
0
0
0
0
0
0
0
0
0
0
0
0
0
0
0
0
0
0
0
0
0
0
0
0
74.85392052
74.85392052
74.85392052
74.85392052
74.85392052
74.85392052
74.85392052
74.85392052
74.85392052
74.85392052
74.85392052
74.85392052
74.85392052
74.85392052
74.85392052
74.85392052
74.85392052
74.85392052
74.85392052
74.85392052
74.85392052
74.85392052
74.85392052
74.85392052
74.85392052
74.85392052
74.85392052
74.85392052
74.85392052
74.85392052
74.85392052
74.85392052
74.85392052
74.85392052
74.85392052
45.53604943
37.40314727
0
0
0
0
0
0
0
0
0
0
0
0
0
0
0
0
0
0
0
0
0
0
0
0
0
0
0
0
0
0
0
0
0
0
0
0
0
0
0
0
0
0
0
0
0
0
0
0
0
0
0
0
0
0
0
0
0
0
0
0
0
0
0
74.85392052
74.85392052
74.85392052
74.85392052
74.85392052
74.85392052
74.85392052
74.85392052
74.85392052
74.85392052
74.85392052
74.85392052
74.85392052
74.85392052
74.85392052
74.85392052
74.85392052
74.85392052
74.85392052
74.85392052
74.85392052
74.85392052
74.85392052
53.00572222
52.16227172
50.98162893
49.95880435
49.43778734
46.97444163
43.59603807
39.09814475
0
0
0
0
0
0
0
0
0
0
0
0
0
0
0
0
0
0
0
0
0
0
0
0
0
0
0
0
0
0
0
0
0
0
0
0
0
0
0
0
0
0
0
0
0
0
0
0
0
0
0
0
0
0
0
0
0
0
0
0
0
0
0
0
0
0
0
0
0
0
0
0
0
0
0
0
0
0
0
0
0
0
0
0
0
0
0
0
0
0
0
0
0
0
0
0
0
0
0
0
0
0
0
0
0
0
0
0
0
0
0
0
0
0
0
0
0
0
0
0
0
0
0
0
0
0
0
0
0
0
0
0
0
0
0
0
0
0
0
0
0
0
0
0
0
0
0
0
0
0
0
0
0
0
0
0
0
0
0
0
0
0
0
0
0
0
0
0
0
0
0
0
0
0
0
0
0
0
0
0
0
0
0
0
0
0
0
0
0
0
0
0
0
0
0
0
0
0
0
0
0
0
0
0
0
0
0
0
0
0
0
0
0
0
0
0
0
0
0
0
0
0
0
0
0
0
0
0
0
0
0
0
0
0
0
0
0
0
0
0
0
0
0
0
0
0
0
0
0
0
0
0
0
0
0
0
0
0
0
0
0
0
0
0
0
0
0
0
0
0
0
0
0
0
0
0
0
0
0
0
0
0
0
0
0
0
0
0
0
0
0
0
0
0
0
0
0
0
0
0
0
0
0
0
0
0
0
0
0
0
0
0
0
0
0
0
0
0
0
0
0
0
0
0
0
0
0
0
0
0
0
0
0
0
0
0
0
0
0
0
0
0
0
0
0
0
0
74.85392052
74.85392052
74.85392052
74.85392052
74.85392052
74.85392052
74.85392052
74.85392052
74.85392052
74.85392052
74.85392052
74.85392052
74.85392052
74.85392052
74.85392052
74.85392052
74.85392052
74.85392052
74.85392052
53.05959725
51.38962834
50.71035213
49.9222405
49.32158683
49.52872717
49.04619491
47.77673827
46.88646995
46.46173428
46.3427569
45.57850245
44.6590022
43.73921804
41.29125074
38.37091981
37.29580278
0
0
0
0
0
0
0
0
0
0
0
0
0
0
0
0
0
0
0
0
0
0
0
0
0
0
0
0
0
0
0
0
0
0
0
0
0
0
0
0
0
0
0
0
0
0
0
0
0
0
0
0
0
0
0
0
0
0
0
0
0
0
0
0
0
0
0
0
0
0
0
0
0
0
0
0
0
0
0
0
0
0
0
0
0
0
0
0
0
0
0
0
0
0
0
0
0
0
0
0
0
0
0
0
0
0
0
0
0
0
0
0
0
0
0
0
0
0
0
0
0
0
0
0
0
0
0
0
0
0
0
0
0
0
0
0
0
0
0
0
0
0
0
0
0
0
0
0
0
0
0
0
0
0
0
0
0
0
0
0
0
0
0
0
0
0
0
0
0
0
0
0
0
0
0
0
0
0
0
0
0
0
0
0
0
0
0
0
0
0
0
0
0
0
0
0
0
0
0
0
0
0
0
0
0
0
0
0
0
0
0
0
0
0
0
0
0
0
0
0
0
0
0
0
0
0
0
0
0
0
0
0
0
0
0
0
0
0
0
0
0
0
0
0
0
0
0
0
0
0
0
0
0
0
0
0
0
0
0
0
0
0
0
0
0
0
0
0
0
0
0
0
0
0
0
0
0
0
0
0
0
0
0
0
0
0
0
0
0
0
0
0
0
0
0
0
0
0
0
0
0
0
0
0
0
0
0
0
0
0
0
0
0
0
0
0
0
0
0
0
0
0
0
0
0
0
0
0
0
0
0
0
0
0
0
0
0
0
0
0
0
0
0
0
0
0
0
0
0
0
0
0
0
0
0
0
0
0
0
0
0
0
0
0
0
0
0
0
0
0
0
0
0
0
0
0
0
0
0
0
0
0
0
0
0
0
0
0
0
0
0
0
0
0
0
0
0
0
0
0
0
0
0
0
0
0
0
0
0
0
0
0
0
0
0
0
0
0
0
0
0
0
0
0
0
0
0
0
0
0
0
0
0
0
0
0
0
0
0
0
0
0
0
0
0
0
0
0
0
0
0
0
0
0
0
0
0
0
0
0
0
0
0
0
0
0
0
0
0
0
0
0
0
0
0
0
0
0
0
0
0
0
0
0
0
0
0
0
0
0
0
0
0
0
0
0
0
0
0
0
0
0
0
0
0
0
0
0
0
0
0
0
0
0
0
0
0
0
0
0
0
0
0
0
0
0
0
0
0
0
0
0
0
0
0
0
0
0
0
0
0
0
0
0
0
0
0
0
0
0
0
0
0
0
0
0
0
0
0
0
0
0
0
0
0
0
0
0
0
0
0
0
0
0
0
0
0
0
0
0
0
0
0
0
0
0
0
0
0
0
0
0
0
0
0
0
0
0
0
0
0
0
0
0
0
0
0
0
0
0
0
0
0
0
0
0
0
0
0
0
0
0
0
0
0
0
0
0
0
0
0
0
0
0
0
0
0
0
0
0
0
0
0
0
0
0
0
0
0
0
0
0
0
0
0
0
0
0
0
0
0
0
0
0
0
0
0
0
0
0
0
0
0
0
0
0
0
0
0
0
0
0
0
0
0
0
0
0
0
0
0
0
0
0
0
0
0
0
0
0
0
0
0
0
0
0
0
0
0
0
0
0
0
0
0
0
0
0
0
0
0
0
0
0
0
0
0
0
0
0
0
0
0
0
0
74.85392052
74.85392052
74.85392052
74.85392052
74.85392052
74.85392052
74.85392052
74.85392052
74.85392052
74.85392052
74.85392052
74.85392052
74.85392052
74.85392052
74.85392052
74.85392052
74.85392052
74.85392052
74.85392052
74.85392052
74.85392052
74.85392052
74.85392052
74.85392052
74.85392052
74.85392052
74.85392052
74.85392052
74.85392052
74.85392052
74.85392052
74.85392052
74.85392052
74.85392052
51.18171909
46.8636353
40.79513701
36.62812231
0
0
0
0
0
0
0
0
0
0
0
0
0
0
0
0
0
0
0
0
0
0
0
0
0
0
0
0
0
0
0
0
0
0
0
0
0
0
0
0
0
0
0
0
0
0
0
0
0
0
0
0
0
0
0
0
0
0
0
0
0
0
0
0
0
0
0
0
0
0
0
0
0
0
0
0
0
0
0
0
0
0
0
0
0
0
0
0
0
0
0
0
0
0
0
0
0
0
0
0
0
0
0
0
0
0
0
0
0
0
0
0
0
0
0
0
0
0
0
0
0
0
0
0
0
0
0
0
0
0
0
0
0
0
0
0
0
0
0
0
0
0
0
0
0
0
0
0
0
0
0
0
0
0
0
0
0
0
0
0
0
0
0
0
0
0
0
0
0
0
0
0
0
0
0
0
0
0
0
0
0
0
0
0
0
0
0
0
0
0
0
0
0
0
0
0
0
0
0
0
0
0
0
0
0
0
0
0
0
0
0
0
0
0
0
0
0
0
0
0
0
0
0
0
0
0
0
0
0
0
0
0
0
0
0
0
0
0
0
0
0
0
0
0
0
0
0
0
0
0
0
0
0
0
0
0
0
0
0
0
0
0
0
0
0
0
0
0
0
0
0
0
0
0
0
0
0
0
0
0
0
0
0
0
0
0
0
0
0
0
0
0
0
0
0
0
0
0
0
0
0
0
0
0
0
0
0
0
0
0
0
0
0
0
0
0
0
0
0
0
0
0
0
0
0
0
0
0
0
0
0
0
0
0
0
0
0
0
0
0
0
0
0
0
0
0
0
0
0
0
0
0
0
0
0
0
0
0
0
0
0
0
0
0
0
0
0
0
0
0
0
0
0
0
0
0
0
0
0
0
0
0
0
0
0
0
0
0
0
0
0
0
0
0
0
0
0
0
0
0
0
0
0
0
0
0
0
0
0
0
0
0
0
0
0
0
0
0
0
0
0
0
0
0
0
0
0
0
0
0
0
0
0
0
0
0
0
0
0
0
0
0
0
0
0
0
0
0
0
0
0
0
0
0
0
0
0
0
0
0
0
0
0
0
0
0
0
0
0
0
0
0
0
0
0
0
0
0
0
0
0
0
0
0
0
0
0
0
0
0
0
0
0
0
0
0
0
0
0
0
0
0
0
0
0
0
0
0
0
0
0
0
0
0
0
0
0
0
0
0
0
0
0
0
0
0
0
0
0
0
0
0
0
0
0
0
0
0
0
0
0
0
0
0
0
0
0
0
0
0
0
0
0
0
0
0
0
0
0
0
0
0
0
0
0
0
0
0
0
0
0
0
0
0
0
0
0
0
0
0
0
0
0
0
0
0
0
0
0
0
0
0
0
0
0
0
0
0
0
0
0
0
0
0
0
0
0
0
0
0
0
0
0
0
0
0
0
0
0
0
0
0
0
0
0
0
0
0
0
0
0
0
0
0
0
0
0
0
0
0
0
0
0
0
0
0
0
0
0
0
0
0
0
0
0
0
0
0
0
0
0
0
0
0
0
0
0
0
0
0
0
0
0
0
0
0
0
0
0
0
0
0
0
0
0
0
0
0
0
0
0
0
0
0
0
0
0
0
0
0
0
0
0
0
0
0
0
0
0
0
0
0
0
0
0
0
0
0
0
0
0
0
0
0
0
0
0
0
0
0
0
0
0
0
0
0
0
0
0
0
0
0
0
0
0
0
0
0
0
0
0
0
0
0
0
0
0
0
0
0
0
0
0
0
0
0
0
0
0
0
0
0
0
0
0
0
0
0
0
0
0
0
0
0
0
0
0
0
0
0
0
0
0
0
0
0
0
0
0
0
0
0
0
0
0
0
0
0
0
0
0
0
0
0
0
0
0
0
0
0
0
0
0
0
0
0
0
0
0
0
0
0
0
0
0
0
0
0
0
0
0
0
0
0
0
0
0
0
0
0
0
0
0
0
0
0
0
0
0
0
0
0
0
0
0
0
0
0
0
0
0
0
0
0
0
0
0
0
0
0
0
0
0
0
0
0
0
0
0
0
0
0
0
0
0
0
0
0
0
0
0
0
0
0
0
0
0
0
0
0
0
0
0
0
0
0
0
0
0
0
0
0
74.85392052
74.85392052
74.85392052
74.85392052
74.85392052
74.85392052
74.85392052
74.85392052
74.85392052
74.85392052
74.85392052
74.85392052
74.85392052
74.85392052
74.85392052
74.85392052
52.99968354
51.27589207
50.09878292
48.85895634
48.13537274
46.93319659
46.40925083
45.0337142
44.37731832
43.31912022
42.81712074
41.53177009
40.97728407
40.28744854
37.79502136
0
0
0
0
0
0
0
0
0
0
0
0
0
0
0
0
0
0
0
0
0
0
0
0
0
0
0
0
0
0
0
0
0
0
0
0
0
0
0
0
0
0
0
0
0
0
0
0
0
0
0
0
0
0
0
0
0
0
0
0
0
0
0
0
0
0
0
0
0
0
0
0
0
0
0
0
0
0
0
0
0
0
0
0
0
0
0
0
0
0
0
0
0
0
0
0
0
0
0
0
0
0
0
0
0
0
0
0
0
0
0
0
0
0
0
0
0
0
0
0
0
0
0
0
0
0
0
0
0
0
0
0
0
0
0
0
0
0
0
0
0
0
0
0
0
0
0
0
0
0
0
0
0
0
0
0
0
74.85392052
74.85392052
74.85392052
74.85392052
74.85392052
74.85392052
74.85392052
74.85392052
74.85392052
74.85392052
74.85392052
74.85392052
74.85392052
74.85392052
74.85392052
74.85392052
74.85392052
74.85392052
74.85392052
53.31759489
52.04491801
51.91046052
50.42091895
48.53534497
47.97152263
48.13857946
47.87311766
47.4732339
47.17134267
46.68164499
46.74823901
45.60921658
45.09974319
43.62831761
41.81061072
38.5658572
0
0
0
0
0
0
0
0
0
0
0
0
0
0
0
0
0
0
0
0
0
0
0
0
0
0
0
0
0
0
0
0
0
0
0
0
0
0
0
0
0
0
0
0
0
0
0
0
0
0
0
0
0
0
0
0
0
0
0
0
0
0
0
0
0
0
0
0
0
0
0
0
0
0
0
0
0
0
0
0
0
0
0
0
0
0
0
0
0
0
0
0
0
0
0
0
0
0
0
0
0
0
0
0
0
0
0
0
0
0
0
0
0
0
0
0
0
0
0
0
0
0
0
0
0
0
0
0
0
0
0
0
0
0
0
0
0
0
0
0
0
0
0
0
0
0
0
0
0
0
0
0
0
0
0
0
0
0
0
0
0
0
0
0
0
0
0
0
0
0
0
0
0
0
0
0
0
0
0
0
0
0
0
0
0
0
0
0
0
0
0
0
0
0
0
0
0
0
0
0
0
0
0
0
0
0
0
0
0
0
0
0
0
0
0
0
0
0
0
0
0
0
0
0
0
0
0
0
0
0
0
0
0
0
0
0
0
0
0
0
0
0
0
0
0
0
0
0
0
0
0
0
0
0
0
0
0
0
0
0
0
0
0
0
0
0
0
0
0
0
0
0
0
0
0
0
0
0
0
0
0
0
0
0
0
0
0
0
0
0
0
0
0
0
0
0
0
0
0
0
0
0
0
0
0
0
0
0
0
0
0
0
0
0
0
0
0
0
0
0
0
0
0
0
0
0
0
0
0
0
0
0
0
0
0
0
0
0
0
0
0
0
0
0
0
0
0
0
0
0
0
0
0
0
0
0
0
0
0
0
0
0
0
0
0
0
0
0
0
0
0
0
0
0
0
0
0
0
0
0
0
0
0
0
0
0
0
0
0
0
0
0
0
0
0
0
0
0
0
0
0
0
0
0
0
0
0
0
0
0
0
0
0
0
0
0
0
0
0
0
0
0
0
0
0
0
0
0
0
0
0
0
0
0
0
0
0
0
0
0
0
0
0
0
0
0
0
0
0
0
0
0
0
0
0
0
0
0
0
0
0
0
0
0
0
0
0
0
0
0
0
0
0
0
0
0
0
0
0
0
0
0
0
0
0
0
0
0
0
0
0
0
0
0
0
0
0
0
0
0
0
0
0
0
0
0
0
0
0
0
0
0
0
0
0
0
0
0
0
0
0
0
0
0
0
0
0
0
0
0
0
0
0
0
0
0
0
0
0
0
0
0
0
0
0
0
0
0
0
0
0
0
0
0
0
0
0
0
0
0
0
0
0
0
0
0
0
0
0
0
0
0
0
0
0
0
0
0
0
0
0
0
0
0
0
0
0
0
0
0
0
0
0
0
0
0
0
0
0
0
0
0
0
0
0
0
0
0
0
0
0
0
0
0
0
0
0
0
0
0
0
0
0
0
0
0
0
0
0
0
0
0
0
0
0
0
0
0
0
0
0
0
0
0
0
0
0
0
0
0
0
0
0
0
0
0
0
0
0
0
0
0
0
0
0
0
0
0
0
0
0
0
0
0
0
0
0
0
0
0
0
0
0
0
0
0
0
0
0
0
0
0
0
0
0
0
0
0
0
0
0
0
0
0
0
0
0
0
0
0
0
0
0
0
0
0
0
0
0
0
0
0
0
0
0
0
0
0
0
0
0
0
0
0
74.85392052
74.85392052
74.85392052
74.85392052
74.85392052
74.85392052
74.85392052
74.85392052
74.85392052
74.85392052
74.85392052
74.85392052
74.85392052
74.85392052
74.85392052
74.85392052
74.85392052
74.85392052
74.85392052
74.85392052
74.85392052
74.85392052
74.85392052
74.85392052
74.85392052
74.85392052
74.85392052
53.89552134
52.80790485
51.67478972
49.95571922
48.28234833
44.26146173
38.46343388
0
0
0
0
0
0
0
0
0
0
0
0
0
0
0
0
0
0
0
0
0
0
0
0
0
0
0
0
0
0
0
0
0
0
0
0
0
0
0
0
0
0
0
0
0
0
0
0
0
0
0
0
0
0
0
0
0
0
0
0
74.85392052
74.85392052
74.85392052
74.85392052
74.85392052
74.85392052
74.85392052
74.85392052
74.85392052
74.85392052
74.85392052
74.85392052
74.85392052
74.85392052
74.85392052
74.85392052
74.85392052
74.85392052
74.85392052
74.85392052
74.85392052
74.85392052
74.85392052
74.85392052
74.85392052
74.85392052
74.85392052
74.85392052
53.43832765
52.7163039
51.84598719
50.44337825
49.08504706
47.29036171
43.60926277
37.95657002
0
0
0
0
0
0
0
0
0
0
0
0
0
0
0
0
0
0
0
0
0
0
0
0
0
0
0
0
0
0
0
0
0
0
0
0
0
0
0
0
0
0
0
0
0
0
0
0
0
0
0
0
0
0
0
0
0
0
0
74.85392052
74.85392052
74.85392052
74.85392052
74.85392052
74.85392052
74.85392052
74.85392052
74.85392052
74.85392052
74.85392052
74.85392052
74.85392052
74.85392052
74.85392052
74.85392052
74.85392052
74.85392052
74.85392052
74.85392052
74.85392052
52.31249553
49.50966591
47.36379408
45.16311543
43.17932982
41.37359614
40.33113287
38.58972227
38.05008665
37.18971781
0
0
0
0
0
0
0
0
0
0
0
0
0
0
0
0
0
0
0
0
0
0
0
0
0
0
0
0
0
0
0
0
0
0
0
0
0
0
0
0
0
0
0
0
0
0
0
0
0
0
0
0
0
0
0
0
0
0
0
0
0
0
0
0
0
0
0
0
0
0
0
0
0
0
0
0
0
0
0
0
0
0
0
0
0
0
0
0
0
0
0
0
0
0
0
0
0
0
0
0
0
0
0
0
0
0
0
0
0
0
0
0
0
0
0
0
0
0
0
0
0
0
0
0
0
0
0
0
0
0
0
0
0
0
0
0
0
0
0
0
0
0
0
0
0
0
0
0
0
0
0
0
0
0
0
0
0
0
0
0
0
0
0
0
74.85392052
74.85392052
74.85392052
74.85392052
74.85392052
74.85392052
74.85392052
74.85392052
74.85392052
74.85392052
74.85392052
74.85392052
74.85392052
74.85392052
74.85392052
74.85392052
74.85392052
49.58509017
46.89532057
43.72632237
42.26871758
41.21524931
40.68510668
39.7016359
39.40364851
39.18909187
38.92913123
38.72869876
38.13644812
37.81481408
37.60701483
37.14816601
0
0
0
0
0
0
0
0
0
0
0
0
0
0
0
0
0
0
0
0
0
0
0
0
0
0
0
0
0
0
0
0
0
0
0
0
0
0
0
0
0
0
0
0
0
0
0
0
0
0
0
0
0
0
0
0
0
0
0
0
0
0
0
74.85392052
74.85392052
74.85392052
74.85392052
74.85392052
74.85392052
74.85392052
74.85392052
74.85392052
74.85392052
74.85392052
74.85392052
74.85392052
74.85392052
74.85392052
74.85392052
74.85392052
74.85392052
74.85392052
74.85392052
74.85392052
74.85392052
74.85392052
74.85392052
74.85392052
74.85392052
74.85392052
74.85392052
74.85392052
74.85392052
74.85392052
74.85392052
74.85392052
74.85392052
74.85392052
74.85392052
40.30305136
0
0
0
0
0
0
0
0
0
0
0
0
0
0
0
0
0
0
0
0
0
0
0
74.85392052
74.85392052
74.85392052
74.85392052
74.85392052
74.85392052
74.85392052
74.85392052
74.85392052
74.85392052
74.85392052
74.85392052
74.85392052
74.85392052
74.85392052
74.85392052
74.85392052
74.85392052
74.85392052
74.85392052
74.85392052
74.85392052
74.85392052
74.85392052
74.85392052
74.85392052
74.85392052
74.85392052
74.85392052
74.85392052
74.85392052
74.85392052
74.85392052
74.85392052
74.85392052
74.85392052
74.85392052
74.85392052
74.85392052
74.85392052
74.85392052
74.85392052
74.85392052
74.85392052
74.85392052
74.85392052
74.85392052
74.85392052
74.85392052
74.85392052
74.85392052
74.85392052
74.85392052
74.85392052
74.85392052
74.85392052
74.85392052
74.85392052
74.85392052
74.85392052
74.85392052
74.85392052
74.85392052
74.85392052
74.85392052
74.85392052
74.85392052
74.85392052
74.85392052
74.85392052
74.85392052
74.85392052
74.85392052
74.85392052
74.85392052
74.85392052
74.85392052
74.85392052
74.85392052
74.85392052
74.85392052
74.85392052
74.85392052
74.85392052
74.85392052
74.85392052
74.85392052
74.85392052
74.85392052
74.85392052
74.85392052
74.85392052
74.85392052
74.85392052
74.85392052
74.85392052
74.85392052
74.85392052
74.85392052
74.85392052
74.85392052
74.85392052
74.85392052
74.85392052
74.85392052
74.85392052
74.85392052
74.85392052
74.85392052
74.85392052
74.85392052
74.85392052
74.85392052
74.85392052
74.85392052
74.85392052
74.85392052
74.85392052
74.85392052
74.85392052
74.85392052
74.85392052
74.85392052
74.85392052
74.85392052
74.85392052
74.85392052
74.85392052
74.85392052
74.85392052
74.85392052
74.85392052
74.85392052
74.85392052
74.85392052
74.85392052
74.85392052
74.85392052
74.85392052
74.85392052
74.85392052
74.85392052
74.85392052
74.85392052
74.85392052
74.85392052
74.85392052
74.85392052
74.85392052
74.85392052
74.85392052
74.85392052
74.85392052
74.85392052
74.85392052
74.85392052
74.85392052
74.85392052
74.85392052
74.85392052
74.85392052
74.85392052
74.85392052
74.85392052
74.85392052
74.85392052
74.85392052
74.85392052
74.85392052
74.85392052
74.85392052
74.85392052
74.85392052
74.85392052
74.85392052
74.85392052
74.85392052
74.85392052
74.85392052
74.85392052
74.85392052
74.85392052
74.85392052
74.85392052
74.85392052
74.85392052
74.85392052
74.85392052
74.85392052
74.85392052
74.85392052
74.85392052
74.85392052
74.85392052
74.85392052
74.85392052
74.85392052
74.85392052
74.85392052
74.85392052
74.85392052
74.85392052
74.85392052
74.85392052
74.85392052
74.85392052
74.85392052
74.85392052
74.85392052
74.85392052
74.85392052
74.85392052
74.85392052
74.85392052
74.85392052
74.85392052
74.85392052
74.85392052
74.85392052
74.85392052
74.85392052
74.85392052
74.85392052
74.85392052
74.85392052
74.85392052
74.85392052
74.85392052
74.85392052
74.85392052
74.85392052
74.85392052
74.85392052
74.85392052
74.85392052
74.85392052
74.85392052
74.85392052
74.85392052
74.85392052
74.85392052
74.85392052
74.85392052
74.85392052
74.85392052
74.85392052
74.85392052
74.85392052
74.85392052
74.85392052
74.85392052
74.85392052
74.85392052
74.85392052
74.85392052
74.85392052
74.85392052
74.85392052
74.85392052
74.85392052
74.85392052
74.85392052
74.85392052
74.85392052
74.85392052
48.78667489
44.32049538
42.0733766
41.25545585
41.28311249
42.06283022
43.31811384
45.87865296
49.12129508
50.11545804
51.18892697
52.63748759
53.89948246
54.71818679
55.7031451
56.42916401
57.36662195
56.72740654
56.19850912
57.61552379
59.36352894
60.47845143
61.66778311
62.87216977
63.45819904
64.12783576
64.0877174
64.4457147
65.61161215
67.20347719
67.93328076
68.25356671
68.62875194
68.44116424
67.83028186
66.7206112
65.81426143
65.46658449
64.98635216
64.20795312
62.73308818
61.53343583
60.70838785
59.38133746
59.75323738
60.15001251
58.2528207
55.56636835
53.44257411
51.44187528
49.31339833
46.98653469
44.59130423
43.03660633
42.97310955
45.47030899
51.11265251
57.12965818
62.8432185
68.18936846
71.14811378
74.81313548
74.85392052
74.85392052
74.85392052
74.85392052
74.85392052
74.85392052
74.85392052
74.85392052
74.85392052
74.85392052
74.85392052
74.85392052
74.85392052
74.85392052
74.85392052
74.85392052
74.85392052
74.85392052
74.85392052
74.85392052
74.85392052
74.85392052
74.85392052
74.85392052
74.85392052
74.85392052
74.85392052
74.85392052
74.85392052
74.85392052
74.85392052
74.85392052
74.85392052
41.93760378
0
0
0
0
0
0
0
0
0
0
0
0
0
0
0
0
0
0
0
0
0
0
0
0
0
0
0
0
0
0
0
0
0
0
0
0
0
0
0
0
0
0
0
0
0
0
0
0
0
0
0
0
0
0
0
0
0
0
74.85392052
74.85392052
74.85392052
74.85392052
74.85392052
74.85392052
74.85392052
74.85392052
74.85392052
74.85392052
74.85392052
74.85392052
74.85392052
74.85392052
74.85392052
74.85392052
74.85392052
74.85392052
74.85392052
74.85392052
74.85392052
74.85392052
74.85392052
74.85392052
74.85392052
74.85392052
74.85392052
74.85392052
74.85392052
74.85392052
74.85392052
74.85392052
74.85392052
74.85392052
74.85392052
74.85392052
74.85392052
41.97082132
0
0
0
0
0
0
0
0
0
0
0
0
0
0
0
0
0
0
0
0
0
0
0
0
0
0
0
0
0
0
0
0
0
0
0
0
0
0
0
0
0
0
0
0
0
0
0
0
0
0
0
0
0
0
0
0
0
0
0
0
0
0
0
0
0
0
0
0
0
0
0
0
0
0
0
0
0
0
0
0
0
0
0
0
0
0
0
0
0
0
0
0
0
0
0
0
0
0
0
0
0
0
0
0
0
0
0
0
0
0
0
0
0
0
0
0
0
0
0
0
0
0
0
0
0
0
0
0
0
0
0
0
0
0
0
0
0
0
0
0
0
0
0
0
0
0
0
0
0
0
0
0
0
0
0
0
0
0
0
0
0
0
0
0
0
0
0
0
0
0
0
0
0
0
0
0
0
0
0
0
0
0
0
0
0
0
0
0
0
0
0
0
0
0
0
0
0
0
0
0
0
0
0
0
0
0
0
0
0
0
0
0
0
0
0
0
0
0
0
0
0
0
0
0
0
0
0
0
0
0
0
0
0
0
0
0
0
0
0
0
0
0
0
0
0
0
0
0
0
0
0
0
0
0
0
0
0
0
0
0
0
0
0
0
0
0
0
0
0
0
0
0
0
0
0
0
0
0
0
0
0
0
0
0
0
0
0
0
0
0
0
0
0
0
0
0
0
0
0
0
0
0
0
0
0
0
0
0
0
0
0
0
0
0
0
0
0
0
0
0
0
0
0
0
0
0
0
0
0
0
0
0
0
0
0
0
0
0
0
0
0
0
0
0
0
0
0
0
0
0
0
0
0
0
0
0
0
0
0
0
0
0
0
0
0
0
0
0
0
0
0
0
0
0
0
0
0
0
0
0
0
0
0
0
0
0
0
0
0
0
0
0
0
0
0
0
0
0
0
0
0
0
0
0
0
0
0
0
0
0
0
0
0
0
0
0
0
0
0
0
0
0
0
0
0
0
0
0
0
0
0
0
0
0
0
0
0
0
0
0
0
0
0
0
0
0
0
0
0
0
0
0
0
0
0
0
0
0
0
0
0
0
0
0
0
0
0
0
0
0
0
0
0
0
0
0
0
0
0
0
0
0
0
0
0
0
0
0
0
0
0
0
0
0
0
0
0
0
0
0
0
0
0
0
0
0
0
0
0
0
0
0
0
0
0
0
0
0
0
0
0
0
0
0
0
0
0
0
0
0
0
0
0
0
0
0
0
0
0
0
0
0
0
0
0
0
0
0
0
0
0
0
0
0
0
0
0
0
0
0
0
0
0
0
0
0
0
0
0
0
0
0
0
0
0
0
0
0
0
0
0
0
0
0
0
0
0
0
0
0
0
0
0
0
0
0
0
0
0
0
0
0
0
0
0
0
0
0
0
0
0
0
0
0
0
0
0
0
0
0
0
0
0
0
0
0
0
0
0
0
0
0
0
0
0
0
0
0
0
0
0
0
0
0
0
0
0
0
0
0
0
0
0
0
0
0
0
0
0
0
0
0
0
0
0
0
0
0
0
0
0
0
0
0
0
0
0
0
0
0
0
0
0
0
0
0
0
0
0
0
0
0
0
0
0
0
0
0
0
0
0
0
0
0
0
0
0
0
0
0
0
0
0
0
0
0
0
0
0
0
0
0
0
0
0
0
0
0
0
0
0
0
74.85392052
74.85392052
74.85392052
74.85392052
74.85392052
74.85392052
74.85392052
74.85392052
74.85392052
74.85392052
74.85392052
74.85392052
74.85392052
74.85392052
74.85392052
74.85392052
74.85392052
74.85392052
74.85392052
74.85392052
74.85392052
74.85392052
74.85392052
74.85392052
74.85392052
74.85392052
74.85392052
74.85392052
74.85392052
74.85392052
74.85392052
74.85392052
74.85392052
74.85392052
74.85392052
52.18961769
49.86877403
49.04459603
48.75716157
48.32843721
48.75601668
49.15038247
48.7177352
48.7999799
49.57509641
49.9346156
50.45650841
51.07279343
52.09167482
53.14335891
53.68987232
54.9884689
55.73896988
56.62361359
57.71315901
58.53280774
59.22191991
61.0068776
62.11417641
63.2427525
63.61158759
65.35703413
66.1410858
67.03869762
67.69470245
68.49185919
68.96614606
69.95612576
70.8278494
70.4813752
70.85039834
70.33111384
70.48682511
70.36130636
69.90121783
69.51766382
68.92412966
69.06785541
68.35178711
66.5005325
65.70711159
65.30975388
64.52832749
62.39297616
60.08364287
59.62077515
58.38639422
55.6848607
56.03316329
56.30248913
57.08163292
56.42160987
57.7199731
59.81820207
61.87225046
64.66796962
65.15997221
67.09307556
67.79878072
67.86420109
67.55877382
69.60618021
69.9895232
71.81002721
71.74973492
72.31228667
71.71964033
70.43538521
72.02179418
72.99131514
72.13735346
71.98969297
70.4307071
69.5853829
68.67098962
68.56999919
66.85793708
64.91778906
64.8152092
63.17841257
61.46641695
61.91037516
61.25041114
58.46217572
59.81229177
57.29484246
55.11373547
53.66668632
49.44208035
44.11485253
38.42010437
0
0
0
0
0
0
0
0
0
0
0
0
0
0
0
0
0
0
0
0
0
0
0
0
0
0
0
0
0
0
0
0
0
0
0
0
0
0
0
0
0
0
0
0
0
0
0
0
0
0
0
0
0
0
0
0
0
0
0
0
0
0
0
0
0
0
0
0
0
0
0
0
0
0
0
0
0
0
0
0
0
0
0
0
0
0
0
0
0
0
0
0
0
0
0
0
0
0
0
0
0
0
0
0
0
0
0
0
0
0
0
0
0
0
0
0
0
0
0
0
0
0
0
0
0
0
0
0
0
0
0
0
0
0
0
0
0
0
0
0
0
0
0
0
0
0
0
0
0
0
0
0
0
0
0
0
0
0
0
0
0
0
0
0
0
0
0
0
0
0
0
0
0
0
0
0
0
0
0
0
0
0
0
0
0
0
0
0
0
0
0
0
0
0
0
0
0
0
0
0
0
0
0
0
0
0
0
0
0
0
0
0
0
0
0
0
0
0
0
0
0
0
0
0
0
0
0
0
0
0
0
0
0
0
0
0
0
0
0
0
0
0
0
0
0
0
0
0
0
0
0
0
0
0
0
0
0
0
0
0
0
0
0
0
0
0
0
0
0
0
0
0
0
0
0
0
0
0
0
0
0
0
0
0
0
0
0
0
0
0
0
0
0
0
0
0
0
0
0
0
0
0
0
0
0
0
0
0
0
0
0
0
0
0
0
0
0
0
0
0
0
0
0
0
0
0
0
0
0
0
0
0
0
0
0
0
0
0
0
0
0
0
0
0
0
0
0
74.85392052
74.85392052
74.85392052
74.85392052
74.85392052
74.85392052
74.85392052
74.85392052
74.85392052
74.85392052
74.85392052
74.85392052
74.85392052
74.85392052
74.85392052
74.85392052
74.85392052
74.85392052
74.85392052
74.85392052
74.85392052
74.85392052
74.85392052
74.85392052
74.85392052
74.85392052
74.85392052
74.85392052
74.85392052
74.85392052
49.70564306
43.68049817
37.88884353
0
0
0
0
0
0
0
0
0
0
0
0
0
0
0
0
0
0
0
0
0
0
0
0
0
0
0
0
0
0
0
0
0
0
0
0
0
0
0
0
0
0
0
0
0
0
0
0
0
0
0
0
0
0
0
0
0
0
0
0
0
0
0
0
0
0
0
0
0
0
0
0
0
0
0
0
0
0
0
0
0
0
0
0
0
0
0
0
0
0
0
0
0
0
0
0
0
0
0
0
0
0
0
0
0
0
0
0
0
0
0
0
0
0
0
0
0
0
0
0
0
0
0
0
0
0
0
0
0
0
0
0
0
0
0
0
0
0
0
0
0
0
0
0
0
0
0
0
0
0
0
0
0
0
0
0
0
0
0
0
0
0
0
0
0
0
0
0
0
0
0
0
0
0
0
0
0
0
0
0
0
0
0
0
0
0
0
0
0
0
0
0
0
0
0
0
0
0
0
0
0
0
0
0
0
0
0
0
0
0
0
0
0
0
0
0
0
0
0
0
0
0
0
0
0
0
0
0
0
0
0
0
0
0
0
0
0
0
0
0
0
0
0
0
0
0
0
0
0
0
0
0
74.85392052
74.85392052
74.85392052
74.85392052
74.85392052
74.85392052
74.85392052
74.85392052
74.85392052
74.85392052
74.85392052
74.85392052
74.85392052
74.85392052
74.85392052
74.85392052
74.85392052
74.85392052
74.85392052
74.85392052
74.85392052
74.85392052
74.85392052
74.85392052
74.85392052
74.85392052
74.85392052
74.85392052
74.85392052
74.85392052
74.85392052
74.85392052
74.85392052
48.17182052
39.29200527
0
0
0
0
0
0
0
0
0
0
0
0
0
0
0
0
0
0
0
0
0
0
0
0
0
0
0
0
0
0
0
0
0
0
0
0
0
0
0
0
0
0
0
0
0
0
0
0
0
0
0
0
0
0
0
0
0
0
0
0
0
0
0
0
0
0
0
0
0
0
0
0
0
0
0
0
0
0
0
0
0
0
0
0
0
0
0
0
0
0
0
0
0
0
0
0
0
0
0
0
0
0
0
0
0
0
0
0
0
0
0
0
0
0
0
0
0
0
0
0
0
0
0
0
0
0
0
0
0
0
0
0
0
0
0
0
0
0
0
0
0
0
0
0
0
0
0
0
0
0
0
0
0
0
0
0
0
0
0
0
0
0
0
0
0
0
0
0
0
0
0
0
0
0
0
0
0
0
0
0
0
0
0
0
0
0
0
0
0
0
0
0
0
0
0
0
0
0
0
0
0
0
0
0
0
0
0
0
0
0
0
0
0
0
0
0
0
0
0
0
0
0
0
0
0
0
0
0
0
0
0
0
0
0
0
0
0
0
0
0
0
0
0
0
0
0
0
0
0
0
0
0
0
0
0
0
0
0
0
0
0
0
0
0
0
0
0
0
0
0
0
0
0
0
0
0
0
0
0
0
0
0
0
0
0
0
0
0
0
0
0
0
0
0
0
0
0
0
0
0
0
0
0
0
0
0
0
0
0
0
0
0
0
0
0
0
0
0
0
0
0
0
0
0
0
0
0
0
0
0
0
0
0
0
0
0
0
0
0
0
0
0
0
0
0
0
0
0
0
0
0
0
0
0
0
0
0
0
0
0
0
0
0
0
0
0
0
0
0
0
0
0
0
0
0
0
0
0
0
0
0
0
0
0
0
0
0
0
0
0
0
0
0
0
0
0
0
0
0
0
0
0
0
0
0
0
0
0
0
0
0
0
0
0
0
0
0
0
0
0
0
0
0
0
0
0
0
0
0
0
0
0
0
0
0
0
0
0
0
0
0
0
0
0
0
0
0
0
0
0
0
0
0
0
0
0
0
0
0
0
0
0
0
0
0
0
0
0
0
0
0
0
0
0
0
0
0
0
0
0
0
0
0
0
0
0
0
0
0
0
0
0
0
0
0
0
0
0
0
0
0
0
0
0
0
0
0
0
0
0
0
0
0
0
0
0
0
0
0
0
0
0
0
0
0
0
0
0
0
0
0
0
0
0
0
0
0
0
0
0
0
74.85392052
74.85392052
74.85392052
74.85392052
74.85392052
74.85392052
74.85392052
74.85392052
74.85392052
74.85392052
74.85392052
74.85392052
74.85392052
74.85392052
74.85392052
74.85392052
74.85392052
74.85392052
74.85392052
74.85392052
74.85392052
74.85392052
74.85392052
74.85392052
74.85392052
74.85392052
74.85392052
74.85392052
74.85392052
74.85392052
74.85392052
74.85392052
74.85392052
74.85392052
74.85392052
74.85392052
43.09886505
40.32055705
38.52481149
38.98505498
41.2353368
43.55888029
45.36319324
46.87896149
50.00512173
51.89057493
52.82094817
53.27183951
54.46041095
56.13457582
56.3775963
57.57391984
58.16686469
59.06081012
61.00435054
61.74330701
63.71036031
64.59122745
66.74985768
67.50819558
68.10125532
68.92632156
69.81623863
71.19042068
72.58342642
73.40842923
73.03561248
72.14015645
71.45463398
69.75163031
67.33989006
67.01259091
65.35220738
64.68796179
64.05997294
62.92885618
62.10211157
61.44210412
60.25076187
59.08103442
58.51113033
57.36227457
55.9168245
56.18684203
55.6738812
56.68511124
56.65640088
55.83032983
54.57163963
53.16481341
51.90125591
52.59975809
54.76087803
59.50846556
65.8789103
72.59530773
74.85392052
74.85392052
74.85392052
74.85392052
74.85392052
74.85392052
74.85392052
74.85392052
74.85392052
74.85392052
74.85392052
74.85392052
74.85392052
74.85392052
74.85392052
74.85392052
74.85392052
74.85392052
74.85392052
74.85392052
74.85392052
74.85392052
74.85392052
74.85392052
74.85392052
74.85392052
74.85392052
74.85392052
74.85392052
74.85392052
74.85392052
74.85392052
74.85392052
74.85392052
43.10767976
0
0
0
0
0
0
0
0
0
0
0
0
0
0
0
0
0
0
0
0
0
0
0
0
0
0
0
0
0
0
0
0
0
0
0
0
0
0
0
0
0
0
0
0
0
0
0
0
0
0
0
0
0
0
0
0
0
0
0
0
0
0
0
74.85392052
74.85392052
74.85392052
74.85392052
74.85392052
74.85392052
74.85392052
74.85392052
74.85392052
74.85392052
74.85392052
74.85392052
74.85392052
74.85392052
74.85392052
74.85392052
74.85392052
74.85392052
74.85392052
74.85392052
74.85392052
74.85392052
74.85392052
74.85392052
74.85392052
74.85392052
74.85392052
74.85392052
74.85392052
74.85392052
74.85392052
74.85392052
0
0
0
0
0
0
0
0
0
0
0
0
0
0
0
0
0
0
0
0
0
0
0
0
0
0
0
0
0
0
0
0
74.85392052
74.85392052
74.85392052
74.85392052
74.85392052
74.85392052
74.85392052
74.85392052
74.85392052
74.85392052
74.85392052
74.85392052
74.85392052
74.85392052
74.85392052
74.85392052
74.85392052
74.85392052
74.85392052
74.85392052
74.85392052
74.85392052
74.85392052
74.85392052
74.85392052
74.85392052
74.85392052
74.85392052
74.85392052
74.85392052
74.85392052
74.85392052
74.85392052
74.85392052
74.85392052
74.85392052
74.85392052
74.85392052
74.85392052
74.85392052
74.85392052
74.85392052
74.85392052
74.85392052
74.85392052
74.85392052
74.85392052
74.85392052
74.85392052
74.85392052
74.85392052
74.85392052
74.85392052
74.85392052
74.85392052
74.85392052
74.85392052
74.85392052
74.85392052
74.85392052
74.85392052
74.85392052
74.85392052
74.85392052
74.85392052
74.85392052
74.85392052
74.85392052
74.85392052
74.85392052
74.85392052
74.85392052
74.85392052
74.85392052
74.85392052
74.85392052
74.85392052
74.85392052
74.85392052
74.85392052
74.85392052
74.85392052
74.85392052
74.85392052
74.85392052
74.85392052
74.85392052
74.85392052
74.85392052
74.85392052
74.85392052
74.85392052
74.85392052
74.85392052
74.85392052
74.85392052
74.85392052
74.85392052
74.85392052
74.85392052
74.85392052
74.85392052
74.85392052
74.85392052
74.85392052
74.85392052
74.85392052
74.85392052
74.85392052
74.85392052
74.85392052
74.85392052
74.85392052
74.85392052
74.85392052
74.85392052
74.85392052
74.85392052
74.85392052
74.85392052
74.85392052
74.85392052
74.85392052
74.85392052
74.85392052
74.85392052
74.85392052
74.85392052
74.85392052
74.85392052
74.85392052
74.85392052
74.85392052
74.85392052
74.85392052
74.85392052
74.85392052
74.85392052
74.85392052
74.85392052
74.85392052
74.85392052
74.85392052
74.85392052
74.85392052
74.85392052
74.85392052
74.85392052
74.85392052
74.85392052
74.85392052
74.85392052
74.85392052
74.85392052
74.85392052
74.85392052
74.85392052
74.85392052
74.85392052
74.85392052
74.85392052
74.85392052
74.85392052
74.85392052
49.56842094
51.36582671
55.17450658
57.80292254
60.83051323
63.52649969
65.82346124
67.99872919
68.49671847
69.28071617
69.5959221
70.21585203
71.82464161
71.50345241
71.83039138
71.65639394
72.6129254
72.95988396
74.64708773
74.85392052
74.85392052
74.85392052
74.85392052
74.85392052
74.85392052
74.85392052
74.85392052
74.85392052
74.85392052
74.85392052
74.85392052
74.85392052
74.85392052
74.85392052
74.85392052
74.85392052
74.85392052
74.85392052
74.85392052
74.85392052
74.85392052
74.85392052
74.85392052
74.85392052
74.85392052
74.85392052
48.72119011
43.51921393
39.89426933
0
0
0
0
0
0
0
0
0
0
0
0
0
0
0
0
0
0
0
0
0
0
0
0
0
0
0
0
0
0
0
0
0
0
0
0
0
0
0
0
0
0
0
0
0
0
0
0
0
0
0
0
0
0
0
0
0
0
0
0
0
0
0
0
0
0
0
0
0
0
0
74.85392052
74.85392052
74.85392052
74.85392052
74.85392052
74.85392052
74.85392052
74.85392052
74.85392052
74.85392052
74.85392052
74.85392052
74.85392052
74.85392052
74.85392052
74.85392052
74.85392052
74.85392052
74.85392052
74.85392052
74.85392052
74.85392052
74.85392052
74.85392052
74.85392052
74.85392052
74.85392052
74.85392052
74.85392052
74.85392052
74.85392052
74.85392052
74.85392052
74.85392052
74.85392052
74.85392052
74.85392052
74.85392052
74.85392052
74.85392052
74.85392052
74.85392052
74.85392052
74.85392052
74.85392052
74.85392052
74.85392052
74.85392052
74.85392052
74.85392052
74.85392052
74.85392052
74.85392052
74.85392052
74.85392052
74.85392052
74.85392052
74.85392052
74.85392052
74.85392052
74.85392052
74.85392052
74.85392052
74.85392052
74.85392052
74.85392052
74.85392052
74.85392052
74.85392052
74.85392052
74.85392052
46.17748463
41.88566589
40.28658496
42.16104346
45.30591049
46.74377708
47.27748576
46.70697864
47.08570064
47.0104607
46.74146403
48.14856611
50.12236513
51.68137958
53.12650622
53.40840454
54.76036488
55.56387511
57.18157184
59.46784043
61.07280439
62.89065655
64.37207907
66.75983258
67.574282
67.63542902
69.78480783
71.97738713
73.37610139
74.77568272
74.51006976
74.30032644
74.85392052
74.85392052
74.85392052
74.85392052
74.85392052
74.85392052
74.85392052
74.85392052
74.85392052
74.85392052
74.85392052
74.85392052
74.85392052
74.85392052
74.85392052
74.85392052
74.85392052
74.85392052
74.85392052
74.85392052
74.85392052
51.44154592
49.35623794
48.6115695
50.99515381
57.97302935
68.68751423
74.85392052
74.85392052
74.85392052
74.85392052
74.85392052
74.85392052
74.85392052
74.85392052
74.85392052
74.85392052
74.85392052
74.85392052
74.85392052
74.85392052
74.85392052
74.85392052
74.85392052
74.85392052
74.85392052
74.85392052
74.85392052
74.85392052
74.85392052
74.85392052
74.85392052
74.85392052
74.85392052
74.85392052
74.85392052
74.85392052
74.85392052
74.85392052
74.85392052
74.85392052
0
0
0
0
0
0
0
0
0
0
0
0
0
0
0
0
0
0
0
0
0
0
0
0
0
0
0
0
0
0
0
0
0
0
0
0
0
0
0
0
0
0
0
0
0
0
0
0
0
0
0
0
0
0
0
0
0
0
0
0
0
0
0
74.85392052
74.85392052
74.85392052
74.85392052
74.85392052
74.85392052
74.85392052
74.85392052
74.85392052
74.85392052
74.85392052
74.85392052
74.85392052
74.85392052
74.85392052
74.85392052
74.85392052
74.85392052
74.85392052
74.85392052
74.85392052
74.85392052
74.85392052
74.85392052
74.85392052
74.85392052
74.85392052
74.85392052
74.85392052
74.85392052
74.85392052
74.85392052
74.85392052
0
0
0
0
0
0
0
0
0
0
0
0
0
0
0
0
0
0
0
0
0
0
0
0
0
0
0
0
0
0
0
0
0
0
0
0
0
0
0
0
0
0
0
0
0
0
0
0
0
0
0
0
0
0
0
0
0
0
0
0
0
0
0
0
0
0
0
0
0
0
0
0
0
0
0
0
0
0
0
0
0
0
0
0
0
0
0
0
0
0
0
0
0
0
0
0
0
0
0
0
0
0
0
0
0
0
0
0
0
0
0
0
0
0
0
0
0
0
0
0
0
0
0
0
0
0
0
0
0
0
0
0
0
0
0
0
0
0
0
0
0
0
0
0
0
0
0
0
0
0
0
0
0
0
0
0
0
0
0
0
0
0
0
0
0
0
0
0
0
0
0
0
0
0
0
0
0
0
0
0
0
0
0
0
0
74.85392052
74.85392052
74.85392052
74.85392052
74.85392052
74.85392052
74.85392052
0
0
0
0
0
0
0
0
0
0
0
0
0
0
0
0
0
0
0
0
0
74.85392052
74.85392052
74.85392052
74.85392052
74.85392052
74.85392052
74.85392052
74.85392052
74.85392052
74.85392052
74.85392052
74.85392052
74.85392052
74.85392052
74.85392052
74.85392052
74.85392052
74.85392052
74.85392052
74.85392052
74.85392052
74.85392052
74.85392052
74.85392052
74.85392052
74.85392052
74.85392052
74.85392052
74.85392052
74.85392052
74.85392052
74.85392052
74.85392052
74.85392052
74.85392052
74.85392052
74.85392052
74.85392052
74.85392052
74.85392052
74.85392052
74.85392052
74.85392052
74.85392052
74.85392052
74.85392052
74.85392052
74.85392052
74.85392052
74.85392052
74.85392052
74.85392052
74.85392052
74.85392052
74.85392052
74.85392052
74.85392052
74.85392052
74.85392052
74.85392052
74.85392052
74.85392052
74.85392052
74.85392052
74.85392052
74.85392052
74.85392052
74.85392052
74.85392052
74.85392052
74.85392052
74.85392052
74.85392052
74.85392052
74.85392052
74.85392052
74.85392052
74.85392052
74.85392052
74.85392052
74.85392052
74.85392052
74.85392052
74.85392052
74.85392052
74.85392052
74.85392052
74.85392052
74.85392052
74.85392052
74.85392052
74.85392052
74.85392052
74.85392052
74.85392052
74.85392052
74.85392052
74.85392052
74.85392052
74.85392052
74.85392052
74.85392052
74.85392052
74.85392052
74.85392052
74.85392052
74.85392052
74.85392052
74.85392052
74.85392052
74.85392052
74.85392052
74.85392052
74.85392052
74.85392052
74.85392052
74.85392052
74.85392052
74.85392052
74.85392052
74.85392052
74.85392052
74.85392052
74.85392052
74.85392052
74.85392052
74.85392052
74.85392052
74.85392052
74.85392052
74.85392052
74.85392052
74.85392052
74.85392052
74.85392052
74.85392052
74.85392052
74.85392052
74.85392052
74.85392052
74.85392052
74.85392052
74.85392052
74.85392052
74.85392052
74.85392052
74.85392052
74.85392052
74.85392052
74.85392052
74.85392052
74.85392052
74.85392052
74.85392052
74.85392052
74.85392052
74.85392052
74.85392052
74.85392052
74.85392052
74.85392052
74.85392052
74.85392052
74.85392052
74.85392052
74.85392052
74.85392052
74.85392052
74.85392052
74.85392052
74.85392052
74.85392052
74.85392052
74.85392052
74.85392052
74.85392052
74.85392052
74.85392052
74.85392052
74.85392052
74.85392052
74.85392052
74.85392052
74.85392052
74.85392052
74.85392052
74.85392052
74.85392052
74.85392052
74.85392052
74.85392052
74.85392052
74.85392052
74.85392052
74.85392052
74.85392052
74.85392052
74.85392052
74.85392052
74.85392052
74.85392052
74.85392052
74.85392052
74.85392052
74.85392052
74.85392052
74.85392052
74.85392052
74.85392052
74.85392052
74.85392052
74.85392052
74.85392052
74.85392052
74.85392052
74.85392052
74.85392052
74.85392052
74.85392052
74.85392052
74.85392052
74.85392052
74.85392052
74.85392052
74.85392052
74.85392052
74.85392052
74.85392052
74.85392052
74.85392052
74.85392052
74.85392052
74.85392052
74.85392052
74.85392052
74.85392052
74.85392052
74.85392052
74.85392052
74.85392052
74.85392052
74.85392052
74.85392052
74.85392052
74.85392052
74.85392052
74.85392052
74.85392052
74.85392052
74.85392052
74.85392052
74.85392052
74.85392052
74.85392052
74.85392052
74.85392052
74.85392052
74.85392052
74.85392052
74.85392052
74.85392052
74.85392052
74.85392052
74.85392052
74.85392052
74.85392052
74.85392052
41.86038376
0
0
0
0
0
0
0
0
0
0
0
0
0
0
0
0
0
0
0
0
0
0
0
0
0
0
0
0
0
0
0
0
0
0
0
0
0
0
0
0
0
0
0
0
0
0
0
0
0
0
0
0
0
0
0
0
0
0
0
0
0
0
0
0
0
0
0
0
0
0
0
0
0
0
0
74.85392052
74.85392052
74.85392052
74.85392052
74.85392052
74.85392052
74.85392052
74.85392052
74.85392052
74.85392052
74.85392052
74.85392052
74.85392052
74.85392052
74.85392052
74.85392052
74.85392052
74.85392052
74.85392052
74.85392052
74.85392052
74.85392052
46.972939
44.08517511
45.32442133
48.57154166
52.34056658
56.89504837
61.14866305
61.7922402
63.00664298
64.26946594
65.59030713
66.32666046
65.59363799
65.50230339
65.486681
65.97834419
67.63172012
69.09774006
69.10684979
69.48260965
71.30778149
72.52272401
74.36624436
74.85392052
74.85392052
74.85392052
74.85392052
74.85392052
74.85392052
74.85392052
74.85392052
74.85392052
74.85392052
74.85392052
74.85392052
74.85392052
74.85392052
74.85392052
74.85392052
74.85392052
74.85392052
74.85392052
74.85392052
74.85392052
74.85392052
74.85392052
74.85392052
74.85392052
74.85392052
74.85392052
74.85392052
74.85392052
74.85392052
74.85392052
74.85392052
74.85392052
74.85392052
74.85392052
74.85392052
74.85392052
74.85392052
74.85392052
74.85392052
74.85392052
74.85392052
74.85392052
74.85392052
74.85392052
74.85392052
74.85392052
74.85392052
74.85392052
74.85392052
74.85392052
74.85392052
74.85392052
74.85392052
74.85392052
74.85392052
74.85392052
74.85392052
74.85392052
74.85392052
74.85392052
74.85392052
74.85392052
74.85392052
74.85392052
74.85392052
74.85392052
74.85392052
74.85392052
74.85392052
74.85392052
74.85392052
74.85392052
74.85392052
74.85392052
74.85392052
74.85392052
74.85392052
74.85392052
74.85392052
74.85392052
74.85392052
74.85392052
74.85392052
74.85392052
74.85392052
74.85392052
74.85392052
74.85392052
74.85392052
74.85392052
74.85392052
74.85392052
74.85392052
74.85392052
74.85392052
74.85392052
74.85392052
74.85392052
74.85392052
74.85392052
74.85392052
74.85392052
74.85392052
74.85392052
74.85392052
74.85392052
74.85392052
74.85392052
74.85392052
74.85392052
74.85392052
74.85392052
74.85392052
74.85392052
74.85392052
74.85392052
74.85392052
74.85392052
74.85392052
74.85392052
74.85392052
74.85392052
74.85392052
74.85392052
54.63179263
54.60888185
53.90325443
49.48192974
46.45609653
44.62091917
44.25376035
42.67890357
42.5469208
43.4574621
47.32241803
49.49172216
49.59682936
50.43324735
52.69869987
55.26461422
57.40955216
56.19161021
56.09807745
54.65774629
54.60267286
54.55957447
56.22810728
57.20698289
58.05888356
57.64037716
57.56143905
57.31305211
56.32643181
54.52588627
54.43614466
52.92089579
50.49878619
48.56014479
46.393104
45.04714012
41.33769501
37.87936942
0
0
0
0
0
0
0
0
0
0
0
0
0
0
0
0
0
0
0
0
0
0
0
0
0
0
0
0
0
0
0
0
0
0
0
0
0
0
0
0
0
0
0
0
0
0
0
0
0
0
0
0
0
0
0
0
0
0
0
0
0
0
0
0
0
0
0
0
0
0
0
74.85392052
74.85392052
74.85392052
74.85392052
74.85392052
74.85392052
74.85392052
74.85392052
74.85392052
74.85392052
74.85392052
74.85392052
74.85392052
74.85392052
74.85392052
74.85392052
74.85392052
74.85392052
74.85392052
74.85392052
74.85392052
74.85392052
74.85392052
74.85392052
74.85392052
74.85392052
74.85392052
74.85392052
74.85392052
37.65864891
0
0
0
0
0
0
0
0
0
0
0
0
0
0
0
0
0
0
0
0
0
0
0
0
0
0
0
0
0
0
74.85392052
74.85392052
74.85392052
74.85392052
74.85392052
74.85392052
74.85392052
74.85392052
74.85392052
74.85392052
74.85392052
74.85392052
74.85392052
74.85392052
74.85392052
74.85392052
74.85392052
74.85392052
74.85392052
74.85392052
74.85392052
74.85392052
74.85392052
74.85392052
74.85392052
74.85392052
74.85392052
74.85392052
74.85392052
74.85392052
74.85392052
74.85392052
74.85392052
74.85392052
74.85392052
74.85392052
74.85392052
74.85392052
74.85392052
74.85392052
74.85392052
74.85392052
74.85392052
74.85392052
74.85392052
74.85392052
74.85392052
74.85392052
74.85392052
74.85392052
74.85392052
74.85392052
74.85392052
74.85392052
51.79567078
51.0488203
50.39019675
48.56249926
48.25049944
46.36043037
43.35269006
39.77801813
0
0
0
0
0
0
0
0
0
0
0
0
0
0
0
0
0
0
0
0
0
0
0
0
0
0
0
0
0
0
0
0
0
0
0
0
0
0
0
0
0
0
0
0
0
0
0
0
0
0
0
0
0
0
0
0
0
0
0
0
0
0
0
0
0
0
0
0
0
0
0
0
0
0
0
0
0
0
0
0
0
0
0
0
0
0
0
0
0
0
0
0
0
0
0
0
0
0
0
0
0
0
0
0
0
0
0
0
0
0
0
0
0
0
0
0
0
0
0
0
0
0
0
0
0
0
0
0
0
0
0
0
0
0
0
0
0
0
0
0
0
0
0
0
0
0
0
0
0
0
0
0
0
0
0
0
0
0
0
0
0
0
0
0
0
0
0
0
0
0
0
0
0
0
0
0
0
0
0
0
0
0
0
0
0
0
0
0
0
0
0
0
0
0
0
0
0
0
0
0
0
0
0
0
0
0
0
0
0
0
0
0
0
0
0
0
0
0
0
0
0
0
0
0
0
0
0
0
0
0
0
0
0
0
0
0
0
0
0
0
0
0
0
0
0
0
0
0
0
0
0
0
0
0
0
0
0
0
0
0
0
0
0
0
0
0
0
0
0
0
0
0
0
0
0
0
0
0
0
0
0
0
0
0
0
0
0
0
0
0
0
0
0
0
0
0
0
0
0
0
0
0
0
0
0
0
0
0
0
0
0
0
0
0
0
0
0
0
0
0
0
0
0
0
0
0
0
0
0
0
0
0
0
0
0
0
0
0
0
0
0
0
0
0
0
0
0
0
0
0
0
0
0
0
0
0
0
0
0
0
0
0
0
0
0
0
0
0
0
0
0
0
0
0
0
0
0
0
0
0
0
0
0
0
0
0
0
0
0
0
0
0
0
0
0
0
0
0
0
0
0
0
0
0
0
0
0
0
0
0
0
0
0
0
0
0
0
0
0
0
0
0
0
0
0
0
0
0
0
0
0
0
0
0
0
0
0
0
0
0
0
0
0
0
0
0
0
0
0
0
0
0
0
0
0
0
0
0
0
0
0
0
0
0
0
0
0
0
0
0
0
0
0
0
0
0
0
0
0
0
0
0
0
0
0
0
0
0
0
0
0
0
0
0
0
0
0
0
0
0
0
0
0
0
0
0
0
0
0
0
0
0
0
0
0
0
0
0
0
0
0
0
0
0
0
0
0
0
0
0
0
0
0
0
0
0
0
0
0
0
0
0
0
0
0
0
0
0
0
0
0
0
0
0
0
0
0
0
0
0
0
0
0
0
0
0
0
0
0
0
0
0
0
0
0
0
0
0
0
0
0
0
0
0
0
0
0
0
0
0
0
0
0
0
0
0
0
0
0
0
0
0
0
0
0
0
0
0
0
0
0
0
0
0
0
0
0
0
0
0
0
0
0
0
0
0
0
0
0
0
0
0
0
0
0
0
0
0
0
0
0
0
0
0
0
0
0
0
0
0
0
0
0
0
0
0
0
0
0
0
0
0
0
0
0
0
0
0
0
0
0
0
0
0
0
0
0
0
0
0
0
0
0
0
0
0
0
0
0
0
0
0
0
0
0
0
0
0
0
0
0
0
0
0
0
0
0
0
0
0
0
0
0
0
0
0
0
0
0
0
0
0
0
0
0
0
0
0
0
0
0
0
0
0
0
0
0
0
0
0
0
0
0
0
0
0
0
0
0
0
0
0
0
0
0
0
74.85392052
74.85392052
74.85392052
74.85392052
74.85392052
74.85392052
74.85392052
74.85392052
74.85392052
74.85392052
74.85392052
74.85392052
74.85392052
74.85392052
74.85392052
74.85392052
74.85392052
74.85392052
50.66675117
48.68793886
47.30487764
48.29444381
50.18744751
51.74283074
53.96363347
55.28800567
56.50173833
56.752643
56.58807643
56.4048067
56.37993328
57.23941206
58.20065584
59.91697728
61.47508104
61.83458155
62.13636027
61.62574781
61.99342598
63.43952763
64.08120561
64.17855178
65.83144476
65.18412533
64.92872581
64.66873019
64.42103486
65.23502879
65.61172069
65.63612856
65.50663318
64.63376969
66.24568648
67.3870254
66.83395456
66.48005132
65.81590383
64.58781862
63.63403246
62.6969379
62.0100985
61.28193912
60.52087144
59.66340298
58.35041338
57.02289558
56.6698769
56.08542427
54.7319552
53.7188035
52.58578514
52.40506462
51.54516773
51.19340151
50.90914966
51.06271573
52.89251726
56.8227048
60.81963122
65.3727031
69.62346307
71.81418823
72.86306434
73.03258192
72.70153211
73.89487819
74.73530849
74.85392052
74.85392052
74.85392052
74.85392052
74.85392052
74.85392052
74.85392052
74.85392052
74.85392052
74.85392052
74.85392052
74.85392052
74.85392052
74.85392052
74.85392052
74.85392052
74.85392052
74.85392052
74.85392052
74.85392052
74.85392052
74.85392052
74.85392052
74.85392052
74.85392052
39.85441517
0
0
0
0
0
0
0
0
0
0
0
0
0
0
0
0
0
0
0
0
0
0
0
0
0
0
0
0
0
0
0
0
0
0
74.85392052
74.85392052
74.85392052
74.85392052
74.85392052
74.85392052
74.85392052
74.85392052
74.85392052
74.85392052
74.85392052
74.85392052
74.85392052
74.85392052
74.85392052
74.85392052
74.85392052
74.85392052
74.85392052
74.85392052
74.85392052
74.85392052
74.85392052
74.85392052
74.85392052
74.85392052
74.85392052
74.85392052
74.85392052
74.85392052
74.85392052
74.85392052
74.85392052
74.85392052
74.85392052
74.85392052
74.85392052
74.85392052
74.85392052
74.85392052
74.85392052
74.85392052
74.85392052
74.85392052
74.85392052
74.85392052
74.85392052
74.85392052
74.85392052
74.85392052
74.85392052
74.85392052
74.85392052
74.85392052
74.85392052
74.85392052
74.85392052
74.85392052
74.85392052
74.85392052
74.85392052
74.85392052
74.85392052
37.29273819
0
0
0
0
0
0
0
0
0
0
0
0
0
0
0
0
0
0
0
0
0
0
0
0
0
0
0
0
0
0
0
0
0
0
0
0
0
0
0
0
0
0
0
0
0
0
0
0
0
0
0
0
0
0
0
0
0
0
0
0
0
0
0
0
0
0
0
0
0
0
0
0
0
0
0
74.85392052
74.85392052
74.85392052
74.85392052
74.85392052
74.85392052
74.85392052
74.85392052
74.85392052
74.85392052
74.85392052
74.85392052
74.85392052
74.85392052
74.85392052
74.85392052
74.85392052
74.85392052
0
0
0
0
0
0
0
0
0
0
0
0
0
0
0
0
0
0
0
0
0
0
0
0
0
0
0
0
0
0
0
0
0
0
0
74.85392052
74.85392052
74.85392052
74.85392052
74.85392052
74.85392052
74.85392052
74.85392052
74.85392052
74.85392052
74.85392052
74.85392052
74.85392052
74.85392052
74.85392052
74.85392052
74.85392052
74.85392052
74.85392052
74.85392052
74.85392052
74.85392052
55.21601473
55.49343986
57.16918611
62.00140266
69.70386107
74.85392052
74.85392052
74.85392052
74.85392052
74.85392052
74.85392052
74.85392052
74.85392052
74.85392052
74.85392052
74.85392052
74.85392052
74.85392052
74.85392052
74.85392052
74.85392052
74.85392052
74.85392052
74.85392052
74.85392052
74.85392052
74.85392052
74.85392052
74.85392052
74.85392052
74.85392052
74.85392052
74.85392052
74.85392052
74.85392052
74.85392052
74.85392052
74.85392052
74.85392052
74.85392052
74.85392052
74.85392052
74.85392052
74.85392052
74.85392052
74.85392052
74.85392052
74.85392052
74.85392052
74.85392052
74.85392052
74.85392052
74.85392052
74.85392052
74.85392052
74.85392052
74.85392052
74.85392052
74.85392052
74.85392052
74.85392052
74.85392052
74.85392052
74.85392052
74.85392052
74.85392052
74.85392052
74.85392052
74.85392052
74.85392052
74.85392052
74.85392052
74.85392052
74.85392052
74.85392052
74.85392052
74.85392052
74.85392052
74.85392052
74.85392052
74.85392052
74.85392052
74.85392052
74.85392052
74.85392052
74.85392052
74.85392052
74.85392052
74.85392052
74.85392052
74.85392052
74.85392052
74.85392052
74.85392052
74.85392052
74.85392052
74.85392052
74.85392052
74.85392052
74.85392052
74.85392052
74.85392052
74.85392052
74.85392052
74.85392052
74.85392052
74.85392052
74.85392052
74.85392052
74.85392052
74.85392052
74.85392052
74.85392052
74.85392052
74.85392052
74.85392052
74.85392052
74.85392052
74.85392052
74.85392052
74.85392052
74.85392052
74.85392052
74.85392052
74.85392052
74.85392052
74.85392052
74.85392052
74.85392052
74.85392052
74.85392052
74.85392052
74.85392052
74.85392052
74.85392052
74.85392052
74.85392052
74.85392052
74.85392052
74.85392052
74.85392052
74.85392052
74.85392052
74.85392052
74.85392052
74.85392052
74.85392052
74.85392052
74.85392052
74.85392052
74.85392052
74.85392052
74.85392052
74.85392052
74.85392052
74.85392052
74.85392052
74.85392052
74.85392052
74.85392052
74.85392052
74.85392052
74.85392052
74.85392052
74.85392052
74.85392052
74.85392052
74.85392052
74.85392052
74.85392052
74.85392052
74.85392052
74.85392052
74.85392052
74.85392052
74.85392052
74.85392052
74.85392052
74.85392052
74.85392052
74.85392052
74.85392052
51.67890152
48.3515994
46.73684294
43.56981003
41.03972561
39.70743964
38.38293382
36.96231427
0
0
0
0
0
0
0
0
0
0
0
0
0
0
0
0
0
0
0
0
0
0
0
0
0
0
0
0
0
0
0
0
0
0
0
0
0
0
0
0
0
0
0
0
0
0
0
0
0
0
0
0
0
0
0
0
0
0
0
0
0
0
0
0
0
0
0
0
0
0
0
0
0
0
0
0
0
74.85392052
74.85392052
74.85392052
74.85392052
74.85392052
74.85392052
74.85392052
74.85392052
74.85392052
74.85392052
74.85392052
74.85392052
74.85392052
74.85392052
74.85392052
74.85392052
74.85392052
74.85392052
74.85392052
74.85392052
74.85392052
74.85392052
74.85392052
74.85392052
74.85392052
74.85392052
74.85392052
74.85392052
74.85392052
74.85392052
74.85392052
74.85392052
74.85392052
74.85392052
74.85392052
74.85392052
74.85392052
74.85392052
74.85392052
74.85392052
74.85392052
74.85392052
74.85392052
74.85392052
74.85392052
74.85392052
74.85392052
74.85392052
74.85392052
74.85392052
74.85392052
74.85392052
74.85392052
74.85392052
74.85392052
74.85392052
74.85392052
74.85392052
74.85392052
74.85392052
74.85392052
74.85392052
74.85392052
74.85392052
74.85392052
74.85392052
74.85392052
74.85392052
74.85392052
74.85392052
74.85392052
74.85392052
74.85392052
74.85392052
74.85392052
74.85392052
74.85392052
74.85392052
74.85392052
74.85392052
74.85392052
74.85392052
74.85392052
74.85392052
74.85392052
74.85392052
74.85392052
74.85392052
74.85392052
74.85392052
74.85392052
74.85392052
74.85392052
74.85392052
74.85392052
74.85392052
74.85392052
74.85392052
74.85392052
74.85392052
74.85392052
74.85392052
74.85392052
74.85392052
74.85392052
74.85392052
74.85392052
74.85392052
74.85392052
74.85392052
74.85392052
74.85392052
46.51673135
42.11073678
39.02951671
37.43967154
37.17550523
37.58839555
38.2936441
37.98717283
38.37320739
38.49192537
41.8313692
46.693996
50.65650309
54.63508294
57.68738095
60.69291841
64.02321607
65.20207337
66.06527537
65.67513809
64.33850862
61.63238528
61.2817397
58.9704231
58.25216372
58.12925339
57.29028281
56.23579385
56.46722141
55.37165569
54.81377223
55.85715756
55.52724714
55.37901497
54.92780289
54.00610308
53.82959459
53.52628092
52.88796921
51.39319279
49.87920682
45.74572236
38.90254097
0
0
0
0
0
0
0
0
0
0
0
0
0
0
0
0
0
0
0
0
0
0
0
0
0
0
0
0
0
0
0
0
0
0
0
0
0
0
0
0
0
0
0
0
0
0
0
0
0
0
0
0
0
0
0
0
0
0
0
0
0
0
0
0
0
0
0
0
0
0
0
0
0
0
0
0
0
0
0
0
0
0
0
74.85392052
74.85392052
74.85392052
74.85392052
74.85392052
74.85392052
74.85392052
74.85392052
74.85392052
74.85392052
74.85392052
74.85392052
74.85392052
74.85392052
74.85392052
41.79775955
0
0
0
0
0
0
0
0
0
0
0
0
0
0
0
0
0
0
0
0
0
0
0
0
0
0
0
0
0
0
0
74.85392052
74.85392052
74.85392052
74.85392052
74.85392052
74.85392052
74.85392052
74.85392052
74.85392052
74.85392052
74.85392052
74.85392052
74.85392052
74.85392052
74.85392052
74.85392052
74.85392052
74.85392052
74.85392052
74.85392052
74.85392052
74.85392052
74.85392052
74.85392052
74.85392052
74.85392052
74.85392052
74.85392052
74.85392052
74.85392052
74.85392052
74.85392052
74.85392052
74.85392052
74.85392052
74.85392052
74.85392052
74.85392052
74.85392052
74.85392052
74.85392052
74.85392052
74.85392052
74.85392052
74.85392052
74.85392052
74.85392052
74.85392052
74.85392052
74.85392052
74.85392052
74.85392052
74.85392052
74.85392052
74.85392052
74.85392052
74.85392052
74.85392052
74.85392052
74.85392052
74.85392052
74.85392052
0
0
0
0
0
0
0
0
0
0
0
0
0
0
0
0
0
0
0
0
0
0
0
0
0
0
0
0
0
0
0
0
0
0
0
0
0
0
0
0
0
0
0
0
0
0
0
0
0
0
0
0
0
0
0
0
0
0
0
0
0
0
0
0
0
0
0
74.85392052
74.85392052
74.85392052
74.85392052
74.85392052
74.85392052
74.85392052
74.85392052
74.85392052
74.85392052
74.85392052
74.85392052
74.85392052
74.85392052
74.85392052
74.85392052
74.85392052
74.85392052
74.85392052
74.85392052
74.85392052
74.85392052
74.85392052
74.85392052
74.85392052
74.85392052
74.85392052
74.85392052
40.92314655
0
0
0
0
0
0
0
0
0
0
0
0
0
0
0
0
0
0
0
0
0
0
0
0
0
0
0
0
0
0
0
0
0
0
0
0
0
0
0
0
0
0
0
0
0
0
0
0
0
0
0
0
0
0
0
0
0
0
0
0
0
0
0
0
0
0
0
0
0
0
0
0
0
0
0
0
0
0
0
0
0
0
0
0
0
0
0
0
0
0
0
0
0
0
0
0
0
0
0
0
0
0
0
0
0
0
0
0
0
0
0
0
0
0
0
0
0
0
0
0
0
0
0
0
0
0
0
0
0
0
0
0
0
0
0
0
0
0
0
0
0
0
0
0
0
0
0
0
0
0
0
0
0
0
0
0
0
0
0
0
0
74.85392052
74.85392052
74.85392052
74.85392052
74.85392052
74.85392052
74.85392052
74.85392052
74.85392052
74.85392052
74.85392052
74.85392052
74.85392052
74.85392052
74.85392052
74.85392052
74.85392052
74.85392052
74.85392052
74.85392052
74.85392052
74.85392052
74.85392052
74.85392052
74.85392052
74.85392052
74.85392052
74.85392052
74.85392052
74.85392052
74.85392052
0
0
0
0
0
0
0
0
0
0
0
0
0
0
0
0
0
0
0
0
0
0
0
0
0
0
0
0
0
0
0
0
0
0
0
0
0
0
0
0
0
0
0
0
0
0
0
0
0
0
0
0
0
0
0
0
0
0
0
0
0
0
0
74.85392052
74.85392052
74.85392052
74.85392052
74.85392052
74.85392052
74.85392052
74.85392052
74.85392052
74.85392052
74.85392052
74.85392052
74.85392052
74.85392052
74.85392052
74.85392052
74.85392052
74.85392052
74.85392052
74.85392052
74.85392052
74.85392052
74.85392052
74.85392052
74.85392052
74.85392052
74.85392052
74.85392052
74.85392052
74.85392052
74.85392052
74.85392052
74.85392052
74.85392052
74.85392052
74.85392052
74.85392052
74.85392052
74.85392052
74.85392052
74.85392052
74.85392052
74.85392052
74.85392052
74.85392052
74.85392052
74.85392052
74.85392052
74.85392052
74.85392052
74.85392052
74.85392052
74.85392052
74.85392052
74.85392052
74.85392052
74.85392052
74.85392052
74.85392052
74.85392052
74.85392052
74.85392052
74.85392052
74.85392052
74.85392052
74.85392052
74.85392052
74.85392052
74.85392052
74.85392052
74.85392052
74.85392052
74.85392052
74.85392052
74.85392052
74.85392052
74.85392052
74.85392052
74.85392052
74.85392052
74.85392052
74.85392052
74.85392052
74.85392052
74.85392052
74.85392052
74.85392052
74.85392052
74.85392052
74.85392052
74.85392052
74.85392052
74.85392052
74.85392052
74.85392052
74.85392052
74.85392052
74.85392052
74.85392052
74.85392052
74.85392052
74.85392052
74.85392052
74.85392052
74.85392052
74.85392052
74.85392052
74.85392052
74.85392052
74.85392052
74.85392052
74.85392052
74.85392052
74.85392052
74.85392052
74.85392052
74.85392052
74.85392052
74.85392052
74.85392052
74.85392052
74.85392052
74.85392052
74.85392052
74.85392052
74.85392052
74.85392052
74.85392052
74.85392052
74.85392052
74.85392052
44.45259568
41.77845927
40.65393347
41.50496493
43.0949614
46.79614137
51.24094199
54.69573437
58.8014827
60.65470094
61.68279396
62.6318436
62.22393012
61.76763509
61.95417204
60.74800452
60.58681328
60.94294461
59.96783188
59.15915757
59.177627
58.22373719
56.42685706
53.79542995
51.99866987
49.29157745
47.1357016
45.64902118
44.14129315
44.1802779
44.69177803
44.79810458
43.2295877
43.79640097
45.54122693
46.63628376
47.35940858
46.70140729
47.29489526
47.2738559
46.44799533
45.67231175
45.09285199
43.85303491
42.16325323
40.09724207
38.79418456
37.50653737
0
0
0
0
0
0
0
0
0
0
0
0
0
0
0
0
0
0
0
0
0
0
0
0
0
0
0
0
0
0
0
0
0
0
0
0
0
0
0
0
0
0
0
0
0
0
0
0
0
0
0
0
0
0
0
0
0
0
0
0
0
0
0
0
0
0
0
0
0
0
0
0
0
0
0
0
0
0
0
0
0
0
0
0
0
0
0
0
0
0
0
0
0
0
0
0
0
0
0
0
0
0
0
0
0
0
0
0
0
0
0
0
0
0
0
0
0
0
0
0
0
0
0
0
0
0
0
0
0
0
0
0
0
0
0
0
0
0
0
0
0
0
0
0
0
0
0
0
0
0
0
0
0
0
0
0
0
0
0
0
0
0
0
0
0
0
0
0
0
0
0
0
0
0
0
0
0
0
0
0
0
0
0
0
0
0
0
0
0
0
0
0
0
0
0
0
0
0
0
0
0
0
0
0
0
0
0
0
0
0
0
0
0
0
0
0
0
0
0
0
0
0
0
0
0
0
0
0
0
0
0
0
0
0
0
0
0
0
0
0
0
0
0
0
0
0
0
0
0
0
0
0
0
0
0
0
0
0
0
0
0
0
0
0
0
0
0
0
0
0
0
0
0
0
0
0
0
0
0
0
0
0
0
0
0
0
0
0
0
0
0
0
0
0
0
0
0
0
0
0
0
74.85392052
74.85392052
74.85392052
74.85392052
74.85392052
74.85392052
74.85392052
74.85392052
74.85392052
74.85392052
74.85392052
74.85392052
74.85392052
74.85392052
74.85392052
74.85392052
74.85392052
74.85392052
74.85392052
74.85392052
74.85392052
74.85392052
74.85392052
74.85392052
74.85392052
74.85392052
74.85392052
74.85392052
74.85392052
49.7756492
43.03406128
0
0
0
0
0
0
0
0
0
0
0
0
0
0
0
0
0
0
0
0
0
0
0
0
0
0
0
0
0
0
0
0
0
0
0
0
0
0
0
0
0
0
0
0
0
0
0
0
0
0
0
0
0
0
0
0
0
0
0
0
0
0
0
0
0
0
0
0
74.85392052
74.85392052
74.85392052
74.85392052
74.85392052
74.85392052
74.85392052
74.85392052
74.85392052
74.85392052
74.85392052
74.85392052
74.85392052
74.85392052
74.85392052
74.85392052
74.85392052
74.85392052
74.85392052
74.85392052
74.85392052
74.85392052
74.85392052
74.85392052
74.85392052
74.85392052
74.85392052
74.85392052
74.85392052
74.85392052
74.85392052
74.85392052
74.85392052
0
0
0
0
0
0
0
0
0
0
0
0
0
0
0
0
0
0
0
0
0
0
0
0
0
0
0
0
0
0
0
0
0
0
0
0
0
0
0
0
0
0
0
0
0
0
0
0
0
0
0
0
0
0
0
0
0
0
0
0
0
0
0
0
0
0
0
0
0
0
0
0
0
0
0
0
0
0
0
0
0
0
0
0
0
0
0
0
0
0
0
0
0
0
0
0
0
0
0
0
0
0
0
0
0
0
0
0
0
0
0
0
0
0
0
0
74.85392052
74.85392052
74.85392052
74.85392052
74.85392052
74.85392052
74.85392052
74.85392052
74.85392052
74.85392052
74.85392052
74.85392052
74.85392052
74.85392052
74.85392052
74.85392052
74.85392052
74.85392052
74.85392052
74.85392052
74.85392052
74.85392052
74.85392052
74.85392052
74.85392052
74.85392052
74.85392052
74.85392052
74.85392052
74.85392052
74.85392052
74.85392052
74.85392052
74.85392052
74.85392052
74.85392052
74.85392052
74.85392052
74.85392052
74.85392052
74.85392052
74.85392052
74.85392052
74.85392052
74.85392052
74.85392052
74.85392052
74.85392052
74.85392052
74.85392052
74.85392052
74.85392052
74.85392052
74.85392052
74.85392052
74.85392052
74.85392052
74.85392052
74.85392052
74.85392052
74.85392052
74.85392052
74.85392052
74.85392052
74.85392052
74.85392052
74.85392052
74.85392052
74.85392052
74.85392052
74.85392052
74.85392052
74.85392052
74.85392052
74.85392052
40.75961978
0
0
0
0
0
0
0
0
0
0
0
0
0
0
0
0
0
0
0
0
0
0
0
0
74.85392052
74.85392052
74.85392052
74.85392052
74.85392052
74.85392052
74.85392052
74.85392052
74.85392052
74.85392052
74.85392052
74.85392052
74.85392052
74.85392052
74.85392052
74.85392052
74.85392052
74.85392052
74.85392052
74.85392052
74.85392052
74.85392052
74.85392052
74.85392052
74.85392052
74.85392052
74.85392052
74.85392052
74.85392052
74.85392052
74.85392052
74.85392052
74.85392052
74.85392052
74.85392052
74.85392052
74.85392052
74.85392052
74.85392052
74.85392052
74.85392052
74.85392052
74.85392052
74.85392052
74.85392052
74.85392052
74.85392052
74.85392052
74.85392052
74.85392052
74.85392052
74.85392052
74.85392052
74.85392052
74.85392052
74.85392052
74.85392052
74.85392052
74.85392052
74.85392052
74.85392052
74.85392052
74.85392052
74.85392052
74.85392052
74.85392052
74.85392052
74.85392052
74.85392052
39.2379321
0
0
0
0
0
0
0
0
0
0
0
0
0
0
0
0
0
0
0
0
0
0
0
0
0
0
0
0
0
0
0
0
0
0
0
0
0
0
0
0
0
0
0
0
0
0
0
0
0
0
0
0
0
0
0
0
0
0
0
0
0
0
0
0
0
0
74.85392052
74.85392052
74.85392052
74.85392052
74.85392052
74.85392052
74.85392052
74.85392052
74.85392052
74.85392052
74.85392052
74.85392052
74.85392052
74.85392052
74.85392052
74.85392052
74.85392052
74.85392052
74.85392052
74.85392052
74.85392052
74.85392052
74.85392052
74.85392052
74.85392052
74.85392052
74.85392052
74.85392052
74.85392052
74.85392052
0
0
0
0
0
0
0
0
0
0
0
0
0
0
0
0
0
0
0
0
0
0
0
0
0
0
0
0
0
0
0
0
0
0
0
0
0
0
0
0
0
0
0
0
0
0
0
0
0
0
0
0
0
0
0
0
0
0
0
0
0
0
0
0
0
0
0
0
0
0
0
0
0
0
0
0
0
0
0
0
0
0
0
0
0
0
0
0
0
0
0
0
0
0
0
0
0
0
0
0
0
0
0
0
0
0
0
0
0
0
0
0
0
0
0
0
0
0
0
0
0
0
0
0
0
0
0
0
0
0
0
0
0
0
0
0
0
0
0
0
0
0
0
0
0
0
0
0
0
0
0
0
0
0
0
0
0
0
0
0
0
0
0
0
0
0
0
0
0
0
0
0
0
0
0
0
0
0
0
0
0
0
0
0
0
0
0
0
0
0
0
0
0
0
0
0
0
0
0
0
0
0
0
0
0
0
0
0
0
0
0
0
0
0
0
0
0
0
0
0
0
0
0
0
0
0
0
0
0
0
0
0
0
0
0
0
0
0
0
0
0
0
0
0
0
0
0
0
0
0
0
0
0
0
0
0
74.85392052
74.85392052
74.85392052
74.85392052
74.85392052
74.85392052
74.85392052
74.85392052
74.85392052
74.85392052
74.85392052
74.85392052
74.85392052
74.85392052
74.85392052
74.85392052
74.85392052
74.85392052
74.85392052
74.85392052
74.85392052
74.85392052
74.85392052
74.85392052
74.85392052
74.85392052
74.85392052
74.85392052
74.85392052
74.85392052
74.85392052
74.85392052
74.85392052
74.85392052
74.85392052
74.85392052
74.85392052
74.85392052
74.85392052
74.85392052
74.85392052
74.85392052
74.85392052
74.85392052
74.85392052
74.85392052
74.85392052
74.85392052
74.85392052
74.85392052
74.85392052
74.85392052
74.85392052
74.85392052
74.85392052
74.85392052
74.85392052
74.85392052
74.85392052
74.85392052
74.85392052
74.85392052
74.85392052
74.85392052
74.85392052
74.85392052
74.85392052
74.85392052
74.85392052
74.85392052
74.85392052
74.85392052
74.85392052
74.85392052
74.85392052
74.85392052
74.85392052
74.85392052
74.85392052
74.85392052
74.85392052
74.85392052
74.85392052
74.85392052
74.85392052
74.85392052
74.85392052
74.85392052
74.85392052
74.85392052
74.85392052
74.85392052
74.85392052
74.85392052
74.85392052
74.85392052
74.85392052
74.85392052
74.85392052
74.85392052
74.85392052
74.85392052
74.85392052
74.85392052
74.85392052
74.85392052
74.85392052
74.85392052
74.85392052
74.85392052
74.85392052
74.85392052
74.85392052
74.85392052
74.85392052
74.85392052
74.85392052
74.85392052
74.85392052
74.85392052
74.85392052
74.85392052
74.85392052
74.85392052
74.85392052
74.85392052
74.85392052
74.85392052
74.85392052
74.85392052
74.85392052
74.85392052
74.85392052
74.85392052
74.85392052
74.85392052
74.85392052
74.85392052
74.85392052
74.85392052
74.85392052
74.85392052
74.85392052
74.85392052
74.85392052
74.85392052
74.85392052
74.85392052
74.85392052
74.85392052
74.85392052
74.85392052
74.85392052
74.85392052
74.85392052
54.55105516
53.25809086
51.95450695
51.24580845
49.93511988
49.25804697
49.28062283
47.88585461
44.95024491
44.39156867
43.45508245
40.99106205
37.94794951
0
0
0
0
0
0
0
0
0
0
0
0
0
0
0
0
0
0
0
0
0
0
0
0
0
0
0
0
0
0
0
0
0
0
0
0
0
0
0
0
0
0
0
0
0
0
0
0
0
0
0
0
0
0
0
0
0
0
0
0
0
0
0
0
0
0
0
0
0
0
0
0
0
0
0
0
0
0
0
0
0
0
0
0
0
0
0
0
0
0
0
0
0
0
0
0
0
0
0
0
0
0
0
0
0
0
0
0
0
0
0
0
0
0
0
0
0
0
0
0
0
0
0
0
0
0
0
0
0
0
0
0
0
0
0
0
0
0
0
0
0
0
0
0
0
0
0
0
0
0
0
0
0
0
0
0
0
0
0
0
0
0
0
0
0
0
0
0
0
0
0
0
0
0
0
0
0
0
0
0
0
0
0
0
0
0
0
0
0
0
0
0
0
0
0
0
0
0
0
0
0
0
0
0
0
0
0
0
0
0
0
0
0
0
0
0
0
0
0
0
0
0
0
0
0
0
0
0
0
0
0
0
0
0
0
0
0
0
0
0
0
0
0
0
0
0
0
0
0
0
0
0
0
0
0
0
0
0
0
0
0
0
0
0
0
0
0
0
0
0
0
0
0
0
0
0
0
0
0
0
0
0
0
0
0
0
0
0
0
0
0
0
0
0
0
0
0
0
0
0
0
0
0
0
0
0
0
0
0
0
0
0
0
0
0
0
0
0
0
0
0
0
0
0
0
0
0
0
0
0
0
0
0
0
0
0
0
0
0
0
0
0
0
0
0
0
0
0
0
0
0
0
0
0
0
0
0
0
0
0
0
0
0
0
0
0
0
0
0
0
0
0
0
0
0
0
0
0
0
0
0
0
0
0
0
0
0
0
0
0
0
0
0
0
0
0
0
0
0
0
0
0
0
0
0
0
0
0
0
0
0
0
0
0
0
0
0
0
0
0
0
0
0
0
0
0
0
0
0
0
0
0
0
0
0
0
0
0
0
0
0
0
0
0
0
0
0
0
0
0
0
0
0
0
0
0
0
0
0
0
0
0
0
0
0
0
0
0
0
0
0
0
0
0
0
0
0
0
0
0
0
0
0
0
0
0
0
0
0
0
0
0
0
0
0
0
0
0
0
0
0
0
0
0
0
74.85392052
74.85392052
74.85392052
74.85392052
74.85392052
74.85392052
74.85392052
74.85392052
74.85392052
74.85392052
74.85392052
74.85392052
74.85392052
74.85392052
74.85392052
74.85392052
74.85392052
74.85392052
74.85392052
74.85392052
74.85392052
74.85392052
74.85392052
74.85392052
74.85392052
74.85392052
74.85392052
74.85392052
74.85392052
74.85392052
74.85392052
74.85392052
74.85392052
74.85392052
74.85392052
74.85392052
74.85392052
74.85392052
74.85392052
74.85392052
74.85392052
74.85392052
74.85392052
74.85392052
74.85392052
74.85392052
74.85392052
74.85392052
74.85392052
74.85392052
74.85392052
74.85392052
74.85392052
74.85392052
74.85392052
74.85392052
74.85392052
74.85392052
74.85392052
74.85392052
74.85392052
74.85392052
74.85392052
74.85392052
54.95603358
54.936153
55.35291613
56.67773987
57.03913474
56.9450619
56.44364179
54.71657261
51.14173311
49.95005984
49.69535697
48.73105903
48.76325396
48.67629519
48.60078746
48.2410457
48.0961131
47.37316917
47.29719566
47.86406593
47.7361062
47.4031808
46.6271876
46.27526613
46.78754096
46.71684902
46.92294175
48.19040977
52.03335952
58.73999835
64.81391615
70.10449427
74.22633001
74.85392052
74.85392052
74.85392052
74.85392052
74.85392052
74.85392052
74.85392052
74.85392052
74.85392052
74.85392052
74.85392052
74.85392052
74.85392052
74.85392052
74.85392052
74.85392052
74.85392052
74.85392052
74.85392052
74.85392052
74.85392052
74.85392052
74.85392052
74.85392052
74.85392052
74.85392052
74.85392052
74.85392052
74.85392052
74.85392052
74.85392052
36.45108314
0
0
0
0
0
0
0
0
0
0
0
0
0
0
0
0
0
0
0
0
0
0
0
0
0
0
0
0
0
0
0
0
0
0
0
0
0
0
0
0
0
0
0
0
0
0
0
0
0
0
0
0
0
0
0
0
0
0
0
0
0
0
0
0
0
0
0
0
0
0
0
0
0
0
0
0
0
0
0
0
0
0
0
0
74.85392052
74.85392052
74.85392052
74.85392052
74.85392052
74.85392052
74.85392052
74.85392052
74.85392052
74.85392052
0
0
0
0
0
0
0
0
0
0
0
0
0
0
0
0
0
0
0
0
0
0
0
0
0
0
0
0
0
0
0
0
0
0
0
0
0
0
0
0
0
0
0
0
0
0
0
0
0
0
0
0
0
0
0
0
0
0
0
0
0
0
0
0
0
0
0
0
0
0
0
0
0
0
0
0
0
0
0
0
0
0
0
0
0
0
0
0
0
0
0
0
0
0
0
0
0
0
0
0
0
0
0
0
0
0
0
0
0
0
0
0
0
0
0
0
0
0
0
0
0
0
0
0
0
0
0
0
0
0
0
0
0
0
0
0
0
0
0
0
0
0
0
0
0
0
0
0
0
0
0
0
0
0
0
0
0
0
0
0
0
0
0
0
0
0
0
0
0
0
0
0
0
0
0
0
0
0
0
0
0
0
0
0
0
0
0
0
0
0
0
0
0
0
0
0
0
0
0
0
0
0
0
0
0
0
0
0
0
0
0
0
0
0
0
0
0
0
0
0
0
0
0
0
0
0
0
0
0
0
0
0
0
0
0
0
0
0
0
0
0
0
0
0
0
0
0
0
0
0
0
0
0
0
0
0
0
0
0
0
0
0
0
0
0
0
0
0
0
0
0
0
0
0
0
0
0
0
0
0
0
0
0
0
0
0
0
0
0
0
0
0
0
0
0
0
0
0
0
0
0
0
0
0
0
0
0
0
0
0
0
0
0
0
0
0
0
0
74.85392052
74.85392052
74.85392052
74.85392052
74.85392052
74.85392052
74.85392052
74.85392052
74.85392052
74.85392052
74.85392052
74.85392052
74.85392052
74.85392052
74.85392052
74.85392052
74.85392052
74.85392052
74.85392052
74.85392052
74.85392052
74.85392052
74.85392052
74.85392052
74.85392052
74.85392052
74.85392052
74.85392052
74.85392052
74.85392052
74.85392052
74.85392052
74.85392052
74.85392052
74.85392052
74.85392052
74.85392052
74.85392052
74.85392052
74.85392052
74.85392052
74.85392052
74.85392052
74.85392052
74.85392052
74.85392052
74.85392052
74.85392052
74.85392052
74.85392052
74.85392052
74.85392052
74.85392052
74.85392052
74.85392052
74.85392052
74.85392052
74.85392052
74.85392052
74.85392052
74.85392052
74.85392052
74.85392052
74.85392052
74.85392052
74.85392052
74.85392052
74.85392052
74.85392052
74.85392052
74.85392052
74.85392052
74.85392052
74.85392052
74.85392052
74.85392052
74.85392052
74.85392052
74.85392052
74.85392052
74.85392052
74.85392052
74.85392052
74.85392052
74.85392052
74.85392052
74.85392052
74.85392052
74.85392052
74.85392052
74.85392052
74.85392052
74.85392052
74.85392052
74.85392052
74.85392052
74.85392052
74.85392052
74.85392052
74.85392052
74.85392052
74.85392052
74.85392052
74.85392052
74.85392052
74.85392052
74.85392052
74.85392052
74.85392052
74.85392052
74.85392052
74.85392052
74.85392052
74.85392052
74.85392052
74.85392052
74.85392052
74.85392052
74.85392052
74.85392052
74.85392052
74.85392052
74.85392052
54.56677192
53.52750285
53.48762763
54.76252271
59.88616627
68.94878606
74.85392052
74.85392052
74.85392052
74.85392052
74.85392052
74.85392052
74.85392052
74.85392052
74.85392052
74.85392052
74.85392052
74.85392052
74.85392052
74.85392052
74.85392052
74.85392052
74.85392052
74.85392052
74.85392052
74.85392052
74.85392052
74.85392052
74.85392052
74.85392052
74.85392052
74.85392052
74.85392052
74.85392052
74.85392052
74.85392052
74.85392052
74.85392052
74.85392052
74.85392052
74.85392052
74.85392052
74.85392052
74.85392052
55.27440951
60.02690726
63.7601406
67.79553952
70.78265462
72.59568003
73.43714503
73.99927055
73.92534751
74.70183136
74.85313301
74.62743251
74.07268765
72.93639837
71.72961026
71.55874481
71.4309812
71.58646747
71.96037694
71.75471755
71.3308513
70.88300311
70.38216127
69.97431194
69.56772768
69.66616879
70.01481052
70.16126418
70.03904722
69.62195924
69.13737933
67.97243287
67.38305292
66.69554262
65.84551728
64.64736237
63.49920039
61.74062107
59.85699996
57.62344136
55.37006594
53.63256871
51.39618378
49.0863762
46.76329064
44.87793755
43.28935551
41.70429893
40.00562052
38.40721054
36.74197182
0
0
0
0
0
0
0
0
0
0
0
0
0
0
0
0
0
0
0
0
0
0
0
0
0
0
0
0
0
0
0
0
0
0
0
0
0
0
0
0
0
0
0
0
0
0
0
0
0
0
0
0
0
0
0
0
0
0
0
0
0
0
0
0
0
0
0
0
0
0
0
0
0
0
0
0
0
0
0
0
0
0
0
0
0
0
0
0
0
0
0
0
0
0
0
0
0
0
0
0
0
0
0
0
0
0
0
0
0
0
0
0
0
0
0
0
0
0
0
0
0
0
0
0
0
0
0
0
0
0
0
0
0
0
0
0
0
0
0
0
0
0
0
0
0
0
0
0
0
0
0
0
0
0
0
0
0
0
0
0
0
0
0
0
0
0
0
0
0
0
0
0
0
0
0
0
0
0
0
0
0
0
0
0
0
0
0
0
0
0
0
0
0
0
0
0
0
0
0
0
0
0
0
0
0
0
0
0
0
0
0
0
0
0
0
0
0
0
0
0
0
0
0
0
0
0
0
0
0
0
0
0
0
0
0
0
0
0
0
0
0
0
0
0
0
0
0
0
0
0
0
0
0
0
0
0
0
0
0
0
0
0
0
0
0
0
0
0
0
0
0
0
0
0
0
0
0
0
0
0
0
0
0
0
0
0
0
0
0
0
0
0
0
0
0
0
0
0
0
0
0
0
0
0
0
0
0
0
0
0
0
0
0
0
0
0
0
0
0
0
0
0
0
0
0
0
0
0
0
0
0
0
0
0
0
0
0
0
0
0
0
0
0
0
0
0
0
0
0
0
0
0
0
0
0
0
0
0
0
0
0
0
0
0
0
0
0
0
0
0
0
0
0
0
0
0
0
0
0
0
0
0
0
0
0
0
0
0
0
0
0
0
0
0
0
0
0
0
0
0
0
74.85392052
74.85392052
74.85392052
74.85392052
74.85392052
74.85392052
74.85392052
74.85392052
74.85392052
74.85392052
74.85392052
74.85392052
74.85392052
74.85392052
74.85392052
74.85392052
74.85392052
74.85392052
74.85392052
74.85392052
74.85392052
74.85392052
74.85392052
74.85392052
74.85392052
0
0
0
0
0
0
0
0
0
0
0
0
0
0
0
0
0
0
0
0
0
0
0
0
0
0
0
0
0
0
0
0
0
0
0
0
0
0
0
0
0
0
0
0
0
0
0
0
0
0
0
0
0
0
0
0
0
0
0
0
0
0
74.85392052
74.85392052
74.85392052
74.85392052
74.85392052
74.85392052
74.85392052
74.85392052
74.85392052
74.85392052
74.85392052
74.85392052
74.85392052
74.85392052
74.85392052
74.85392052
74.85392052
74.85392052
74.85392052
74.85392052
74.85392052
74.85392052
74.85392052
74.85392052
74.85392052
74.85392052
74.85392052
74.85392052
74.85392052
74.85392052
74.85392052
74.85392052
74.85392052
74.85392052
74.85392052
74.85392052
74.85392052
74.85392052
74.85392052
74.85392052
74.85392052
74.85392052
74.85392052
74.85392052
74.85392052
74.85392052
74.85392052
74.85392052
74.85392052
74.85392052
74.85392052
74.85392052
74.85392052
74.85392052
74.85392052
74.85392052
74.85392052
74.85392052
74.85392052
74.85392052
74.85392052
74.85392052
74.85392052
74.85392052
74.85392052
74.85392052
74.85392052
74.85392052
74.85392052
74.85392052
74.85392052
74.85392052
74.85392052
74.85392052
74.85392052
74.85392052
74.85392052
74.85392052
74.85392052
74.85392052
74.85392052
74.85392052
74.85392052
74.85392052
74.85392052
74.85392052
74.85392052
74.85392052
74.85392052
74.85392052
74.85392052
74.85392052
74.85392052
74.85392052
74.85392052
74.85392052
74.85392052
74.85392052
74.85392052
74.85392052
74.85392052
74.85392052
74.85392052
74.85392052
74.85392052
74.85392052
74.85392052
74.85392052
74.85392052
74.85392052
74.85392052
74.85392052
74.85392052
74.85392052
74.85392052
74.85392052
74.85392052
74.85392052
74.85392052
74.85392052
74.85392052
74.85392052
74.85392052
56.64080295
0
0
0
0
0
0
0
0
0
0
0
0
0
0
0
0
0
0
0
0
0
0
0
0
0
0
0
0
0
0
0
0
0
0
0
0
0
0
0
0
0
0
0
0
0
0
0
0
0
0
0
0
0
0
0
0
0
0
0
0
0
0
0
0
0
0
0
0
0
0
0
0
0
0
0
0
0
0
0
0
0
0
0
0
0
0
0
0
0
0
0
0
0
0
0
0
0
0
0
0
0
0
0
0
0
0
0
0
0
0
0
0
0
0
0
0
0
0
0
0
0
0
0
0
0
0
0
0
0
0
0
0
0
0
0
0
0
0
0
0
0
0
0
0
0
0
0
0
0
0
0
0
0
0
0
0
0
0
0
0
0
0
0
0
0
0
0
0
0
0
0
0
0
0
0
0
0
0
0
0
0
0
0
0
0
0
0
0
0
0
0
0
0
0
0
0
0
0
0
0
0
0
0
0
0
0
0
0
0
0
0
0
0
0
0
0
0
0
0
0
0
0
0
0
0
0
0
0
0
0
0
0
0
0
0
0
0
0
0
0
0
0
0
0
0
0
0
0
0
0
0
0
0
0
0
0
0
0
0
0
0
0
0
0
0
0
0
0
0
0
0
0
0
0
0
0
0
0
0
0
0
0
0
0
0
0
0
0
0
0
0
0
0
0
0
0
0
0
0
0
0
0
0
0
0
0
0
0
0
0
0
0
0
0
0
0
0
0
0
0
0
0
0
0
0
0
0
0
0
0
0
0
0
0
0
0
0
0
0
0
0
0
0
0
0
0
0
0
0
0
0
0
0
0
0
0
0
0
0
0
0
0
0
0
0
0
0
0
0
0
0
0
0
0
0
0
0
0
0
0
0
0
0
0
0
0
0
0
0
0
0
0
0
0
0
0
0
0
0
0
0
0
0
0
0
0
0
0
0
0
0
0
0
0
0
0
0
0
0
0
0
0
0
0
0
0
0
0
0
0
0
0
0
0
0
0
0
0
0
0
0
0
0
0
0
0
0
0
0
0
0
0
0
0
0
0
0
0
0
74.85392052
74.85392052
74.85392052
74.85392052
74.85392052
74.85392052
74.85392052
74.85392052
74.85392052
74.85392052
74.85392052
74.85392052
74.85392052
74.85392052
74.85392052
74.85392052
74.85392052
74.85392052
74.85392052
74.85392052
74.85392052
74.85392052
74.85392052
74.85392052
74.85392052
74.85392052
74.85392052
74.85392052
74.85392052
74.85392052
74.85392052
74.85392052
74.85392052
74.85392052
74.85392052
74.85392052
74.85392052
74.85392052
74.85392052
74.85392052
74.85392052
74.85392052
74.85392052
74.85392052
74.85392052
74.85392052
74.85392052
74.85392052
74.85392052
74.85392052
74.85392052
74.85392052
74.85392052
74.85392052
74.85392052
74.85392052
74.85392052
74.85392052
74.85392052
74.85392052
74.85392052
74.85392052
74.85392052
74.85392052
74.85392052
74.85392052
74.85392052
74.85392052
74.85392052
74.85392052
74.85392052
74.85392052
74.85392052
74.85392052
74.85392052
74.85392052
74.85392052
74.85392052
74.85392052
74.85392052
74.85392052
74.85392052
74.85392052
74.85392052
74.85392052
74.85392052
74.85392052
74.85392052
74.85392052
74.85392052
74.85392052
74.85392052
74.85392052
74.85392052
74.85392052
74.85392052
74.85392052
74.85392052
74.85392052
74.85392052
74.85392052
74.85392052
74.85392052
74.85392052
74.85392052
74.85392052
74.85392052
74.85392052
74.85392052
74.85392052
74.85392052
74.85392052
74.85392052
74.85392052
74.85392052
74.85392052
74.85392052
74.85392052
74.85392052
74.85392052
74.85392052
74.85392052
74.85392052
0
0
0
0
0
0
0
0
0
0
0
0
0
0
0
0
0
0
0
0
0
0
0
0
0
0
0
0
0
0
0
0
0
0
0
0
0
0
0
0
0
0
0
0
0
0
0
0
0
0
0
0
0
0
0
0
0
0
0
0
0
74.85392052
74.85392052
74.85392052
74.85392052
74.85392052
74.85392052
74.85392052
74.85392052
74.85392052
74.85392052
74.85392052
74.85392052
74.85392052
74.85392052
74.85392052
74.85392052
74.85392052
74.85392052
74.85392052
74.85392052
74.85392052
74.85392052
74.85392052
74.85392052
74.85392052
74.85392052
74.85392052
74.85392052
74.85392052
74.85392052
74.85392052
74.85392052
74.85392052
74.85392052
74.85392052
74.85392052
74.85392052
74.85392052
74.85392052
74.85392052
74.85392052
74.85392052
74.85392052
74.85392052
74.85392052
74.85392052
74.85392052
74.85392052
74.85392052
74.85392052
74.85392052
74.85392052
74.85392052
74.85392052
74.85392052
74.85392052
74.85392052
74.85392052
74.85392052
74.85392052
74.85392052
74.85392052
74.85392052
74.85392052
74.85392052
74.85392052
74.85392052
74.85392052
74.85392052
74.85392052
74.85392052
74.85392052
74.85392052
74.85392052
74.85392052
74.85392052
74.85392052
74.85392052
74.85392052
74.85392052
74.85392052
74.85392052
74.85392052
74.85392052
74.85392052
74.85392052
74.85392052
74.85392052
74.85392052
74.85392052
74.85392052
74.85392052
74.85392052
74.85392052
74.85392052
74.85392052
74.85392052
74.85392052
74.85392052
74.85392052
74.85392052
74.85392052
74.85392052
74.85392052
74.85392052
74.85392052
74.85392052
74.85392052
74.85392052
74.85392052
74.85392052
74.85392052
74.85392052
74.85392052
74.85392052
74.85392052
74.85392052
74.85392052
74.85392052
74.85392052
74.85392052
74.85392052
74.85392052
74.85392052
74.85392052
74.85392052
74.85392052
74.85392052
74.85392052
74.85392052
74.85392052
74.85392052
74.85392052
74.85392052
74.85392052
74.85392052
74.85392052
74.85392052
74.85392052
74.85392052
74.85392052
74.85392052
74.85392052
74.85392052
74.85392052
74.85392052
74.85392052
74.85392052
74.85392052
74.85392052
74.85392052
74.85392052
74.85392052
74.85392052
74.85392052
74.85392052
74.85392052
74.85392052
74.85392052
74.85392052
74.85392052
74.85392052
74.85392052
74.85392052
74.85392052
74.85392052
74.85392052
74.85392052
74.85392052
74.85392052
74.85392052
74.85392052
74.85392052
74.85392052
74.85392052
74.85392052
74.85392052
74.85392052
74.85392052
74.85392052
74.85392052
74.85392052
74.85392052
74.85392052
74.85392052
74.85392052
74.85392052
74.85392052
74.85392052
74.85392052
74.85392052
74.85392052
74.85392052
74.85392052
74.85392052
74.85392052
74.85392052
74.85392052
74.85392052
74.85392052
74.85392052
74.85392052
74.85392052
74.85392052
74.85392052
74.85392052
74.85392052
74.85392052
74.85392052
74.85392052
74.85392052
74.85392052
74.85392052
74.85392052
74.85392052
74.85392052
74.85392052
74.85392052
74.85392052
74.85392052
74.85392052
74.85392052
74.85392052
74.85392052
74.85392052
74.85392052
74.85392052
39.26267089
0
0
0
0
0
0
0
0
0
0
0
0
0
0
0
0
0
0
0
0
0
0
74.85392052
74.85392052
74.85392052
74.85392052
74.85392052
74.85392052
74.85392052
74.85392052
74.85392052
74.85392052
74.85392052
74.85392052
74.85392052
74.85392052
74.85392052
74.85392052
74.85392052
74.85392052
74.85392052
74.85392052
74.85392052
74.85392052
74.85392052
74.85392052
74.85392052
74.85392052
74.85392052
74.85392052
74.85392052
74.85392052
49.78972188
47.6098628
46.48359221
45.50031085
44.88932344
45.45400798
47.71630595
51.24495356
55.20566902
57.37046864
57.50466303
58.54222848
58.79808273
60.24689085
60.47283367
60.79044942
60.99434901
60.53133661
62.41757202
64.69636746
64.76717087
64.69917235
65.06835404
65.65069524
65.65444133
65.86650127
65.53274226
64.72757801
65.19239543
64.72222044
64.36829144
64.20766782
63.63837838
62.6512062
61.88169433
60.55769592
60.70480066
60.10619646
61.6269992
60.47538168
59.1585007
54.26021826
48.97660873
41.80983446
0
0
0
0
0
0
0
0
0
0
0
0
0
0
0
0
0
0
0
0
0
0
0
0
0
0
0
0
0
0
0
0
0
0
0
0
0
0
0
0
0
0
0
0
0
0
0
0
0
0
0
0
0
0
0
0
0
0
0
0
0
0
0
0
0
0
0
0
74.85392052
74.85392052
74.85392052
74.85392052
74.85392052
74.85392052
74.85392052
74.85392052
74.85392052
74.85392052
74.85392052
74.85392052
74.85392052
74.85392052
74.85392052
74.85392052
74.85392052
74.85392052
74.85392052
74.85392052
74.85392052
74.85392052
74.85392052
74.85392052
74.85392052
74.85392052
74.85392052
74.85392052
74.85392052
74.85392052
74.85392052
54.81978064
57.38523881
61.0879297
64.29539165
66.85706653
69.81826728
71.46516337
72.68075785
74.09425495
74.85392052
74.85392052
74.85392052
74.85392052
74.85392052
74.85392052
74.85392052
74.85392052
74.85392052
74.85392052
74.85392052
74.85392052
74.85392052
74.85392052
74.85392052
74.85392052
74.85392052
74.85392052
74.85392052
74.85392052
74.85392052
74.85392052
74.85392052
74.85392052
74.85392052
74.85392052
74.85392052
74.85392052
74.85392052
74.85392052
74.85392052
74.85392052
74.85392052
74.85392052
74.85392052
74.85392052
74.85392052
74.85392052
74.85392052
74.85392052
74.85392052
74.85392052
74.85392052
74.85392052
74.85392052
74.85392052
74.85392052
74.85392052
74.85392052
74.85392052
74.85392052
74.85392052
74.85392052
74.85392052
74.85392052
74.85392052
74.85392052
74.85392052
74.85392052
74.85392052
74.85392052
74.85392052
74.85392052
74.85392052
74.85392052
74.85392052
74.85392052
74.85392052
74.85392052
74.85392052
74.85392052
74.85392052
74.85392052
74.85392052
74.85392052
74.85392052
74.85392052
74.85392052
74.85392052
74.85392052
74.85392052
74.85392052
46.39525025
38.14309299
0
0
0
0
0
0
0
0
0
0
0
0
0
0
0
0
0
0
0
0
0
0
0
0
0
0
0
0
0
0
0
0
0
0
0
0
0
0
0
0
0
0
0
0
0
0
0
0
0
0
0
0
0
0
0
0
0
0
0
0
0
0
0
0
0
0
0
0
0
0
0
0
0
0
0
0
0
0
0
0
74.85392052
74.85392052
74.85392052
74.85392052
74.85392052
74.85392052
74.85392052
74.85392052
74.85392052
74.85392052
74.85392052
74.85392052
74.85392052
74.85392052
74.85392052
74.85392052
74.85392052
74.85392052
51.6419725
52.29424839
54.01119654
57.4839323
61.04110636
65.84569481
69.82252062
73.75453988
74.85392052
74.85392052
74.85392052
74.85392052
74.85392052
74.85392052
74.85392052
74.85392052
74.85392052
74.85392052
74.85392052
74.85392052
74.85392052
74.85392052
74.85392052
74.85392052
74.85392052
74.85392052
74.85392052
74.85392052
74.85392052
74.85392052
74.85392052
74.85392052
74.85392052
74.85392052
74.85392052
74.85392052
74.85392052
74.85392052
74.85392052
74.85392052
74.85392052
74.85392052
74.85392052
74.85392052
74.85392052
74.85392052
74.85392052
74.85392052
74.85392052
74.85392052
74.85392052
74.85392052
74.85392052
74.85392052
74.85392052
74.85392052
74.85392052
74.85392052
74.85392052
74.85392052
74.85392052
74.85392052
74.85392052
74.85392052
74.85392052
74.85392052
74.85392052
74.85392052
74.85392052
74.85392052
74.85392052
74.85392052
74.85392052
74.85392052
74.85392052
74.85392052
74.85392052
74.85392052
74.85392052
74.85392052
74.85392052
74.85392052
74.85392052
74.85392052
74.85392052
74.85392052
74.85392052
74.85392052
74.85392052
74.85392052
74.85392052
74.85392052
74.85392052
74.85392052
74.85392052
74.85392052
74.85392052
74.85392052
74.85392052
74.85392052
74.85392052
74.85392052
74.85392052
74.85392052
74.85392052
74.85392052
74.85392052
74.85392052
74.85392052
74.85392052
74.85392052
74.85392052
74.85392052
74.85392052
54.84456003
53.61392561
52.18680824
50.11838799
48.20441539
46.78892243
45.35320358
45.77032426
46.42571192
47.31790018
48.00758426
49.17848889
50.60987268
51.33722043
49.91918912
50.16500466
53.23745518
54.97049518
57.29231792
57.13590891
56.96933884
56.94540624
57.66975306
58.53072855
58.24628598
58.49434715
57.21776372
57.34657837
56.40365581
55.37997368
53.69459106
52.27588651
51.86013455
49.85672979
48.84868529
47.75532267
46.50060812
44.71085924
44.33690665
45.5319036
47.35612945
50.66318484
53.86613431
55.50865926
57.37640031
58.47103545
60.03398256
59.13667979
57.21930717
56.23051518
55.61481247
55.11188334
54.44709776
54.62437641
53.82059089
54.05173465
54.35744573
54.30069011
53.81861215
53.20796116
53.04423255
52.42113747
52.21007095
53.89139478
54.58933439
53.83893401
52.30081417
49.27284988
46.94266003
45.88112514
44.90720732
43.06859804
40.28370387
36.91567619
0
0
0
0
0
0
0
0
0
0
0
0
0
0
0
0
0
0
0
0
0
0
0
0
0
0
0
0
0
0
0
0
0
0
0
0
0
0
0
0
0
0
0
0
0
0
0
0
0
0
0
0
0
0
0
0
0
0
0
0
0
0
0
0
0
0
0
0
0
0
0
0
0
0
0
0
0
0
0
0
0
0
0
0
0
0
0
0
0
0
0
0
0
0
0
0
0
0
0
0
0
0
0
0
0
0
0
0
0
0
0
0
0
0
0
0
0
0
0
0
0
0
0
0
0
0
0
0
0
0
0
0
0
0
0
0
0
0
0
0
0
0
0
0
0
0
0
0
0
0
0
0
0
0
0
0
0
0
0
0
0
0
0
0
0
0
0
0
0
0
0
0
0
0
0
0
0
0
0
0
0
0
0
0
0
0
0
0
0
0
0
0
0
0
0
0
0
0
0
0
0
0
0
0
0
0
0
0
0
0
0
0
0
0
0
0
0
0
0
0
0
0
0
0
0
0
0
0
0
0
0
0
0
0
0
0
0
0
0
0
0
0
0
0
0
0
0
0
0
0
0
0
0
0
0
0
0
0
0
0
0
0
0
0
0
0
0
0
0
0
0
0
0
0
0
0
0
0
0
0
0
0
0
0
0
0
0
0
0
0
0
0
0
0
0
0
0
0
0
0
0
0
0
0
0
0
0
0
0
0
0
0
0
0
0
0
0
0
0
0
0
0
0
0
0
0
0
0
0
0
0
0
0
0
0
0
0
0
0
0
0
0
0
0
0
0
0
0
0
0
0
0
0
0
0
0
0
0
0
0
0
0
0
0
0
0
0
0
0
0
0
0
0
0
0
0
0
0
0
0
0
0
0
0
0
0
0
0
0
0
0
0
0
0
0
0
0
0
0
0
0
0
0
0
0
0
0
0
0
0
0
0
0
0
0
0
0
0
0
0
0
0
0
0
0
0
0
0
0
0
0
0
0
0
0
0
0
0
0
0
0
0
0
0
0
0
0
0
0
0
0
0
0
0
0
74.85392052
74.85392052
74.85392052
74.85392052
74.85392052
74.85392052
74.85392052
74.85392052
74.85392052
74.85392052
74.85392052
74.85392052
74.85392052
74.85392052
74.85392052
74.85392052
74.85392052
74.85392052
74.85392052
74.85392052
74.85392052
74.85392052
74.85392052
74.85392052
74.85392052
74.85392052
74.85392052
74.85392052
74.85392052
74.85392052
74.85392052
74.85392052
74.85392052
74.85392052
74.85392052
74.85392052
74.85392052
74.85392052
74.85392052
74.85392052
74.85392052
74.85392052
74.85392052
74.85392052
74.85392052
74.85392052
74.85392052
74.85392052
74.85392052
74.85392052
74.85392052
74.85392052
74.85392052
74.85392052
74.85392052
74.85392052
74.85392052
74.85392052
74.85392052
74.85392052
74.85392052
74.85392052
74.85392052
74.85392052
74.85392052
74.85392052
74.85392052
74.85392052
74.85392052
74.85392052
53.40620639
52.18890015
50.5661056
49.55114021
49.12434976
47.62012563
47.26998952
45.61765877
44.81948861
45.59341951
46.12169051
47.27666324
48.00637858
49.29671001
51.97537854
56.33784608
60.2585691
65.94261321
70.96137366
74.01458428
74.85392052
74.85392052
74.85392052
74.85392052
74.85392052
74.85392052
74.85392052
74.85392052
74.85392052
74.85392052
74.85392052
74.85392052
74.85392052
74.85392052
74.85392052
74.85392052
74.85392052
74.85392052
74.85392052
74.85392052
74.85392052
74.85392052
74.85392052
74.85392052
74.85392052
74.85392052
74.85392052
74.85392052
74.85392052
74.85392052
74.85392052
74.85392052
74.85392052
74.85392052
74.85392052
74.85392052
74.85392052
74.85392052
74.85392052
74.85392052
74.85392052
53.60222955
54.29611861
55.13552185
56.01223985
56.47515934
57.06730311
56.00678279
55.9982093
55.86686633
55.89268509
54.54900606
53.23900405
52.94600311
54.30072764
54.66115141
56.36082077
57.93798707
59.73127281
61.52836588
61.82065816
64.01151206
66.5346201
69.67173325
72.54634263
74.85392052
74.85392052
74.85392052
74.85392052
74.85392052
74.85392052
74.85392052
74.85392052
74.85392052
74.85392052
74.85392052
74.85392052
74.85392052
74.85392052
74.85392052
74.85392052
74.85392052
74.85392052
74.85392052
74.85392052
74.85392052
49.29641133
46.66346565
46.00168733
47.44807959
51.37698844
57.89785385
65.65240773
74.85392052
74.85392052
74.85392052
74.85392052
74.85392052
74.85392052
74.85392052
74.85392052
74.85392052
74.85392052
74.85392052
74.85392052
74.85392052
74.85392052
74.85392052
74.85392052
74.85392052
74.85392052
74.85392052
74.85392052
74.85392052
74.85392052
74.85392052
74.85392052
74.85392052
74.85392052
74.85392052
74.85392052
74.85392052
74.85392052
74.85392052
74.85392052
74.85392052
74.85392052
74.85392052
74.85392052
0
0
0
0
0
0
0
0
0
0
0
0
0
0
0
0
0
0
0
0
0
0
0
0
0
0
0
0
0
0
0
0
0
0
0
0
0
0
0
0
0
0
0
0
0
0
0
0
0
0
0
0
0
0
0
0
0
0
0
74.85392052
74.85392052
74.85392052
74.85392052
74.85392052
74.85392052
74.85392052
74.85392052
74.85392052
74.85392052
74.85392052
74.85392052
74.85392052
74.85392052
74.85392052
74.85392052
74.85392052
74.85392052
74.85392052
74.85392052
74.85392052
74.85392052
74.85392052
74.85392052
74.85392052
74.85392052
74.85392052
74.85392052
74.85392052
74.85392052
74.85392052
74.85392052
74.85392052
74.85392052
74.85392052
74.85392052
74.85392052
74.85392052
74.85392052
74.85392052
74.85392052
74.85392052
74.85392052
74.85392052
74.85392052
74.85392052
74.85392052
74.85392052
74.85392052
74.85392052
74.85392052
74.85392052
74.85392052
74.85392052
74.85392052
74.85392052
74.85392052
74.85392052
74.85392052
74.85392052
74.85392052
74.85392052
74.85392052
74.85392052
74.85392052
74.85392052
74.85392052
74.85392052
74.85392052
74.85392052
74.85392052
74.85392052
74.85392052
74.85392052
74.85392052
74.85392052
74.85392052
74.85392052
74.85392052
74.85392052
74.85392052
74.85392052
74.85392052
74.85392052
74.85392052
74.85392052
74.85392052
74.85392052
74.85392052
52.44586545
50.25365458
50.99337496
53.29842873
57.17317723
58.53777707
58.19182088
60.95884088
65.75989544
70.83494172
71.58658451
72.27331408
70.53778157
70.26868123
69.8863454
69.91740941
69.99939839
69.74756449
70.48996444
71.32587352
73.428467
74.85392052
74.85392052
74.85392052
74.85392052
74.85392052
74.85392052
74.85392052
74.85392052
74.85392052
74.85392052
74.85392052
74.85392052
74.85392052
74.85392052
74.85392052
74.85392052
74.85392052
74.85392052
74.85392052
74.85392052
74.85392052
74.85392052
74.85392052
74.85392052
47.29694247
42.64718448
39.85931914
36.44117149
0
0
0
0
0
0
0
0
0
0
0
0
0
0
0
0
0
0
0
0
0
0
0
0
0
0
0
0
0
0
0
0
0
0
0
0
0
0
0
0
0
0
0
0
0
0
0
0
0
0
0
0
0
0
0
0
0
0
0
0
0
0
0
0
0
0
0
0
0
0
0
0
0
0
0
0
0
0
0
0
0
0
0
0
0
0
0
0
0
0
0
0
0
0
0
0
0
0
0
0
0
0
0
0
0
0
0
0
0
0
0
0
0
0
0
0
0
0
0
0
0
0
0
0
0
0
0
0
0
0
0
0
0
0
0
0
0
0
0
0
0
0
0
0
0
0
0
0
0
0
0
0
0
0
0
0
0
0
0
0
0
0
0
0
0
0
0
0
0
0
0
0
0
0
0
0
0
0
0
0
0
0
0
0
0
0
0
0
0
0
0
0
0
0
0
0
0
0
0
0
0
0
0
0
0
0
0
0
0
0
0
0
0
0
0
0
0
0
0
0
0
0
0
0
0
0
0
0
0
0
0
0
0
0
0
0
0
0
0
0
0
0
0
0
0
0
0
0
0
0
0
0
0
0
0
0
0
0
0
0
0
0
0
0
0
0
0
0
0
0
0
0
0
0
0
0
0
0
0
0
0
0
0
0
0
0
0
0
0
0
0
0
0
0
0
0
0
0
0
0
0
0
0
0
0
0
0
0
0
0
0
0
0
0
0
0
0
0
0
0
0
0
0
0
0
0
0
0
0
0
0
0
0
0
0
0
0
0
0
0
0
0
0
0
0
0
0
0
0
0
0
0
0
0
0
0
0
0
0
0
0
0
0
0
0
0
0
0
0
0
0
0
0
0
0
0
0
0
0
0
0
0
0
0
0
0
0
0
0
0
0
0
0
0
0
0
0
0
0
0
0
0
0
0
0
0
0
0
0
0
0
0
0
0
0
0
0
0
0
0
0
0
0
0
0
0
0
0
0
0
0
0
0
0
0
0
0
0
0
0
0
0
0
0
0
0
0
0
0
0
0
0
0
0
0
0
0
0
0
0
0
0
0
0
0
0
0
0
0
0
0
0
0
0
0
0
0
0
0
0
0
0
0
0
0
0
0
0
0
0
0
0
0
0
0
0
0
0
0
0
0
0
0
0
0
0
0
0
0
0
0
0
0
0
0
0
0
0
0
0
0
0
0
0
0
0
0
0
0
0
0
0
0
0
0
0
0
0
0
0
0
0
0
0
0
74.85392052
74.85392052
74.85392052
74.85392052
74.85392052
74.85392052
74.85392052
74.85392052
74.85392052
74.85392052
74.85392052
74.85392052
74.85392052
74.85392052
74.85392052
74.85392052
74.85392052
74.85392052
74.85392052
74.85392052
74.85392052
74.85392052
74.85392052
74.85392052
74.85392052
74.85392052
74.85392052
0
0
0
0
0
0
0
0
0
0
0
0
0
0
0
0
0
0
0
0
0
0
0
0
0
0
0
0
0
0
0
0
0
0
0
0
0
0
0
0
0
0
0
0
0
0
0
0
0
0
0
0
0
0
0
0
0
0
0
0
0
0
0
74.85392052
74.85392052
74.85392052
74.85392052
74.85392052
74.85392052
74.85392052
74.85392052
74.85392052
74.85392052
74.85392052
74.85392052
74.85392052
74.85392052
74.85392052
74.85392052
74.85392052
74.85392052
74.85392052
74.85392052
74.85392052
74.85392052
74.85392052
74.85392052
74.85392052
74.85392052
74.85392052
74.85392052
74.85392052
74.85392052
74.85392052
74.85392052
74.85392052
74.85392052
40.19180291
0
0
0
0
0
0
0
0
0
0
0
0
0
0
0
74.85392052
74.85392052
74.85392052
74.85392052
74.85392052
74.85392052
74.85392052
74.85392052
74.85392052
74.85392052
74.85392052
74.85392052
74.85392052
74.85392052
74.85392052
74.85392052
74.85392052
74.85392052
74.85392052
74.85392052
74.85392052
74.85392052
74.85392052
74.85392052
74.85392052
74.85392052
74.85392052
74.85392052
74.85392052
74.85392052
74.85392052
74.85392052
74.85392052
74.85392052
74.85392052
74.85392052
74.85392052
74.85392052
74.85392052
74.85392052
74.85392052
74.85392052
74.85392052
74.85392052
74.85392052
74.85392052
74.85392052
74.85392052
74.85392052
74.85392052
74.85392052
74.85392052
74.85392052
74.85392052
74.85392052
74.85392052
74.85392052
74.85392052
74.85392052
74.85392052
74.85392052
74.85392052
74.85392052
74.85392052
74.85392052
74.85392052
74.85392052
74.85392052
74.85392052
74.85392052
74.85392052
74.85392052
74.85392052
74.85392052
74.85392052
74.85392052
74.85392052
74.85392052
74.85392052
74.85392052
74.85392052
74.85392052
74.85392052
74.85392052
74.85392052
74.85392052
74.85392052
74.85392052
74.85392052
74.85392052
74.85392052
74.85392052
74.85392052
74.85392052
74.85392052
74.85392052
74.85392052
74.85392052
74.85392052
74.85392052
74.85392052
74.85392052
74.85392052
74.85392052
74.85392052
74.85392052
74.85392052
74.85392052
74.85392052
74.85392052
74.85392052
74.85392052
74.85392052
74.85392052
74.85392052
74.85392052
74.85392052
74.85392052
74.85392052
74.85392052
74.85392052
74.85392052
74.85392052
74.85392052
74.85392052
74.85392052
74.85392052
74.85392052
74.85392052
74.85392052
74.85392052
74.85392052
74.85392052
74.85392052
74.85392052
74.85392052
74.85392052
74.85392052
74.85392052
74.85392052
74.85392052
74.85392052
74.85392052
74.85392052
74.85392052
74.85392052
74.85392052
74.85392052
74.85392052
74.85392052
74.85392052
74.85392052
74.85392052
74.85392052
74.85392052
74.85392052
74.85392052
74.85392052
74.85392052
74.85392052
74.85392052
74.85392052
74.85392052
74.85392052
74.85392052
74.85392052
74.85392052
74.85392052
74.85392052
74.85392052
74.85392052
74.85392052
74.85392052
41.43980216
0
0
0
0
0
0
0
0
0
0
0
0
0
0
0
0
0
0
0
0
0
0
0
0
0
0
0
0
0
0
0
0
0
0
0
0
0
0
0
0
0
0
0
0
0
0
0
0
0
0
0
0
0
0
0
0
0
0
0
74.85392052
74.85392052
74.85392052
74.85392052
74.85392052
74.85392052
74.85392052
74.85392052
74.85392052
74.85392052
74.85392052
74.85392052
74.85392052
74.85392052
74.85392052
74.85392052
74.85392052
74.85392052
74.85392052
74.85392052
74.85392052
74.85392052
74.85392052
74.85392052
74.85392052
74.85392052
74.85392052
74.85392052
74.85392052
74.85392052
74.85392052
74.85392052
74.85392052
74.85392052
74.85392052
74.85392052
74.85392052
0
0
0
0
0
0
0
0
0
0
0
0
0
0
0
0
0
0
0
0
0
0
0
0
0
0
0
0
0
0
0
0
0
0
0
0
0
0
0
0
0
0
0
0
0
0
0
0
0
0
0
0
0
0
0
0
0
0
0
0
74.85392052
74.85392052
74.85392052
74.85392052
74.85392052
74.85392052
74.85392052
74.85392052
74.85392052
74.85392052
74.85392052
74.85392052
74.85392052
74.85392052
74.85392052
74.85392052
74.85392052
74.85392052
74.85392052
74.85392052
74.85392052
74.85392052
74.85392052
74.85392052
74.85392052
74.85392052
74.85392052
74.85392052
74.85392052
74.85392052
74.85392052
74.85392052
74.85392052
60.65777649
50.40808046
40.4868226
0
0
0
0
0
0
0
0
0
0
0
0
0
0
0
0
0
74.85392052
74.85392052
74.85392052
74.85392052
74.85392052
74.85392052
74.85392052
74.85392052
74.85392052
74.85392052
74.85392052
74.85392052
74.85392052
74.85392052
74.85392052
74.85392052
74.85392052
74.85392052
74.85392052
74.85392052
74.85392052
74.85392052
74.85392052
74.85392052
74.85392052
74.85392052
74.85392052
74.85392052
74.85392052
74.85392052
74.85392052
74.85392052
74.85392052
74.85392052
74.85392052
74.85392052
74.85392052
74.85392052
74.85392052
74.85392052
74.85392052
74.85392052
74.85392052
74.85392052
74.85392052
74.85392052
74.85392052
74.85392052
74.85392052
74.85392052
74.85392052
74.85392052
74.85392052
74.85392052
74.85392052
74.85392052
74.85392052
74.85392052
74.85392052
74.85392052
74.85392052
74.85392052
74.85392052
74.85392052
74.85392052
74.85392052
74.85392052
74.85392052
74.85392052
74.85392052
74.85392052
74.85392052
74.85392052
74.85392052
74.85392052
74.85392052
74.85392052
74.85392052
74.85392052
74.85392052
74.85392052
74.85392052
74.85392052
0
0
0
0
0
0
0
0
0
0
0
0
0
0
0
0
0
0
0
0
0
0
0
0
0
0
0
0
0
0
0
0
0
0
0
0
0
0
0
0
0
0
0
0
0
0
0
0
0
0
0
0
0
74.85392052
74.85392052
74.85392052
74.85392052
74.85392052
74.85392052
74.85392052
74.85392052
74.85392052
74.85392052
74.85392052
74.85392052
74.85392052
74.85392052
74.85392052
74.85392052
74.85392052
74.85392052
74.85392052
74.85392052
74.85392052
74.85392052
74.85392052
74.85392052
74.85392052
74.85392052
74.85392052
74.85392052
74.85392052
74.85392052
74.85392052
0
0
0
0
0
74.85392052
74.85392052
74.85392052
74.85392052
74.85392052
74.85392052
74.85392052
74.85392052
74.85392052
74.85392052
74.85392052
74.85392052
74.85392052
74.85392052
74.85392052
74.85392052
74.85392052
74.85392052
74.85392052
74.85392052
74.85392052
74.85392052
74.85392052
74.85392052
74.85392052
74.85392052
74.85392052
74.85392052
74.85392052
74.85392052
74.85392052
74.85392052
74.85392052
74.85392052
74.85392052
74.85392052
74.85392052
74.85392052
74.85392052
74.85392052
74.85392052
74.85392052
74.85392052
74.85392052
74.85392052
74.85392052
74.85392052
74.85392052
74.85392052
74.85392052
74.85392052
74.85392052
74.85392052
74.85392052
74.85392052
74.85392052
74.85392052
74.85392052
74.85392052
74.85392052
74.85392052
74.85392052
74.85392052
74.85392052
74.85392052
74.85392052
74.85392052
74.85392052
74.85392052
74.85392052
74.85392052
74.85392052
74.85392052
74.85392052
74.85392052
74.85392052
74.85392052
74.85392052
74.85392052
74.85392052
74.85392052
74.85392052
74.85392052
74.85392052
74.85392052
74.85392052
74.85392052
74.85392052
74.85392052
74.85392052
74.85392052
74.85392052
74.85392052
74.85392052
74.85392052
74.85392052
74.85392052
74.85392052
74.85392052
74.85392052
74.85392052
74.85392052
74.85392052
74.85392052
74.85392052
74.85392052
74.85392052
74.85392052
74.85392052
74.85392052
74.85392052
74.85392052
74.85392052
74.85392052
74.85392052
74.85392052
74.85392052
74.85392052
74.85392052
74.85392052
74.85392052
74.85392052
74.85392052
74.85392052
74.85392052
74.85392052
74.85392052
74.85392052
74.85392052
74.85392052
74.85392052
74.85392052
74.85392052
74.85392052
74.85392052
74.85392052
74.85392052
74.85392052
74.85392052
74.85392052
74.85392052
74.85392052
74.85392052
74.85392052
74.85392052
74.85392052
74.85392052
74.85392052
50.72912981
47.82819397
44.97854543
42.49414123
41.23361511
43.05536658
47.9083489
58.63547458
70.59406022
74.85392052
74.85392052
74.85392052
74.85392052
74.85392052
74.85392052
74.85392052
74.85392052
74.85392052
74.85392052
74.85392052
74.85392052
74.85392052
74.85392052
74.85392052
74.85392052
74.85392052
74.85392052
74.85392052
74.85392052
74.85392052
74.85392052
74.85392052
74.85392052
74.85392052
74.85392052
74.85392052
74.85392052
74.85392052
74.85392052
74.85392052
74.85392052
74.85392052
74.85392052
74.85392052
74.85392052
74.85392052
74.85392052
37.86197577
0
0
0
0
0
0
0
0
0
0
0
0
0
0
0
0
0
0
0
0
0
0
0
0
0
74.85392052
74.85392052
74.85392052
74.85392052
74.85392052
74.85392052
74.85392052
74.85392052
74.85392052
74.85392052
74.85392052
74.85392052
74.85392052
74.85392052
74.85392052
74.85392052
74.85392052
74.85392052
74.85392052
74.85392052
74.85392052
74.85392052
74.85392052
74.85392052
74.85392052
74.85392052
74.85392052
0
0
0
74.85392052
74.85392052
74.85392052
74.85392052
74.85392052
74.85392052
74.85392052
74.85392052
74.85392052
74.85392052
74.85392052
74.85392052
74.85392052
74.85392052
74.85392052
74.85392052
74.85392052
74.85392052
74.85392052
74.85392052
74.85392052
74.85392052
74.85392052
74.85392052
74.85392052
74.85392052
74.85392052
74.85392052
74.85392052
74.85392052
74.85392052
74.85392052
74.85392052
74.85392052
74.85392052
74.85392052
74.85392052
74.85392052
74.85392052
74.85392052
74.85392052
74.85392052
74.85392052
74.85392052
74.85392052
74.85392052
74.85392052
74.85392052
74.85392052
74.85392052
74.85392052
74.85392052
74.85392052
74.85392052
74.85392052
74.85392052
74.85392052
74.85392052
74.85392052
74.85392052
74.85392052
74.85392052
74.85392052
74.85392052
74.85392052
74.85392052
74.85392052
74.85392052
74.85392052
74.85392052
74.85392052
74.85392052
74.85392052
74.85392052
74.85392052
74.85392052
74.85392052
74.85392052
74.85392052
74.85392052
74.85392052
74.85392052
74.85392052
74.85392052
74.85392052
74.85392052
74.85392052
74.85392052
74.85392052
74.85392052
74.85392052
74.85392052
63.06549357
62.25385662
0
0
0
0
0
0
0
0
0
74.85392052
74.85392052
74.85392052
74.85392052
74.85392052
74.85392052
74.85392052
74.85392052
74.85392052
74.85392052
74.85392052
74.85392052
74.85392052
74.85392052
74.85392052
74.85392052
74.85392052
74.85392052
74.85392052
74.85392052
74.85392052
74.85392052
74.85392052
74.85392052
74.85392052
74.85392052
74.85392052
74.85392052
74.85392052
74.85392052
74.85392052
48.15225975
39.55840913
0
0
0
0
0
0
0
0
0
0
0
0
0
0
0
0
0
0
0
0
0
0
0
0
0
74.85392052
74.85392052
74.85392052
74.85392052
74.85392052
74.85392052
74.85392052
74.85392052
74.85392052
74.85392052
74.85392052
74.85392052
74.85392052
74.85392052
74.85392052
74.85392052
74.85392052
74.85392052
74.85392052
74.85392052
74.85392052
74.85392052
74.85392052
74.85392052
74.85392052
74.85392052
74.85392052
74.85392052
74.85392052
74.85392052
74.85392052
74.85392052
74.85392052
74.85392052
74.85392052
74.85392052
74.85392052
74.85392052
74.85392052
74.85392052
74.85392052
74.85392052
74.85392052
74.85392052
74.85392052
74.85392052
74.85392052
74.85392052
74.85392052
74.85392052
74.85392052
74.85392052
74.85392052
74.85392052
74.85392052
74.85392052
74.85392052
74.85392052
74.85392052
74.85392052
74.85392052
74.85392052
74.85392052
74.85392052
74.85392052
74.85392052
74.85392052
74.85392052
74.85392052
74.85392052
74.85392052
74.85392052
74.85392052
74.85392052
74.85392052
74.85392052
53.66792289
52.60756082
53.09758278
55.27721687
58.22016422
58.27166902
55.43269898
54.51542254
54.67137908
53.45732983
53.37459413
56.00957308
56.11146673
56.78771562
56.80123054
57.09113941
56.87798914
56.72992056
57.60085049
58.14216373
57.63076366
57.11216619
56.8895704
56.81388964
55.81058594
54.36976639
53.70330574
52.68517746
53.09897896
53.11670013
53.13437149
53.15198195
53.16953635
53.18703495
54.81831121
56.37918214
55.64734794
56.14226446
55.86642418
56.8710398
57.88053619
56.83368939
55.66114344
54.75655006
52.62633007
50.68173726
49.36405176
48.58824523
46.34908636
44.57693047
42.73309253
41.3643992
41.5147721
42.24039099
43.75812793
48.12475918
53.66713769
59.79136231
67.02323435
71.63617217
74.85392052
74.85392052
74.85392052
74.85392052
74.85392052
74.85392052
74.85392052
74.85392052
74.85392052
74.85392052
74.85392052
74.85392052
74.85392052
74.85392052
74.85392052
74.85392052
74.85392052
74.85392052
74.85392052
74.85392052
74.85392052
74.85392052
74.85392052
74.85392052
74.85392052
74.85392052
74.85392052
74.85392052
74.85392052
74.85392052
74.85392052
74.85392052
74.85392052
74.85392052
74.85392052
74.85392052
74.85392052
0
0
0
0
0
0
0
0
0
0
0
0
0
0
0
0
0
0
0
0
0
0
0
0
0
0
0
0
0
0
0
0
0
0
0
0
0
0
0
0
0
0
0
0
0
0
0
0
0
0
0
0
0
0
0
0
0
74.85392052
74.85392052
74.85392052
74.85392052
74.85392052
74.85392052
74.85392052
74.85392052
74.85392052
74.85392052
74.85392052
74.85392052
74.85392052
74.85392052
74.85392052
74.85392052
74.85392052
74.85392052
74.85392052
74.85392052
74.85392052
74.85392052
74.85392052
74.85392052
74.85392052
74.85392052
74.85392052
74.85392052
74.85392052
74.85392052
74.85392052
74.85392052
74.85392052
74.85392052
74.85392052
74.85392052
74.85392052
74.85392052
62.31077164
0
0
0
0
0
0
0
0
0
0
0
0
0
74.85392052
74.85392052
74.85392052
74.85392052
74.85392052
74.85392052
74.85392052
74.85392052
74.85392052
74.85392052
74.85392052
74.85392052
74.85392052
74.85392052
74.85392052
74.85392052
74.85392052
74.85392052
74.85392052
74.85392052
74.85392052
74.85392052
74.85392052
74.85392052
74.85392052
74.85392052
74.85392052
74.85392052
74.85392052
74.85392052
74.85392052
74.85392052
74.85392052
74.85392052
74.85392052
74.85392052
74.85392052
74.85392052
74.85392052
74.85392052
74.85392052
74.85392052
74.85392052
74.85392052
74.85392052
74.85392052
74.85392052
74.85392052
74.85392052
74.85392052
74.85392052
74.85392052
74.85392052
74.85392052
74.85392052
74.85392052
74.85392052
74.85392052
74.85392052
74.85392052
74.85392052
74.85392052
74.85392052
74.85392052
74.85392052
74.85392052
74.85392052
74.85392052
74.85392052
74.85392052
74.85392052
74.85392052
74.85392052
74.85392052
74.85392052
74.85392052
74.85392052
74.85392052
74.85392052
74.85392052
74.85392052
74.85392052
74.85392052
73.60850165
0
0
0
0
0
0
0
0
0
0
0
0
74.85392052
74.85392052
74.85392052
74.85392052
74.85392052
74.85392052
74.85392052
74.85392052
74.85392052
74.85392052
74.85392052
74.85392052
74.85392052
74.85392052
74.85392052
74.85392052
74.85392052
74.85392052
74.85392052
74.85392052
74.85392052
74.85392052
74.85392052
74.85392052
74.85392052
74.85392052
74.85392052
74.85392052
74.85392052
74.85392052
74.85392052
74.85392052
74.85392052
74.85392052
74.85392052
74.85392052
74.85392052
74.85392052
74.85392052
74.85392052
74.85392052
74.85392052
74.85392052
74.85392052
74.85392052
74.85392052
74.85392052
74.85392052
74.85392052
74.85392052
74.85392052
74.85392052
74.85392052
74.85392052
74.85392052
74.85392052
74.85392052
74.85392052
74.85392052
74.85392052
74.85392052
74.85392052
74.85392052
74.85392052
74.85392052
74.85392052
74.85392052
74.85392052
74.85392052
74.85392052
74.85392052
74.85392052
74.85392052
74.85392052
74.85392052
74.85392052
74.85392052
74.85392052
74.85392052
74.85392052
74.85392052
74.85392052
74.85392052
74.85392052
74.85392052
74.85392052
74.85392052
74.85392052
74.85392052
74.85392052
74.85392052
74.85392052
74.85392052
74.85392052
74.85392052
74.85392052
74.85392052
74.85392052
74.85392052
74.85392052
74.85392052
74.85392052
74.85392052
74.85392052
74.85392052
74.85392052
74.85392052
74.85392052
74.85392052
74.85392052
74.85392052
74.85392052
74.85392052
74.85392052
74.85392052
74.85392052
74.85392052
74.85392052
74.85392052
74.85392052
74.85392052
74.85392052
74.85392052
74.85392052
51.74323333
49.82548953
47.69741955
45.82216532
44.32760614
0
0
0
0
0
0
0
0
0
0
0
0
0
0
0
0
74.85392052
74.85392052
74.85392052
74.85392052
74.85392052
74.85392052
74.85392052
74.85392052
74.85392052
74.85392052
74.85392052
74.85392052
74.85392052
74.85392052
74.85392052
74.85392052
74.85392052
74.85392052
74.85392052
0
0
74.85392052
74.85392052
74.85392052
74.85392052
74.85392052
74.85392052
74.85392052
74.85392052
74.85392052
74.85392052
74.85392052
74.85392052
49.80592892
47.28973469
45.22084861
43.01013549
42.76248685
43.56219302
45.1043073
46.79682404
49.09992751
50.54538938
51.94608198
52.19944398
53.54526674
56.26428993
58.91394476
60.42222626
64.14260458
69.20153723
74.7628407
74.85392052
74.85392052
74.85392052
74.85392052
74.85392052
74.85392052
74.85392052
74.85392052
74.85392052
74.85392052
74.85392052
74.85392052
74.85392052
74.85392052
74.85392052
74.85392052
74.85392052
74.85392052
74.85392052
74.85392052
74.85392052
74.85392052
74.85392052
74.85392052
74.85392052
74.85392052
74.85392052
74.85392052
74.85392052
74.85392052
74.85392052
74.85392052
74.85392052
74.85392052
74.85392052
74.85392052
74.85392052
74.85392052
74.85392052
74.85392052
74.85392052
74.85392052
74.85392052
74.85392052
74.85392052
74.85392052
74.85392052
74.85392052
74.85392052
74.85392052
74.85392052
74.85392052
74.85392052
74.85392052
74.85392052
74.85392052
74.85392052
74.85392052
74.85392052
74.85392052
74.85392052
74.85392052
74.85392052
74.85392052
74.85392052
74.85392052
74.85392052
74.85392052
74.85392052
74.85392052
74.85392052
74.85392052
74.85392052
74.85392052
74.85392052
74.85392052
74.85392052
74.85392052
74.85392052
74.85392052
74.85392052
74.85392052
74.85392052
74.85392052
74.85392052
74.85392052
74.85392052
74.85392052
74.85392052
74.85392052
74.85392052
74.85392052
74.85392052
74.85392052
74.85392052
74.85392052
74.85392052
74.85392052
74.85392052
0
0
0
0
0
0
0
0
0
0
0
0
0
0
0
0
0
0
0
0
0
0
0
0
0
0
0
0
0
0
0
0
0
74.85392052
74.85392052
74.85392052
74.85392052
74.85392052
74.85392052
74.85392052
74.85392052
74.85392052
74.85392052
74.85392052
74.85392052
74.85392052
74.85392052
74.85392052
74.85392052
74.85392052
74.85392052
74.85392052
74.85392052
74.85392052
74.85392052
74.85392052
74.85392052
74.85392052
74.85392052
74.85392052
74.85392052
74.85392052
74.85392052
74.85392052
74.85392052
74.85392052
74.85392052
74.85392052
74.85392052
74.85392052
74.85392052
74.85392052
74.85392052
74.85392052
74.85392052
74.85392052
74.85392052
0
0
0
0
0
0
0
0
0
0
0
0
0
0
0
0
0
0
0
0
0
0
0
0
0
0
0
0
0
0
0
0
0
0
0
0
0
0
0
0
0
0
0
0
0
0
0
0
0
0
0
0
0
74.85392052
74.85392052
74.85392052
74.85392052
74.85392052
74.85392052
74.85392052
74.85392052
74.85392052
74.85392052
74.85392052
74.85392052
74.85392052
74.85392052
74.85392052
74.85392052
74.85392052
74.85392052
74.85392052
74.85392052
74.85392052
74.85392052
74.85392052
74.85392052
74.85392052
74.85392052
74.85392052
74.85392052
74.85392052
74.85392052
74.85392052
74.85392052
74.85392052
74.85392052
74.85392052
74.85392052
74.85392052
74.85392052
74.85392052
74.85392052
0
0
0
0
0
0
0
0
0
0
0
0
0
0
0
0
0
0
0
0
0
0
0
0
0
0
0
0
74.85392052
74.85392052
74.85392052
74.85392052
74.85392052
74.85392052
74.85392052
74.85392052
74.85392052
74.85392052
74.85392052
74.85392052
74.85392052
74.85392052
74.85392052
74.85392052
74.85392052
74.85392052
74.85392052
74.85392052
74.85392052
74.85392052
74.85392052
74.85392052
74.85392052
74.85392052
74.85392052
74.85392052
74.85392052
74.85392052
74.85392052
74.85392052
74.85392052
74.85392052
74.85392052
74.85392052
74.85392052
74.85392052
74.85392052
74.85392052
74.85392052
74.85392052
74.85392052
74.85392052
74.85392052
74.85392052
74.85392052
74.85392052
74.85392052
74.85392052
74.85392052
74.85392052
74.85392052
74.85392052
74.85392052
74.85392052
74.85392052
74.85392052
74.85392052
74.85392052
74.85392052
74.85392052
74.85392052
74.85392052
74.85392052
74.85392052
74.85392052
74.85392052
74.85392052
74.85392052
74.85392052
74.85392052
74.85392052
74.85392052
74.85392052
74.85392052
74.85392052
74.85392052
74.85392052
74.85392052
74.85392052
74.85392052
74.85392052
74.85392052
74.85392052
74.85392052
74.85392052
74.85392052
74.85392052
74.85392052
74.85392052
74.85392052
74.85392052
74.85392052
74.85392052
74.85392052
74.85392052
74.85392052
74.85392052
74.85392052
74.85392052
74.85392052
74.85392052
74.85392052
74.85392052
74.85392052
74.85392052
74.85392052
74.85392052
74.85392052
74.85392052
74.85392052
74.85392052
74.85392052
74.85392052
74.85392052
74.85392052
74.85392052
74.85392052
74.85392052
74.85392052
74.85392052
74.85392052
74.85392052
74.85392052
74.85392052
74.85392052
74.85392052
74.85392052
74.85392052
74.85392052
74.85392052
74.85392052
74.85392052
74.85392052
74.85392052
74.85392052
74.85392052
74.85392052
74.85392052
74.85392052
74.85392052
74.85392052
74.85392052
74.85392052
74.85392052
74.85392052
74.85392052
74.85392052
74.85392052
74.85392052
74.85392052
74.85392052
74.85392052
74.85392052
74.85392052
74.85392052
74.85392052
74.85392052
74.85392052
74.85392052
74.85392052
74.85392052
74.85392052
74.85392052
74.85392052
74.85392052
74.85392052
70.4400817
0
0
0
0
0
0
0
0
0
0
0
74.85392052
74.85392052
74.85392052
74.85392052
74.85392052
74.85392052
74.85392052
74.85392052
74.85392052
74.85392052
74.85392052
74.85392052
74.85392052
74.85392052
74.85392052
74.85392052
74.85392052
74.85392052
74.85392052
74.85392052
74.85392052
74.85392052
74.85392052
74.85392052
74.85392052
74.85392052
74.85392052
74.85392052
74.85392052
74.85392052
74.85392052
74.85392052
74.85392052
0
0
0
0
0
0
74.85392052
74.85392052
74.85392052
74.85392052
74.85392052
74.85392052
74.85392052
74.85392052
74.85392052
74.85392052
74.85392052
74.85392052
74.85392052
74.85392052
74.85392052
74.85392052
74.85392052
74.85392052
74.85392052
74.85392052
74.85392052
74.85392052
74.85392052
74.85392052
74.85392052
74.85392052
74.85392052
74.85392052
74.85392052
74.85392052
74.85392052
74.85392052
74.85392052
74.85392052
74.85392052
74.85392052
74.85392052
74.85392052
74.85392052
74.85392052
74.85392052
74.85392052
74.85392052
74.85392052
74.85392052
74.85392052
74.85392052
74.85392052
74.85392052
74.85392052
74.85392052
74.85392052
74.85392052
54.31917928
53.00092637
52.83727878
53.10114919
53.79647165
53.92838584
52.80103788
53.25066165
52.34030239
51.41440339
50.7526281
50.27814211
47.98113163
45.8390552
43.73581247
42.61682969
42.36423766
41.4648638
40.65571905
39.59223914
38.21718276
37.28888046
0
0
0
0
0
0
0
0
0
0
0
0
0
0
0
0
0
0
0
0
0
0
0
74.85392052
74.85392052
74.85392052
74.85392052
74.85392052
74.85392052
74.85392052
74.85392052
74.85392052
74.85392052
74.85392052
74.85392052
74.85392052
74.85392052
74.85392052
74.85392052
74.85392052
74.85392052
74.85392052
74.85392052
74.85392052
74.85392052
74.85392052
74.85392052
74.85392052
74.85392052
74.85392052
74.85392052
74.85392052
74.85392052
74.85392052
74.85392052
74.85392052
74.85392052
74.85392052
74.85392052
74.85392052
74.85392052
74.85392052
74.85392052
43.15723345
0
0
0
0
0
0
0
0
0
0
0
0
0
74.85392052
74.85392052
74.85392052
74.85392052
74.85392052
74.85392052
74.85392052
74.85392052
74.85392052
74.85392052
74.85392052
74.85392052
74.85392052
74.85392052
74.85392052
74.85392052
74.85392052
74.85392052
74.85392052
74.85392052
74.85392052
74.85392052
74.85392052
74.85392052
74.85392052
74.85392052
74.85392052
74.85392052
74.85392052
74.85392052
74.85392052
74.85392052
74.85392052
74.85392052
74.85392052
74.85392052
74.85392052
74.85392052
74.85392052
74.85392052
74.85392052
74.85392052
74.85392052
74.85392052
74.85392052
74.85392052
74.85392052
74.85392052
74.85392052
74.85392052
74.85392052
74.85392052
74.85392052
74.85392052
74.85392052
74.85392052
74.85392052
74.85392052
74.85392052
74.85392052
74.85392052
74.85392052
74.85392052
74.85392052
74.85392052
74.85392052
74.85392052
74.85392052
74.85392052
74.85392052
74.85392052
74.85392052
74.85392052
74.85392052
74.85392052
74.85392052
74.85392052
74.85392052
74.85392052
74.85392052
74.85392052
0
0
0
0
0
0
0
0
0
0
0
0
0
0
0
0
0
0
0
0
0
74.85392052
74.85392052
74.85392052
74.85392052
74.85392052
74.85392052
74.85392052
74.85392052
74.85392052
74.85392052
74.85392052
74.85392052
74.85392052
74.85392052
74.85392052
74.85392052
74.85392052
74.85392052
74.85392052
74.85392052
74.85392052
74.85392052
74.85392052
74.85392052
74.85392052
74.85392052
74.85392052
74.85392052
74.85392052
74.85392052
74.85392052
74.85392052
74.85392052
74.85392052
74.85392052
74.85392052
74.85392052
74.85392052
74.85392052
74.85392052
74.85392052
74.85392052
74.85392052
74.85392052
74.85392052
74.85392052
74.85392052
74.85392052
74.85392052
74.85392052
74.85392052
74.85392052
74.85392052
74.85392052
74.85392052
74.85392052
74.85392052
74.85392052
74.85392052
74.85392052
74.85392052
74.85392052
74.85392052
74.85392052
74.85392052
74.85392052
74.85392052
74.85392052
74.85392052
74.85392052
74.85392052
74.85392052
74.85392052
74.85392052
74.85392052
74.85392052
74.85392052
74.85392052
74.85392052
74.85392052
74.85392052
74.85392052
74.85392052
74.85392052
74.85392052
74.85392052
74.85392052
74.85392052
74.85392052
74.85392052
74.85392052
74.85392052
74.85392052
74.85392052
74.85392052
74.85392052
74.85392052
74.85392052
74.85392052
74.85392052
74.85392052
74.85392052
74.85392052
74.85392052
74.85392052
74.85392052
74.85392052
74.85392052
74.85392052
74.85392052
74.85392052
74.85392052
74.85392052
74.85392052
74.85392052
74.85392052
74.85392052
74.85392052
74.85392052
74.85392052
74.85392052
74.85392052
74.85392052
74.85392052
74.85392052
74.85392052
74.85392052
74.85392052
74.85392052
74.85392052
74.85392052
74.85392052
74.85392052
74.85392052
74.85392052
74.85392052
74.85392052
74.85392052
74.85392052
74.85392052
74.85392052
74.85392052
74.85392052
74.85392052
74.85392052
74.85392052
74.85392052
74.85392052
74.85392052
74.85392052
74.85392052
74.85392052
74.85392052
74.85392052
74.85392052
74.85392052
74.85392052
74.85392052
74.85392052
74.85392052
74.85392052
74.85392052
74.85392052
74.85392052
74.85392052
74.85392052
74.85392052
74.85392052
74.85392052
74.85392052
74.85392052
74.85392052
44.98860305
40.14837861
37.18902796
0
0
0
0
0
0
0
0
0
0
0
0
0
0
0
0
0
0
0
0
0
0
0
0
0
0
0
0
0
0
0
0
0
0
0
0
0
0
0
0
0
0
0
0
0
0
0
0
0
0
0
0
0
74.85392052
74.85392052
74.85392052
74.85392052
74.85392052
74.85392052
74.85392052
74.85392052
74.85392052
74.85392052
74.85392052
74.85392052
74.85392052
74.85392052
74.85392052
74.85392052
74.85392052
74.85392052
74.85392052
74.85392052
74.85392052
74.85392052
74.85392052
74.85392052
74.85392052
74.85392052
74.85392052
74.85392052
74.85392052
74.85392052
74.85392052
74.85392052
74.85392052
74.85392052
74.85392052
74.85392052
74.85392052
74.85392052
37.17772973
0
0
0
0
0
0
0
0
0
0
0
0
0
0
0
0
0
0
0
0
0
0
0
0
0
0
0
0
0
0
0
0
0
0
0
0
0
0
0
0
0
0
0
0
0
0
0
0
0
0
0
0
0
0
0
0
74.85392052
74.85392052
74.85392052
74.85392052
74.85392052
74.85392052
74.85392052
74.85392052
74.85392052
74.85392052
74.85392052
74.85392052
74.85392052
74.85392052
74.85392052
74.85392052
74.85392052
74.85392052
74.85392052
74.85392052
74.85392052
74.85392052
74.85392052
74.85392052
74.85392052
74.85392052
74.85392052
74.85392052
74.85392052
74.85392052
74.85392052
74.85392052
74.85392052
74.85392052
74.85392052
74.85392052
0
0
0
0
0
0
0
0
0
0
0
0
0
0
0
0
0
0
0
0
0
0
0
0
0
0
0
74.85392052
74.85392052
74.85392052
74.85392052
74.85392052
74.85392052
74.85392052
74.85392052
74.85392052
74.85392052
74.85392052
74.85392052
74.85392052
74.85392052
74.85392052
74.85392052
74.85392052
74.85392052
74.85392052
74.85392052
74.85392052
52.64209579
50.65731845
49.22181737
48.43289655
47.51936147
46.27460425
44.72923935
43.37876403
44.32527404
46.28744246
48.1946569
49.36020363
52.97546464
55.71510514
58.81229759
62.06392761
65.90879604
68.45284237
70.72787064
72.45890831
74.85392052
74.85392052
74.85392052
74.85392052
74.85392052
74.85392052
74.85392052
74.85392052
74.85392052
74.85392052
74.85392052
74.85392052
74.85392052
74.85392052
74.85392052
74.85392052
74.85392052
74.85392052
74.85392052
74.85392052
74.85392052
74.85392052
74.85392052
74.85392052
74.85392052
74.85392052
74.85392052
74.85392052
74.85392052
74.85392052
74.85392052
74.85392052
74.85392052
74.85392052
74.85392052
74.85392052
74.85392052
74.85392052
74.85392052
74.85392052
74.85392052
74.85392052
74.85392052
74.85392052
74.85392052
74.85392052
74.85392052
74.85392052
74.85392052
74.85392052
74.85392052
74.85392052
74.85392052
74.85392052
74.85392052
74.85392052
74.85392052
74.85392052
74.85392052
74.85392052
74.85392052
74.85392052
74.85392052
74.85392052
74.85392052
74.85392052
74.85392052
74.85392052
74.85392052
74.85392052
74.85392052
74.85392052
74.85392052
74.85392052
53.0009876
51.62633882
48.88578819
47.66955189
46.11081914
44.13115093
42.12186215
40.6982559
39.57651574
38.8751183
39.09510517
41.60491021
45.06549948
48.77257542
52.66206669
54.35144738
56.6394455
58.51871888
61.96068315
64.59788434
68.78078678
74.69959384
74.85392052
74.85392052
74.85392052
74.85392052
74.85392052
74.85392052
74.85392052
74.85392052
74.85392052
74.85392052
74.85392052
74.85392052
74.85392052
74.85392052
74.85392052
74.85392052
74.85392052
74.85392052
74.85392052
74.85392052
74.85392052
74.85392052
74.85392052
74.85392052
74.85392052
74.85392052
74.85392052
74.85392052
74.85392052
74.85392052
74.85392052
74.85392052
74.85392052
74.85392052
50.70047421
49.30478937
49.63906952
50.15285544
51.47281541
52.287499
52.22760563
50.74337547
50.0542315
47.46084544
46.13953572
45.58031851
43.86207939
41.85970667
40.38866298
40.71316927
40.23088258
39.73258791
39.75712752
39.78210341
39.14968962
38.35648456
0
0
0
0
0
0
0
0
0
0
0
0
0
0
0
0
0
0
0
0
0
0
0
0
0
0
0
0
0
0
0
0
0
0
0
0
0
0
0
0
0
0
0
0
0
0
0
0
0
0
0
0
0
0
0
0
0
0
0
0
0
0
0
0
0
0
0
0
0
0
0
0
0
0
0
0
0
0
0
0
0
0
0
0
0
0
0
0
0
0
74.85392052
74.85392052
74.85392052
74.85392052
74.85392052
74.85392052
74.85392052
74.85392052
74.85392052
74.85392052
74.85392052
74.85392052
74.85392052
74.85392052
74.85392052
74.85392052
74.85392052
74.85392052
74.85392052
74.85392052
74.85392052
74.85392052
74.85392052
74.85392052
74.85392052
74.85392052
74.85392052
74.85392052
74.85392052
74.85392052
74.85392052
74.85392052
74.85392052
74.85392052
74.85392052
74.85392052
74.85392052
74.85392052
74.85392052
74.85392052
74.85392052
74.85392052
74.85392052
74.85392052
74.85392052
74.85392052
74.85392052
74.85392052
74.85392052
74.85392052
74.85392052
74.85392052
74.85392052
74.85392052
74.85392052
74.85392052
74.85392052
74.85392052
74.85392052
74.85392052
74.85392052
74.85392052
74.85392052
74.85392052
74.85392052
74.85392052
74.85392052
74.85392052
74.85392052
74.85392052
74.85392052
74.85392052
74.85392052
74.85392052
74.85392052
74.85392052
74.85392052
74.85392052
74.85392052
74.85392052
74.85392052
74.85392052
74.85392052
53.42027941
52.82956917
52.11320504
51.36822837
48.91678415
0
0
0
0
0
0
0
0
0
0
0
0
0
0
0
0
0
0
0
0
0
0
0
0
0
0
0
0
0
0
0
0
0
0
0
0
0
0
0
0
0
0
0
0
0
0
74.85392052
74.85392052
74.85392052
74.85392052
74.85392052
74.85392052
74.85392052
74.85392052
74.85392052
74.85392052
74.85392052
74.85392052
74.85392052
74.85392052
74.85392052
74.85392052
74.85392052
74.85392052
74.85392052
74.85392052
74.85392052
74.85392052
74.85392052
74.85392052
74.85392052
74.85392052
74.85392052
74.85392052
74.85392052
74.85392052
74.85392052
57.16345196
55.37293681
52.99534694
0
0
0
0
0
0
0
0
0
0
0
0
0
0
0
0
0
0
0
0
0
0
0
0
0
0
0
0
0
0
0
0
0
0
0
0
0
0
0
0
0
0
0
0
0
0
0
0
0
0
0
0
0
0
0
0
0
0
0
0
0
0
0
0
0
0
0
0
0
0
0
0
0
74.85392052
74.85392052
74.85392052
74.85392052
74.85392052
74.85392052
74.85392052
74.85392052
74.85392052
74.85392052
74.85392052
74.85392052
74.85392052
74.85392052
74.85392052
74.85392052
74.85392052
74.85392052
74.85392052
74.85392052
74.85392052
74.85392052
74.85392052
74.85392052
74.85392052
74.85392052
74.85392052
46.04279051
0
0
0
0
0
0
0
0
0
0
0
0
0
0
0
0
0
0
0
0
0
0
0
0
0
74.85392052
74.85392052
74.85392052
74.85392052
74.85392052
74.85392052
74.85392052
74.85392052
74.85392052
74.85392052
74.85392052
74.85392052
74.85392052
74.85392052
74.85392052
74.85392052
74.85392052
74.85392052
74.85392052
74.85392052
74.85392052
74.85392052
74.85392052
74.85392052
74.85392052
74.85392052
70.51464434
71.27346918
73.99965876
74.85392052
74.85392052
74.85392052
74.85392052
74.85392052
74.85392052
74.85392052
74.85392052
74.85392052
74.85392052
74.85392052
74.85392052
74.85392052
74.85392052
74.85392052
74.85392052
74.85392052
74.85392052
74.85392052
74.85392052
74.85392052
74.85392052
74.85392052
74.85392052
74.85392052
74.85392052
74.85392052
74.85392052
74.85392052
74.85392052
74.85392052
74.85392052
74.85392052
74.85392052
74.85392052
74.85392052
74.85392052
74.85392052
74.85392052
74.85392052
74.85392052
74.85392052
74.85392052
74.85392052
74.85392052
74.85392052
74.85392052
63.73207388
63.17918684
62.91486206
62.52477716
63.28533485
64.06298724
65.02896424
66.44154002
67.90713637
69.69808634
71.06830747
71.83406314
73.69577903
74.85392052
74.85392052
74.85392052
74.85392052
74.85392052
74.85392052
74.85392052
74.85392052
74.85392052
74.85392052
74.85392052
74.85392052
74.85392052
74.85392052
74.85392052
74.85392052
74.85392052
74.85392052
74.85392052
74.85392052
74.85392052
74.85392052
74.85392052
74.85392052
74.85392052
74.85392052
74.85392052
74.85392052
74.85392052
74.85392052
74.85392052
74.85392052
74.85392052
74.85392052
74.85392052
74.85392052
74.85392052
74.85392052
74.85392052
74.85392052
74.85392052
74.85392052
74.85392052
74.85392052
74.85392052
74.85392052
74.85392052
74.85392052
74.85392052
74.85392052
74.85392052
74.85392052
74.85392052
74.85392052
74.85392052
74.85392052
53.66062065
0
0
0
0
0
0
0
0
0
0
0
0
0
0
0
0
0
0
0
0
0
0
0
0
0
0
0
0
0
0
0
0
0
0
0
0
0
0
0
0
0
0
0
0
0
0
0
0
0
0
0
0
0
0
0
0
0
0
0
0
0
0
0
0
0
0
0
0
0
0
0
0
0
0
0
74.85392052
74.85392052
74.85392052
74.85392052
74.85392052
74.85392052
74.85392052
74.85392052
74.85392052
74.85392052
74.85392052
74.85392052
74.85392052
74.85392052
74.85392052
74.85392052
74.85392052
74.85392052
74.85392052
74.85392052
74.85392052
74.85392052
74.85392052
74.85392052
74.85392052
74.85392052
74.85392052
74.85392052
74.85392052
74.85392052
74.85392052
74.85392052
74.85392052
74.85392052
74.85392052
74.85392052
74.85392052
0
0
0
0
0
0
0
0
0
0
0
0
0
0
0
0
0
0
0
0
0
0
0
0
0
0
0
0
0
0
0
0
0
0
0
0
0
0
0
0
0
0
0
0
0
0
0
0
0
0
0
0
0
0
0
0
0
0
0
0
0
0
0
0
0
0
0
0
0
0
0
0
0
0
0
0
0
0
0
0
0
0
0
0
0
0
0
0
0
0
0
0
0
0
0
0
0
0
0
0
0
0
0
0
0
0
0
0
0
0
0
0
0
0
0
0
0
0
0
0
0
0
74.85392052
74.85392052
74.85392052
74.85392052
74.85392052
74.85392052
74.85392052
74.85392052
74.85392052
74.85392052
74.85392052
74.85392052
74.85392052
74.85392052
74.85392052
74.85392052
74.85392052
74.85392052
74.85392052
74.85392052
74.85392052
74.85392052
74.85392052
74.85392052
74.85392052
74.85392052
74.85392052
74.85392052
74.85392052
74.85392052
74.85392052
74.85392052
74.85392052
74.85392052
74.85392052
74.85392052
74.85392052
74.85392052
74.85392052
74.85392052
74.85392052
74.85392052
74.85392052
74.85392052
74.85392052
74.85392052
74.85392052
74.85392052
74.85392052
74.85392052
74.85392052
74.85392052
74.85392052
74.85392052
74.85392052
74.85392052
74.85392052
74.85392052
74.85392052
74.85392052
74.85392052
74.85392052
74.85392052
74.85392052
74.85392052
74.85392052
74.85392052
74.85392052
74.85392052
74.85392052
74.85392052
74.85392052
74.85392052
74.85392052
74.85392052
74.85392052
74.85392052
74.85392052
74.85392052
74.85392052
74.85392052
74.85392052
74.85392052
74.85392052
74.85392052
74.85392052
74.85392052
74.85392052
74.85392052
74.85392052
74.85392052
74.85392052
74.85392052
74.85392052
74.85392052
74.85392052
74.85392052
74.85392052
74.85392052
74.85392052
74.85392052
74.85392052
74.85392052
74.85392052
74.85392052
74.85392052
74.85392052
74.85392052
74.85392052
74.85392052
74.85392052
74.85392052
74.85392052
74.85392052
74.85392052
74.85392052
74.85392052
74.85392052
74.85392052
74.85392052
74.85392052
74.85392052
74.85392052
74.85392052
74.85392052
74.85392052
74.85392052
74.85392052
74.85392052
74.85392052
74.85392052
74.85392052
74.85392052
74.85392052
74.85392052
74.85392052
74.85392052
74.85392052
74.85392052
74.85392052
74.85392052
74.85392052
74.85392052
74.85392052
74.85392052
74.85392052
74.85392052
74.85392052
74.85392052
74.85392052
74.85392052
74.85392052
74.85392052
74.85392052
74.85392052
74.85392052
74.85392052
74.85392052
74.85392052
74.85392052
74.85392052
74.85392052
74.85392052
74.85392052
74.85392052
74.85392052
74.85392052
74.85392052
74.85392052
74.85392052
74.85392052
74.85392052
74.85392052
74.85392052
74.85392052
0
0
0
0
0
0
0
0
0
0
0
0
0
0
0
0
0
0
0
0
0
0
0
0
0
0
0
0
0
0
0
0
0
0
0
0
0
0
0
0
0
0
0
0
0
0
0
0
0
0
0
0
0
0
74.85392052
74.85392052
74.85392052
74.85392052
74.85392052
74.85392052
74.85392052
74.85392052
74.85392052
74.85392052
74.85392052
74.85392052
74.85392052
74.85392052
74.85392052
74.85392052
74.85392052
74.85392052
74.85392052
74.85392052
74.85392052
74.85392052
74.85392052
74.85392052
74.85392052
74.85392052
74.85392052
74.85392052
74.85392052
74.85392052
74.85392052
74.85392052
74.85392052
74.85392052
74.85392052
74.85392052
74.85392052
74.85392052
74.85392052
37.7390164
0
0
0
0
0
0
0
0
0
0
0
0
0
0
0
0
0
0
0
0
0
0
0
0
0
0
0
0
0
0
0
0
0
0
0
0
0
0
0
0
0
0
0
0
0
0
0
0
0
0
0
0
0
74.85392052
74.85392052
74.85392052
74.85392052
74.85392052
74.85392052
74.85392052
74.85392052
74.85392052
74.85392052
74.85392052
74.85392052
74.85392052
74.85392052
74.85392052
74.85392052
74.85392052
74.85392052
74.85392052
74.85392052
74.85392052
74.85392052
74.85392052
74.85392052
74.85392052
74.85392052
74.85392052
74.85392052
74.85392052
74.85392052
74.85392052
74.85392052
74.85392052
74.85392052
74.85392052
74.85392052
74.85392052
74.85392052
74.85392052
74.85392052
74.85392052
74.85392052
74.85392052
74.85392052
74.85392052
44.8347214
42.44679193
44.23658214
48.53806073
54.24775354
59.36133726
61.59695899
66.20861412
70.1246258
73.01293955
74.85392052
74.85392052
74.85392052
74.85392052
74.85392052
74.85392052
74.85392052
74.85392052
74.85392052
74.85392052
74.85392052
74.85392052
74.85392052
74.85392052
74.85392052
74.85392052
74.85392052
74.85392052
74.85392052
74.85392052
74.85392052
74.85392052
74.85392052
74.85392052
74.85392052
74.85392052
74.85392052
74.85392052
74.85392052
74.85392052
74.85392052
74.85392052
74.85392052
74.85392052
74.85392052
74.85392052
74.85392052
74.85392052
74.85392052
74.85392052
74.85392052
74.85392052
74.85392052
74.85392052
74.85392052
74.85392052
74.85392052
74.85392052
74.85392052
74.85392052
74.85392052
74.85392052
74.85392052
74.85392052
74.85392052
74.85392052
74.85392052
74.85392052
74.85392052
74.85392052
74.85392052
74.85392052
74.85392052
74.85392052
74.85392052
74.85392052
74.85392052
74.85392052
74.85392052
74.85392052
74.85392052
74.85392052
74.85392052
74.85392052
74.85392052
74.85392052
74.85392052
74.85392052
74.85392052
74.85392052
74.85392052
74.85392052
74.85392052
74.85392052
50.08221602
40.35304812
0
0
0
0
0
0
0
0
0
0
0
0
0
0
0
0
0
0
0
0
0
0
0
0
0
0
0
0
0
0
0
0
0
0
0
0
0
0
0
0
0
0
0
0
0
0
0
0
0
0
0
0
74.85392052
74.85392052
74.85392052
74.85392052
74.85392052
74.85392052
74.85392052
74.85392052
74.85392052
74.85392052
74.85392052
74.85392052
74.85392052
74.85392052
74.85392052
74.85392052
74.85392052
74.85392052
74.85392052
74.85392052
74.85392052
74.85392052
74.85392052
74.85392052
74.85392052
74.85392052
74.85392052
74.85392052
74.85392052
74.85392052
74.85392052
74.85392052
74.85392052
74.85392052
74.85392052
74.85392052
74.85392052
74.85392052
74.85392052
74.85392052
74.85392052
0
0
0
0
0
0
0
0
0
0
0
0
0
0
0
0
0
0
0
0
0
0
0
0
0
0
0
0
0
0
0
0
0
0
0
0
0
0
0
0
0
0
0
0
0
0
0
0
0
0
0
0
0
0
0
0
74.85392052
74.85392052
74.85392052
74.85392052
74.85392052
74.85392052
74.85392052
74.85392052
74.85392052
74.85392052
74.85392052
74.85392052
74.85392052
74.85392052
74.85392052
74.85392052
74.85392052
74.85392052
74.85392052
74.85392052
74.85392052
74.85392052
74.85392052
74.85392052
74.85392052
74.85392052
74.85392052
74.85392052
74.85392052
74.85392052
74.85392052
74.85392052
74.85392052
74.85392052
74.85392052
74.85392052
74.85392052
74.85392052
74.85392052
74.85392052
41.85425935
0
0
0
0
0
0
0
0
0
0
0
0
0
0
0
0
0
0
74.85392052
74.85392052
74.85392052
74.85392052
74.85392052
74.85392052
74.85392052
74.85392052
74.85392052
74.85392052
74.85392052
74.85392052
74.85392052
74.85392052
74.85392052
74.85392052
74.85392052
74.85392052
74.85392052
74.85392052
74.85392052
74.85392052
74.85392052
74.85392052
74.85392052
74.85392052
74.85392052
74.85392052
74.85392052
74.85392052
74.85392052
74.85392052
74.85392052
74.85392052
74.85392052
74.85392052
74.85392052
74.85392052
74.85392052
74.85392052
74.85392052
74.85392052
74.85392052
74.85392052
74.85392052
74.85392052
74.85392052
74.85392052
74.85392052
74.85392052
74.85392052
74.85392052
74.85392052
74.85392052
74.85392052
74.85392052
74.85392052
74.85392052
74.85392052
74.85392052
74.85392052
74.85392052
74.85392052
74.85392052
74.85392052
74.85392052
74.85392052
74.85392052
74.85392052
74.85392052
74.85392052
74.85392052
74.85392052
74.85392052
74.85392052
74.85392052
74.85392052
74.85392052
74.85392052
74.85392052
74.85392052
74.85392052
74.85392052
74.85392052
74.85392052
74.85392052
74.85392052
74.85392052
74.85392052
74.85392052
74.85392052
74.85392052
74.85392052
74.85392052
74.85392052
74.85392052
74.85392052
74.85392052
74.85392052
74.85392052
74.85392052
74.85392052
74.85392052
74.85392052
74.85392052
74.85392052
74.85392052
74.85392052
74.85392052
74.85392052
74.85392052
74.85392052
74.85392052
74.85392052
74.85392052
74.85392052
74.85392052
74.85392052
74.85392052
74.85392052
74.85392052
74.85392052
74.85392052
74.85392052
74.85392052
74.85392052
74.85392052
74.85392052
74.85392052
74.85392052
74.85392052
74.85392052
74.85392052
74.85392052
74.85392052
74.85392052
74.85392052
74.85392052
74.85392052
74.85392052
74.85392052
74.85392052
74.85392052
74.85392052
74.85392052
74.85392052
74.85392052
74.85392052
74.85392052
74.85392052
74.85392052
74.85392052
74.85392052
74.85392052
74.85392052
74.85392052
74.85392052
74.85392052
74.85392052
74.85392052
74.85392052
74.85392052
74.85392052
74.85392052
74.85392052
74.85392052
74.85392052
74.85392052
74.85392052
74.85392052
74.85392052
74.85392052
74.85392052
74.85392052
74.85392052
74.85392052
0
0
0
0
0
0
0
0
0
0
0
0
74.85392052
74.85392052
74.85392052
74.85392052
74.85392052
74.85392052
74.85392052
74.85392052
74.85392052
74.85392052
74.85392052
74.85392052
74.85392052
74.85392052
74.85392052
74.85392052
74.85392052
74.85392052
74.85392052
74.85392052
74.85392052
74.85392052
74.85392052
74.85392052
74.85392052
74.85392052
74.85392052
74.85392052
74.85392052
74.85392052
74.85392052
74.85392052
74.85392052
74.85392052
74.85392052
74.85392052
74.85392052
74.85392052
74.85392052
74.85392052
74.85392052
74.85392052
74.85392052
74.85392052
74.85392052
74.85392052
74.85392052
74.85392052
74.85392052
74.85392052
74.85392052
74.85392052
74.85392052
74.85392052
74.85392052
74.85392052
74.85392052
74.85392052
74.85392052
74.85392052
74.85392052
74.85392052
74.85392052
74.85392052
74.85392052
74.85392052
74.85392052
74.85392052
74.85392052
74.85392052
74.85392052
74.85392052
74.85392052
74.85392052
74.85392052
74.85392052
74.85392052
74.85392052
0
0
0
0
0
0
0
0
0
0
0
0
0
0
0
0
0
0
0
0
0
0
0
0
0
0
0
0
0
0
0
0
0
0
0
0
0
0
0
0
0
0
0
0
0
0
0
0
0
0
0
0
0
0
0
0
0
0
74.85392052
74.85392052
74.85392052
74.85392052
74.85392052
74.85392052
74.85392052
74.85392052
74.85392052
74.85392052
74.85392052
74.85392052
74.85392052
74.85392052
74.85392052
74.85392052
74.85392052
74.85392052
74.85392052
74.85392052
74.85392052
74.85392052
74.85392052
74.85392052
74.85392052
74.85392052
74.85392052
74.85392052
74.85392052
74.85392052
74.85392052
74.85392052
74.85392052
74.85392052
74.85392052
74.85392052
74.85392052
74.85392052
74.85392052
74.85392052
74.85392052
74.85392052
43.69496132
37.19107421
0
0
0
0
0
0
0
0
0
0
0
0
0
0
0
0
0
0
0
0
0
0
0
0
0
0
74.85392052
74.85392052
74.85392052
74.85392052
74.85392052
74.85392052
74.85392052
74.85392052
74.85392052
74.85392052
74.85392052
74.85392052
74.85392052
74.85392052
74.85392052
74.85392052
74.85392052
74.85392052
74.85392052
74.85392052
74.85392052
74.85392052
74.85392052
74.85392052
74.85392052
74.85392052
74.85392052
74.85392052
74.85392052
74.85392052
74.85392052
74.85392052
74.85392052
74.85392052
74.85392052
74.85392052
74.85392052
74.85392052
74.85392052
74.85392052
74.85392052
74.85392052
74.85392052
74.85392052
74.85392052
74.85392052
74.85392052
74.85392052
74.85392052
74.85392052
74.85392052
74.85392052
74.85392052
74.85392052
74.85392052
74.85392052
74.85392052
74.85392052
74.85392052
74.85392052
74.85392052
74.85392052
74.85392052
74.85392052
74.85392052
74.85392052
74.85392052
74.85392052
74.85392052
74.85392052
74.85392052
70.32450595
0
0
0
0
0
0
0
0
0
0
0
74.85392052
74.85392052
74.85392052
74.85392052
74.85392052
74.85392052
74.85392052
74.85392052
74.85392052
74.85392052
74.85392052
74.85392052
74.85392052
74.85392052
74.85392052
74.85392052
74.85392052
74.85392052
74.85392052
74.85392052
74.85392052
74.85392052
74.85392052
74.85392052
74.85392052
74.85392052
74.85392052
74.85392052
74.85392052
74.85392052
74.85392052
74.85392052
74.85392052
0
0
0
74.85392052
74.85392052
74.85392052
74.85392052
74.85392052
74.85392052
74.85392052
74.85392052
74.85392052
74.85392052
74.85392052
74.85392052
74.85392052
74.85392052
74.85392052
74.85392052
74.85392052
74.85392052
74.85392052
74.85392052
74.85392052
74.85392052
74.85392052
74.85392052
74.85392052
74.85392052
74.85392052
74.85392052
74.85392052
74.85392052
74.85392052
74.85392052
74.85392052
74.85392052
74.85392052
74.85392052
74.85392052
74.85392052
74.85392052
74.85392052
74.85392052
74.85392052
74.85392052
74.85392052
74.85392052
74.85392052
74.85392052
74.85392052
74.85392052
74.85392052
74.85392052
74.85392052
74.85392052
74.85392052
74.85392052
74.85392052
74.85392052
74.85392052
74.85392052
74.85392052
74.85392052
74.85392052
74.85392052
74.85392052
74.85392052
74.85392052
74.85392052
74.85392052
74.85392052
74.85392052
74.85392052
74.85392052
74.85392052
74.85392052
74.85392052
74.85392052
74.85392052
74.85392052
74.85392052
74.85392052
74.85392052
74.85392052
74.85392052
74.85392052
74.85392052
74.85392052
74.85392052
74.85392052
74.85392052
74.85392052
74.85392052
74.85392052
74.85392052
74.85392052
74.85392052
74.85392052
74.85392052
74.85392052
74.85392052
74.85392052
74.85392052
74.85392052
74.85392052
74.85392052
74.85392052
74.85392052
74.85392052
74.85392052
74.85392052
74.85392052
74.85392052
74.85392052
74.85392052
74.85392052
74.85392052
74.85392052
74.85392052
74.85392052
74.85392052
74.85392052
74.85392052
74.85392052
74.85392052
74.85392052
74.85392052
74.85392052
74.85392052
74.85392052
74.85392052
74.85392052
74.85392052
74.85392052
74.85392052
74.85392052
74.85392052
74.85392052
52.55841539
50.16266992
46.98982579
45.47310977
43.11817433
42.51891791
42.11596948
42.57684212
43.06749036
43.95118209
44.91867572
46.56729263
47.91719504
48.21148697
49.49792624
51.21978415
52.25184558
53.30348564
55.21594267
57.05136956
58.93156126
59.70520378
61.23803463
63.98058877
64.15949307
64.3436862
62.93890762
64.4308262
67.0725137
68.60906315
70.36836759
70.18426618
67.10587029
66.36429107
65.71043235
64.66104585
65.0770755
66.75286409
65.54356475
62.88220904
61.71966608
64.60190799
67.09613023
67.56434243
69.40709995
69.37368473
68.30508959
65.2427772
60.82263068
58.35252006
57.04271509
55.63278638
54.8996804
55.05921883
56.3566028
57.63775183
59.77272554
61.43422123
66.74729654
74.156226
74.85392052
74.85392052
74.85392052
74.85392052
74.85392052
74.85392052
74.85392052
74.85392052
74.85392052
74.85392052
74.85392052
74.85392052
74.85392052
74.85392052
74.85392052
74.85392052
74.85392052
74.85392052
74.85392052
74.85392052
74.85392052
74.85392052
74.85392052
74.85392052
74.85392052
74.85392052
74.85392052
74.85392052
74.85392052
74.85392052
74.85392052
74.85392052
74.85392052
74.85392052
74.85392052
74.85392052
74.85392052
74.85392052
74.85392052
74.85392052
74.85392052
74.85392052
74.85392052
74.85392052
46.92573484
46.33990348
46.90156293
46.50959556
47.02669547
47.07779403
47.54762574
47.41419736
47.49654029
48.16490247
50.15330696
51.82121202
53.37628029
53.9322866
55.23204082
58.45197584
62.95486461
67.49971527
68.90312575
68.92466444
69.02803574
70.29093252
68.59115747
68.47398326
66.52549923
63.11151847
60.43529986
54.82586494
49.70668004
44.46808677
40.5777965
0
0
0
0
0
0
0
0
0
0
0
0
0
0
0
0
0
0
0
0
0
74.85392052
74.85392052
74.85392052
74.85392052
74.85392052
74.85392052
74.85392052
74.85392052
74.85392052
74.85392052
74.85392052
74.85392052
74.85392052
74.85392052
74.85392052
74.85392052
74.85392052
74.85392052
74.85392052
74.85392052
74.85392052
74.85392052
74.85392052
74.85392052
74.85392052
74.85392052
74.85392052
74.85392052
74.85392052
74.85392052
74.85392052
74.85392052
74.85392052
74.85392052
74.85392052
74.85392052
74.85392052
49.58760014
42.59775877
0
0
0
0
0
0
0
0
0
0
0
0
0
0
0
0
0
0
0
0
0
0
0
0
0
0
0
0
0
0
0
0
0
0
0
0
0
0
0
0
0
0
0
0
0
0
0
0
0
0
0
0
0
0
0
0
74.85392052
74.85392052
74.85392052
74.85392052
74.85392052
74.85392052
74.85392052
74.85392052
74.85392052
74.85392052
74.85392052
74.85392052
74.85392052
74.85392052
74.85392052
74.85392052
74.85392052
74.85392052
74.85392052
74.85392052
74.85392052
74.85392052
74.85392052
74.85392052
74.85392052
74.85392052
74.85392052
74.85392052
74.85392052
74.85392052
74.85392052
74.85392052
74.85392052
74.85392052
74.85392052
74.85392052
74.85392052
74.85392052
74.85392052
74.85392052
74.85392052
74.85392052
47.95035985
38.06829329
0
0
0
0
0
0
0
0
0
0
0
0
0
0
0
0
0
0
0
0
0
0
0
0
0
0
0
0
0
0
0
0
0
0
0
0
0
0
0
0
0
0
0
0
0
0
0
0
0
0
74.85392052
74.85392052
74.85392052
74.85392052
74.85392052
74.85392052
74.85392052
74.85392052
74.85392052
74.85392052
74.85392052
74.85392052
74.85392052
74.85392052
74.85392052
74.85392052
74.85392052
74.85392052
74.85392052
74.85392052
74.85392052
74.85392052
74.85392052
74.85392052
74.85392052
74.85392052
74.85392052
74.85392052
74.85392052
74.85392052
74.85392052
74.85392052
74.85392052
74.85392052
74.85392052
74.85392052
74.85392052
74.85392052
74.85392052
74.85392052
74.85392052
70.63127785
65.62852547
0
0
0
0
0
0
0
0
0
0
0
0
0
0
0
0
0
0
0
0
0
0
0
0
0
0
0
0
0
0
0
0
0
0
0
0
0
0
0
0
0
0
0
0
0
0
0
0
0
0
0
0
0
0
0
0
0
0
0
0
0
0
74.85392052
74.85392052
74.85392052
74.85392052
74.85392052
74.85392052
74.85392052
74.85392052
74.85392052
74.85392052
74.85392052
74.85392052
74.85392052
74.85392052
74.85392052
74.85392052
74.85392052
74.85392052
74.85392052
74.85392052
74.85392052
74.85392052
74.85392052
74.85392052
74.85392052
74.85392052
74.85392052
74.85392052
74.85392052
74.85392052
74.85392052
74.85392052
74.85392052
52.35914009
48.94481657
45.3288222
42.20720287
40.20829885
39.53810998
39.84777121
40.85662493
41.72375704
42.88028514
43.52542226
44.48172859
44.60142149
43.45127095
42.93118766
41.95273411
43.31749494
46.95260788
47.70265794
48.20823289
50.79345403
51.46172176
52.15064452
50.48448473
50.01016711
48.89875397
50.06888987
48.94405237
49.54100671
48.54475602
49.00140843
49.96083225
49.29747929
48.90398905
49.33290318
46.30452419
45.5694789
47.25248712
46.49630131
44.55002644
42.66868493
41.0972092
40.0047989
39.63180401
38.23254617
36.52228284
0
0
0
0
0
0
0
0
0
0
0
0
0
0
0
0
0
0
0
0
0
0
0
0
74.85392052
74.85392052
74.85392052
74.85392052
74.85392052
74.85392052
74.85392052
74.85392052
74.85392052
74.85392052
74.85392052
74.85392052
74.85392052
74.85392052
74.85392052
74.85392052
74.85392052
74.85392052
74.85392052
54.11832523
55.9253626
61.50976448
63.3598356
61.17724202
57.45420008
55.0672959
50.1399773
45.26349194
43.32111513
39.86018219
0
0
0
0
0
0
0
0
0
0
0
0
0
0
0
0
0
0
0
0
0
0
0
0
0
0
0
0
0
0
0
0
0
0
0
0
0
0
0
0
0
0
0
0
0
0
0
0
0
0
0
0
0
0
0
0
0
0
0
0
0
0
0
0
0
0
0
0
0
0
0
0
0
0
0
0
0
0
0
0
0
0
0
0
0
74.85392052
74.85392052
74.85392052
74.85392052
74.85392052
74.85392052
74.85392052
74.85392052
74.85392052
44.31898818
38.64842595
0
0
0
0
0
0
0
0
0
0
0
0
0
0
0
0
0
0
0
0
0
0
0
0
0
0
0
0
0
0
0
0
0
0
0
0
0
0
0
0
0
0
0
0
0
0
0
0
0
0
0
0
0
74.85392052
74.85392052
74.85392052
74.85392052
74.85392052
74.85392052
74.85392052
74.85392052
74.85392052
74.85392052
74.85392052
74.85392052
74.85392052
74.85392052
74.85392052
74.85392052
74.85392052
74.85392052
74.85392052
74.85392052
74.85392052
74.85392052
74.85392052
74.85392052
74.85392052
74.85392052
74.85392052
74.85392052
74.85392052
74.85392052
74.85392052
74.85392052
74.85392052
74.85392052
74.85392052
74.85392052
74.85392052
74.85392052
49.17927908
0
0
0
0
0
0
0
0
0
0
0
0
0
0
0
0
0
0
0
0
0
0
0
0
0
0
0
0
0
0
0
0
0
0
0
0
0
0
0
0
0
0
0
0
0
0
0
0
0
0
0
0
0
0
0
0
74.85392052
74.85392052
74.85392052
74.85392052
74.85392052
74.85392052
74.85392052
74.85392052
74.85392052
74.85392052
74.85392052
74.85392052
74.85392052
74.85392052
74.85392052
74.85392052
74.85392052
74.85392052
74.85392052
74.85392052
74.85392052
74.85392052
74.85392052
74.85392052
74.85392052
74.85392052
74.85392052
74.85392052
74.85392052
74.85392052
74.85392052
74.85392052
74.85392052
74.85392052
74.85392052
74.85392052
74.85392052
74.85392052
74.85392052
74.85392052
74.85392052
74.85392052
74.85392052
74.85392052
74.85392052
74.85392052
74.85392052
74.85392052
74.85392052
74.85392052
74.85392052
74.85392052
74.85392052
74.85392052
74.85392052
74.85392052
74.85392052
74.85392052
74.85392052
74.85392052
74.85392052
74.85392052
74.85392052
74.85392052
74.85392052
74.85392052
74.85392052
74.85392052
74.85392052
74.85392052
74.85392052
74.85392052
74.85392052
74.85392052
74.85392052
74.85392052
74.85392052
74.85392052
74.85392052
74.85392052
74.85392052
74.85392052
74.85392052
74.85392052
74.85392052
74.85392052
74.85392052
74.85392052
74.85392052
74.85392052
74.85392052
74.85392052
74.85392052
74.85392052
74.85392052
74.85392052
74.85392052
74.85392052
74.85392052
74.85392052
74.85392052
74.85392052
74.85392052
74.85392052
74.85392052
74.85392052
74.85392052
74.85392052
74.85392052
74.85392052
74.85392052
74.85392052
74.85392052
74.85392052
74.85392052
74.85392052
74.85392052
74.85392052
74.85392052
74.85392052
74.85392052
74.85392052
74.85392052
74.85392052
74.85392052
74.85392052
74.85392052
74.85392052
74.85392052
74.85392052
74.85392052
74.85392052
74.85392052
74.85392052
74.85392052
74.85392052
74.85392052
50.75174844
47.28015437
43.74915011
40.96243548
0
0
0
0
0
0
0
0
0
0
0
0
0
0
0
0
0
0
0
0
0
0
0
0
0
0
0
0
0
0
0
0
0
0
0
0
0
0
0
0
0
0
0
0
0
0
0
0
0
0
0
0
0
0
0
0
0
0
0
0
0
74.85392052
74.85392052
74.85392052
74.85392052
74.85392052
74.85392052
74.85392052
74.85392052
74.85392052
74.85392052
74.85392052
74.85392052
74.85392052
74.85392052
74.85392052
74.85392052
74.85392052
74.85392052
74.85392052
74.85392052
74.85392052
74.85392052
74.85392052
74.85392052
74.85392052
74.85392052
74.85392052
74.85392052
74.85392052
74.85392052
74.85392052
0
0
0
0
0
0
0
0
0
0
0
0
0
0
0
0
0
0
0
0
0
0
0
0
0
0
0
0
0
0
0
0
0
0
0
0
0
0
0
0
0
0
0
0
0
0
0
0
0
0
0
0
0
0
0
0
0
0
0
0
0
0
0
0
0
0
0
0
0
0
0
0
0
0
0
0
0
0
0
0
0
0
0
0
0
0
0
0
0
0
0
0
0
0
0
0
0
0
0
0
0
0
0
0
0
0
0
0
0
0
0
0
0
0
0
0
0
0
0
0
0
0
0
0
0
0
0
0
0
0
0
0
0
0
0
0
0
0
0
0
0
0
0
0
0
0
0
0
0
0
0
0
0
0
0
0
0
0
0
0
0
0
0
0
0
0
0
0
0
0
0
0
0
0
0
0
0
0
0
0
0
0
0
0
0
0
0
0
0
0
0
0
0
0
0
0
0
0
0
0
0
0
0
0
0
0
0
0
0
0
0
0
0
0
0
0
0
0
0
0
0
0
0
0
0
0
0
0
0
0
0
0
0
0
0
0
0
0
0
0
0
0
0
0
0
0
0
0
0
0
74.85392052
74.85392052
74.85392052
74.85392052
74.85392052
74.85392052
74.85392052
74.85392052
74.85392052
74.85392052
74.85392052
74.85392052
74.85392052
74.85392052
74.85392052
74.85392052
74.85392052
74.85392052
74.85392052
74.85392052
74.85392052
74.85392052
74.85392052
74.85392052
74.85392052
74.85392052
74.85392052
74.85392052
74.85392052
74.85392052
74.85392052
74.85392052
74.85392052
74.85392052
74.85392052
74.85392052
74.85392052
74.85392052
74.85392052
74.85392052
49.26254497
42.32659678
0
0
0
0
0
0
0
0
0
0
0
0
0
0
0
0
0
0
0
0
0
0
0
0
0
0
0
0
0
0
0
0
0
0
0
0
0
0
0
0
0
0
0
0
0
0
0
0
0
0
0
74.85392052
74.85392052
74.85392052
74.85392052
74.85392052
74.85392052
74.85392052
74.85392052
74.85392052
74.85392052
74.85392052
74.85392052
74.85392052
74.85392052
74.85392052
74.85392052
74.85392052
74.85392052
74.85392052
74.85392052
74.85392052
74.85392052
74.85392052
74.85392052
74.85392052
74.85392052
74.85392052
74.85392052
74.85392052
74.85392052
74.85392052
74.85392052
74.85392052
74.85392052
74.85392052
74.85392052
74.85392052
74.85392052
74.85392052
74.85392052
74.85392052
74.85392052
40.28872865
0
0
0
0
0
0
0
0
0
0
0
0
0
0
0
0
0
0
0
0
0
0
0
0
0
0
0
0
0
0
0
0
0
0
0
0
0
0
0
0
0
0
0
0
0
0
0
0
74.85392052
74.85392052
74.85392052
74.85392052
74.85392052
74.85392052
74.85392052
74.85392052
74.85392052
74.85392052
74.85392052
74.85392052
74.85392052
74.85392052
74.85392052
74.85392052
74.85392052
74.85392052
74.85392052
74.85392052
74.85392052
74.85392052
74.85392052
74.85392052
74.85392052
74.85392052
74.85392052
74.85392052
74.85392052
74.85392052
74.85392052
74.85392052
74.85392052
74.85392052
74.85392052
74.85392052
74.85392052
74.85392052
74.85392052
74.85392052
74.85392052
74.85392052
74.85392052
74.85392052
74.85392052
74.85392052
74.85392052
74.85392052
74.85392052
74.85392052
74.85392052
74.85392052
54.17514401
53.87516012
55.03493305
56.74566498
57.92609251
58.81970952
59.47978014
59.05767455
59.63290822
61.24191485
63.40467484
63.9802669
64.81959515
66.83358123
67.74856998
68.69608825
68.02850098
68.25401534
69.54100131
69.03717174
69.67849461
71.15679266
70.98292531
71.26562953
72.47331093
73.60961257
73.02480716
72.59427144
73.26093829
74.49986248
73.74080395
73.34740582
72.0660852
71.72343005
71.58148033
70.31906477
69.63859851
71.62526631
72.24760967
73.2480329
71.84499482
72.53914473
72.63133424
73.70414295
74.85392052
74.85392052
74.85392052
74.85392052
74.85392052
74.85392052
74.85392052
74.85392052
74.85392052
74.85392052
74.85392052
74.85392052
74.85392052
74.85392052
74.85392052
74.85392052
74.85392052
74.85392052
74.85392052
74.85392052
74.85392052
74.85392052
74.85392052
74.85392052
74.85392052
74.85392052
74.85392052
74.85392052
74.85392052
74.85392052
74.85392052
74.85392052
74.85392052
74.85392052
74.85392052
74.85392052
74.85392052
74.85392052
74.85392052
74.85392052
74.85392052
74.85392052
74.85392052
74.85392052
74.85392052
74.85392052
74.85392052
74.85392052
74.85392052
74.85392052
74.85392052
74.85392052
74.85392052
74.85392052
74.85392052
74.85392052
74.85392052
74.85392052
74.85392052
74.85392052
74.85392052
74.85392052
74.85392052
74.85392052
74.85392052
74.85392052
74.85392052
74.85392052
74.85392052
74.85392052
74.85392052
74.85392052
74.85392052
74.85392052
74.85392052
74.85392052
74.85392052
74.85392052
74.85392052
74.85392052
74.85392052
74.85392052
74.85392052
74.85392052
74.85392052
74.85392052
74.85392052
74.85392052
74.85392052
74.85392052
74.85392052
50.07951339
45.77130138
41.14328511
37.93786329
0
0
0
0
0
0
0
0
0
0
0
0
0
0
0
0
0
0
0
0
0
0
0
0
0
0
0
0
0
0
0
0
0
0
0
0
0
0
0
0
0
0
0
0
0
0
0
0
0
0
0
0
0
0
0
0
0
0
0
0
0
0
0
0
0
0
0
0
0
0
0
0
0
0
0
0
0
0
0
0
0
0
0
0
0
0
0
0
0
0
0
0
0
0
0
0
0
0
0
0
0
0
0
0
0
0
0
0
0
0
0
0
0
0
0
0
0
0
0
74.85392052
74.85392052
74.85392052
74.85392052
74.85392052
74.85392052
74.85392052
74.85392052
74.85392052
74.85392052
74.85392052
74.85392052
74.85392052
74.85392052
74.85392052
74.85392052
74.85392052
74.85392052
74.85392052
74.85392052
74.85392052
74.85392052
74.85392052
74.85392052
40.60581207
0
0
0
0
0
0
0
0
0
0
0
0
0
0
0
0
0
0
0
0
0
0
0
0
0
0
0
0
0
0
0
0
0
0
0
0
0
0
0
0
0
0
0
0
0
0
0
0
0
0
0
0
0
0
0
0
0
0
0
0
0
0
0
0
0
0
0
0
0
0
0
0
0
0
0
0
0
0
0
0
0
0
0
0
0
0
0
0
0
0
0
0
0
0
0
0
0
0
0
0
0
0
0
0
0
0
0
0
0
0
0
0
0
0
0
0
0
0
0
0
0
0
0
0
0
0
0
0
0
0
0
0
0
0
0
0
0
0
0
0
0
0
0
0
0
0
0
0
0
0
0
74.85392052
74.85392052
74.85392052
74.85392052
74.85392052
74.85392052
74.85392052
74.85392052
74.85392052
74.85392052
74.85392052
74.85392052
74.85392052
74.85392052
74.85392052
74.85392052
74.85392052
74.85392052
74.85392052
74.85392052
74.85392052
74.85392052
74.85392052
74.85392052
74.85392052
74.85392052
74.85392052
74.85392052
74.85392052
74.85392052
74.85392052
74.85392052
74.85392052
74.85392052
74.85392052
74.85392052
74.85392052
74.85392052
74.85392052
74.85392052
74.85392052
74.85392052
0
0
0
0
0
0
0
0
0
0
0
0
0
0
0
0
0
0
0
0
0
0
0
0
0
0
0
0
0
0
0
0
0
0
0
0
0
0
0
0
0
0
0
0
0
0
0
0
0
0
0
0
74.85392052
74.85392052
74.85392052
74.85392052
74.85392052
74.85392052
74.85392052
74.85392052
74.85392052
74.85392052
74.85392052
74.85392052
74.85392052
74.85392052
74.85392052
74.85392052
74.85392052
74.85392052
74.85392052
74.85392052
74.85392052
74.85392052
74.85392052
74.85392052
74.85392052
74.85392052
74.85392052
74.85392052
74.85392052
74.85392052
74.85392052
74.85392052
74.85392052
74.85392052
74.85392052
74.85392052
74.85392052
74.85392052
74.85392052
74.85392052
74.85392052
74.85392052
74.85392052
74.85392052
39.94454648
0
0
0
0
0
0
0
0
0
0
0
0
0
0
0
0
0
0
0
0
0
0
0
0
0
0
0
0
0
0
0
0
0
0
0
0
0
0
0
0
0
0
0
0
0
0
0
0
0
0
0
0
0
74.85392052
74.85392052
74.85392052
74.85392052
74.85392052
74.85392052
74.85392052
74.85392052
74.85392052
74.85392052
74.85392052
74.85392052
74.85392052
74.85392052
74.85392052
74.85392052
74.85392052
74.85392052
74.85392052
74.85392052
74.85392052
74.85392052
74.85392052
74.85392052
74.85392052
74.85392052
74.85392052
74.85392052
74.85392052
74.85392052
74.85392052
74.85392052
74.85392052
74.85392052
74.85392052
74.85392052
74.85392052
74.85392052
74.85392052
74.85392052
40.06362758
0
0
0
0
0
0
0
0
0
0
0
0
0
0
0
0
0
0
0
0
0
0
0
0
0
0
0
0
0
0
0
0
0
0
0
0
0
0
0
0
0
0
0
0
0
0
0
0
0
0
0
0
0
74.85392052
74.85392052
74.85392052
74.85392052
74.85392052
74.85392052
74.85392052
74.85392052
74.85392052
74.85392052
74.85392052
74.85392052
74.85392052
74.85392052
74.85392052
74.85392052
74.85392052
74.85392052
74.85392052
74.85392052
74.85392052
74.85392052
74.85392052
74.85392052
74.85392052
74.85392052
74.85392052
74.85392052
74.85392052
74.85392052
74.85392052
74.85392052
74.85392052
74.85392052
74.85392052
74.85392052
74.85392052
74.85392052
74.85392052
74.85392052
48.26528949
41.48922698
0
0
0
0
0
0
0
0
0
0
0
0
0
0
0
0
0
0
0
0
0
0
74.85392052
74.85392052
74.85392052
74.85392052
74.85392052
74.85392052
74.85392052
74.85392052
74.85392052
74.85392052
74.85392052
74.85392052
74.85392052
74.85392052
74.85392052
74.85392052
74.85392052
74.85392052
74.85392052
74.85392052
74.85392052
74.85392052
74.85392052
74.85392052
74.85392052
74.85392052
74.85392052
74.85392052
74.85392052
74.85392052
74.85392052
74.85392052
74.85392052
74.85392052
74.85392052
74.85392052
74.85392052
74.85392052
74.85392052
74.85392052
74.85392052
74.85392052
74.85392052
74.85392052
74.85392052
74.85392052
74.85392052
74.85392052
74.85392052
74.85392052
74.85392052
74.85392052
74.85392052
74.85392052
74.85392052
74.85392052
74.85392052
74.85392052
74.85392052
74.85392052
74.85392052
74.85392052
74.85392052
74.85392052
74.85392052
74.85392052
74.85392052
74.85392052
74.85392052
74.85392052
74.85392052
74.85392052
74.85392052
74.85392052
74.85392052
42.76981693
0
0
0
0
0
0
0
0
0
0
0
0
0
0
0
0
0
0
0
0
0
0
0
0
0
0
0
0
0
0
0
0
0
0
0
0
0
0
0
0
0
0
0
0
0
0
0
0
0
0
0
0
0
74.85392052
74.85392052
74.85392052
74.85392052
74.85392052
74.85392052
74.85392052
74.85392052
74.85392052
74.85392052
74.85392052
74.85392052
74.85392052
74.85392052
74.85392052
74.85392052
74.85392052
74.85392052
74.85392052
74.85392052
74.85392052
74.85392052
74.85392052
74.85392052
74.85392052
74.85392052
74.85392052
74.85392052
74.85392052
74.85392052
74.85392052
74.85392052
74.85392052
74.85392052
74.85392052
74.85392052
74.85392052
74.85392052
52.83398301
48.50720842
43.11723459
0
0
0
0
0
0
0
0
0
0
0
0
0
0
0
0
0
0
0
0
0
0
0
0
0
0
0
0
0
0
0
0
0
0
0
0
0
0
0
0
0
0
0
0
0
0
0
0
0
0
0
0
0
0
0
0
0
0
0
0
0
0
0
0
0
0
0
0
0
0
0
0
0
0
0
0
0
0
0
0
0
0
0
0
0
0
0
0
0
0
0
0
0
0
0
0
0
0
0
0
0
0
0
0
0
0
0
0
0
0
0
0
0
0
0
0
0
0
0
0
0
0
0
0
0
0
0
0
0
0
0
0
0
0
0
0
0
0
0
0
0
0
0
0
0
0
0
0
0
0
0
0
0
0
0
0
0
0
0
0
0
0
0
0
0
0
0
0
0
0
0
0
0
0
0
0
0
0
0
0
0
0
0
0
0
0
0
0
0
0
0
0
0
0
0
0
0
0
0
0
0
0
0
0
0
0
0
0
0
0
0
0
0
0
0
0
0
0
0
0
0
0
0
0
0
0
0
0
0
0
0
0
0
0
0
0
0
0
0
0
0
0
0
0
0
0
0
0
0
0
0
0
0
0
0
0
0
0
0
0
0
0
0
0
0
0
0
0
0
0
0
0
0
0
0
0
0
0
0
0
0
0
0
0
0
0
0
0
0
0
0
0
0
0
0
0
0
0
0
0
0
0
0
0
0
0
0
0
0
0
0
0
0
0
0
0
0
0
0
0
0
0
0
0
0
0
0
0
0
0
0
0
0
0
0
0
0
0
0
0
0
0
0
74.85392052
74.85392052
74.85392052
74.85392052
74.85392052
74.85392052
74.85392052
74.85392052
74.85392052
74.85392052
74.85392052
74.85392052
74.85392052
74.85392052
74.85392052
74.85392052
74.85392052
74.85392052
74.85392052
74.85392052
74.85392052
74.85392052
74.85392052
74.85392052
74.85392052
74.85392052
74.85392052
74.85392052
74.85392052
74.85392052
74.85392052
74.85392052
74.85392052
74.85392052
74.85392052
74.85392052
74.85392052
74.85392052
74.85392052
74.85392052
74.85392052
74.85392052
74.85392052
74.85392052
74.85392052
74.85392052
52.89392909
51.41892418
50.09699077
50.79493337
52.57430011
53.84825693
54.42065784
55.34527613
57.66681036
58.55360719
59.68771842
61.59172694
63.39828345
64.7997022
66.07800382
67.01102048
67.96601349
69.41648013
70.53586752
71.8853256
71.61065376
70.01720579
69.70358853
70.08499728
70.47094276
68.15402176
66.68679849
64.90032317
62.63534377
60.96931985
57.95625734
54.4917009
52.28874361
50.14882679
48.40209798
47.98255104
46.87550217
45.74759719
45.19733273
43.43290079
41.72778247
40.49769816
41.02262868
41.91598667
44.43131241
48.04634669
53.40403023
60.64031967
65.8846999
68.26579092
71.27706934
72.28487827
74.41454026
74.85392052
74.85392052
74.85392052
74.85392052
74.85392052
74.85392052
74.85392052
74.85392052
74.85392052
74.85392052
74.85392052
74.85392052
74.85392052
74.85392052
74.85392052
74.85392052
74.85392052
74.85392052
74.85392052
74.85392052
74.85392052
74.85392052
74.85392052
74.85392052
74.85392052
74.85392052
74.85392052
74.85392052
74.85392052
74.85392052
74.85392052
74.85392052
74.85392052
74.85392052
74.85392052
74.85392052
74.85392052
74.85392052
74.85392052
74.85392052
74.85392052
74.85392052
51.88547146
50.23922575
48.22377768
45.7528294
42.97553417
39.95504417
38.48597173
37.6581558
0
0
0
0
0
0
0
0
0
0
0
0
0
0
0
0
0
0
0
0
0
0
0
0
0
0
0
0
0
0
0
0
0
0
0
0
0
0
0
0
0
0
0
0
0
0
0
0
0
0
0
0
0
0
0
0
0
0
0
0
0
0
0
0
0
0
0
0
0
0
0
0
0
0
0
0
0
0
0
0
0
0
0
0
0
0
0
0
0
0
0
0
0
0
0
0
0
0
0
0
0
0
0
0
0
0
0
0
0
0
0
0
0
0
0
0
0
0
0
0
0
0
0
0
0
0
0
0
0
0
0
0
0
0
0
74.85392052
74.85392052
74.85392052
74.85392052
74.85392052
74.85392052
74.85392052
74.85392052
74.85392052
74.85392052
74.85392052
74.85392052
74.85392052
74.85392052
74.85392052
74.85392052
74.85392052
74.85392052
74.85392052
74.85392052
74.85392052
74.85392052
74.85392052
74.85392052
74.85392052
74.85392052
74.85392052
74.85392052
74.85392052
74.85392052
74.85392052
74.85392052
74.85392052
74.85392052
74.85392052
74.85392052
74.85392052
74.85392052
74.85392052
53.30666725
50.23019944
47.83808251
45.80528452
43.05871936
37.95808674
0
0
0
0
0
0
0
0
0
0
0
0
0
0
0
0
0
0
0
0
0
0
0
0
0
0
0
0
0
0
0
0
0
0
0
0
0
0
0
0
0
0
0
0
0
0
0
0
0
0
0
0
0
0
0
0
0
0
0
74.85392052
74.85392052
74.85392052
74.85392052
74.85392052
74.85392052
74.85392052
74.85392052
74.85392052
74.85392052
74.85392052
74.85392052
74.85392052
74.85392052
74.85392052
74.85392052
74.85392052
74.85392052
0
0
0
0
0
0
0
0
0
0
0
0
0
0
0
0
0
0
0
0
0
0
0
0
0
0
0
0
0
0
0
0
0
0
0
0
0
0
0
0
0
0
0
0
0
0
0
0
0
0
0
0
0
0
0
0
0
0
0
0
0
0
0
0
0
0
0
0
0
0
0
0
0
0
0
74.85392052
74.85392052
74.85392052
74.85392052
74.85392052
74.85392052
74.85392052
74.85392052
74.85392052
74.85392052
74.85392052
74.85392052
74.85392052
74.85392052
74.85392052
74.85392052
74.85392052
74.85392052
74.85392052
74.85392052
74.85392052
74.85392052
74.85392052
74.85392052
74.85392052
0
0
0
0
0
0
0
0
0
0
0
0
0
0
0
0
0
0
0
0
0
0
0
0
0
0
0
0
0
0
0
0
0
0
0
0
0
0
0
0
0
0
0
0
0
0
0
0
0
0
0
0
0
0
0
0
0
0
0
0
0
0
0
0
0
74.85392052
74.85392052
74.85392052
74.85392052
74.85392052
74.85392052
74.85392052
74.85392052
74.85392052
74.85392052
74.85392052
74.85392052
74.85392052
74.85392052
74.85392052
74.85392052
74.85392052
74.85392052
74.85392052
74.85392052
74.85392052
74.85392052
74.85392052
74.85392052
74.85392052
74.85392052
74.85392052
74.85392052
74.85392052
74.85392052
74.85392052
74.85392052
74.85392052
74.85392052
74.85392052
74.85392052
74.85392052
74.85392052
74.85392052
74.85392052
74.85392052
74.85392052
74.85392052
74.85392052
74.85392052
74.85392052
74.85392052
74.85392052
74.85392052
49.77850822
46.79683326
45.36292994
45.34031229
46.45188996
47.40283377
47.63143935
47.95918862
48.88540035
49.41242198
50.07408712
50.30117497
50.30767128
50.68854782
50.79426697
49.17890036
46.79966086
46.30388951
45.7963771
45.70000398
43.74894718
43.35783344
42.49233443
40.99839251
41.37478945
40.94183172
41.21841813
40.3924326
39.60646415
40.22455073
40.68475389
41.63236914
42.58631593
43.52449925
43.60848987
43.91104384
43.84353067
43.46761233
44.6849806
45.38781794
45.854534
47.73129786
50.5275548
53.24392756
56.43851384
60.60231707
63.36281729
68.88390243
74.85392052
74.85392052
74.85392052
74.85392052
74.85392052
74.85392052
74.85392052
74.85392052
74.85392052
74.85392052
74.85392052
74.85392052
74.85392052
74.85392052
74.85392052
74.85392052
74.85392052
74.85392052
74.85392052
74.85392052
74.85392052
74.85392052
74.85392052
74.85392052
74.85392052
74.85392052
74.85392052
74.85392052
74.85392052
74.85392052
74.85392052
74.85392052
74.85392052
74.85392052
74.85392052
74.85392052
74.85392052
74.85392052
74.85392052
74.85392052
74.85392052
74.85392052
74.85392052
74.85392052
74.85392052
74.85392052
74.85392052
46.78914341
42.1867333
0
0
0
0
0
0
0
0
0
0
0
0
0
0
0
0
0
0
0
0
0
0
0
0
0
0
0
0
0
0
0
0
0
0
0
0
0
0
0
0
0
0
0
0
0
0
0
0
0
0
0
0
0
0
0
0
0
0
0
0
0
0
0
0
0
0
0
0
0
0
0
0
0
0
0
0
0
0
0
0
0
0
0
0
0
0
0
0
0
0
0
0
0
0
0
0
0
0
0
0
0
0
0
0
0
0
0
0
0
0
0
0
0
0
0
0
0
0
0
0
0
0
0
0
0
0
0
0
0
0
0
0
0
0
0
0
0
0
0
0
0
0
0
0
0
0
0
0
0
0
0
0
0
0
0
0
0
0
0
0
0
0
0
0
0
0
0
0
0
0
0
0
0
0
0
0
0
0
0
0
0
0
0
0
0
0
0
0
0
0
0
0
0
0
0
0
0
0
0
0
0
0
0
0
0
0
0
0
0
0
0
0
0
0
0
0
0
0
0
0
0
0
0
0
0
0
0
0
0
0
0
0
0
0
0
0
0
0
0
0
0
0
0
0
0
0
0
0
0
0
0
0
0
0
0
0
0
0
0
0
0
0
0
0
0
0
0
0
0
0
0
0
0
0
0
0
0
0
0
0
0
0
0
0
0
0
0
0
0
0
0
0
0
0
0
0
0
0
0
0
0
0
0
0
0
0
0
0
0
0
0
0
0
0
0
0
0
0
0
0
0
0
0
0
0
0
0
0
0
0
0
0
0
0
0
0
0
0
0
0
0
0
0
0
0
0
0
0
0
0
0
0
0
0
0
0
0
0
0
0
0
0
0
0
0
0
0
0
0
0
0
0
0
0
0
0
0
0
0
0
0
0
0
0
0
0
0
0
0
0
0
0
0
0
0
0
0
0
0
0
0
0
0
0
0
0
0
0
0
0
0
0
0
0
0
0
0
0
0
0
0
0
0
0
0
0
0
0
0
0
0
0
0
0
0
0
0
0
0
0
0
0
0
0
0
0
0
0
0
0
0
0
0
0
0
0
0
0
0
0
0
0
0
0
0
0
0
0
0
0
0
0
0
0
0
0
0
0
0
0
0
0
0
0
0
0
0
0
0
0
0
0
0
0
0
0
0
0
0
0
0
0
0
0
0
0
0
0
0
0
0
0
0
0
0
0
0
0
0
0
0
0
0
0
0
0
0
0
0
0
0
0
0
0
0
0
0
0
0
0
0
0
0
0
0
0
0
0
0
0
0
0
0
0
0
0
0
0
0
0
0
0
0
0
0
0
0
0
0
0
0
0
0
0
0
0
0
0
0
0
0
0
0
0
0
0
0
0
0
0
0
0
0
0
0
0
0
0
0
0
0
0
0
0
0
0
0
0
0
0
0
0
0
0
0
0
0
0
0
0
0
0
0
0
0
0
0
0
0
0
0
0
0
0
0
0
0
0
0
0
0
0
0
0
0
0
0
0
0
0
0
0
0
0
0
0
0
0
0
0
0
0
0
0
0
0
0
0
0
0
0
0
0
0
0
0
0
0
0
0
0
0
0
0
0
0
0
0
0
0
0
0
0
0
0
0
0
0
0
0
0
0
0
0
0
0
0
0
0
0
0
0
0
0
0
0
0
0
0
0
0
0
0
0
0
0
0
74.85392052
74.85392052
74.85392052
74.85392052
74.85392052
74.85392052
74.85392052
74.85392052
74.85392052
74.85392052
74.85392052
74.85392052
74.85392052
74.85392052
74.85392052
74.85392052
74.85392052
74.85392052
74.85392052
74.85392052
74.85392052
74.85392052
74.85392052
74.85392052
74.85392052
74.85392052
74.85392052
74.85392052
74.85392052
74.85392052
74.85392052
74.85392052
74.85392052
74.85392052
74.85392052
74.85392052
74.85392052
74.85392052
49.44267148
47.28303524
44.33299004
41.59171289
36.9932551
0
0
0
0
0
0
0
0
0
0
0
0
0
0
0
0
0
0
0
0
0
0
0
0
0
0
0
0
0
0
0
0
0
0
0
0
0
0
0
0
0
0
0
0
0
0
0
0
74.85392052
74.85392052
74.85392052
74.85392052
74.85392052
74.85392052
74.85392052
74.85392052
74.85392052
74.85392052
74.85392052
74.85392052
74.85392052
74.85392052
74.85392052
74.85392052
74.85392052
74.85392052
74.85392052
74.85392052
74.85392052
74.85392052
74.85392052
74.85392052
74.85392052
74.85392052
74.85392052
74.85392052
74.85392052
74.85392052
74.85392052
74.85392052
74.85392052
74.85392052
74.85392052
74.85392052
74.85392052
74.85392052
74.85392052
74.85392052
74.85392052
74.85392052
74.85392052
46.75929373
43.18926582
37.83368079
0
0
0
0
0
0
0
0
0
0
0
0
0
0
0
0
0
0
0
0
0
0
0
0
0
0
0
0
0
0
0
0
0
0
0
0
0
0
0
0
0
0
0
0
0
0
0
0
0
0
0
0
0
0
0
0
0
0
0
0
0
0
0
0
0
0
0
0
0
0
0
0
0
0
0
0
0
0
0
0
0
0
0
0
0
0
0
0
0
0
0
0
0
0
0
0
0
0
0
0
0
0
0
0
0
0
0
0
0
0
0
0
0
0
0
0
0
0
0
0
0
0
0
0
0
0
0
0
0
0
0
0
0
0
0
0
0
0
0
0
0
0
0
0
0
0
0
0
0
0
0
0
0
0
0
0
0
0
0
0
0
0
0
0
0
0
0
0
0
0
0
0
0
0
0
0
0
0
0
0
0
0
0
0
0
0
0
0
0
0
0
0
0
0
0
0
0
0
0
0
0
0
0
0
0
0
0
0
0
0
0
0
0
0
0
0
0
0
0
0
0
0
0
0
0
0
0
0
0
0
0
0
0
0
0
0
0
0
0
0
0
0
0
0
0
0
0
0
0
0
0
0
0
0
0
0
0
0
0
0
0
0
0
0
0
0
0
0
0
0
0
0
0
0
0
0
0
0
0
0
0
0
0
0
0
0
0
0
0
0
0
0
0
0
0
0
0
0
0
0
0
0
0
0
0
0
0
0
0
0
0
0
0
0
0
0
0
0
0
0
0
0
0
0
0
0
0
0
0
0
0
0
0
0
0
0
0
0
0
74.85392052
74.85392052
74.85392052
74.85392052
74.85392052
74.85392052
74.85392052
74.85392052
74.85392052
74.85392052
74.85392052
74.85392052
74.85392052
74.85392052
74.85392052
74.85392052
74.85392052
74.85392052
74.85392052
74.85392052
74.85392052
74.85392052
74.85392052
74.85392052
74.85392052
74.85392052
74.85392052
74.85392052
74.85392052
53.68627647
52.92298877
52.4066713
50.57312164
51.61993226
52.40403298
52.49243151
51.56501609
49.54941657
48.07138905
46.06859518
43.08910595
38.04462283
0
0
0
0
0
0
0
0
0
0
0
0
0
0
0
0
0
0
0
0
0
0
0
0
0
0
0
0
0
0
0
0
0
0
0
0
0
0
0
0
0
0
0
0
0
0
0
0
0
0
0
0
0
0
0
74.85392052
74.85392052
74.85392052
74.85392052
74.85392052
74.85392052
74.85392052
74.85392052
74.85392052
74.85392052
74.85392052
74.85392052
74.85392052
74.85392052
74.85392052
74.85392052
74.85392052
74.85392052
74.85392052
74.85392052
74.85392052
74.85392052
74.85392052
74.85392052
74.85392052
74.85392052
74.85392052
74.85392052
74.85392052
74.85392052
74.85392052
74.85392052
74.85392052
74.85392052
74.85392052
74.85392052
74.85392052
74.85392052
74.85392052
74.85392052
74.85392052
49.68071143
47.80056713
43.01727742
39.68075045
38.57710842
0
0
0
0
0
0
0
0
0
0
0
0
0
0
0
0
0
0
0
0
0
0
0
0
0
0
0
0
0
0
0
0
0
0
0
0
0
0
0
0
0
0
0
0
0
0
0
0
0
0
0
0
0
0
0
0
0
0
0
0
0
0
0
0
0
0
0
0
0
0
0
0
0
0
0
0
0
0
0
0
0
0
0
0
0
0
0
0
0
0
0
0
0
0
0
0
0
0
0
0
0
0
0
0
0
0
0
0
0
0
0
0
0
0
0
0
0
0
0
0
0
0
0
0
0
0
0
0
0
0
0
0
0
0
0
0
0
0
0
0
0
0
0
0
0
0
0
0
0
0
0
0
0
0
0
0
0
0
0
0
0
0
0
0
0
0
0
0
0
0
0
0
0
0
0
0
0
0
0
0
0
0
0
0
0
0
0
0
0
0
0
0
0
0
0
0
0
0
0
0
0
0
0
0
0
0
0
0
0
0
0
0
0
0
0
0
0
0
0
0
0
0
0
0
0
0
0
0
0
0
0
0
0
0
0
0
0
0
0
0
0
0
0
0
0
0
0
0
0
0
0
0
0
0
0
0
0
0
0
0
0
0
0
0
0
0
0
0
0
0
0
0
0
0
0
0
0
0
0
0
0
0
0
0
0
0
0
0
0
0
0
0
0
0
0
0
0
0
0
0
0
0
0
0
0
0
0
0
0
0
0
0
0
0
0
0
0
0
0
0
0
0
0
0
0
0
0
0
0
0
0
0
0
0
0
0
0
0
0
0
0
0
0
0
0
0
0
0
0
0
0
0
0
0
0
0
0
0
0
0
0
0
0
0
0
0
0
0
0
0
0
0
0
0
0
0
0
0
0
0
0
0
0
0
0
0
0
0
0
0
0
0
0
0
0
0
0
0
0
0
0
0
0
0
0
0
0
0
0
0
0
0
0
0
0
0
0
0
0
0
0
0
0
0
0
0
0
0
0
0
0
0
0
0
74.85392052
74.85392052
74.85392052
74.85392052
74.85392052
74.85392052
74.85392052
74.85392052
74.85392052
74.85392052
74.85392052
74.85392052
74.85392052
74.85392052
74.85392052
74.85392052
74.85392052
74.85392052
74.85392052
74.85392052
74.85392052
74.85392052
74.85392052
74.85392052
74.85392052
74.85392052
74.85392052
74.85392052
74.85392052
74.85392052
74.85392052
74.85392052
74.85392052
74.85392052
74.85392052
74.85392052
74.85392052
74.85392052
74.85392052
74.85392052
74.85392052
50.90285093
47.48824474
43.51967437
0
0
0
0
0
0
0
0
0
0
0
0
0
0
0
0
0
0
0
0
0
0
0
0
0
0
0
0
0
0
0
0
0
0
0
0
0
0
0
0
0
0
0
0
0
0
0
0
0
0
0
74.85392052
74.85392052
74.85392052
74.85392052
74.85392052
74.85392052
74.85392052
74.85392052
74.85392052
74.85392052
74.85392052
74.85392052
74.85392052
74.85392052
74.85392052
74.85392052
74.85392052
74.85392052
74.85392052
74.85392052
74.85392052
74.85392052
74.85392052
74.85392052
74.85392052
74.85392052
74.85392052
74.85392052
74.85392052
74.85392052
74.85392052
74.85392052
74.85392052
74.85392052
74.85392052
74.85392052
74.85392052
74.85392052
74.85392052
74.85392052
74.85392052
74.85392052
74.85392052
74.85392052
47.93693968
41.84231063
37.52993216
0
0
0
0
0
0
0
0
0
0
0
0
0
0
0
0
0
0
0
0
0
0
0
0
0
0
0
0
0
0
0
0
0
0
0
0
0
0
0
0
0
0
0
0
0
0
0
0
74.85392052
74.85392052
74.85392052
74.85392052
74.85392052
74.85392052
74.85392052
74.85392052
74.85392052
74.85392052
74.85392052
74.85392052
74.85392052
74.85392052
74.85392052
74.85392052
74.85392052
74.85392052
74.85392052
74.85392052
74.85392052
74.85392052
74.85392052
74.85392052
74.85392052
74.85392052
74.85392052
74.85392052
74.85392052
74.85392052
74.85392052
74.85392052
74.85392052
74.85392052
74.85392052
74.85392052
74.85392052
74.85392052
74.85392052
49.68183383
46.53125684
42.24323719
37.87159705
0
0
0
0
0
0
0
0
0
0
0
0
0
0
0
0
0
0
0
0
0
0
0
0
0
0
0
0
0
0
0
0
0
0
0
0
0
0
0
0
0
0
0
0
0
0
0
0
0
0
0
0
0
0
0
0
0
0
0
0
0
0
0
0
0
0
0
0
0
0
0
0
0
0
0
0
0
0
0
0
0
0
0
0
0
0
0
0
0
0
0
0
0
0
0
0
0
0
0
0
0
0
0
0
0
0
0
0
0
0
0
0
0
0
0
0
0
0
0
0
0
0
0
0
0
0
0
0
0
0
0
0
0
0
0
0
0
0
0
0
0
0
0
0
74.85392052
74.85392052
74.85392052
74.85392052
74.85392052
74.85392052
74.85392052
74.85392052
74.85392052
74.85392052
74.85392052
74.85392052
74.85392052
74.85392052
74.85392052
74.85392052
74.85392052
74.85392052
74.85392052
74.85392052
74.85392052
74.85392052
74.85392052
74.85392052
74.85392052
74.85392052
74.85392052
74.85392052
74.85392052
74.85392052
74.85392052
74.85392052
74.85392052
74.85392052
74.85392052
74.85392052
74.85392052
74.85392052
74.85392052
74.85392052
74.85392052
74.85392052
74.85392052
74.85392052
74.85392052
74.85392052
74.85392052
74.85392052
74.85392052
74.85392052
74.85392052
48.1299281
45.48946497
44.35605797
44.55842356
45.5134321
46.22557912
46.1967733
46.68239975
47.24754979
48.37555786
48.53484879
48.79745647
49.21705939
48.50211453
47.79842925
48.4947053
49.61383314
50.76089217
51.29257378
50.90154058
51.39082689
53.31481699
53.46177759
52.80268812
52.33941129
50.89898618
49.52345756
48.94727881
49.47722842
50.06786981
49.55355065
51.44506345
51.19491866
50.97762884
50.89206192
50.65375541
48.82401138
48.64176429
49.54593503
47.97006152
46.42046447
42.77071129
39.15305566
36.79079776
0
0
0
0
0
0
0
0
0
0
74.85392052
74.85392052
74.85392052
74.85392052
74.85392052
74.85392052
74.85392052
74.85392052
74.85392052
74.85392052
74.85392052
74.85392052
74.85392052
74.85392052
74.85392052
74.85392052
74.85392052
74.85392052
74.85392052
74.85392052
74.85392052
74.85392052
74.85392052
74.85392052
74.85392052
74.85392052
74.85392052
74.85392052
74.85392052
74.85392052
74.85392052
74.85392052
74.85392052
74.85392052
74.85392052
74.85392052
74.85392052
74.85392052
74.85392052
48.08946312
42.06641669
0
0
0
0
0
0
0
0
0
0
0
0
0
0
0
0
0
0
0
0
0
0
0
0
0
0
0
0
0
0
0
0
0
0
0
0
0
0
0
0
0
0
0
0
0
0
0
0
0
0
0
0
0
0
0
0
74.85392052
74.85392052
74.85392052
74.85392052
74.85392052
74.85392052
74.85392052
74.85392052
74.85392052
74.85392052
74.85392052
74.85392052
74.85392052
74.85392052
74.85392052
74.85392052
54.89172616
54.80845768
55.63155964
56.62870479
57.14839898
57.04692017
59.46499371
60.41622362
61.18459473
61.40700842
62.01890678
61.26488236
60.8365537
61.04053542
62.02510569
61.81657343
60.02356239
60.7160898
58.89932563
55.83186439
53.17153495
48.94279303
43.17555185
37.04303852
0
0
0
0
0
0
0
0
0
0
0
0
0
0
0
0
0
0
0
0
0
0
0
0
0
0
0
0
0
0
0
0
0
0
0
0
0
0
0
0
0
0
0
0
0
0
0
0
0
0
0
74.85392052
74.85392052
74.85392052
74.85392052
74.85392052
74.85392052
74.85392052
74.85392052
74.85392052
74.85392052
74.85392052
74.85392052
74.85392052
74.85392052
74.85392052
74.85392052
74.85392052
74.85392052
74.85392052
74.85392052
74.85392052
74.85392052
74.85392052
74.85392052
74.85392052
74.85392052
74.85392052
74.85392052
74.85392052
74.85392052
74.85392052
74.85392052
74.85392052
74.85392052
74.85392052
74.85392052
74.85392052
74.85392052
74.85392052
74.85392052
74.85392052
74.85392052
74.85392052
74.85392052
56.55445858
52.29228446
0
0
0
0
0
0
0
0
0
0
0
0
0
0
0
0
0
0
0
0
0
0
0
0
0
0
0
0
0
0
0
0
0
0
0
0
0
0
0
0
0
0
0
0
0
0
74.85392052
74.85392052
74.85392052
74.85392052
74.85392052
74.85392052
74.85392052
74.85392052
74.85392052
74.85392052
74.85392052
74.85392052
74.85392052
74.85392052
74.85392052
74.85392052
74.85392052
74.85392052
74.85392052
74.85392052
74.85392052
74.85392052
74.85392052
74.85392052
74.85392052
74.85392052
74.85392052
74.85392052
74.85392052
74.85392052
74.85392052
74.85392052
74.85392052
74.85392052
74.85392052
74.85392052
74.85392052
74.85392052
74.85392052
74.85392052
74.85392052
74.85392052
74.85392052
74.85392052
74.85392052
74.85392052
74.85392052
74.85392052
74.85392052
74.85392052
50.95328561
48.28720538
47.51652857
47.29934372
47.55799753
47.60409564
48.26824921
48.88318979
49.43280299
50.53735313
51.90108467
53.06894486
54.38530221
55.70187856
57.11690633
58.28287383
59.73195661
61.21902836
62.37671457
62.68752585
63.4085152
64.31983602
65.2064671
65.96003663
66.35677448
66.53371822
67.19293992
67.96513116
68.30934121
67.91985479
68.2113362
68.95149279
69.46137453
70.19199084
70.49895947
70.76509199
70.89595406
70.98456213
70.93714776
71.06123966
71.25892657
71.36824728
71.71571839
72.1237502
73.93507488
74.85392052
74.85392052
74.85392052
74.85392052
74.85392052
74.85392052
74.85392052
74.85392052
74.85392052
74.85392052
74.85392052
74.85392052
74.85392052
74.85392052
74.85392052
74.85392052
74.85392052
74.85392052
74.85392052
74.85392052
74.85392052
74.85392052
74.85392052
74.85392052
74.85392052
74.85392052
74.85392052
74.85392052
74.85392052
74.85392052
74.85392052
74.85392052
74.85392052
74.85392052
74.85392052
74.85392052
74.85392052
74.85392052
74.85392052
74.85392052
74.85392052
74.85392052
74.85392052
74.85392052
74.85392052
74.85392052
74.85392052
74.85392052
74.85392052
74.85392052
74.85392052
74.85392052
74.85392052
49.98558826
48.42130411
48.43008057
48.02933688
47.64576508
47.534223
48.36685549
49.21095338
49.6534953
50.0519407
49.59112447
49.74270362
49.98485301
49.8945891
50.60811741
51.34128752
52.43925018
53.01144803
53.45676197
54.36806462
54.99845148
56.01660331
56.12295146
55.57916212
54.32716865
54.7066506
54.25078123
54.57059931
54.86606304
54.88144028
54.80302998
54.96751039
55.09022421
55.17987391
55.30280033
54.67123116
53.35310237
52.37942091
51.37249273
49.88845378
49.10063262
50.1111718
51.7152003
54.17614842
58.35375184
63.38350612
68.2865835
73.21534059
74.85392052
74.85392052
74.85392052
74.85392052
74.85392052
74.85392052
74.85392052
74.85392052
74.85392052
74.85392052
74.85392052
74.85392052
74.85392052
74.85392052
74.85392052
74.85392052
74.85392052
74.85392052
74.85392052
74.85392052
74.85392052
74.85392052
74.85392052
74.85392052
74.85392052
74.85392052
74.85392052
74.85392052
74.85392052
74.85392052
74.85392052
74.85392052
74.85392052
74.85392052
74.85392052
74.85392052
74.85392052
74.85392052
74.85392052
74.85392052
74.85392052
74.85392052
74.85392052
74.85392052
74.85392052
45.52384105
40.21877573
36.74585854
0
0
0
0
0
0
0
0
0
0
0
0
0
0
0
0
0
0
0
0
0
0
0
0
0
0
0
0
0
0
0
0
0
0
0
0
0
0
0
0
0
0
0
0
0
0
0
0
0
74.85392052
74.85392052
74.85392052
74.85392052
74.85392052
74.85392052
74.85392052
74.85392052
74.85392052
74.85392052
74.85392052
74.85392052
74.85392052
74.85392052
74.85392052
74.85392052
74.85392052
74.85392052
74.85392052
74.85392052
74.85392052
74.85392052
74.85392052
74.85392052
74.85392052
74.85392052
74.85392052
74.85392052
74.85392052
74.85392052
74.85392052
74.85392052
74.85392052
74.85392052
74.85392052
74.85392052
74.85392052
74.85392052
74.85392052
74.85392052
74.85392052
74.85392052
52.22405632
47.4337018
41.93154594
36.72693226
0
0
0
0
0
0
0
0
0
0
0
0
0
0
0
0
0
0
0
0
0
0
0
0
0
0
0
0
0
0
0
0
0
0
0
0
0
0
0
0
0
0
0
0
0
0
0
0
0
0
0
0
0
74.85392052
74.85392052
74.85392052
74.85392052
74.85392052
74.85392052
74.85392052
74.85392052
74.85392052
74.85392052
74.85392052
74.85392052
74.85392052
74.85392052
74.85392052
74.85392052
74.85392052
74.85392052
74.85392052
74.85392052
74.85392052
74.85392052
74.85392052
74.85392052
74.85392052
74.85392052
52.20179
53.31724369
53.86433309
54.18962241
54.35724232
53.72319298
52.82766102
50.81045229
48.99494326
48.13843733
46.38136031
45.05623391
42.08157185
39.87463653
38.66480969
0
0
0
0
0
0
0
0
0
0
0
0
0
0
0
0
0
0
0
0
0
0
0
0
0
0
0
0
0
0
0
0
0
0
0
0
0
0
0
0
0
0
0
0
0
0
0
0
0
0
0
0
0
0
0
0
0
0
0
0
0
0
0
0
0
0
0
0
0
0
0
0
0
0
0
0
0
0
0
0
0
0
0
0
0
0
0
0
0
0
0
0
0
0
0
0
0
0
0
0
0
0
0
0
0
0
0
0
0
0
0
0
0
0
0
0
0
0
0
0
0
0
0
0
0
0
0
0
0
0
0
0
0
0
0
0
0
0
0
0
0
0
0
0
0
0
0
0
0
0
0
0
0
0
0
0
0
0
0
0
0
0
0
0
0
0
0
0
0
0
0
0
0
0
0
0
0
0
0
0
0
0
0
0
0
0
0
0
0
0
0
0
0
0
0
0
0
0
0
0
0
0
0
0
0
0
0
0
0
0
0
0
0
0
0
0
0
0
0
0
0
0
0
0
0
0
0
0
0
0
0
0
0
0
0
0
0
0
0
0
0
0
0
0
74.85392052
74.85392052
74.85392052
74.85392052
74.85392052
74.85392052
74.85392052
74.85392052
74.85392052
74.85392052
74.85392052
74.85392052
74.85392052
74.85392052
74.85392052
74.85392052
74.85392052
74.85392052
74.85392052
74.85392052
74.85392052
74.85392052
74.85392052
74.85392052
74.85392052
74.85392052
74.85392052
74.85392052
74.85392052
74.85392052
74.85392052
74.85392052
74.85392052
74.85392052
74.85392052
74.85392052
74.85392052
74.85392052
74.85392052
74.85392052
74.85392052
51.05381407
45.46366994
39.13594597
0
0
0
0
0
0
0
0
0
0
0
0
0
0
0
0
0
0
0
0
0
0
0
0
0
0
0
0
0
0
0
0
0
0
0
0
0
0
0
0
0
0
0
0
0
0
0
0
0
0
0
0
74.85392052
74.85392052
74.85392052
74.85392052
74.85392052
74.85392052
74.85392052
74.85392052
74.85392052
74.85392052
74.85392052
74.85392052
74.85392052
74.85392052
74.85392052
74.85392052
74.85392052
74.85392052
74.85392052
74.85392052
74.85392052
74.85392052
74.85392052
74.85392052
74.85392052
74.85392052
74.85392052
74.85392052
74.85392052
51.87633377
47.73654266
45.60183625
43.59004671
42.43073465
42.13587278
42.85852701
44.43501035
45.88786589
45.93704416
46.69267573
45.18398068
44.84770846
42.36039866
38.74987285
0
0
0
0
0
0
0
0
0
0
0
0
0
0
0
0
0
0
0
0
0
0
0
0
0
0
0
0
0
0
0
0
0
0
0
0
0
0
0
0
0
0
0
0
0
0
0
0
0
0
0
0
0
0
0
0
0
0
0
0
0
0
0
0
0
0
0
0
0
0
0
0
0
0
0
0
0
0
0
0
0
0
0
0
0
0
0
0
0
0
0
0
0
0
0
0
0
0
0
0
0
0
0
0
0
0
0
0
0
0
0
0
0
0
0
0
0
0
0
0
0
0
0
0
0
0
0
0
0
0
0
0
0
0
0
0
0
0
0
0
0
0
0
0
0
0
0
0
0
0
0
0
0
0
0
0
0
0
0
0
0
0
0
0
0
0
0
0
0
0
0
0
0
0
0
0
0
0
0
0
0
0
0
0
0
0
0
0
0
0
0
0
0
0
0
0
0
0
0
0
0
0
0
0
0
0
0
0
0
0
0
0
0
0
0
0
0
0
0
0
0
0
0
0
0
0
0
0
0
0
0
0
0
0
0
0
0
0
0
0
0
0
0
0
0
0
0
0
0
0
0
0
0
0
0
0
0
0
0
0
0
0
0
0
0
0
0
0
0
0
0
0
0
0
0
0
0
0
0
0
0
0
0
0
0
0
0
0
0
0
0
0
0
0
0
0
0
0
0
0
0
0
0
0
0
0
0
0
0
0
0
0
0
0
0
0
0
0
0
0
0
0
0
0
0
0
0
0
0
0
0
0
0
0
0
0
0
0
0
0
0
0
0
0
0
0
0
0
0
0
0
0
0
0
0
0
0
0
0
0
0
0
0
0
0
0
0
0
0
0
0
0
0
0
0
0
0
0
0
0
0
0
0
0
0
0
0
0
0
0
0
0
0
0
0
0
0
0
0
0
0
0
0
0
0
0
0
0
0
0
0
0
0
0
0
0
0
0
0
0
0
0
0
0
0
0
0
0
0
0
0
0
0
0
0
0
0
0
0
0
0
0
0
0
0
0
0
0
0
0
0
0
0
0
0
0
0
0
0
0
0
0
0
0
0
0
0
0
0
0
0
0
0
0
0
0
0
0
0
0
0
0
0
0
0
0
0
0
0
0
0
0
0
0
0
0
0
0
0
0
0
0
0
0
0
0
0
0
0
0
0
0
0
0
0
0
0
0
0
0
0
0
0
0
0
0
0
0
0
0
0
0
0
0
0
0
0
0
0
0
0
0
0
0
0
0
0
0
0
0
0
0
0
0
0
0
0
0
0
0
0
0
0
0
0
0
0
0
0
0
0
0
0
0
0
0
0
0
0
0
0
0
0
0
0
0
0
0
0
0
0
0
0
0
0
0
0
0
0
0
0
0
0
0
0
0
0
0
0
0
0
0
0
0
0
0
0
0
0
0
0
0
0
0
0
0
0
0
0
0
0
0
0
0
0
0
0
0
0
0
0
0
0
0
0
0
0
0
0
0
0
0
0
0
0
0
0
0
0
0
0
0
0
0
0
0
0
0
0
0
0
0
0
0
0
0
0
0
0
0
0
0
0
0
0
0
0
0
0
0
0
0
0
0
0
0
0
0
0
0
0
0
0
0
0
0
0
0
0
0
0
0
0
0
0
0
0
0
0
0
0
0
0
0
0
0
0
0
0
0
0
0
0
0
0
0
0
0
0
0
0
0
0
0
0
0
0
0
0
0
0
0
0
0
0
0
0
0
0
0
0
0
0
0
0
0
0
0
0
0
0
0
0
0
0
0
0
0
0
0
0
0
0
0
0
0
0
0
0
0
0
0
0
0
0
0
0
0
0
0
0
0
0
0
0
0
0
0
0
0
0
0
0
0
0
0
0
0
0
0
0
0
0
0
0
0
0
0
0
0
0
0
0
0
0
0
0
0
0
0
0
0
0
0
0
0
0
0
0
0
0
0
0
0
0
0
0
0
0
0
0
0
0
0
0
0
0
0
0
0
0
0
0
0
0
0
0
0
0
0
0
0
0
0
0
0
0
0
0
0
0
0
0
0
0
0
0
0
0
0
0
0
0
0
0
0
0
0
0
0
0
0
0
0
0
0
0
0
0
0
0
0
0
0
0
0
0
0
0
0
0
0
0
0
0
0
0
0
0
0
0
0
0
0
0
0
0
0
0
0
0
0
0
0
0
0
0
0
0
0
0
0
0
0
0
0
0
0
0
0
0
0
0
0
0
0
0
0
0
0
0
0
0
0
0
0
0
0
0
0
0
0
0
0
0
0
0
0
0
0
0
0
0
0
0
0
0
0
0
0
0
0
0
74.85392052
74.85392052
74.85392052
74.85392052
74.85392052
74.85392052
74.85392052
74.85392052
74.85392052
74.85392052
74.85392052
74.85392052
74.85392052
74.85392052
74.85392052
74.85392052
74.85392052
74.85392052
74.85392052
74.85392052
74.85392052
74.85392052
74.85392052
74.85392052
74.85392052
74.85392052
74.85392052
74.85392052
74.85392052
74.85392052
74.85392052
74.85392052
74.85392052
74.85392052
74.85392052
74.85392052
74.85392052
74.85392052
74.85392052
74.85392052
74.85392052
74.85392052
74.85392052
41.18983604
0
0
0
0
0
0
0
0
0
0
0
0
0
0
0
0
0
0
0
0
0
0
0
0
0
0
0
0
0
0
0
0
0
0
0
0
0
0
0
0
0
0
0
0
0
0
0
0
0
0
0
74.85392052
74.85392052
74.85392052
74.85392052
74.85392052
74.85392052
74.85392052
74.85392052
74.85392052
74.85392052
74.85392052
74.85392052
74.85392052
74.85392052
74.85392052
74.85392052
74.85392052
74.85392052
74.85392052
74.85392052
74.85392052
74.85392052
74.85392052
74.85392052
74.85392052
74.85392052
74.85392052
74.85392052
74.85392052
74.85392052
74.85392052
74.85392052
74.85392052
74.85392052
74.85392052
74.85392052
74.85392052
74.85392052
74.85392052
74.85392052
74.85392052
74.85392052
74.85392052
46.97126065
41.36582382
0
0
0
0
0
0
0
0
0
0
0
0
0
0
0
0
0
0
0
0
0
0
0
0
0
0
0
0
0
0
0
0
0
0
0
0
0
0
0
0
0
0
0
0
0
0
0
0
0
0
0
0
0
0
0
0
0
0
0
0
0
0
0
0
0
0
0
0
0
0
0
0
0
0
0
0
0
0
0
0
0
0
0
0
0
0
0
0
0
0
0
0
0
0
0
0
0
0
0
0
0
0
0
0
0
0
0
0
0
0
0
0
0
0
0
0
0
0
0
0
0
0
0
0
0
0
0
0
0
0
0
0
0
0
0
0
0
0
0
0
0
0
0
0
0
0
0
0
0
0
0
0
0
0
0
0
0
0
0
0
0
0
0
0
0
0
0
0
0
0
0
0
0
0
0
0
0
0
0
0
0
0
0
0
0
0
0
0
0
0
0
0
0
0
0
0
0
0
0
0
0
0
0
0
0
0
0
0
0
0
0
0
0
0
0
0
0
0
0
0
0
0
0
0
0
0
0
0
0
0
0
0
0
0
0
0
0
0
0
0
0
0
0
0
0
0
0
0
0
0
0
0
0
0
0
0
0
0
0
0
0
0
0
0
0
0
0
0
0
0
0
0
0
0
0
0
0
0
0
0
0
0
0
0
0
0
0
0
0
0
0
0
0
0
0
0
0
0
0
0
0
0
0
0
0
0
0
0
0
0
0
0
0
0
0
0
0
0
0
0
0
0
0
0
0
0
0
0
0
0
0
0
0
0
0
0
0
0
0
0
0
0
0
0
0
74.85392052
74.85392052
74.85392052
74.85392052
74.85392052
74.85392052
74.85392052
74.85392052
74.85392052
74.85392052
74.85392052
74.85392052
74.85392052
74.85392052
74.85392052
74.85392052
74.85392052
74.85392052
74.85392052
74.85392052
74.85392052
74.85392052
74.85392052
74.85392052
74.85392052
74.85392052
74.85392052
74.85392052
74.85392052
74.85392052
74.85392052
74.85392052
74.85392052
74.85392052
74.85392052
74.85392052
50.93622427
47.16289901
41.21864111
0
0
0
0
0
0
0
0
0
0
0
0
0
0
0
0
0
0
0
0
0
0
0
0
0
0
0
0
0
0
0
0
0
0
0
0
0
0
0
0
0
0
0
0
0
0
0
0
0
0
0
74.85392052
74.85392052
74.85392052
74.85392052
74.85392052
74.85392052
74.85392052
74.85392052
74.85392052
74.85392052
74.85392052
74.85392052
74.85392052
74.85392052
74.85392052
74.85392052
74.85392052
74.85392052
74.85392052
74.85392052
74.85392052
74.85392052
74.85392052
74.85392052
74.85392052
74.85392052
74.85392052
74.85392052
74.85392052
74.85392052
74.85392052
74.85392052
74.85392052
74.85392052
74.85392052
74.85392052
74.85392052
74.85392052
74.85392052
74.85392052
74.85392052
74.85392052
47.31544577
43.53817388
38.86567423
0
0
0
0
0
0
0
0
0
0
0
0
0
0
0
0
0
0
0
0
0
0
0
0
0
0
0
0
0
0
0
0
0
0
0
0
0
0
0
0
0
0
0
0
0
0
0
0
0
0
0
0
0
0
0
0
0
0
0
0
0
0
0
0
0
0
0
0
0
0
0
0
0
0
0
0
0
0
0
0
0
0
0
0
0
0
0
0
0
0
0
0
0
0
0
0
0
0
0
0
0
0
0
0
0
0
0
0
0
0
0
0
0
0
0
0
0
0
0
0
0
0
0
0
0
0
0
0
0
0
0
0
0
0
0
0
0
0
0
0
0
0
0
0
0
0
0
0
0
0
0
0
0
0
0
0
0
0
0
0
0
0
0
0
0
0
0
0
0
0
0
0
0
0
0
0
0
0
0
0
0
0
0
0
0
0
0
0
0
0
0
0
0
0
0
0
0
0
0
0
0
0
0
0
0
0
0
0
0
0
0
0
0
0
0
0
0
0
0
0
0
0
0
0
0
0
0
0
0
0
0
0
0
0
0
0
0
0
0
0
0
0
74.85392052
74.85392052
74.85392052
74.85392052
74.85392052
74.85392052
74.85392052
74.85392052
74.85392052
74.85392052
74.85392052
74.85392052
74.85392052
74.85392052
74.85392052
74.85392052
74.85392052
74.85392052
74.85392052
74.85392052
74.85392052
74.85392052
74.85392052
74.85392052
74.85392052
74.85392052
74.85392052
74.85392052
74.85392052
74.85392052
74.85392052
74.85392052
74.85392052
74.85392052
74.85392052
74.85392052
74.85392052
74.85392052
74.85392052
74.85392052
74.85392052
74.85392052
74.85392052
74.85392052
74.85392052
74.85392052
46.07023489
42.04109787
38.9974746
37.93853967
38.3296279
39.17518152
40.25675509
41.56400036
43.62320482
44.93417133
46.73274151
48.39030355
50.19334403
52.36752824
54.18588687
54.92205296
56.30702683
57.73124983
57.55367207
57.26169564
59.15862109
60.51478521
60.83295284
61.84797381
62.00442801
61.71789581
61.94147025
61.49992074
61.91508044
62.37044367
62.42561363
62.11856248
61.85930016
61.25928528
60.91049245
61.10379076
61.20673384
61.09859123
60.79821873
60.60029315
60.82389378
61.08303923
61.55871111
61.52089102
61.94387706
63.51547366
67.26643386
72.11064618
74.85392052
74.85392052
74.85392052
74.85392052
74.85392052
74.85392052
74.85392052
74.85392052
74.85392052
74.85392052
74.85392052
74.85392052
74.85392052
74.85392052
74.85392052
74.85392052
74.85392052
74.85392052
74.85392052
74.85392052
74.85392052
74.85392052
74.85392052
74.85392052
74.85392052
74.85392052
74.85392052
74.85392052
74.85392052
74.85392052
74.85392052
74.85392052
74.85392052
74.85392052
74.85392052
74.85392052
74.85392052
74.85392052
74.85392052
74.85392052
74.85392052
74.85392052
74.85392052
74.85392052
74.85392052
74.85392052
52.72739846
49.73149124
47.65256178
46.02908232
44.95340913
44.9741259
45.82060437
46.288578
47.29886347
48.18237303
48.77512079
49.1379995
48.77219259
48.98943327
49.92726445
51.3785306
53.00205584
54.08412092
55.370313
56.69738424
57.45743859
57.60082454
58.0465456
58.49008749
58.9045055
58.51711611
58.84517462
58.38575526
57.17762345
57.20438724
57.59720056
57.31081584
57.28878508
56.59181387
55.69402933
55.4290962
54.46429032
53.65991164
53.14314712
52.94580876
51.47618681
49.58110011
47.5164624
46.18420761
45.16208597
44.71739736
44.64744708
45.78361065
48.67172521
52.77173132
57.15784271
59.19884195
63.80594903
72.53901418
74.85392052
74.85392052
74.85392052
74.85392052
74.85392052
74.85392052
74.85392052
74.85392052
74.85392052
74.85392052
74.85392052
74.85392052
74.85392052
74.85392052
74.85392052
74.85392052
74.85392052
74.85392052
74.85392052
74.85392052
74.85392052
74.85392052
74.85392052
74.85392052
74.85392052
74.85392052
74.85392052
74.85392052
74.85392052
74.85392052
74.85392052
74.85392052
74.85392052
74.85392052
74.85392052
74.85392052
74.85392052
74.85392052
74.85392052
74.85392052
74.85392052
74.85392052
74.85392052
48.03290413
44.47398305
41.05152276
38.479321
38.25390581
38.53263035
38.17271113
38.6696899
39.30062792
40.08024406
41.03393637
42.01792689
42.86903812
43.42006763
44.09820005
44.76408855
45.47804984
45.96416959
46.4653655
47.71560916
48.57075008
49.55958425
49.9668389
50.28055777
51.13907184
52.10774038
52.54379111
53.02655836
54.06821857
55.43185819
56.06567433
56.50051767
55.92480551
54.73154171
53.71240442
52.72766024
52.5697726
53.29793415
53.31774878
52.90188344
52.75006979
52.49008834
52.59032044
51.71085801
51.44952732
52.00325215
54.16683919
57.58077426
63.2796376
70.80040763
74.85392052
74.85392052
74.85392052
74.85392052
74.85392052
74.85392052
74.85392052
74.85392052
74.85392052
74.85392052
74.85392052
74.85392052
74.85392052
74.85392052
74.85392052
74.85392052
74.85392052
74.85392052
74.85392052
74.85392052
74.85392052
74.85392052
74.85392052
74.85392052
74.85392052
74.85392052
74.85392052
74.85392052
74.85392052
74.85392052
74.85392052
74.85392052
74.85392052
74.85392052
74.85392052
74.85392052
74.85392052
74.85392052
74.85392052
74.85392052
74.85392052
74.85392052
74.85392052
74.85392052
74.85392052
50.28069827
45.30149089
39.02667888
0
0
0
0
0
0
0
0
0
0
0
0
0
0
0
0
0
0
0
0
0
0
0
0
0
0
0
0
0
0
0
0
0
0
0
0
0
0
0
0
0
0
0
0
0
0
0
0
0
0
0
0
74.85392052
74.85392052
74.85392052
74.85392052
74.85392052
74.85392052
74.85392052
74.85392052
74.85392052
74.85392052
74.85392052
74.85392052
74.85392052
74.85392052
74.85392052
74.85392052
74.85392052
74.85392052
74.85392052
74.85392052
74.85392052
74.85392052
74.85392052
74.85392052
74.85392052
74.85392052
74.85392052
74.85392052
74.85392052
74.85392052
74.85392052
74.85392052
74.85392052
74.85392052
74.85392052
74.85392052
74.85392052
74.85392052
74.85392052
74.85392052
74.85392052
48.19779213
39.95076664
0
0
0
0
0
0
0
0
0
0
0
0
0
0
0
0
0
0
0
0
0
0
0
0
0
0
0
0
0
0
0
0
0
0
0
0
0
0
0
0
0
0
0
0
0
0
0
0
0
0
0
0
74.85392052
74.85392052
74.85392052
74.85392052
74.85392052
74.85392052
74.85392052
74.85392052
74.85392052
74.85392052
74.85392052
74.85392052
74.85392052
74.85392052
74.85392052
74.85392052
74.85392052
51.8891851
49.77416824
48.40273307
48.14560441
48.13043591
48.64482328
47.61342392
47.25363974
46.41802435
45.30194669
45.69279428
46.41170715
47.34137933
46.85710336
46.57352814
45.09874963
45.53410066
45.33792759
45.70772663
44.77754028
43.4030575
0
0
0
0
0
0
0
0
0
0
0
0
0
0
0
0
0
0
0
0
0
0
0
0
0
0
0
0
0
0
0
0
0
0
0
0
0
0
0
0
0
0
0
0
0
0
0
0
0
0
0
0
0
0
0
0
0
0
0
0
0
0
0
0
0
0
0
0
0
0
0
0
0
0
0
0
0
0
0
0
0
0
0
0
0
0
0
0
0
0
0
0
0
0
0
0
0
0
0
0
0
0
0
0
0
0
0
0
0
0
0
0
0
0
0
0
0
0
0
0
0
0
0
0
0
0
0
0
0
0
0
0
0
0
0
0
0
0
0
0
0
0
0
0
0
0
0
0
0
0
0
0
0
0
0
0
0
0
0
0
0
0
0
0
0
0
0
0
0
0
0
0
0
0
0
0
0
0
0
0
0
0
0
0
0
0
0
0
0
0
0
0
0
0
0
0
0
0
0
0
0
0
0
0
0
0
0
0
0
0
0
0
0
0
0
0
0
0
0
0
0
0
0
0
0
0
0
0
0
0
0
0
0
0
0
0
0
0
0
0
0
0
0
0
0
0
0
0
0
0
74.85392052
74.85392052
74.85392052
74.85392052
74.85392052
74.85392052
74.85392052
74.85392052
74.85392052
74.85392052
74.85392052
74.85392052
74.85392052
74.85392052
74.85392052
74.85392052
74.85392052
74.85392052
74.85392052
74.85392052
74.85392052
74.85392052
74.85392052
74.85392052
74.85392052
74.85392052
74.85392052
74.85392052
74.85392052
74.85392052
74.85392052
74.85392052
74.85392052
74.85392052
74.85392052
74.85392052
74.85392052
74.85392052
74.85392052
74.85392052
74.85392052
74.85392052
49.73145215
44.75236486
40.35275396
0
0
0
0
0
0
0
0
0
0
0
0
0
0
0
0
0
0
0
0
0
0
0
0
0
0
0
0
0
0
0
0
0
0
0
0
0
0
0
0
0
0
0
0
0
0
0
0
0
0
0
0
74.85392052
74.85392052
74.85392052
74.85392052
74.85392052
74.85392052
74.85392052
74.85392052
74.85392052
74.85392052
74.85392052
74.85392052
74.85392052
74.85392052
74.85392052
74.85392052
74.85392052
74.85392052
74.85392052
74.85392052
74.85392052
74.85392052
74.85392052
74.85392052
74.85392052
74.85392052
74.85392052
74.85392052
74.85392052
74.85392052
74.85392052
74.85392052
74.85392052
74.85392052
74.85392052
74.85392052
74.85392052
74.85392052
74.85392052
48.74460678
43.16795673
36.71877497
0
0
0
0
0
0
0
0
0
0
0
0
0
0
0
0
0
0
0
0
0
0
0
0
0
0
0
0
0
0
0
0
0
0
0
0
0
0
0
0
0
0
0
0
0
0
0
0
0
0
0
0
0
0
0
0
0
0
0
0
0
0
0
0
0
0
0
0
0
0
0
0
0
0
0
0
0
0
0
0
0
0
0
0
0
0
0
0
0
0
0
0
0
0
0
0
0
0
0
0
0
0
0
0
0
0
0
0
0
0
0
0
0
0
0
0
0
0
0
0
0
0
0
0
0
0
0
0
0
0
0
0
0
0
0
0
0
0
0
0
0
0
0
0
0
0
0
0
0
0
0
0
0
0
0
0
0
0
0
0
0
0
0
0
0
0
0
0
0
0
0
0
0
0
0
0
0
0
0
0
0
0
0
0
0
0
0
0
0
0
0
0
0
0
0
0
0
0
0
0
0
0
0
0
0
0
0
0
0
0
0
0
0
0
0
0
0
0
0
0
0
0
0
0
0
0
0
0
0
0
0
0
0
0
0
0
0
0
0
0
0
0
0
0
0
0
0
0
0
0
0
0
0
0
0
0
0
0
0
0
0
0
0
0
0
0
0
0
0
0
0
0
0
0
0
0
0
0
0
0
0
0
0
0
0
0
0
0
0
0
0
0
0
0
0
0
0
0
0
0
0
0
0
0
0
0
0
0
0
0
0
0
0
0
0
0
0
0
0
0
0
0
0
0
0
0
0
0
0
0
0
0
0
0
0
0
0
0
0
0
0
0
0
0
0
0
0
0
0
0
0
0
0
0
0
0
0
0
0
0
0
0
0
0
0
0
0
0
0
0
0
0
0
0
0
0
0
0
0
0
0
0
0
0
0
0
0
0
0
0
0
0
0
0
0
0
0
0
0
0
0
0
0
0
0
0
0
0
0
0
0
0
0
0
0
0
0
0
0
0
0
0
0
0
0
0
0
0
0
0
0
0
0
0
0
0
0
0
0
0
0
0
0
0
0
0
0
0
0
0
0
0
0
0
0
0
0
0
0
0
0
0
0
0
0
0
0
0
0
0
0
0
0
0
0
0
0
0
0
0
0
0
0
0
0
0
0
0
0
0
0
0
0
0
0
0
0
0
0
0
0
0
0
0
0
0
0
0
0
0
0
0
0
0
0
0
0
0
0
0
0
0
0
0
0
0
0
0
0
0
0
0
0
0
0
0
0
0
0
0
0
0
74.85392052
74.85392052
74.85392052
74.85392052
74.85392052
74.85392052
74.85392052
74.85392052
74.85392052
74.85392052
74.85392052
74.85392052
74.85392052
74.85392052
51.97399517
49.99121215
48.980345
47.87131765
48.30617207
47.78288066
48.80412248
48.88774399
48.01167443
47.09316757
46.62640965
45.90726739
43.33992522
40.68652313
37.59917896
0
0
0
0
0
0
0
0
0
0
0
0
0
0
0
0
0
0
0
0
0
0
0
0
0
0
0
0
0
0
0
0
0
0
0
0
0
0
0
0
0
0
0
0
0
0
0
0
0
0
0
0
0
0
0
0
0
0
0
0
0
0
0
0
0
0
0
0
0
0
0
0
0
0
0
0
0
0
0
0
0
0
0
0
0
0
0
0
0
0
0
0
0
0
0
0
0
0
0
0
0
0
0
0
0
0
0
0
0
0
0
0
0
0
0
0
0
0
0
0
0
0
0
0
0
0
0
0
0
0
0
0
0
0
0
0
0
0
0
0
0
0
0
0
0
0
0
0
0
0
0
0
0
0
0
0
0
0
0
0
74.85392052
74.85392052
74.85392052
74.85392052
74.85392052
74.85392052
74.85392052
74.85392052
74.85392052
74.85392052
74.85392052
74.85392052
74.85392052
74.85392052
74.85392052
74.85392052
74.85392052
74.85392052
55.55492863
56.02046387
56.08779931
57.05371927
57.54086189
57.31048954
58.58274913
58.02017993
58.31672583
58.85734938
59.02675832
58.83486582
59.10834536
58.02901748
55.41999443
51.77717202
46.76396878
40.83536847
0
0
0
0
0
0
0
0
0
0
0
0
0
0
0
0
0
0
0
0
0
0
0
0
0
0
0
0
0
0
0
0
0
0
0
0
0
0
0
0
0
0
0
0
0
0
0
0
0
0
0
0
0
0
0
74.85392052
74.85392052
74.85392052
74.85392052
74.85392052
74.85392052
74.85392052
74.85392052
74.85392052
74.85392052
74.85392052
74.85392052
74.85392052
74.85392052
74.85392052
74.85392052
74.85392052
74.85392052
74.85392052
74.85392052
74.85392052
74.85392052
74.85392052
74.85392052
74.85392052
74.85392052
74.85392052
74.85392052
74.85392052
74.85392052
74.85392052
74.85392052
74.85392052
74.85392052
74.85392052
74.85392052
74.85392052
74.85392052
74.85392052
74.85392052
45.41977231
39.72954338
0
0
0
0
0
0
0
0
0
0
0
0
0
0
0
0
0
0
0
0
0
0
0
0
0
0
0
0
0
0
0
0
0
0
0
0
0
0
0
0
0
0
0
0
0
0
0
0
0
0
0
0
0
0
0
0
0
0
0
0
0
0
0
0
0
0
0
0
0
0
0
0
0
0
0
0
0
0
0
0
0
0
0
0
0
0
0
0
0
0
0
0
0
0
0
0
0
0
0
0
0
0
0
0
0
0
0
0
0
0
0
0
0
0
0
0
0
0
0
0
0
0
0
0
0
0
0
0
0
0
0
0
0
0
0
0
0
0
0
0
0
0
0
0
0
0
0
0
0
74.85392052
74.85392052
74.85392052
74.85392052
74.85392052
74.85392052
74.85392052
74.85392052
74.85392052
74.85392052
74.85392052
74.85392052
74.85392052
74.85392052
74.85392052
74.85392052
74.85392052
74.85392052
74.85392052
74.85392052
74.85392052
74.85392052
74.85392052
74.85392052
74.85392052
74.85392052
74.85392052
74.85392052
74.85392052
74.85392052
74.85392052
74.85392052
74.85392052
74.85392052
74.85392052
74.85392052
74.85392052
74.85392052
74.85392052
74.85392052
48.33464137
43.24321183
37.60351872
0
0
0
0
0
0
0
0
0
0
0
0
0
0
0
0
0
0
0
0
0
0
0
0
0
0
0
0
0
0
0
0
0
0
0
0
0
0
0
0
0
0
0
0
0
0
0
0
0
0
0
0
74.85392052
74.85392052
74.85392052
74.85392052
74.85392052
74.85392052
74.85392052
74.85392052
74.85392052
74.85392052
74.85392052
74.85392052
74.85392052
74.85392052
74.85392052
74.85392052
74.85392052
74.85392052
74.85392052
74.85392052
74.85392052
74.85392052
74.85392052
74.85392052
74.85392052
74.85392052
74.85392052
74.85392052
74.85392052
74.85392052
74.85392052
74.85392052
74.85392052
74.85392052
74.85392052
74.85392052
74.85392052
74.85392052
74.85392052
74.85392052
74.85392052
46.93579446
40.69591289
0
0
0
0
0
0
0
0
0
0
0
0
0
0
0
0
0
0
0
0
0
0
0
0
0
0
0
0
0
0
0
0
0
0
0
0
0
0
0
0
0
0
0
0
0
0
0
0
0
0
0
0
0
0
74.85392052
74.85392052
74.85392052
74.85392052
74.85392052
74.85392052
74.85392052
74.85392052
74.85392052
74.85392052
74.85392052
74.85392052
74.85392052
74.85392052
53.59537928
51.8996676
50.78207052
51.16011444
51.1832053
50.37341746
49.63013307
48.52071667
47.09564387
46.07573353
45.60878302
45.47589209
45.1423074
0
0
0
0
0
0
0
0
0
0
0
0
0
0
0
0
0
0
0
0
0
0
0
0
0
0
0
0
0
0
0
0
0
0
0
0
0
0
0
0
0
0
0
0
0
0
0
0
0
0
0
0
0
0
0
0
0
0
0
0
0
0
0
0
0
0
0
0
0
0
0
0
0
0
0
0
0
0
0
0
0
0
0
0
0
0
0
0
0
0
0
0
0
0
0
0
0
0
0
0
0
0
0
0
0
0
0
0
0
0
0
0
0
0
0
0
0
0
0
0
0
0
0
0
0
0
0
0
0
0
0
0
0
0
0
0
0
0
0
0
0
0
0
0
0
0
0
0
0
0
0
0
0
0
0
0
0
0
0
0
0
0
0
0
0
0
0
0
0
0
0
0
0
0
0
0
0
0
0
0
0
0
0
0
0
0
0
0
0
0
0
0
0
0
0
0
0
0
0
0
0
0
0
0
0
0
0
0
0
0
0
0
0
0
0
0
0
0
0
0
0
0
0
0
0
0
0
0
0
0
0
0
0
0
0
0
0
0
0
0
0
0
0
0
0
0
0
0
0
0
0
0
0
0
0
0
0
0
0
0
0
0
0
0
0
0
0
0
0
0
0
0
0
0
0
0
0
0
0
0
0
0
0
0
0
0
0
0
0
0
0
0
0
0
0
0
0
0
0
0
0
0
0
0
0
0
0
0
0
0
0
0
0
0
0
0
0
0
0
0
0
0
0
0
0
0
0
0
0
0
0
0
0
0
0
0
0
0
0
0
0
0
0
0
0
0
0
0
0
0
0
0
0
0
0
0
0
0
0
0
0
0
0
0
0
0
0
0
0
0
0
0
0
0
0
0
0
0
0
0
0
0
0
0
0
0
0
0
0
0
0
0
0
0
0
0
0
0
0
0
0
0
0
0
0
0
0
0
0
0
0
0
0
0
0
0
0
0
0
0
0
0
0
0
0
0
0
0
0
0
0
0
0
0
0
0
0
0
0
0
0
0
0
0
0
0
0
0
0
0
0
0
0
0
0
0
0
0
0
0
0
0
0
0
0
0
0
0
0
0
0
0
0
0
0
0
0
0
0
0
0
0
0
0
0
0
0
0
0
0
0
0
0
0
0
0
0
0
0
0
0
0
0
0
0
0
0
0
0
0
0
0
0
0
0
0
0
0
0
0
0
0
0
0
0
0
0
0
0
0
0
0
0
0
0
0
0
0
0
0
0
0
0
0
0
0
0
0
0
0
0
0
0
0
0
0
0
0
0
0
0
0
0
0
0
0
0
0
0
0
0
0
0
0
0
0
0
0
0
0
0
0
0
0
0
0
0
0
0
0
0
0
0
0
0
0
0
0
0
0
0
0
0
0
0
0
0
0
0
0
0
0
0
0
0
0
0
0
0
0
0
0
0
0
0
0
0
0
0
0
0
0
0
0
0
0
0
0
0
0
0
0
0
0
0
0
74.85392052
74.85392052
74.85392052
74.85392052
74.85392052
74.85392052
74.85392052
74.85392052
74.85392052
74.85392052
74.85392052
74.85392052
74.85392052
74.85392052
74.85392052
74.85392052
74.85392052
74.85392052
74.85392052
74.85392052
53.81746635
52.64309589
52.69309257
52.40954754
52.77220462
52.37648829
50.625908
50.0375671
50.34840451
49.37721995
46.80308836
45.31221861
44.57906092
44.03964304
43.89762542
42.18615181
39.48181362
0
0
0
0
0
0
0
0
0
0
0
0
0
0
0
0
0
0
0
0
0
0
0
0
0
0
0
0
0
0
0
0
0
0
0
0
0
0
0
0
0
0
0
0
0
0
0
0
0
0
0
0
0
0
0
0
0
0
0
0
0
0
0
0
0
0
0
0
0
0
0
0
0
0
0
0
0
0
0
0
0
0
0
0
0
0
0
0
0
0
0
0
0
0
0
0
0
0
0
0
0
0
0
0
0
0
0
0
0
0
0
0
0
0
0
0
0
0
0
0
0
0
0
0
0
0
0
0
0
0
0
0
0
0
0
0
0
0
0
0
0
0
0
0
0
0
0
0
0
0
0
0
0
0
0
0
0
0
0
0
0
0
0
0
0
0
0
0
0
0
0
0
0
0
0
0
0
0
0
0
0
0
0
0
0
0
0
0
0
0
0
0
0
0
0
0
0
0
0
0
0
0
0
0
0
0
0
0
0
0
0
0
0
0
0
0
0
0
0
0
0
0
0
0
0
0
0
0
0
0
0
0
0
0
0
0
0
0
0
0
0
0
0
0
0
0
0
0
0
0
0
0
0
0
0
0
0
0
0
0
0
0
0
0
0
0
0
0
0
0
0
0
0
0
0
0
0
0
0
0
0
0
0
0
0
0
0
0
0
0
0
0
0
0
0
0
0
0
0
0
0
0
0
0
0
0
0
0
0
0
0
0
0
0
0
0
0
0
0
0
0
0
0
0
0
0
0
0
0
0
0
0
0
0
0
0
0
0
0
0
0
0
0
0
0
0
0
0
0
0
0
0
0
0
0
0
0
0
0
0
0
0
0
0
0
0
0
0
0
0
0
0
0
0
0
0
0
0
0
0
0
0
0
0
0
0
0
0
0
0
0
0
0
0
0
0
0
0
0
0
0
0
0
0
0
0
0
0
0
0
0
0
0
0
0
0
0
0
0
0
0
0
0
0
0
0
0
0
0
0
0
0
0
0
0
0
0
0
0
0
0
0
0
0
0
0
0
0
0
0
0
0
0
0
0
0
0
0
0
0
0
0
0
0
0
0
0
0
0
0
0
0
0
0
0
0
0
0
0
0
0
0
0
0
0
0
0
0
0
0
0
0
0
0
0
0
0
0
0
0
0
0
0
0
0
0
0
0
0
0
0
0
0
0
0
0
0
0
0
0
0
0
0
0
0
0
0
0
0
0
0
0
0
0
0
0
0
0
0
0
0
0
0
0
0
0
0
0
0
0
0
0
0
0
0
0
0
0
0
0
0
0
0
0
0
0
0
0
0
0
0
0
0
0
0
0
0
0
0
0
0
0
0
0
0
0
0
0
0
0
0
0
0
0
0
0
0
0
0
0
0
0
0
0
0
0
0
0
0
0
0
0
0
0
0
0
0
0
0
0
0
0
0
0
0
0
0
0
0
0
0
0
0
0
0
0
0
0
0
0
0
0
0
0
0
0
0
0
0
0
0
0
0
0
0
0
0
0
0
0
0
0
0
0
0
0
0
0
0
0
0
0
0
0
0
0
0
0
0
0
0
0
0
0
0
0
0
0
0
0
0
0
0
0
0
0
0
0
0
0
0
0
0
0
0
0
0
0
0
0
0
0
0
0
0
0
0
0
0
0
0
0
0
0
0
0
0
0
0
0
0
0
0
0
0
0
0
0
0
0
0
0
0
0
0
0
0
0
0
0
0
0
0
0
0
0
0
0
0
0
0
0
0
0
0
0
0
0
0
0
0
0
0
0
0
0
0
0
0
0
0
0
0
0
0
0
0
0
0
0
0
0
0
0
0
0
0
0
0
0
0
0
0
0
0
0
0
0
0
0
0
0
0
0
0
0
0
0
0
0
0
0
0
0
0
0
0
0
0
0
0
0
0
0
0
0
0
0
0
0
0
0
0
0
0
0
0
0
0
0
0
0
0
0
0
0
0
0
0
0
0
0
0
0
0
0
0
0
0
0
0
0
0
0
0
0
0
0
0
0
0
0
0
0
0
0
0
0
0
0
0
0
0
0
0
0
0
0
0
0
0
0
0
0
0
0
0
0
0
0
0
0
0
0
0
0
0
0
0
0
0
0
0
0
0
0
0
0
0
0
0
0
0
0
0
0
0
0
0
0
0
0
0
0
0
0
0
0
0
0
0
0
0
0
0
0
0
0
0
0
0
0
0
0
0
0
0
0
0
0
0
0
0
0
0
0
0
0
0
0
0
0
0
0
0
0
0
0
0
0
0
0
0
0
0
0
0
0
0
0
0
0
0
0
0
0
0
0
0
0
0
0
0
0
0
0
0
0
74.85392052
74.85392052
74.85392052
74.85392052
74.85392052
74.85392052
74.85392052
74.85392052
74.85392052
74.85392052
74.85392052
74.85392052
74.85392052
74.85392052
74.85392052
74.85392052
74.85392052
74.85392052
74.85392052
74.85392052
50.57714412
47.8293008
44.80122304
0
0
0
0
0
0
0
0
0
0
0
0
0
0
0
0
0
0
0
0
0
0
0
0
0
0
0
0
0
0
0
0
0
0
0
0
0
0
0
0
0
0
0
0
0
0
0
0
0
0
0
0
0
0
0
0
0
0
0
0
0
0
0
0
0
0
0
0
0
0
0
0
0
0
0
0
0
0
0
0
0
0
0
0
0
0
0
0
0
0
0
0
0
0
0
0
0
0
0
0
0
0
0
0
0
0
0
0
0
0
0
0
0
0
0
0
0
0
0
0
0
0
0
0
0
0
0
0
0
0
0
0
0
0
0
0
0
0
0
0
0
0
0
0
0
0
0
0
0
0
0
0
0
0
0
0
0
0
0
0
0
0
0
0
0
0
0
0
0
0
0
0
0
0
0
0
0
0
0
0
0
0
0
0
0
0
0
0
0
0
0
0
0
0
0
0
0
0
0
0
0
0
0
0
0
0
0
0
0
0
0
0
0
0
0
0
0
0
0
0
0
0
0
0
0
0
0
0
0
0
0
0
0
0
0
0
0
0
0
0
0
0
0
0
0
0
0
0
0
0
0
0
0
0
0
0
0
0
0
0
0
0
0
0
0
0
0
0
0
0
0
0
0
0
0
0
0
0
0
0
0
0
0
0
0
0
0
0
0
0
0
0
0
0
0
0
0
0
0
0
0
0
0
0
0
0
0
0
0
0
0
0
0
0
0
0
0
0
0
0
0
0
0
0
0
0
0
0
0
0
0
0
0
0
0
0
0
0
0
0
0
0
0
0
0
0
0
0
0
0
0
0
0
0
0
0
0
0
0
0
0
0
0
0
0
0
0
0
0
0
0
0
0
0
0
0
0
0
0
0
0
0
0
0
0
0
0
0
0
0
0
0
0
0
0
0
0
0
0
0
0
0
0
0
0
0
0
0
0
0
0
0
0
0
0
0
0
0
0
0
0
0
0
0
0
0
0
0
0
0
0
0
0
0
0
0
0
0
0
0
0
0
0
0
0
0
0
0
0
0
0
0
0
0
0
0
0
0
0
0
0
0
0
0
0
0
0
0
0
0
0
0
0
0
0
0
0
0
0
0
0
0
0
0
0
0
0
0
0
0
0
0
0
0
0
0
0
0
0
0
0
0
0
0
0
0
0
0
0
0
0
0
0
0
0
0
0
0
0
0
0
0
0
0
0
0
0
0
0
0
0
0
0
0
0
0
0
0
0
0
0
0
0
0
0
0
0
0
0
0
0
0
0
0
0
0
0
0
0
0
0
0
0
0
0
0
0
0
0
0
0
0
0
0
0
0
0
0
0
0
0
0
0
0
0
0
0
0
0
0
0
0
0
0
0
0
0
0
0
0
0
0
0
0
0
0
0
0
0
0
0
0
0
0
0
0
0
0
0
0
0
0
0
0
0
0
0
0
0
0
0
0
0
0
0
0
0
0
0
0
0
0
0
0
0
0
0
0
0
0
0
0
0
0
0
0
0
0
0
0
0
0
0
0
0
0
0
0
0
0
0
0
0
0
0
0
0
0
0
0
0
0
0
0
0
0
0
0
0
0
0
0
0
0
0
0
0
0
0
0
0
0
0
0
0
0
0
0
0
0
0
0
0
0
0
0
0
0
0
0
0
0
0
0
0
0
0
0
0
0
0
0
0
0
0
0
0
0
0
0
0
0
0
0
0
0
0
0
0
0
0
0
0
0
0
0
0
0
0
0
0
0
0
0
0
0
0
0
0
0
0
0
0
0
0
0
0
0
0
0
0
0
0
0
0
0
0
0
0
0
0
0
0
0
0
0
0
0
0
0
0
0
0
0
0
0
0
0
0
0
0
0
0
0
0
0
0
0
0
0
0
0
0
0
0
0
0
0
0
0
0
0
0
0
0
0
0
0
0
0
0
0
0
0
0
0
0
0
0
0
0
0
0
0
0
0
0
0
0
0
0
0
0
0
0
0
0
0
0
0
0
0
0
0
0
0
0
0
0
0
0
0
0
0
0
0
0
0
0
0
0
0
0
0
0
0
0
0
0
0
0
0
0
0
0
0
0
0
0
0
0
0
0
0
0
0
0
0
0
0
0
0
0
0
0
0
0
0
0
0
0
0
0
0
0
0
0
0
0
0
0
0
0
0
0
0
0
0
0
0
0
0
0
0
0
0
0
0
0
0
0
0
0
0
0
0
0
0
0
0
0
0
0
0
0
0
0
0
0
0
0
0
0
0
0
0
0
0
0
0
0
0
0
0
0
0
0
0
0
0
0
0
0
0
0
0
0
0
0
0
0
0
0
0
0
0
0
0
0
0
0
0
0
0
0
0
0
0
0
0
0
0
0
0
0
0
0
74.85392052
74.85392052
74.85392052
74.85392052
74.85392052
74.85392052
74.85392052
74.85392052
74.85392052
74.85392052
74.85392052
74.85392052
74.85392052
74.85392052
74.85392052
74.85392052
74.85392052
74.85392052
74.85392052
74.85392052
74.85392052
74.85392052
74.85392052
74.85392052
74.85392052
74.85392052
74.85392052
74.85392052
74.85392052
74.85392052
74.85392052
74.85392052
74.85392052
74.85392052
44.99653114
36.97173096
0
0
0
0
0
0
0
0
0
0
0
0
0
0
0
0
0
0
0
0
0
0
0
0
0
0
0
0
0
0
0
0
0
0
0
0
0
0
0
0
0
0
0
0
0
0
0
0
0
0
0
0
0
0
0
0
74.85392052
74.85392052
74.85392052
74.85392052
74.85392052
74.85392052
74.85392052
74.85392052
74.85392052
74.85392052
74.85392052
74.85392052
74.85392052
74.85392052
74.85392052
74.85392052
74.85392052
74.85392052
74.85392052
74.85392052
74.85392052
74.85392052
74.85392052
74.85392052
74.85392052
74.85392052
74.85392052
74.85392052
74.85392052
74.85392052
74.85392052
74.85392052
74.85392052
74.85392052
74.85392052
74.85392052
74.85392052
74.85392052
74.85392052
74.85392052
44.3158795
38.07337488
0
0
0
0
0
0
0
0
0
0
0
0
0
0
0
0
0
0
0
0
0
0
0
0
0
0
0
0
0
0
0
0
0
0
0
0
0
0
0
0
0
0
0
0
0
0
0
0
0
0
0
0
0
0
0
74.85392052
74.85392052
74.85392052
74.85392052
74.85392052
74.85392052
74.85392052
74.85392052
74.85392052
74.85392052
74.85392052
74.85392052
74.85392052
74.85392052
74.85392052
74.85392052
74.85392052
74.85392052
74.85392052
74.85392052
74.85392052
74.85392052
74.85392052
74.85392052
74.85392052
74.85392052
74.85392052
74.85392052
74.85392052
74.85392052
74.85392052
74.85392052
74.85392052
74.85392052
74.85392052
74.85392052
74.85392052
74.85392052
47.04296636
0
0
0
0
0
0
0
0
0
0
0
0
0
0
0
0
0
0
0
0
0
0
0
0
0
0
0
0
0
0
0
0
0
0
0
0
0
0
0
0
0
0
0
0
0
0
0
0
0
0
0
0
0
0
0
0
0
0
0
74.85392052
74.85392052
74.85392052
74.85392052
74.85392052
74.85392052
74.85392052
74.85392052
74.85392052
74.85392052
74.85392052
74.85392052
74.85392052
74.85392052
74.85392052
74.85392052
74.85392052
74.85392052
74.85392052
74.85392052
74.85392052
74.85392052
74.85392052
74.85392052
74.85392052
74.85392052
74.85392052
74.85392052
74.85392052
74.85392052
74.85392052
74.85392052
74.85392052
74.85392052
74.85392052
74.85392052
40.88583307
0
0
0
0
0
0
0
0
0
0
0
0
0
0
0
0
0
0
0
0
0
0
0
0
0
0
0
0
0
0
0
0
0
0
0
0
0
0
0
0
0
0
0
0
0
0
0
0
0
0
0
0
0
0
0
0
0
74.85392052
74.85392052
74.85392052
74.85392052
74.85392052
74.85392052
74.85392052
74.85392052
74.85392052
74.85392052
74.85392052
74.85392052
74.85392052
74.85392052
74.85392052
74.85392052
74.85392052
74.85392052
74.85392052
74.85392052
74.85392052
74.85392052
74.85392052
74.85392052
74.85392052
74.85392052
74.85392052
74.85392052
74.85392052
74.85392052
74.85392052
74.85392052
74.85392052
74.85392052
74.85392052
74.85392052
74.85392052
74.85392052
47.2788227
0
0
0
0
0
0
0
0
0
0
0
0
0
0
0
0
0
0
0
0
0
0
0
0
0
0
0
0
0
0
0
0
0
0
0
0
0
0
0
0
0
0
0
0
0
0
0
0
0
0
0
0
0
0
0
0
0
74.85392052
74.85392052
74.85392052
74.85392052
74.85392052
74.85392052
74.85392052
74.85392052
74.85392052
74.85392052
74.85392052
74.85392052
74.85392052
74.85392052
74.85392052
74.85392052
74.85392052
74.85392052
74.85392052
74.85392052
74.85392052
74.85392052
74.85392052
74.85392052
74.85392052
74.85392052
74.85392052
74.85392052
74.85392052
74.85392052
74.85392052
74.85392052
74.85392052
74.85392052
74.85392052
51.10041641
46.61477956
40.62585363
0
0
0
0
0
0
0
0
0
0
0
0
0
0
0
0
0
0
0
0
0
0
0
0
0
0
0
0
0
0
0
0
0
0
0
0
0
0
0
0
0
0
0
0
0
0
0
0
0
0
0
0
0
0
0
0
0
0
0
0
0
0
74.85392052
74.85392052
74.85392052
74.85392052
74.85392052
74.85392052
74.85392052
74.85392052
74.85392052
74.85392052
74.85392052
74.85392052
74.85392052
74.85392052
74.85392052
74.85392052
74.85392052
74.85392052
74.85392052
74.85392052
74.85392052
74.85392052
74.85392052
74.85392052
74.85392052
74.85392052
51.77925195
49.06730346
46.09171205
45.29777414
42.42157565
38.58801192
0
0
0
0
0
0
0
0
0
0
0
0
0
0
0
0
0
0
0
0
0
0
0
0
0
0
0
0
0
0
0
0
0
0
0
0
0
0
0
0
0
0
0
0
0
0
0
0
0
0
0
0
0
0
0
0
0
0
0
0
0
0
0
0
0
0
0
0
0
0
0
0
0
0
0
0
0
0
0
0
0
0
0
0
0
0
0
0
0
0
0
0
0
0
0
0
0
0
0
0
0
0
0
0
0
0
0
0
0
0
0
0
0
0
0
0
0
0
0
0
0
0
0
0
0
0
0
0
0
0
0
0
0
0
0
0
0
0
0
0
0
0
0
0
0
0
0
0
0
0
0
0
0
0
0
0
0
0
0
0
0
0
0
0
0
0
0
0
0
0
0
0
0
0
0
0
0
0
0
0
0
0
0
0
0
0
0
0
0
0
0
0
0
0
0
0
0
0
0
0
0
0
0
0
0
0
0
0
0
0
0
0
0
0
0
0
0
0
0
0
0
0
0
0
0
0
0
0
0
0
0
0
0
0
0
0
0
0
0
0
0
0
0
0
0
0
0
0
0
0
0
0
0
0
0
0
0
0
0
0
0
0
0
0
0
0
0
0
0
0
0
0
0
0
0
0
0
0
0
0
0
0
0
0
0
0
0
0
0
0
0
0
0
0
0
0
0
0
0
0
0
0
0
0
0
0
0
0
0
0
0
0
0
0
0
0
0
0
0
0
0
0
0
0
0
0
0
0
0
0
0
0
0
0
0
0
0
0
0
0
0
0
0
0
0
0
0
0
0
0
0
0
0
0
0
0
0
0
0
0
0
0
0
0
0
0
0
0
0
0
0
0
0
0
0
0
0
0
0
0
0
0
0
0
0
0
0
0
0
0
0
0
0
0
0
0
0
0
0
0
0
0
0
0
0
0
0
0
0
0
0
0
0
0
0
0
0
0
0
0
0
0
0
0
0
0
0
0
0
0
0
0
0
0
0
0
0
0
0
0
0
0
0
0
0
0
0
0
0
0
0
0
0
0
0
0
0
0
0
0
0
0
0
0
0
0
0
0
0
0
0
0
0
0
0
0
0
0
0
0
0
0
0
0
0
0
0
0
0
0
0
0
0
0
0
0
0
0
0
0
0
0
0
0
0
0
0
0
0
0
0
0
0
0
0
0
0
0
0
0
0
0
0
0
0
0
0
0
0
0
0
0
0
0
0
0
0
0
0
0
0
0
0
0
0
0
0
0
0
0
0
0
0
0
0
0
0
0
0
0
0
0
0
0
0
0
0
0
0
0
0
0
0
0
0
0
0
0
0
0
0
0
0
0
0
0
0
0
0
0
0
0
0
0
0
0
0
0
0
0
0
0
0
0
0
0
0
0
0
0
0
0
0
0
0
0
0
0
0
0
0
0
0
0
0
0
0
0
0
0
0
0
0
0
0
0
74.85392052
74.85392052
74.85392052
74.85392052
74.85392052
74.85392052
74.85392052
74.85392052
74.85392052
74.85392052
74.85392052
74.85392052
74.85392052
74.85392052
74.85392052
74.85392052
74.85392052
74.85392052
74.85392052
74.85392052
52.80614129
50.80946248
49.48674381
46.82885704
47.34176911
46.25551959
43.97887855
44.86352868
45.06598093
46.80418196
47.62769618
47.95567898
47.64235463
46.17652941
45.17110935
42.29189057
37.39199995
0
0
0
0
0
0
0
0
0
0
0
0
0
0
0
0
0
0
0
0
0
0
0
0
0
0
0
0
0
0
0
0
0
0
0
0
0
0
0
0
0
0
0
0
0
0
0
0
0
0
0
0
0
0
0
0
0
0
0
0
0
0
0
0
0
0
0
0
0
0
0
0
0
0
0
0
0
0
0
0
0
0
0
0
0
0
0
0
0
0
0
0
0
0
0
0
0
0
0
0
0
0
0
0
0
0
0
0
0
0
0
0
0
0
0
0
0
0
0
0
0
0
0
0
0
0
0
0
0
0
0
0
0
0
0
0
0
0
0
0
0
0
0
0
0
0
0
0
0
0
0
0
0
0
0
0
0
0
0
0
0
0
74.85392052
74.85392052
74.85392052
74.85392052
74.85392052
74.85392052
74.85392052
74.85392052
74.85392052
74.85392052
74.85392052
74.85392052
74.85392052
74.85392052
54.96757763
52.90722326
52.54677319
53.04478473
52.72254898
50.74965832
0
0
0
0
0
0
0
0
0
0
0
0
0
0
0
0
0
0
0
0
0
0
0
0
0
0
0
0
0
0
0
0
0
0
0
0
0
0
0
0
0
0
0
0
0
0
0
0
0
0
0
0
0
0
0
0
0
0
0
0
0
0
0
0
0
0
0
0
0
0
0
0
0
0
0
0
0
0
0
0
0
0
0
0
0
0
0
0
0
0
0
0
0
0
0
0
0
0
0
0
0
0
0
0
0
0
0
0
0
0
0
0
0
0
0
0
0
0
0
0
0
0
0
0
0
0
0
0
0
0
0
0
0
0
0
0
0
0
0
0
0
0
0
0
0
0
0
0
0
0
0
0
0
0
0
0
0
0
0
0
0
0
0
0
0
0
0
0
0
0
0
0
0
0
0
0
0
0
0
0
0
0
0
0
0
0
0
0
0
0
0
0
0
0
0
0
0
0
0
0
0
0
0
0
0
0
0
0
0
0
0
0
0
0
0
0
0
0
0
0
0
0
0
0
0
0
0
0
0
0
0
0
0
0
0
0
0
0
0
0
0
0
0
0
0
0
0
0
0
0
0
0
0
0
0
0
0
0
0
0
0
0
0
0
0
0
0
0
0
0
0
0
0
0
0
0
0
0
0
0
0
0
0
0
0
0
0
0
0
0
0
0
0
0
0
0
0
0
0
0
0
0
0
0
0
0
0
0
0
0
0
0
0
0
0
0
0
0
0
0
0
0
0
0
0
0
0
0
0
0
0
0
0
0
0
0
0
0
0
0
0
0
0
0
0
0
0
0
0
0
0
0
0
0
0
0
0
0
0
0
0
74.85392052
74.85392052
74.85392052
74.85392052
74.85392052
74.85392052
74.85392052
74.85392052
74.85392052
74.85392052
74.85392052
74.85392052
74.85392052
74.85392052
74.85392052
74.85392052
74.85392052
74.85392052
53.02563166
51.63714335
52.62633195
50.97504547
49.90993547
48.88759281
47.09628064
47.26547437
47.22865331
46.61958979
45.13410679
40.96561526
38.44361867
0
0
0
0
0
0
0
0
0
0
0
0
0
0
0
0
0
0
0
0
0
0
0
0
0
0
0
0
0
0
0
0
0
0
0
0
0
0
0
0
0
0
0
0
0
0
0
0
0
0
0
0
0
0
0
0
0
0
0
0
0
0
0
0
0
0
74.85392052
74.85392052
74.85392052
74.85392052
74.85392052
74.85392052
74.85392052
74.85392052
74.85392052
74.85392052
74.85392052
74.85392052
74.85392052
74.85392052
74.85392052
74.85392052
74.85392052
74.85392052
74.85392052
54.02657589
53.92565077
52.60143497
49.84041306
47.50153396
46.20254483
44.02641888
42.88883701
41.32568799
38.02070263
0
0
0
0
0
0
0
0
0
0
0
0
0
0
0
0
0
0
0
0
0
0
0
0
0
0
0
0
0
0
0
0
0
0
0
0
0
0
0
0
0
0
0
0
0
0
0
0
0
0
0
0
0
0
0
0
0
0
0
0
0
0
0
0
0
0
0
0
0
0
0
0
0
0
0
0
0
0
0
0
0
0
0
0
0
0
0
0
0
0
0
0
0
0
0
0
0
0
0
0
0
0
0
0
0
0
0
0
0
0
0
0
0
0
0
0
0
0
0
0
0
0
0
0
0
0
0
0
0
0
0
0
0
0
0
0
0
0
0
0
0
0
0
0
0
0
0
0
0
0
0
0
0
0
0
0
0
0
0
0
0
0
0
0
0
0
0
0
0
0
0
0
0
0
0
0
0
0
0
0
0
0
0
0
0
0
0
0
0
0
0
0
0
0
0
0
0
0
0
0
0
0
0
0
0
0
0
0
0
0
0
0
0
0
0
0
0
0
0
0
0
0
0
0
0
0
0
0
0
0
0
0
0
0
0
0
0
0
0
0
0
0
0
0
0
0
0
0
0
0
0
0
0
0
0
0
0
0
0
0
0
0
0
0
0
0
0
0
0
0
0
0
0
0
0
0
0
0
0
0
0
0
0
0
0
0
0
0
0
0
0
0
0
0
0
0
0
0
0
0
0
0
0
0
0
0
0
0
0
0
0
0
0
0
0
0
0
0
0
0
0
0
0
0
0
0
0
0
0
0
0
0
0
0
0
0
0
0
0
0
0
0
0
0
0
0
0
0
0
0
0
0
0
0
0
0
0
0
0
0
0
0
0
0
0
0
0
0
0
0
0
0
0
0
0
0
0
0
0
0
0
0
0
0
0
0
0
0
0
0
0
0
0
0
0
0
0
0
0
0
0
0
0
0
0
0
0
0
0
0
0
0
0
0
0
0
0
0
0
0
0
0
0
0
0
0
0
0
0
0
0
0
0
0
0
0
0
0
0
0
0
0
0
0
0
0
0
0
0
0
0
0
0
0
0
0
0
0
0
0
0
0
0
0
0
0
0
0
0
0
0
0
0
0
0
0
0
0
0
0
0
0
0
0
0
0
0
0
0
0
0
0
0
0
0
0
0
0
0
0
0
0
0
0
0
0
0
0
0
0
0
0
0
0
0
0
0
0
0
0
0
0
0
0
0
0
0
0
0
0
0
0
0
0
0
0
0
0
0
0
0
74.85392052
74.85392052
74.85392052
74.85392052
74.85392052
74.85392052
74.85392052
74.85392052
74.85392052
74.85392052
74.85392052
74.85392052
74.85392052
74.85392052
74.85392052
74.85392052
74.85392052
74.85392052
74.85392052
74.85392052
74.85392052
74.85392052
74.85392052
74.85392052
74.85392052
74.85392052
74.85392052
74.85392052
74.85392052
74.85392052
74.85392052
74.85392052
74.85392052
74.85392052
74.85392052
74.85392052
74.85392052
74.85392052
74.85392052
44.39579927
38.27512576
0
0
0
0
0
0
0
0
0
0
0
0
0
0
0
0
0
0
0
0
0
0
0
0
0
0
0
0
0
0
0
0
0
0
0
0
0
0
0
0
0
0
0
0
0
0
0
0
0
0
0
0
0
74.85392052
74.85392052
74.85392052
74.85392052
74.85392052
74.85392052
74.85392052
74.85392052
74.85392052
74.85392052
74.85392052
74.85392052
74.85392052
74.85392052
74.85392052
74.85392052
74.85392052
74.85392052
74.85392052
74.85392052
74.85392052
74.85392052
74.85392052
74.85392052
74.85392052
74.85392052
74.85392052
74.85392052
74.85392052
74.85392052
74.85392052
74.85392052
74.85392052
74.85392052
74.85392052
74.85392052
74.85392052
74.85392052
74.85392052
42.73377853
36.62993389
0
0
0
0
0
0
0
0
0
0
0
0
0
0
0
0
0
0
0
0
0
0
0
0
0
0
0
0
0
0
0
0
0
0
0
0
0
0
0
0
0
0
0
0
0
0
0
0
0
0
0
0
0
0
0
0
0
0
0
0
0
0
74.85392052
74.85392052
74.85392052
74.85392052
74.85392052
74.85392052
74.85392052
74.85392052
74.85392052
74.85392052
51.16271464
47.52622759
44.51294896
41.3995405
40.01527522
39.23711365
0
0
0
0
0
0
0
0
0
0
0
0
0
0
0
0
0
0
0
0
0
0
0
0
0
0
0
0
0
0
0
0
0
0
0
0
0
0
0
0
0
0
0
0
0
0
0
0
0
0
0
0
0
0
0
0
0
0
0
0
0
0
0
0
0
0
0
0
0
0
0
0
0
0
0
0
0
0
0
0
0
0
0
0
0
0
0
0
0
0
0
0
0
0
0
0
0
0
0
0
0
0
0
0
0
0
0
0
0
0
0
0
0
0
0
0
0
0
0
0
0
0
0
0
0
0
0
0
0
0
0
0
0
0
0
0
0
0
0
0
0
0
0
0
0
0
0
0
0
0
0
0
0
0
0
0
0
0
0
0
0
0
0
0
0
0
0
0
0
0
0
0
0
0
0
0
0
0
0
0
0
0
0
0
0
0
0
0
0
0
0
0
0
0
0
0
0
0
0
0
0
0
0
0
0
0
0
0
0
0
0
0
0
0
0
0
0
0
0
0
0
0
0
0
0
0
0
0
0
0
0
0
0
0
0
0
0
0
0
0
0
0
0
0
0
0
0
0
0
0
0
0
0
0
0
0
0
0
0
0
0
0
0
0
0
0
0
0
0
0
0
0
0
0
0
0
0
0
0
0
0
0
0
0
0
0
0
0
0
0
0
0
0
0
0
0
0
0
0
0
0
0
0
0
0
0
0
0
0
0
0
0
0
0
0
0
0
0
0
0
0
0
0
0
0
0
0
0
0
0
0
0
0
0
0
0
0
0
0
0
0
0
0
0
0
0
0
0
0
0
0
0
0
0
0
0
0
0
0
0
0
0
0
0
0
0
0
0
0
0
0
0
74.85392052
74.85392052
74.85392052
74.85392052
74.85392052
74.85392052
74.85392052
74.85392052
74.85392052
74.85392052
74.85392052
54.4172846
53.92754005
52.74820236
51.97591121
50.5361572
50.55775607
49.8731037
49.36193783
48.0575463
0
0
0
0
0
0
0
0
0
0
0
0
0
0
0
0
0
0
0
0
0
0
0
0
0
0
0
0
0
0
0
0
0
0
0
0
0
0
0
0
0
0
0
0
0
0
0
0
0
0
0
0
0
0
0
0
0
0
0
0
0
0
0
0
0
0
0
0
74.85392052
74.85392052
74.85392052
74.85392052
74.85392052
74.85392052
74.85392052
74.85392052
74.85392052
74.85392052
74.85392052
74.85392052
74.85392052
74.85392052
74.85392052
74.85392052
74.85392052
74.85392052
74.85392052
74.85392052
74.85392052
74.85392052
74.85392052
74.85392052
74.85392052
74.85392052
74.85392052
74.85392052
74.85392052
74.85392052
74.85392052
74.85392052
74.85392052
74.85392052
74.85392052
74.85392052
0
0
0
0
0
0
0
0
0
0
0
0
0
0
0
0
0
0
0
0
0
0
0
0
0
0
0
0
0
0
0
0
0
0
0
0
0
0
0
0
0
0
0
0
0
0
0
0
0
0
0
0
0
0
0
0
74.85392052
74.85392052
74.85392052
74.85392052
74.85392052
74.85392052
74.85392052
74.85392052
74.85392052
74.85392052
74.85392052
74.85392052
74.85392052
74.85392052
74.85392052
74.85392052
74.85392052
74.85392052
74.85392052
74.85392052
74.85392052
74.85392052
74.85392052
74.85392052
74.85392052
74.85392052
74.85392052
74.85392052
74.85392052
66.33666736
0
0
0
0
0
0
0
0
0
0
0
0
0
0
0
0
0
0
0
0
0
0
0
0
0
0
0
0
0
0
0
0
0
0
0
0
0
0
0
0
0
0
0
0
0
0
0
0
0
0
0
0
0
0
0
0
0
0
0
0
0
0
0
0
0
0
0
0
0
0
0
0
0
0
0
0
0
0
0
0
0
0
0
0
0
0
0
0
0
0
0
0
0
0
0
0
0
0
0
0
0
0
0
0
0
0
0
0
0
0
0
0
0
0
0
0
0
0
0
0
0
0
0
0
0
0
0
0
0
0
0
0
0
0
0
0
0
0
0
0
0
0
0
0
0
0
0
0
0
0
0
0
0
0
0
0
0
0
0
0
0
0
0
0
0
0
0
0
0
74.85392052
74.85392052
74.85392052
74.85392052
74.85392052
74.85392052
74.85392052
74.85392052
74.85392052
74.85392052
74.85392052
74.85392052
74.85392052
74.85392052
74.85392052
74.85392052
74.85392052
74.85392052
74.85392052
74.85392052
74.85392052
74.85392052
74.85392052
74.85392052
74.85392052
74.85392052
74.85392052
52.62356341
51.31833413
49.25254149
43.77552655
0
0
0
0
0
0
0
0
0
0
0
0
0
0
0
0
0
0
0
0
0
0
0
0
0
0
0
0
0
0
0
0
0
0
0
0
0
0
0
0
0
0
0
0
0
0
0
0
0
0
0
0
0
0
0
0
0
0
0
0
0
0
0
0
0
0
0
0
0
0
0
0
0
0
0
0
0
0
0
0
0
0
0
0
0
0
0
0
0
0
0
0
0
0
0
0
0
0
0
0
0
0
0
0
0
0
0
0
0
0
0
0
0
0
0
0
0
0
0
0
0
0
0
0
0
0
0
0
0
0
0
0
0
0
0
0
0
0
0
0
0
0
0
0
0
0
0
0
0
0
0
0
0
0
0
0
0
0
0
0
74.85392052
74.85392052
74.85392052
74.85392052
74.85392052
74.85392052
74.85392052
74.85392052
74.85392052
74.85392052
74.85392052
74.85392052
74.85392052
74.85392052
74.85392052
74.85392052
74.85392052
74.85392052
74.85392052
74.85392052
74.85392052
74.85392052
74.85392052
74.85392052
74.85392052
74.85392052
74.85392052
74.85392052
74.85392052
74.85392052
74.85392052
74.85392052
74.85392052
74.85392052
47.37407204
42.13069875
37.4952843
0
0
0
0
0
0
0
0
0
0
0
0
0
0
0
0
0
0
0
0
0
0
0
0
0
0
0
0
0
0
0
0
0
0
0
0
0
0
0
0
0
0
0
0
0
0
0
0
0
0
0
0
0
0
0
0
0
0
74.85392052
74.85392052
74.85392052
74.85392052
74.85392052
74.85392052
74.85392052
74.85392052
74.85392052
74.85392052
74.85392052
74.85392052
74.85392052
74.85392052
74.85392052
74.85392052
52.79544617
51.30230319
50.23232366
50.0711757
49.81924816
49.9113027
48.49289494
48.39040858
48.01319698
48.9915408
49.10914888
49.43124106
49.57459844
48.78860838
47.13680227
45.74466719
42.48269181
0
0
0
0
0
0
0
0
0
0
0
0
0
0
0
0
0
0
0
0
0
0
0
0
0
0
0
0
0
0
0
0
0
0
0
0
0
0
0
0
0
0
0
0
0
0
0
0
0
0
0
0
0
0
0
0
0
0
0
0
0
0
0
0
0
0
0
0
0
0
0
0
0
0
0
74.85392052
74.85392052
74.85392052
74.85392052
74.85392052
74.85392052
74.85392052
74.85392052
74.85392052
74.85392052
74.85392052
74.85392052
74.85392052
74.85392052
74.85392052
74.85392052
74.85392052
74.85392052
74.85392052
74.85392052
74.85392052
74.85392052
74.85392052
41.81499682
0
0
0
0
0
0
0
0
0
0
0
0
0
0
0
0
0
0
0
0
0
0
0
0
0
0
0
0
0
0
0
0
0
0
0
0
0
0
0
0
0
0
0
0
0
0
0
0
0
0
0
0
0
0
0
0
0
0
0
74.85392052
74.85392052
74.85392052
74.85392052
74.85392052
74.85392052
74.85392052
74.85392052
74.85392052
74.85392052
74.85392052
74.85392052
74.85392052
74.85392052
74.85392052
74.85392052
74.85392052
74.85392052
74.85392052
74.85392052
74.85392052
74.85392052
74.85392052
74.85392052
74.85392052
74.85392052
74.85392052
74.85392052
74.85392052
74.85392052
74.85392052
74.85392052
74.85392052
74.85392052
74.85392052
42.73262243
0
0
0
0
0
0
0
0
0
0
0
0
0
0
0
0
0
0
0
0
0
0
0
0
0
0
0
0
0
0
74.85392052
74.85392052
74.85392052
74.85392052
74.85392052
74.85392052
74.85392052
74.85392052
74.85392052
74.85392052
74.85392052
74.85392052
74.85392052
74.85392052
74.85392052
74.85392052
74.85392052
74.85392052
74.85392052
74.85392052
74.85392052
74.85392052
74.85392052
74.85392052
74.85392052
74.85392052
74.85392052
74.85392052
74.85392052
74.85392052
74.85392052
74.85392052
74.85392052
74.85392052
74.85392052
74.85392052
74.85392052
74.85392052
74.85392052
74.85392052
74.85392052
74.85392052
74.85392052
74.85392052
74.85392052
74.85392052
74.85392052
74.85392052
74.85392052
74.85392052
74.85392052
74.85392052
74.85392052
74.85392052
74.85392052
74.85392052
74.85392052
74.85392052
74.85392052
74.85392052
74.85392052
74.85392052
74.85392052
74.85392052
74.85392052
0
0
0
0
0
0
0
0
0
0
0
0
0
0
0
0
0
0
0
0
0
0
0
0
0
0
0
0
0
0
0
0
0
0
0
0
0
0
0
0
0
0
0
0
0
0
0
0
0
0
0
0
0
0
0
0
0
0
0
0
0
0
0
74.85392052
74.85392052
74.85392052
74.85392052
74.85392052
74.85392052
74.85392052
74.85392052
74.85392052
74.85392052
74.85392052
74.85392052
74.85392052
74.85392052
74.85392052
74.85392052
74.85392052
74.85392052
74.85392052
74.85392052
74.85392052
55.64429928
53.54727354
51.70633377
50.57813357
50.54220629
50.46917848
48.94381334
47.14095396
44.31594819
40.93597387
0
0
0
0
0
0
0
0
0
0
0
0
0
0
0
0
0
0
0
0
0
0
0
0
0
0
0
0
0
0
0
0
0
0
0
0
0
0
0
0
0
0
0
0
0
0
0
0
0
0
0
0
0
0
0
0
0
0
0
0
0
0
0
74.85392052
74.85392052
74.85392052
74.85392052
74.85392052
74.85392052
74.85392052
74.85392052
74.85392052
74.85392052
74.85392052
74.85392052
74.85392052
74.85392052
74.85392052
74.85392052
74.85392052
74.85392052
74.85392052
74.85392052
74.85392052
74.85392052
74.85392052
74.85392052
74.85392052
74.85392052
74.85392052
74.85392052
74.85392052
74.85392052
74.85392052
74.85392052
74.85392052
74.85392052
40.22999712
0
0
0
0
0
0
0
0
0
0
0
0
0
0
0
0
0
0
0
0
0
0
0
0
0
0
0
0
0
0
0
0
0
0
0
0
0
0
0
0
0
0
0
0
0
0
0
0
0
0
0
0
0
0
0
0
0
0
0
0
0
0
0
0
0
0
0
74.85392052
74.85392052
74.85392052
74.85392052
74.85392052
74.85392052
74.85392052
74.85392052
74.85392052
74.85392052
74.85392052
74.85392052
74.85392052
50.97587517
50.22639911
48.13897835
0
0
0
0
0
0
0
0
0
0
0
0
0
0
0
0
0
0
0
0
0
0
0
0
0
0
0
0
0
0
0
0
0
0
0
0
0
0
0
0
0
0
0
0
0
0
0
0
0
0
0
0
0
0
0
0
0
0
0
0
0
0
0
0
0
0
0
0
0
0
0
0
0
0
0
0
0
0
0
0
0
0
0
0
0
0
0
0
0
0
0
0
0
0
0
0
0
0
0
0
0
0
0
0
0
0
0
0
0
0
0
0
0
0
0
0
0
0
0
0
0
0
0
0
0
0
0
0
0
0
0
0
0
0
0
0
0
0
0
0
0
0
0
0
0
0
0
0
0
0
0
0
0
0
0
0
0
0
0
0
0
0
0
0
0
0
0
0
0
0
0
0
0
0
0
0
0
0
0
0
0
0
0
0
0
0
0
0
0
0
0
0
0
0
0
0
0
0
0
0
0
0
0
0
0
0
0
0
0
0
0
0
0
0
0
0
0
0
0
0
0
0
0
0
0
0
0
0
0
0
0
0
0
0
0
0
0
0
0
0
0
0
0
0
0
0
0
0
0
0
0
0
0
0
0
0
0
0
0
0
0
0
0
0
0
0
0
0
0
0
0
0
0
0
0
0
0
0
0
0
0
0
0
0
0
0
0
0
0
0
0
0
0
0
0
0
0
0
0
0
0
0
0
0
0
0
0
0
0
0
0
0
0
0
0
0
0
0
0
0
0
0
0
0
0
0
0
0
0
0
0
0
0
0
0
0
0
0
0
0
0
0
0
0
0
0
0
0
0
0
0
0
0
0
0
0
0
0
0
0
0
0
0
0
0
0
0
0
0
0
0
0
0
0
0
0
0
0
0
0
0
0
0
0
0
0
0
0
0
0
0
0
0
0
0
0
0
0
0
0
0
0
0
0
0
0
0
0
0
0
0
0
0
0
0
0
0
0
0
0
0
0
0
0
0
0
0
0
0
0
0
0
0
0
0
0
0
0
0
0
0
0
0
0
0
0
0
0
0
0
0
0
0
0
0
0
0
74.85392052
74.85392052
74.85392052
74.85392052
74.85392052
74.85392052
74.85392052
74.85392052
74.85392052
74.85392052
74.85392052
74.85392052
74.85392052
74.85392052
74.85392052
74.85392052
74.85392052
74.85392052
74.85392052
74.85392052
74.85392052
74.85392052
74.85392052
74.85392052
74.85392052
74.85392052
74.85392052
74.85392052
74.85392052
74.85392052
74.85392052
74.85392052
74.85392052
74.85392052
74.85392052
74.85392052
74.85392052
74.85392052
52.30483062
50.63564881
50.20172245
50.16389998
51.38343635
53.34594782
55.96044442
57.39434534
58.46963624
58.69460497
59.43651184
59.04856887
61.33990646
61.7811308
61.46846195
62.04967783
65.75978092
67.55594831
70.01367268
73.3310651
74.85392052
74.85392052
74.85392052
74.85392052
74.85392052
74.85392052
74.85392052
74.85392052
74.85392052
74.85392052
74.85392052
74.85392052
74.85392052
74.85392052
74.85392052
74.85392052
74.85392052
74.85392052
74.85392052
74.85392052
74.85392052
74.85392052
74.85392052
74.85392052
74.85392052
74.85392052
74.85392052
74.85392052
74.85392052
74.85392052
74.85392052
74.85392052
74.85392052
74.85392052
74.85392052
74.85392052
74.85392052
74.85392052
74.85392052
74.85392052
74.85392052
74.85392052
74.85392052
74.85392052
74.85392052
74.85392052
74.85392052
74.85392052
74.85392052
74.85392052
74.85392052
74.85392052
74.85392052
74.85392052
74.85392052
74.85392052
74.85392052
74.85392052
74.85392052
74.85392052
74.85392052
74.85392052
74.85392052
74.85392052
74.85392052
74.85392052
74.85392052
74.85392052
74.85392052
74.85392052
74.85392052
74.85392052
74.85392052
74.85392052
74.85392052
74.85392052
74.85392052
74.85392052
0
0
0
0
0
0
0
0
0
0
0
0
0
0
0
0
0
0
0
0
0
0
0
0
0
0
0
0
0
0
0
0
0
0
0
0
0
0
0
0
0
0
0
0
0
0
0
0
0
0
0
0
0
0
0
0
0
0
0
74.85392052
74.85392052
74.85392052
74.85392052
74.85392052
74.85392052
74.85392052
74.85392052
74.85392052
74.85392052
74.85392052
74.85392052
74.85392052
74.85392052
74.85392052
74.85392052
74.85392052
74.85392052
74.85392052
74.85392052
74.85392052
74.85392052
74.85392052
74.85392052
74.85392052
74.85392052
74.85392052
74.85392052
74.85392052
74.85392052
74.85392052
74.85392052
74.85392052
0
0
0
0
0
0
0
0
0
0
0
0
0
0
0
0
0
0
0
0
0
0
0
0
0
0
0
0
0
0
0
0
0
0
0
0
0
0
0
0
0
0
0
0
0
0
0
0
0
0
0
0
0
0
0
0
0
0
0
0
0
0
74.85392052
74.85392052
74.85392052
74.85392052
74.85392052
74.85392052
74.85392052
74.85392052
74.85392052
74.85392052
74.85392052
74.85392052
74.85392052
74.85392052
74.85392052
74.85392052
74.85392052
74.85392052
74.85392052
74.85392052
74.85392052
74.85392052
74.85392052
74.85392052
74.85392052
74.85392052
74.85392052
74.85392052
74.85392052
74.85392052
74.85392052
74.85392052
74.85392052
74.85392052
74.85392052
74.85392052
0
0
0
0
0
0
0
0
0
0
0
0
0
0
0
0
74.85392052
74.85392052
74.85392052
74.85392052
74.85392052
74.85392052
74.85392052
74.85392052
74.85392052
74.85392052
74.85392052
74.85392052
74.85392052
74.85392052
74.85392052
74.85392052
74.85392052
74.85392052
74.85392052
74.85392052
74.85392052
74.85392052
74.85392052
74.85392052
74.85392052
74.85392052
52.95842161
51.73520479
50.4710833
48.79746279
47.22343852
46.09900057
44.91230924
45.07935635
47.12473501
48.68485821
49.58197243
49.46346622
49.04096628
50.23563175
52.35679609
57.77609419
65.50984353
73.04820348
74.85392052
74.85392052
74.85392052
74.85392052
74.85392052
74.85392052
74.85392052
74.85392052
74.85392052
74.85392052
74.85392052
74.85392052
74.85392052
74.85392052
74.85392052
74.85392052
74.85392052
74.85392052
74.85392052
74.85392052
74.85392052
74.85392052
73.17241037
72.37862651
71.98068452
72.15669114
70.84584538
69.08913318
64.22045785
62.6790193
58.47917449
53.80062945
47.63535069
39.08721173
0
0
0
0
0
0
0
0
0
0
0
0
0
0
0
0
0
0
0
0
0
0
0
0
0
0
0
0
0
0
0
0
0
0
0
0
0
0
0
0
0
0
0
0
0
0
0
0
0
0
0
0
0
0
0
0
74.85392052
74.85392052
74.85392052
74.85392052
74.85392052
74.85392052
74.85392052
74.85392052
74.85392052
74.85392052
74.85392052
74.85392052
74.85392052
74.85392052
74.85392052
74.85392052
74.85392052
74.85392052
74.85392052
74.85392052
74.85392052
74.85392052
74.85392052
74.85392052
74.85392052
74.85392052
74.85392052
74.85392052
74.85392052
74.85392052
74.85392052
74.85392052
74.85392052
74.85392052
74.85392052
74.85392052
74.85392052
0
0
0
0
0
0
0
0
0
0
0
0
0
0
0
0
0
0
0
0
0
74.85392052
74.85392052
74.85392052
74.85392052
74.85392052
74.85392052
74.85392052
74.85392052
74.85392052
74.85392052
74.85392052
74.85392052
74.85392052
74.85392052
74.85392052
74.85392052
74.85392052
74.85392052
74.85392052
74.85392052
74.85392052
74.85392052
74.85392052
74.85392052
74.85392052
74.85392052
74.85392052
74.85392052
74.85392052
74.85392052
74.85392052
74.85392052
74.85392052
74.85392052
74.85392052
74.85392052
74.85392052
74.85392052
74.85392052
74.85392052
74.85392052
74.85392052
74.85392052
74.85392052
74.85392052
74.85392052
74.85392052
74.85392052
74.85392052
74.85392052
74.85392052
74.85392052
74.85392052
74.85392052
74.85392052
74.85392052
74.85392052
74.85392052
74.85392052
74.85392052
74.85392052
74.85392052
74.85392052
74.85392052
74.85392052
74.85392052
74.85392052
74.85392052
74.85392052
74.85392052
74.85392052
74.85392052
74.85392052
74.85392052
74.85392052
47.27853352
38.83447602
0
0
0
0
0
0
0
0
0
0
0
0
0
0
0
0
0
0
0
0
74.85392052
74.85392052
74.85392052
74.85392052
74.85392052
74.85392052
74.85392052
74.85392052
74.85392052
74.85392052
74.85392052
74.85392052
74.85392052
74.85392052
74.85392052
74.85392052
74.85392052
74.85392052
74.85392052
74.85392052
74.85392052
74.85392052
74.85392052
74.85392052
74.85392052
74.85392052
74.85392052
74.85392052
74.85392052
74.85392052
74.85392052
74.85392052
74.85392052
74.85392052
74.85392052
74.85392052
74.85392052
74.85392052
74.85392052
74.85392052
74.85392052
74.85392052
74.85392052
74.85392052
74.85392052
74.85392052
74.85392052
74.85392052
74.85392052
74.85392052
74.85392052
74.85392052
74.85392052
74.85392052
74.85392052
74.85392052
74.85392052
74.85392052
74.85392052
74.85392052
74.85392052
74.85392052
74.85392052
74.85392052
74.85392052
74.85392052
74.85392052
74.85392052
74.85392052
74.85392052
74.85392052
74.85392052
74.85392052
74.85392052
74.85392052
74.85392052
50.18088458
52.05705373
55.32756458
60.38824023
65.08646213
66.71954212
67.21933944
67.92148888
68.0984445
69.09945622
69.87931444
71.14445123
72.20210677
73.21955882
73.26092542
74.35577206
74.85392052
74.85392052
74.85392052
74.85392052
74.85392052
74.85392052
74.85392052
74.85392052
74.85392052
74.85392052
74.85392052
74.85392052
74.85392052
74.85392052
74.85392052
74.85392052
74.85392052
74.85392052
74.85392052
74.85392052
74.85392052
74.85392052
74.85392052
74.85392052
74.85392052
74.85392052
74.85392052
74.85392052
74.85392052
74.85392052
74.85392052
74.85392052
74.85392052
74.85392052
74.85392052
74.85392052
74.85392052
74.85392052
74.85392052
74.85392052
74.85392052
74.85392052
74.85392052
74.85392052
74.85392052
74.85392052
74.85392052
74.85392052
74.85392052
74.85392052
74.85392052
74.85392052
74.85392052
74.85392052
74.85392052
74.85392052
74.85392052
74.85392052
74.85392052
74.85392052
74.85392052
74.85392052
74.85392052
74.85392052
74.85392052
74.85392052
74.85392052
74.85392052
74.85392052
74.85392052
74.85392052
74.85392052
74.85392052
74.85392052
74.85392052
74.85392052
0
0
0
0
0
0
0
0
0
0
0
0
0
0
0
0
0
0
0
0
0
0
0
0
0
0
0
0
0
0
0
0
0
0
0
0
0
0
0
0
0
0
0
0
0
0
0
0
0
0
0
0
0
0
0
0
0
0
0
0
0
0
0
0
0
0
74.85392052
74.85392052
74.85392052
74.85392052
74.85392052
74.85392052
74.85392052
74.85392052
74.85392052
74.85392052
74.85392052
74.85392052
74.85392052
74.85392052
74.85392052
74.85392052
74.85392052
74.85392052
74.85392052
74.85392052
74.85392052
74.85392052
74.85392052
74.85392052
74.85392052
74.85392052
74.85392052
74.85392052
74.85392052
74.85392052
74.85392052
74.85392052
37.89887131
0
0
0
0
0
0
0
0
0
0
0
0
0
0
0
0
0
0
0
0
0
0
0
0
74.85392052
74.85392052
74.85392052
74.85392052
74.85392052
74.85392052
74.85392052
74.85392052
74.85392052
74.85392052
74.85392052
74.85392052
74.85392052
74.85392052
74.85392052
74.85392052
74.85392052
74.85392052
74.85392052
74.85392052
74.85392052
74.85392052
74.85392052
74.85392052
74.85392052
74.85392052
74.85392052
74.85392052
74.85392052
74.85392052
74.85392052
74.85392052
74.85392052
74.85392052
74.85392052
74.85392052
74.85392052
74.85392052
74.85392052
74.85392052
74.85392052
74.85392052
74.85392052
74.85392052
74.85392052
74.85392052
74.85392052
74.85392052
74.85392052
74.85392052
74.85392052
74.85392052
74.85392052
74.85392052
74.85392052
74.85392052
74.85392052
74.85392052
74.85392052
74.85392052
74.85392052
74.85392052
74.85392052
74.85392052
74.85392052
74.85392052
59.76962775
0
0
0
0
0
0
0
0
0
0
0
0
0
0
0
0
0
0
0
0
0
0
0
0
0
0
0
0
0
0
0
0
0
0
0
0
0
0
0
0
0
0
0
0
0
0
0
0
0
0
0
0
0
0
0
0
0
0
0
0
0
0
0
0
0
74.85392052
74.85392052
74.85392052
74.85392052
74.85392052
74.85392052
74.85392052
74.85392052
74.85392052
74.85392052
74.85392052
74.85392052
74.85392052
74.85392052
74.85392052
74.85392052
74.85392052
74.85392052
74.85392052
74.85392052
74.85392052
74.85392052
74.85392052
74.85392052
74.85392052
74.85392052
74.85392052
74.85392052
74.85392052
74.85392052
74.85392052
74.85392052
74.85392052
74.85392052
0
0
0
0
0
0
0
0
0
0
0
0
0
0
0
0
0
0
0
0
0
0
0
0
0
0
0
0
0
74.85392052
74.85392052
74.85392052
74.85392052
74.85392052
74.85392052
74.85392052
74.85392052
74.85392052
74.85392052
74.85392052
74.85392052
74.85392052
74.85392052
74.85392052
74.85392052
74.85392052
74.85392052
74.85392052
74.85392052
74.85392052
74.85392052
74.85392052
74.85392052
74.85392052
74.85392052
74.85392052
74.85392052
74.85392052
74.85392052
74.85392052
74.85392052
74.85392052
74.85392052
74.85392052
74.85392052
74.85392052
74.85392052
74.85392052
74.85392052
74.85392052
74.85392052
74.85392052
74.85392052
74.85392052
74.85392052
74.85392052
74.85392052
74.85392052
74.85392052
74.85392052
74.85392052
74.85392052
74.85392052
74.85392052
74.85392052
74.85392052
74.85392052
74.85392052
74.85392052
74.85392052
74.85392052
74.85392052
74.85392052
74.85392052
74.85392052
74.85392052
74.85392052
74.85392052
74.85392052
0
0
0
0
0
0
0
0
0
0
0
0
0
0
0
0
0
0
0
0
0
0
0
0
0
0
0
0
0
0
0
0
0
0
0
0
0
0
0
0
0
0
0
0
0
0
0
0
0
0
0
0
0
0
0
0
0
0
0
0
74.85392052
74.85392052
74.85392052
74.85392052
74.85392052
74.85392052
74.85392052
74.85392052
74.85392052
74.85392052
74.85392052
74.85392052
74.85392052
74.85392052
74.85392052
74.85392052
74.85392052
74.85392052
74.85392052
74.85392052
74.85392052
74.85392052
74.85392052
74.85392052
74.85392052
74.85392052
74.85392052
74.85392052
74.85392052
74.85392052
74.85392052
74.85392052
74.85392052
74.85392052
0
0
0
0
0
0
0
0
0
0
0
0
0
0
0
0
0
0
0
0
0
0
0
0
0
0
0
0
0
74.85392052
74.85392052
74.85392052
74.85392052
74.85392052
74.85392052
74.85392052
74.85392052
74.85392052
74.85392052
74.85392052
74.85392052
74.85392052
74.85392052
74.85392052
74.85392052
74.85392052
74.85392052
74.85392052
74.85392052
74.85392052
74.85392052
74.85392052
74.85392052
74.85392052
74.85392052
74.85392052
74.85392052
74.85392052
74.85392052
74.85392052
74.85392052
74.85392052
74.85392052
74.85392052
74.85392052
74.85392052
74.85392052
74.85392052
74.85392052
74.85392052
74.85392052
74.85392052
74.85392052
74.85392052
74.85392052
74.85392052
74.85392052
74.85392052
74.85392052
74.85392052
74.85392052
74.85392052
74.85392052
74.85392052
74.85392052
74.85392052
74.85392052
74.85392052
74.85392052
74.85392052
74.85392052
74.85392052
74.85392052
74.85392052
74.85392052
74.85392052
74.85392052
74.85392052
74.85392052
74.85392052
74.85392052
74.85392052
74.85392052
74.85392052
74.85392052
74.85392052
74.85392052
74.85392052
74.85392052
74.85392052
74.85392052
74.85392052
74.85392052
74.85392052
74.85392052
74.85392052
74.85392052
74.85392052
74.85392052
74.85392052
74.85392052
74.85392052
74.85392052
74.85392052
74.85392052
74.85392052
74.85392052
74.85392052
74.85392052
74.85392052
74.85392052
74.85392052
74.85392052
74.85392052
74.85392052
74.85392052
74.85392052
74.85392052
74.85392052
74.85392052
74.85392052
74.85392052
74.85392052
74.85392052
74.85392052
74.85392052
52.31651709
48.85839445
46.02874831
43.34698082
41.1427539
39.87291075
39.79448002
41.77442305
48.00372661
57.22439554
65.33880597
74.85392052
74.85392052
74.85392052
74.85392052
74.85392052
74.85392052
74.85392052
74.85392052
74.85392052
74.85392052
74.85392052
74.85392052
74.85392052
74.85392052
74.85392052
74.85392052
74.85392052
74.85392052
74.85392052
74.85392052
74.85392052
74.85392052
74.85392052
74.85392052
74.85392052
74.85392052
74.85392052
74.85392052
74.85392052
74.85392052
74.85392052
74.85392052
74.85392052
48.86087299
0
0
0
0
0
0
0
0
0
0
0
0
0
0
0
0
0
0
0
0
0
0
0
0
0
0
0
0
0
0
74.85392052
74.85392052
74.85392052
74.85392052
74.85392052
74.85392052
74.85392052
74.85392052
74.85392052
74.85392052
74.85392052
74.85392052
74.85392052
74.85392052
74.85392052
74.85392052
74.85392052
74.85392052
74.85392052
74.85392052
74.85392052
74.85392052
74.85392052
74.85392052
74.85392052
74.85392052
74.85392052
74.85392052
55.63935125
62.85147234
72.45930384
74.85392052
74.85392052
74.85392052
74.85392052
74.85392052
74.85392052
74.85392052
74.85392052
74.85392052
74.85392052
74.85392052
74.85392052
74.85392052
74.85392052
74.85392052
74.85392052
74.85392052
74.85392052
74.85392052
74.85392052
74.85392052
74.85392052
74.85392052
74.85392052
74.85392052
74.85392052
74.85392052
74.85392052
74.85392052
74.85392052
74.85392052
74.85392052
74.85392052
74.85392052
74.85392052
49.11386599
0
0
0
0
0
0
0
0
0
0
0
0
0
0
0
0
0
0
0
0
0
0
0
0
0
0
0
0
0
0
74.85392052
74.85392052
74.85392052
74.85392052
74.85392052
74.85392052
74.85392052
74.85392052
74.85392052
74.85392052
74.85392052
74.85392052
74.85392052
74.85392052
74.85392052
74.85392052
74.85392052
74.85392052
74.85392052
74.85392052
74.85392052
74.85392052
74.85392052
74.85392052
74.85392052
74.85392052
74.85392052
74.85392052
74.85392052
74.85392052
74.85392052
74.85392052
74.85392052
74.85392052
74.85392052
74.85392052
74.85392052
74.85392052
74.85392052
74.85392052
74.85392052
74.85392052
74.85392052
74.85392052
74.85392052
74.85392052
74.85392052
74.85392052
74.85392052
74.85392052
74.85392052
74.85392052
74.85392052
74.85392052
74.85392052
74.85392052
74.85392052
74.85392052
74.85392052
74.85392052
74.85392052
74.85392052
74.85392052
74.85392052
74.85392052
74.85392052
38.95148458
0
0
0
0
0
0
0
0
0
0
0
0
0
0
0
0
0
0
0
0
0
0
74.85392052
74.85392052
74.85392052
74.85392052
74.85392052
74.85392052
74.85392052
74.85392052
74.85392052
74.85392052
74.85392052
74.85392052
74.85392052
74.85392052
74.85392052
74.85392052
74.85392052
74.85392052
74.85392052
74.85392052
74.85392052
74.85392052
74.85392052
74.85392052
74.85392052
74.85392052
74.85392052
74.85392052
74.85392052
74.85392052
74.85392052
74.85392052
74.85392052
74.85392052
74.85392052
74.85392052
74.85392052
74.85392052
74.85392052
74.85392052
74.85392052
74.85392052
74.85392052
74.85392052
74.85392052
74.85392052
74.85392052
74.85392052
74.85392052
74.85392052
74.85392052
74.85392052
74.85392052
74.85392052
74.85392052
74.85392052
74.85392052
74.85392052
74.85392052
74.85392052
74.85392052
74.85392052
74.85392052
74.85392052
74.85392052
74.85392052
74.85392052
74.85392052
74.85392052
74.85392052
74.85392052
74.85392052
0
0
0
0
0
0
0
0
0
0
0
0
0
0
0
0
0
0
0
0
0
0
0
0
0
0
0
0
0
0
0
0
0
0
0
0
0
0
0
0
0
0
0
0
0
0
0
0
0
0
0
0
0
0
0
0
0
0
0
0
0
0
0
0
0
0
0
0
0
0
0
0
0
0
0
0
0
0
0
0
0
0
0
0
0
0
0
0
0
0
0
0
0
0
0
0
0
0
0
0
0
0
0
0
0
0
0
0
0
0
0
0
0
0
0
0
0
0
0
0
0
0
0
0
0
0
0
0
0
0
0
0
0
0
0
0
0
0
0
0
0
0
0
0
0
0
0
0
0
0
0
0
0
0
0
0
0
0
0
0
0
0
0
0
0
0
0
74.85392052
74.85392052
74.85392052
74.85392052
74.85392052
74.85392052
74.85392052
74.85392052
74.85392052
74.85392052
74.85392052
74.85392052
74.85392052
74.85392052
74.85392052
74.85392052
74.85392052
74.85392052
74.85392052
74.85392052
74.85392052
74.85392052
74.85392052
74.85392052
74.85392052
0
0
0
0
0
0
0
0
0
0
0
0
0
0
0
0
0
0
0
0
0
0
0
0
0
0
0
0
0
0
0
0
0
0
0
0
0
0
0
0
0
0
0
0
0
0
0
0
0
0
0
0
0
0
0
0
0
0
0
0
0
0
0
0
0
0
0
0
0
0
0
0
0
0
0
0
0
0
0
0
0
0
0
0
0
0
0
0
0
0
0
0
0
0
0
0
0
0
0
0
0
0
0
0
0
0
0
0
0
0
0
0
0
0
0
0
0
0
0
0
0
0
0
0
0
0
0
0
0
0
0
0
0
0
0
0
0
0
0
0
0
0
0
0
0
0
0
0
0
0
0
0
0
0
0
0
0
0
0
0
0
0
0
0
0
0
0
0
0
0
0
0
0
0
0
0
0
0
0
0
0
0
0
0
0
0
0
0
0
0
0
0
0
0
0
0
0
0
0
0
0
0
0
0
0
0
0
0
0
0
0
0
0
0
0
0
0
0
0
0
0
0
0
0
0
0
0
0
0
0
0
0
0
0
0
0
0
0
0
0
0
0
0
0
0
0
0
0
0
0
0
0
0
0
0
0
0
0
0
0
0
0
0
0
0
0
0
0
0
0
0
0
0
0
0
0
0
0
0
0
74.85392052
74.85392052
74.85392052
74.85392052
74.85392052
74.85392052
74.85392052
74.85392052
74.85392052
46.05337799
38.49817967
0
0
0
0
0
0
0
0
0
0
0
0
0
0
0
0
0
0
0
0
0
0
0
0
0
0
0
0
0
0
0
0
0
0
0
0
0
0
0
0
0
0
0
0
0
0
0
0
0
0
0
0
0
0
0
0
0
0
0
0
0
0
0
0
0
0
0
0
0
0
0
0
0
0
0
0
0
0
0
0
0
0
0
0
0
0
0
0
0
0
0
0
0
0
0
0
0
0
0
0
0
0
0
0
0
0
0
0
0
0
0
0
0
0
0
0
0
0
0
0
0
0
0
0
0
0
0
0
0
0
0
0
0
0
0
0
0
0
0
0
0
0
0
0
0
0
0
0
0
0
0
0
0
0
0
0
0
0
0
0
0
0
0
0
0
0
0
0
0
0
0
0
0
0
0
0
0
0
0
0
0
0
0
0
0
0
0
0
0
0
0
0
0
0
0
0
0
0
0
0
0
0
0
0
0
0
0
0
0
0
0
0
0
0
0
0
0
0
0
0
0
0
0
0
0
0
0
0
0
0
0
0
0
0
0
0
0
0
0
0
0
0
0
0
0
0
0
0
0
0
0
0
0
74.85392052
74.85392052
74.85392052
74.85392052
74.85392052
74.85392052
74.85392052
74.85392052
74.85392052
74.85392052
74.85392052
74.85392052
74.85392052
74.85392052
74.85392052
74.85392052
74.85392052
74.85392052
74.85392052
74.85392052
74.85392052
74.85392052
74.85392052
74.85392052
74.85392052
74.85392052
74.85392052
74.85392052
74.85392052
74.85392052
74.85392052
74.85392052
41.55905369
37.0850773
0
0
0
0
0
0
0
0
0
0
0
0
0
0
0
0
0
0
0
0
0
0
0
0
0
0
0
0
0
0
0
0
0
0
0
0
0
0
0
0
0
0
0
0
0
0
0
0
0
0
0
0
0
0
0
0
0
0
0
0
0
0
0
0
0
0
0
0
0
0
0
0
0
0
0
0
0
0
0
0
0
0
0
0
0
0
0
0
0
0
0
0
0
0
0
0
0
0
0
0
0
0
0
0
0
0
0
0
0
0
0
0
0
0
0
0
0
0
0
0
0
0
0
0
0
0
0
0
0
0
0
0
0
0
0
0
0
0
0
0
0
0
0
0
0
0
0
0
0
0
0
0
0
0
0
0
0
0
0
0
0
0
0
0
0
0
0
0
0
0
0
0
0
0
0
0
0
0
0
0
0
0
0
0
0
0
0
0
0
0
0
0
0
0
0
0
0
0
0
0
0
0
0
0
0
0
0
0
0
0
0
0
0
0
0
0
0
0
0
0
0
0
0
0
0
0
0
0
0
0
0
0
0
0
0
0
0
0
0
0
0
0
0
0
0
0
0
0
0
0
0
0
0
74.85392052
74.85392052
74.85392052
74.85392052
74.85392052
74.85392052
74.85392052
74.85392052
74.85392052
74.85392052
74.85392052
74.85392052
74.85392052
74.85392052
74.85392052
74.85392052
74.85392052
74.85392052
74.85392052
74.85392052
74.85392052
74.85392052
74.85392052
74.85392052
74.85392052
74.85392052
74.85392052
74.85392052
74.85392052
74.85392052
74.85392052
74.85392052
0
0
0
0
0
0
0
0
0
0
0
0
0
0
0
0
0
0
0
0
0
0
0
0
0
0
0
0
0
0
0
0
0
0
0
0
0
0
0
0
0
0
0
0
0
0
0
0
0
0
0
0
0
0
0
0
0
0
0
0
0
0
0
0
0
0
0
0
0
0
0
0
0
74.85392052
74.85392052
74.85392052
74.85392052
74.85392052
74.85392052
74.85392052
74.85392052
74.85392052
74.85392052
74.85392052
74.85392052
74.85392052
74.85392052
74.85392052
74.85392052
74.85392052
74.85392052
74.85392052
74.85392052
74.85392052
74.85392052
74.85392052
38.75508065
0
0
0
0
0
0
0
0
0
0
0
0
0
0
0
0
0
0
0
0
0
0
0
0
0
0
0
0
0
0
0
0
0
0
0
0
0
0
0
0
0
0
0
0
74.85392052
74.85392052
74.85392052
74.85392052
74.85392052
74.85392052
74.85392052
74.85392052
74.85392052
74.85392052
74.85392052
74.85392052
74.85392052
74.85392052
74.85392052
74.85392052
74.85392052
74.85392052
74.85392052
74.85392052
74.85392052
74.85392052
74.85392052
74.85392052
74.85392052
74.85392052
74.85392052
74.85392052
74.85392052
74.85392052
74.85392052
74.85392052
74.85392052
74.85392052
74.85392052
74.85392052
74.85392052
74.85392052
74.85392052
74.85392052
74.85392052
74.85392052
74.85392052
74.85392052
74.85392052
74.85392052
74.85392052
74.85392052
74.85392052
74.85392052
74.85392052
74.85392052
74.85392052
74.85392052
74.85392052
74.85392052
74.85392052
74.85392052
74.85392052
74.85392052
74.85392052
74.85392052
74.85392052
74.85392052
74.85392052
74.85392052
74.85392052
74.85392052
74.85392052
74.85392052
74.85392052
74.85392052
74.85392052
74.85392052
74.85392052
74.85392052
74.85392052
74.85392052
74.85392052
74.85392052
74.85392052
74.85392052
74.85392052
74.85392052
74.85392052
74.85392052
74.85392052
74.85392052
74.85392052
74.85392052
74.85392052
74.85392052
74.85392052
74.85392052
74.85392052
74.85392052
74.85392052
74.85392052
74.85392052
74.85392052
74.85392052
74.85392052
74.85392052
74.85392052
74.85392052
74.85392052
74.85392052
74.85392052
74.85392052
74.85392052
74.85392052
74.85392052
74.85392052
74.85392052
74.85392052
74.85392052
74.85392052
74.85392052
74.85392052
74.85392052
74.85392052
74.85392052
74.85392052
74.85392052
74.85392052
74.85392052
74.85392052
74.85392052
74.85392052
74.85392052
74.85392052
74.85392052
74.85392052
74.85392052
74.85392052
74.85392052
74.85392052
74.85392052
74.85392052
74.85392052
74.85392052
74.85392052
74.85392052
74.85392052
74.85392052
74.85392052
74.85392052
74.85392052
74.85392052
74.85392052
74.85392052
74.85392052
74.85392052
74.85392052
74.85392052
74.85392052
74.85392052
74.85392052
74.85392052
74.85392052
74.85392052
74.85392052
74.85392052
74.85392052
74.85392052
74.85392052
74.85392052
74.85392052
74.85392052
74.85392052
74.85392052
74.85392052
74.85392052
74.85392052
74.85392052
74.85392052
74.85392052
74.85392052
74.85392052
74.85392052
74.85392052
74.85392052
74.85392052
74.85392052
74.85392052
74.85392052
74.85392052
74.85392052
74.85392052
74.85392052
74.85392052
74.85392052
74.85392052
74.85392052
74.85392052
74.85392052
74.85392052
74.85392052
74.85392052
74.85392052
74.85392052
74.85392052
74.85392052
74.85392052
74.85392052
53.05153574
51.83521183
52.7907097
54.03429391
56.44797518
59.72702515
62.79990543
66.27374063
69.37419179
68.68988798
67.24747077
65.67970857
65.28184452
66.82529
66.55375415
66.51985096
65.67577646
64.2111937
64.96073683
64.95521326
64.66294407
63.66800303
63.17280337
62.76325571
64.23760258
62.94022955
62.16191923
62.0221275
58.65391489
54.80844916
48.61875399
44.32616107
40.04810724
0
0
0
0
0
0
0
0
0
0
0
0
0
0
0
0
0
0
0
0
0
0
0
0
0
0
0
0
0
0
0
0
0
0
0
0
0
0
0
0
0
0
0
0
0
0
0
0
0
0
0
0
0
0
0
0
0
0
0
0
0
0
0
0
0
0
0
0
0
0
0
0
0
0
0
0
0
0
0
0
0
0
0
0
0
0
0
0
0
0
0
0
0
0
0
0
0
0
0
0
0
0
0
0
0
0
0
0
0
0
0
0
0
0
0
0
0
0
0
0
0
0
0
0
0
0
0
0
0
0
0
0
0
0
0
0
0
0
0
0
0
0
0
0
0
0
0
0
0
0
0
0
0
0
0
0
0
0
0
0
0
0
0
0
0
0
0
0
0
0
74.85392052
74.85392052
74.85392052
74.85392052
74.85392052
74.85392052
74.85392052
74.85392052
74.85392052
74.85392052
74.85392052
74.85392052
74.85392052
74.85392052
74.85392052
74.85392052
74.85392052
74.85392052
74.85392052
74.85392052
74.85392052
74.85392052
74.85392052
74.85392052
74.85392052
74.85392052
74.85392052
74.85392052
74.85392052
74.85392052
47.45193175
46.67785409
47.32488576
48.95739943
51.11335404
51.29265706
51.83362575
51.72294794
52.1419227
51.98277053
52.82532789
52.54229731
52.45915407
52.2550308
51.90775893
52.92695377
51.92964187
51.34116424
50.11252826
50.80769922
54.27615455
56.53192571
57.23356148
57.91726757
58.66649817
59.22489033
59.77322506
60.32728366
60.2084267
60.382521
60.49776822
60.49623849
60.46532082
61.03214619
60.5014621
59.37451633
60.10346007
60.42154029
60.36097225
60.38607826
60.1797418
59.79037829
58.13382147
57.73681292
56.53160447
55.49993674
53.50678382
51.25282224
48.90357554
48.20392788
47.43608923
46.45640457
45.22476653
43.30706223
41.53510579
40.89781764
40.15918502
39.45572246
38.50942057
38.03146986
0
0
0
0
0
0
0
0
0
0
0
0
0
0
0
0
0
0
0
0
0
0
0
0
0
0
0
0
0
0
0
0
0
0
0
0
0
0
0
0
0
0
0
0
0
0
0
0
0
0
0
0
0
0
0
0
0
0
0
0
0
0
0
0
0
0
0
0
0
0
0
0
0
0
0
0
0
0
0
0
0
0
0
0
0
0
0
0
0
0
0
0
0
0
0
0
0
0
0
0
0
0
0
0
0
0
0
0
0
0
0
0
0
0
0
0
0
0
0
0
0
0
0
0
0
0
0
0
0
0
0
0
0
0
0
0
0
0
0
0
0
0
0
0
0
0
0
0
0
0
0
0
0
0
0
0
0
0
0
0
0
0
0
0
0
0
0
0
0
0
0
0
0
0
0
0
0
0
0
0
0
0
0
0
0
0
0
0
0
0
0
0
0
0
0
0
0
0
0
0
0
0
0
0
0
0
0
0
0
0
0
0
0
0
0
0
0
0
0
0
0
0
0
0
0
0
0
0
0
0
0
0
0
0
0
0
0
0
0
0
0
0
0
0
0
0
0
0
0
0
0
0
0
0
0
0
0
0
0
0
0
0
0
0
0
0
0
0
0
0
0
0
0
0
0
0
0
0
0
0
0
0
0
0
0
0
0
0
0
0
0
0
0
0
0
0
0
0
0
0
0
0
74.85392052
74.85392052
74.85392052
74.85392052
74.85392052
74.85392052
74.85392052
74.85392052
74.85392052
74.85392052
74.85392052
74.85392052
74.85392052
74.85392052
74.85392052
74.85392052
74.85392052
74.85392052
74.85392052
74.85392052
74.85392052
48.23320145
42.53414864
0
0
0
0
0
0
0
0
0
0
0
0
0
0
0
0
0
0
0
0
0
0
0
0
0
0
0
0
0
0
0
0
0
0
0
0
0
0
0
0
0
0
0
0
0
0
0
0
0
0
0
0
0
0
0
0
0
0
0
0
0
74.85392052
74.85392052
74.85392052
74.85392052
74.85392052
74.85392052
74.85392052
74.85392052
74.85392052
74.85392052
74.85392052
74.85392052
74.85392052
74.85392052
74.85392052
74.85392052
74.85392052
74.85392052
74.85392052
74.85392052
74.85392052
74.85392052
74.85392052
74.85392052
74.85392052
74.85392052
74.85392052
74.85392052
74.85392052
74.85392052
74.85392052
44.83420265
0
0
0
0
0
0
0
0
0
0
0
0
0
0
0
0
0
0
0
0
0
0
0
0
0
0
0
0
0
0
0
0
0
0
0
0
0
0
0
0
0
0
0
0
0
0
0
0
0
0
0
0
0
0
0
0
0
0
0
0
0
0
0
0
0
0
0
0
74.85392052
74.85392052
74.85392052
74.85392052
74.85392052
74.85392052
74.85392052
74.85392052
74.85392052
74.85392052
74.85392052
74.85392052
74.85392052
74.85392052
74.85392052
74.85392052
74.85392052
74.85392052
74.85392052
74.85392052
74.85392052
74.85392052
74.85392052
74.85392052
74.85392052
74.85392052
74.85392052
74.85392052
0
0
0
0
0
0
0
0
0
0
0
0
0
0
0
0
0
0
0
0
0
0
0
0
0
0
0
0
0
0
0
0
0
0
0
0
0
0
0
0
0
0
0
0
0
0
0
0
0
0
0
0
0
0
0
0
0
0
0
0
0
0
0
74.85392052
74.85392052
74.85392052
74.85392052
74.85392052
74.85392052
74.85392052
74.85392052
74.85392052
74.85392052
74.85392052
74.85392052
74.85392052
74.85392052
74.85392052
74.85392052
74.85392052
74.85392052
74.85392052
74.85392052
74.85392052
74.85392052
74.85392052
74.85392052
74.85392052
74.85392052
74.85392052
74.85392052
74.85392052
74.85392052
74.85392052
74.85392052
74.85392052
74.85392052
74.85392052
74.85392052
74.85392052
74.85392052
74.85392052
74.85392052
74.85392052
74.85392052
74.85392052
74.85392052
74.85392052
74.85392052
74.85392052
74.85392052
74.85392052
74.85392052
74.85392052
74.85392052
74.85392052
74.85392052
74.85392052
74.85392052
74.85392052
74.85392052
74.85392052
74.85392052
74.85392052
74.85392052
74.85392052
74.85392052
74.85392052
74.85392052
74.85392052
74.85392052
74.85392052
74.85392052
74.85392052
74.85392052
74.85392052
74.85392052
74.85392052
74.85392052
74.85392052
74.85392052
74.85392052
74.85392052
74.85392052
74.85392052
74.85392052
74.85392052
74.85392052
74.85392052
74.85392052
74.85392052
74.85392052
74.85392052
74.85392052
74.85392052
74.85392052
74.85392052
74.85392052
74.85392052
74.85392052
74.85392052
74.85392052
74.85392052
74.85392052
74.85392052
74.85392052
74.85392052
74.85392052
74.85392052
74.85392052
74.85392052
74.85392052
74.85392052
74.85392052
74.85392052
74.85392052
74.85392052
74.85392052
74.85392052
74.85392052
74.85392052
74.85392052
74.85392052
74.85392052
74.85392052
74.85392052
74.85392052
74.85392052
74.85392052
74.85392052
74.85392052
0
0
0
0
0
0
0
0
0
0
0
0
0
0
0
0
0
0
0
0
0
0
0
0
0
0
0
0
0
0
0
0
0
0
0
0
0
0
0
0
0
0
0
0
0
0
0
0
0
0
0
0
0
0
0
0
0
0
0
0
0
0
0
74.85392052
74.85392052
74.85392052
74.85392052
74.85392052
74.85392052
74.85392052
74.85392052
74.85392052
74.85392052
74.85392052
74.85392052
74.85392052
74.85392052
74.85392052
74.85392052
74.85392052
74.85392052
74.85392052
74.85392052
74.85392052
74.85392052
74.85392052
74.85392052
74.85392052
74.85392052
74.85392052
74.85392052
74.85392052
74.85392052
74.85392052
74.85392052
74.85392052
74.85392052
53.75476455
44.21985783
41.45314757
42.79583534
45.6418565
50.58641935
53.2467062
55.65590543
57.80428043
59.99853506
61.81550446
63.53993687
64.56423233
65.90116799
66.90353619
66.71178858
66.96997764
67.17684792
67.48372672
67.82756685
68.22287517
69.28024702
71.1226441
72.22352117
73.02105919
73.34982756
73.37034662
73.8903702
74.85392052
74.85392052
74.85392052
74.85392052
74.85392052
74.85392052
74.85392052
74.85392052
74.85392052
74.85392052
74.85392052
74.85392052
74.85392052
74.85392052
74.85392052
74.85392052
74.85392052
74.85392052
74.85392052
74.85392052
53.25344748
51.46626354
49.95080871
48.94303685
47.58250142
46.23538154
44.98548561
44.11299825
42.85154821
41.19295006
40.0315609
39.27832743
40.46256132
43.15072439
47.21066749
51.41734089
55.44978694
59.66830536
62.85671795
64.9357581
66.72084099
68.43488403
70.81280193
73.36869485
74.85392052
74.85392052
74.85392052
74.85392052
74.85392052
74.85392052
74.85392052
74.85392052
74.85392052
74.85392052
74.85392052
74.85392052
74.85392052
74.85392052
74.85392052
74.85392052
74.85392052
74.85392052
74.85392052
74.85392052
74.85392052
74.85392052
74.85392052
41.62862542
0
0
0
0
0
0
0
0
0
0
0
0
0
0
0
0
0
0
0
0
0
0
0
0
0
0
0
0
0
0
0
0
0
0
0
0
0
0
0
0
0
0
0
0
0
0
0
0
0
0
0
0
0
0
0
0
0
0
0
0
0
0
0
0
0
0
0
0
0
0
0
0
0
0
0
0
0
0
0
0
0
0
0
0
0
0
0
0
0
0
0
0
0
0
0
0
0
0
0
0
0
0
0
0
0
0
0
0
0
0
0
0
0
0
0
0
0
0
0
0
0
0
0
0
0
0
0
0
0
0
0
0
0
0
0
0
0
0
0
0
0
0
0
0
0
0
0
0
0
0
0
0
0
0
0
0
0
0
0
0
0
0
0
0
0
0
0
0
0
0
0
0
0
0
0
0
0
0
0
0
0
0
0
0
0
0
0
0
0
0
0
0
0
0
0
0
0
0
0
0
0
0
0
0
0
0
0
0
0
0
0
0
0
0
0
0
0
0
0
0
0
0
0
0
0
0
0
0
0
0
0
0
0
0
0
0
0
0
0
0
0
0
0
0
0
0
0
0
0
0
0
0
0
0
0
0
0
0
0
0
0
0
0
0
0
0
0
0
0
0
0
0
0
0
74.85392052
74.85392052
74.85392052
74.85392052
74.85392052
74.85392052
74.85392052
74.85392052
74.85392052
74.85392052
74.85392052
74.85392052
44.33671939
0
0
0
0
0
0
0
0
0
0
0
0
0
0
0
0
0
0
0
0
0
0
0
0
0
0
0
0
0
0
0
0
0
0
0
0
0
0
0
0
0
0
0
0
0
0
0
0
0
0
0
0
0
0
0
0
0
0
0
0
0
0
0
0
0
0
0
0
0
0
0
0
0
0
74.85392052
74.85392052
74.85392052
74.85392052
74.85392052
74.85392052
74.85392052
74.85392052
74.85392052
74.85392052
74.85392052
74.85392052
74.85392052
74.85392052
74.85392052
74.85392052
74.85392052
74.85392052
74.85392052
74.85392052
74.85392052
74.85392052
74.85392052
48.08117523
43.2598932
40.56619371
39.70434995
40.78910521
42.67953746
43.93077808
44.97828393
44.58900997
44.24838521
43.8768077
43.73809765
43.49641875
43.30785278
43.14323515
43.42679407
43.9387003
44.5934217
44.9773962
45.57984687
46.3256667
47.00632924
46.40951465
44.89407598
44.39910756
44.44440119
43.56926327
42.43473378
42.40927843
42.38306536
42.7135918
42.1182983
41.41274455
40.16266344
38.08458043
36.65322862
37.09418396
0
0
0
0
0
0
0
0
0
0
0
0
0
0
0
0
0
0
0
0
0
0
0
0
0
0
0
0
0
0
0
0
0
0
0
0
0
0
0
0
0
0
0
0
0
0
0
0
0
0
0
0
0
0
0
0
0
0
0
0
0
0
0
0
0
0
0
0
0
0
0
0
0
0
0
0
0
0
0
0
0
0
0
0
0
74.85392052
74.85392052
74.85392052
74.85392052
74.85392052
74.85392052
74.85392052
74.85392052
74.85392052
74.85392052
74.85392052
74.85392052
74.85392052
74.85392052
74.85392052
74.85392052
74.85392052
74.85392052
74.85392052
74.85392052
74.85392052
74.85392052
74.85392052
74.85392052
74.85392052
74.85392052
74.85392052
74.85392052
74.85392052
74.85392052
74.85392052
74.85392052
74.85392052
74.85392052
74.85392052
74.85392052
74.85392052
74.85392052
74.85392052
74.85392052
74.85392052
74.85392052
74.85392052
74.85392052
74.85392052
74.85392052
74.85392052
74.85392052
74.85392052
74.85392052
74.85392052
74.85392052
74.85392052
74.85392052
74.85392052
74.85392052
74.85392052
74.85392052
74.85392052
74.85392052
74.85392052
74.85392052
74.85392052
74.85392052
74.85392052
74.85392052
74.85392052
74.85392052
74.85392052
74.85392052
74.85392052
74.85392052
0
0
0
0
0
0
0
0
0
0
0
0
0
0
0
0
0
0
0
0
0
0
0
0
0
0
0
0
0
0
0
0
0
0
0
0
0
0
0
0
0
0
0
0
0
0
0
0
0
0
0
0
0
0
0
0
0
0
0
74.85392052
74.85392052
74.85392052
74.85392052
74.85392052
74.85392052
74.85392052
74.85392052
74.85392052
74.85392052
74.85392052
74.85392052
74.85392052
74.85392052
74.85392052
74.85392052
74.85392052
74.85392052
74.85392052
74.85392052
74.85392052
74.85392052
74.85392052
74.85392052
74.85392052
74.85392052
74.85392052
74.85392052
74.85392052
74.85392052
74.85392052
74.85392052
74.85392052
74.85392052
74.85392052
74.85392052
74.85392052
74.85392052
74.85392052
74.85392052
74.85392052
74.85392052
74.85392052
74.85392052
74.85392052
74.85392052
74.85392052
74.85392052
74.85392052
74.85392052
74.85392052
74.85392052
74.85392052
74.85392052
74.85392052
74.85392052
74.85392052
74.85392052
74.85392052
74.85392052
74.85392052
74.85392052
74.85392052
74.85392052
74.85392052
74.85392052
74.85392052
74.85392052
74.85392052
74.85392052
74.85392052
74.85392052
74.85392052
74.85392052
74.85392052
74.85392052
74.85392052
74.85392052
74.85392052
74.85392052
74.85392052
74.85392052
74.85392052
74.85392052
74.85392052
74.85392052
74.85392052
74.85392052
74.85392052
74.85392052
74.85392052
74.85392052
74.85392052
74.85392052
74.85392052
74.85392052
74.85392052
74.85392052
74.85392052
74.85392052
74.85392052
74.85392052
74.85392052
74.85392052
74.85392052
74.85392052
74.85392052
74.85392052
74.85392052
74.85392052
74.85392052
74.85392052
74.85392052
74.85392052
74.85392052
74.85392052
74.85392052
74.85392052
74.85392052
74.85392052
74.85392052
74.85392052
74.85392052
74.85392052
74.85392052
74.85392052
74.85392052
74.85392052
74.85392052
74.85392052
74.85392052
74.85392052
74.85392052
51.19900389
50.19656264
52.10170031
54.94436231
56.30728037
58.40991603
58.27294948
56.36900925
56.71744196
59.46801382
61.52487945
64.37399225
66.7643393
68.28083817
69.93101394
70.93292252
71.04060912
71.7384208
72.41978642
71.55568132
72.24862916
72.24621268
70.19054596
68.02376632
66.36778108
66.14402499
64.27001202
62.3267199
59.67429596
58.45268275
57.85211765
58.24702342
58.38553028
56.76509137
57.11404206
56.00990314
54.41663539
54.55659363
54.79318296
55.36598306
56.99998717
59.31293283
58.84052206
58.01293541
57.11821417
56.38620664
55.17036918
54.64141959
51.95078244
48.76785015
46.19466469
42.47742561
38.67476597
0
0
0
0
0
0
0
0
0
0
0
0
0
0
0
0
0
0
0
0
0
0
0
0
0
0
0
0
0
0
0
0
0
0
0
0
0
0
0
0
0
0
0
0
0
0
0
0
0
0
0
0
0
0
0
0
0
0
0
0
0
0
0
0
0
0
0
0
0
0
0
0
0
0
0
0
0
0
0
0
0
0
0
0
0
0
0
0
0
0
0
0
0
0
0
0
0
0
0
0
0
0
0
0
0
0
0
0
0
0
74.85392052
74.85392052
74.85392052
74.85392052
74.85392052
74.85392052
74.85392052
74.85392052
74.85392052
74.85392052
74.85392052
74.85392052
74.85392052
74.85392052
74.85392052
74.85392052
74.85392052
74.85392052
74.85392052
74.85392052
74.85392052
74.85392052
74.85392052
74.85392052
74.85392052
74.85392052
74.85392052
74.85392052
74.85392052
74.85392052
74.85392052
74.85392052
74.85392052
74.85392052
74.85392052
74.85392052
74.85392052
74.85392052
74.85392052
74.85392052
74.85392052
74.85392052
74.85392052
74.85392052
74.85392052
74.85392052
74.85392052
74.85392052
74.85392052
74.85392052
74.85392052
74.85392052
74.85392052
74.85392052
74.85392052
74.85392052
74.85392052
74.85392052
74.85392052
74.85392052
74.85392052
74.85392052
74.85392052
74.85392052
74.85392052
74.85392052
74.85392052
74.85392052
74.85392052
74.85392052
74.85392052
74.85392052
74.85392052
74.85392052
74.85392052
74.85392052
74.85392052
74.85392052
74.85392052
74.85392052
74.85392052
74.85392052
74.85392052
74.85392052
74.85392052
74.85392052
74.85392052
74.85392052
74.85392052
74.85392052
74.85392052
74.85392052
74.85392052
74.85392052
74.85392052
74.85392052
74.85392052
74.85392052
74.85392052
74.85392052
74.85392052
74.85392052
74.85392052
74.85392052
74.85392052
74.85392052
74.85392052
74.85392052
74.85392052
74.85392052
74.85392052
74.85392052
74.85392052
74.85392052
74.85392052
74.85392052
74.85392052
74.85392052
74.85392052
74.85392052
74.85392052
74.85392052
74.85392052
74.85392052
45.1656484
39.76971273
0
0
0
0
0
0
0
0
0
0
0
0
0
0
0
0
0
0
0
0
0
0
0
0
0
0
0
0
0
0
0
0
0
0
0
0
0
0
0
0
0
0
0
0
0
0
0
0
0
0
0
0
0
0
0
0
0
0
0
0
0
0
0
0
0
0
74.85392052
74.85392052
74.85392052
74.85392052
74.85392052
74.85392052
74.85392052
74.85392052
74.85392052
74.85392052
74.85392052
74.85392052
74.85392052
74.85392052
74.85392052
74.85392052
74.85392052
74.85392052
74.85392052
74.85392052
74.85392052
74.85392052
74.85392052
74.85392052
74.85392052
74.85392052
74.85392052
74.85392052
42.88902486
39.04300137
38.83159592
39.85900076
41.87997719
44.92349895
48.07701527
50.85754462
52.98743647
55.63550532
59.25494098
62.69329183
64.93274329
66.80102143
68.10108044
68.8259338
69.80616994
70.97599883
71.20466025
71.75011285
72.53397368
73.03807778
73.59416603
74.04653807
74.44083979
74.85392052
74.85392052
74.85392052
74.85392052
74.85392052
74.85392052
74.85392052
74.85392052
74.85392052
74.85392052
74.85392052
74.85392052
74.85392052
74.85392052
74.85392052
74.85392052
74.85392052
74.85392052
74.85392052
74.85392052
74.85392052
74.85392052
74.85392052
74.85392052
74.85392052
74.85392052
74.85392052
74.85392052
74.85392052
74.85392052
74.85392052
74.85392052
74.85392052
74.85392052
74.85392052
74.85392052
74.85392052
74.85392052
74.85392052
74.85392052
74.85392052
74.85392052
74.85392052
74.85392052
74.85392052
74.85392052
74.85392052
74.85392052
74.85392052
74.85392052
74.85392052
74.85392052
74.85392052
74.85392052
74.85392052
74.85392052
74.85392052
74.85392052
74.85392052
74.85392052
74.85392052
74.85392052
74.85392052
74.85392052
74.85392052
74.85392052
74.85392052
74.85392052
74.85392052
74.85392052
74.85392052
44.52026405
41.13567944
41.76121331
44.06745057
46.69882923
49.77965653
53.03455273
56.04414288
58.51771151
61.56146324
64.60115556
67.30797475
69.34762414
71.13793412
71.82132789
72.04316336
72.74761547
73.46070272
73.51844002
73.73131982
73.78846461
73.63444279
73.75718145
74.26550608
74.54556677
74.67662764
74.68462166
74.64983925
74.614348
74.2539671
73.39478983
73.21316612
72.56699232
71.83561912
71.20091619
70.49081264
69.24551996
68.08748088
68.08227521
67.61078854
67.12343476
66.32355581
66.29990893
65.97776648
65.97032421
65.82069683
65.87208697
64.41908481
62.86481354
61.63995215
59.80924832
57.9664445
56.51777063
55.24646084
53.33707956
51.47344159
49.80200154
47.85866017
47.56233676
48.94556432
51.76522875
56.29379147
61.56375759
66.09502158
67.95508957
69.5241955
68.94107207
69.33224156
68.51530807
68.00487663
68.43741405
70.43438599
72.44380353
74.82774577
74.75048772
72.47268044
72.53506871
70.97826878
71.11775318
69.9645933
69.01207234
68.71614797
67.69987459
69.91548663
69.52520784
70.2259155
71.64042549
71.89423914
72.74052536
71.88302221
70.8205884
66.24803926
61.55337728
52.6809451
41.52580957
0
0
0
0
0
0
0
0
0
0
0
0
0
0
0
0
0
0
0
0
0
0
0
0
0
0
0
0
0
0
0
74.85392052
74.85392052
74.85392052
74.85392052
74.85392052
74.85392052
74.85392052
74.85392052
74.85392052
74.85392052
74.85392052
74.85392052
74.85392052
74.85392052
74.85392052
74.85392052
74.85392052
74.85392052
74.85392052
74.85392052
74.85392052
74.85392052
74.85392052
74.85392052
74.85392052
74.85392052
74.85392052
74.85392052
74.85392052
74.85392052
74.85392052
74.85392052
74.85392052
74.85392052
74.85392052
74.85392052
74.85392052
74.85392052
74.85392052
74.85392052
74.85392052
74.85392052
74.85392052
74.85392052
74.85392052
74.85392052
74.85392052
74.85392052
74.85392052
74.85392052
74.85392052
74.85392052
74.85392052
74.85392052
74.85392052
74.85392052
74.85392052
74.85392052
74.85392052
74.85392052
74.85392052
74.85392052
74.85392052
74.85392052
74.85392052
74.85392052
74.85392052
74.85392052
74.85392052
74.85392052
74.85392052
74.85392052
74.85392052
74.85392052
74.85392052
74.85392052
74.85392052
74.85392052
74.85392052
74.85392052
74.85392052
74.85392052
74.85392052
74.85392052
74.85392052
74.85392052
74.85392052
74.85392052
74.85392052
74.85392052
74.85392052
74.85392052
74.85392052
74.85392052
74.85392052
74.85392052
74.85392052
74.85392052
74.85392052
74.85392052
74.85392052
74.85392052
74.85392052
74.85392052
74.85392052
74.85392052
74.85392052
74.85392052
74.85392052
74.85392052
74.85392052
74.85392052
74.85392052
74.85392052
74.85392052
74.85392052
74.85392052
74.85392052
74.85392052
74.85392052
74.85392052
74.85392052
74.85392052
74.85392052
74.85392052
74.85392052
74.85392052
74.85392052
74.85392052
74.85392052
74.85392052
74.85392052
74.85392052
74.85392052
74.85392052
74.85392052
74.85392052
74.85392052
74.85392052
74.85392052
74.85392052
74.85392052
74.85392052
74.85392052
74.85392052
74.85392052
74.85392052
74.85392052
74.85392052
74.85392052
74.85392052
74.85392052
74.85392052
74.85392052
74.85392052
74.85392052
74.85392052
74.85392052
74.85392052
74.85392052
74.85392052
74.85392052
74.85392052
74.85392052
74.85392052
74.85392052
74.85392052
74.85392052
74.85392052
74.85392052
74.85392052
74.85392052
74.85392052
74.85392052
74.85392052
74.85392052
74.85392052
74.85392052
74.85392052
74.85392052
74.85392052
74.85392052
74.85392052
74.85392052
74.85392052
74.85392052
74.85392052
74.85392052
74.85392052
74.85392052
74.85392052
74.85392052
74.85392052
74.85392052
74.85392052
74.85392052
74.85392052
74.85392052
74.85392052
74.85392052
74.85392052
50.53720844
47.20932898
46.044121
45.87210334
43.9172549
41.49534912
41.00070163
43.11492575
42.10122226
40.97438977
40.3722441
40.23065126
39.02746873
37.68850492
37.29250722
37.3807997
37.52164333
37.52796227
37.7891546
38.01636793
39.07484183
39.35901444
40.84111618
42.58159718
45.04590079
48.47014905
51.18674211
53.9999883
57.09262811
59.85076185
62.64038989
63.79773999
65.22889103
65.86140255
64.68540417
62.22314409
60.40087286
57.93937214
55.69448847
55.66433498
54.05690164
52.9572512
52.77482701
50.32379151
47.12366879
45.08704722
43.93402013
43.50312656
42.10411174
39.39399831
36.81692523
0
0
0
0
0
0
0
0
0
0
0
0
0
0
0
0
0
0
0
0
0
0
0
0
0
0
0
0
0
0
0
0
0
0
0
0
0
0
0
0
0
0
0
0
0
0
0
0
0
0
0
0
0
0
0
0
0
0
0
0
0
0
0
0
0
0
0
0
0
0
0
0
0
0
0
0
0
0
0
0
0
0
0
74.85392052
74.85392052
74.85392052
74.85392052
74.85392052
74.85392052
74.85392052
74.85392052
74.85392052
74.85392052
74.85392052
74.85392052
74.85392052
74.85392052
74.85392052
74.85392052
74.85392052
38.08833743
0
0
0
0
0
0
0
0
0
0
0
0
0
0
0
0
0
0
0
0
0
0
0
0
0
0
0
0
0
0
0
0
0
0
0
0
0
0
0
0
0
0
0
0
0
0
0
0
0
0
0
0
0
0
0
0
0
0
0
0
0
0
0
0
0
0
0
0
0
0
0
0
0
0
0
0
74.85392052
74.85392052
74.85392052
74.85392052
74.85392052
74.85392052
74.85392052
74.85392052
74.85392052
74.85392052
74.85392052
74.85392052
74.85392052
74.85392052
74.85392052
74.85392052
74.85392052
74.85392052
74.85392052
74.85392052
0
0
0
0
0
0
0
0
0
0
0
0
0
0
0
0
0
0
0
0
0
0
0
0
0
0
0
0
0
